ISO-10303-21;
HEADER;
FILE_DESCRIPTION(('Open CASCADE Model'),'2;1');
FILE_NAME('Open CASCADE Shape Model','2026-09-30T17:51:02',('Author'),(
    'Open CASCADE'),'Open CASCADE STEP processor 8.0','build123d',
  'Unknown');
FILE_SCHEMA(('AUTOMOTIVE_DESIGN { 1 0 10303 214 1 1 1 1 }'));
ENDSEC;
DATA;
#1 = APPLICATION_PROTOCOL_DEFINITION('international standard',
  'automotive_design',2000,#2);
#2 = APPLICATION_CONTEXT(
  'core data for automotive mechanical design processes');
#3 = SHAPE_DEFINITION_REPRESENTATION(#4,#10);
#4 = PRODUCT_DEFINITION_SHAPE('','',#5);
#5 = PRODUCT_DEFINITION('design','',#6,#9);
#6 = PRODUCT_DEFINITION_FORMATION('','',#7);
#7 = PRODUCT('COMPOUND','COMPOUND','',(#8));
#8 = PRODUCT_CONTEXT('',#2,'mechanical');
#9 = PRODUCT_DEFINITION_CONTEXT('part definition',#2,'design');
#10 = ADVANCED_BREP_SHAPE_REPRESENTATION('',(#11,#15),#13329);
#11 = AXIS2_PLACEMENT_3D('',#12,#13,#14);
#12 = CARTESIAN_POINT('',(0.,0.,0.));
#13 = DIRECTION('',(0.,0.,1.));
#14 = DIRECTION('',(1.,0.,-0.));
#15 = MANIFOLD_SOLID_BREP('',#16);
#16 = CLOSED_SHELL('',(#17,#137,#223,#304,#407,#483,#537,#794,#870,#1597
    ,#1628,#1914,#1998,#2076,#2103,#2360,#2533,#2580,#2632,#2805,#2852,
    #2877,#2953,#2984,#3011,#3060,#3113,#3167,#3226,#3284,#3338,#3397,
    #3451,#3505,#3563,#3617,#3676,#3734,#3788,#3847,#3901,#3955,#4013,
    #4067,#4126,#4180,#4212,#4296,#4356,#4416,#4539,#4594,#4649,#4704,
    #4759,#4786,#4851,#5137,#5184,#5236,#5409,#5454,#5461,#5516,#5571,
    #5626,#5681,#5713,#5768,#5823,#5878,#5933,#5982,#6009,#6059,#6108,
    #6157,#6212,#6261,#6315,#6369,#6423,#6478,#6532,#6586,#6641,#6695,
    #6749,#6803,#6857,#6912,#6966,#6998,#7050,#7156,#7405,#7458,#7511,
    #7564,#7617,#7689,#7749,#7876,#7948,#7955,#8010,#8065,#8120,#8175,
    #8207,#8262,#8317,#8372,#8427,#8480,#8533,#8586,#8639,#8716,#8769,
    #8822,#8875,#8928,#9012,#9050,#9144,#9273,#9368,#9474,#9534,#9641,
    #9792,#9852,#9946,#10006,#10101,#10161,#10188,#10235,#10262,#10317,
    #10372,#10427,#10482,#10486,#10490,#10494,#10498,#10550,#10727,
    #10780,#10833,#10886,#10939,#10991,#11044,#11097,#11150,#11203,
    #11207,#11211,#11215,#11219,#11266,#11417,#11421,#11425,#11429,
    #11433,#11614,#11639,#11684,#11691,#11744,#11797,#11850,#11903,
    #11930,#11985,#12040,#12095,#12150,#12154,#12158,#12162,#12166,
    #12173,#12177,#12181,#12185,#12189,#12244,#12299,#12354,#12409,
    #12464,#12519,#12574,#12629,#12633,#12637,#12641,#12645,#12698,
    #12751,#12804,#12857,#12910,#12963,#13016,#13069,#13122,#13175,
    #13228,#13281,#13285,#13289,#13293,#13297,#13301,#13305,#13309,
    #13313,#13317,#13321,#13325));
#17 = ADVANCED_FACE('',(#18),#32,.T.);
#18 = FACE_BOUND('',#19,.T.);
#19 = EDGE_LOOP('',(#20,#55,#83,#111));
#20 = ORIENTED_EDGE('',*,*,#21,.T.);
#21 = EDGE_CURVE('',#22,#24,#26,.T.);
#22 = VERTEX_POINT('',#23);
#23 = CARTESIAN_POINT('',(-74.8,-74.8,0.4));
#24 = VERTEX_POINT('',#25);
#25 = CARTESIAN_POINT('',(-74.8,-74.8,3.2));
#26 = SURFACE_CURVE('',#27,(#31,#43),.PCURVE_S1.);
#27 = LINE('',#28,#29);
#28 = CARTESIAN_POINT('',(-74.8,-74.8,0.));
#29 = VECTOR('',#30,1.);
#30 = DIRECTION('',(0.,0.,1.));
#31 = PCURVE('',#32,#37);
#32 = PLANE('',#33);
#33 = AXIS2_PLACEMENT_3D('',#34,#35,#36);
#34 = CARTESIAN_POINT('',(-74.8,-74.8,0.));
#35 = DIRECTION('',(-1.,-0.,0.));
#36 = DIRECTION('',(-0.,1.,0.));
#37 = DEFINITIONAL_REPRESENTATION('',(#38),#42);
#38 = LINE('',#39,#40);
#39 = CARTESIAN_POINT('',(0.,0.));
#40 = VECTOR('',#41,1.);
#41 = DIRECTION('',(0.,-1.));
#42 = ( GEOMETRIC_REPRESENTATION_CONTEXT(2) 
PARAMETRIC_REPRESENTATION_CONTEXT() REPRESENTATION_CONTEXT('2D SPACE',''
  ) );
#43 = PCURVE('',#44,#49);
#44 = PLANE('',#45);
#45 = AXIS2_PLACEMENT_3D('',#46,#47,#48);
#46 = CARTESIAN_POINT('',(-74.8,-74.8,0.));
#47 = DIRECTION('',(-0.,1.,0.));
#48 = DIRECTION('',(1.,0.,-0.));
#49 = DEFINITIONAL_REPRESENTATION('',(#50),#54);
#50 = LINE('',#51,#52);
#51 = CARTESIAN_POINT('',(0.,0.));
#52 = VECTOR('',#53,1.);
#53 = DIRECTION('',(0.,-1.));
#54 = ( GEOMETRIC_REPRESENTATION_CONTEXT(2) 
PARAMETRIC_REPRESENTATION_CONTEXT() REPRESENTATION_CONTEXT('2D SPACE',''
  ) );
#55 = ORIENTED_EDGE('',*,*,#56,.T.);
#56 = EDGE_CURVE('',#24,#57,#59,.T.);
#57 = VERTEX_POINT('',#58);
#58 = CARTESIAN_POINT('',(-74.8,-40.5,3.2));
#59 = SURFACE_CURVE('',#60,(#64,#71),.PCURVE_S1.);
#60 = LINE('',#61,#62);
#61 = CARTESIAN_POINT('',(-74.8,-74.8,3.2));
#62 = VECTOR('',#63,1.);
#63 = DIRECTION('',(-0.,1.,0.));
#64 = PCURVE('',#32,#65);
#65 = DEFINITIONAL_REPRESENTATION('',(#66),#70);
#66 = LINE('',#67,#68);
#67 = CARTESIAN_POINT('',(0.,-3.2));
#68 = VECTOR('',#69,1.);
#69 = DIRECTION('',(1.,0.));
#70 = ( GEOMETRIC_REPRESENTATION_CONTEXT(2) 
PARAMETRIC_REPRESENTATION_CONTEXT() REPRESENTATION_CONTEXT('2D SPACE',''
  ) );
#71 = PCURVE('',#72,#77);
#72 = CYLINDRICAL_SURFACE('',#73,0.8);
#73 = AXIS2_PLACEMENT_3D('',#74,#75,#76);
#74 = CARTESIAN_POINT('',(-74.,-74.8,3.2));
#75 = DIRECTION('',(-0.,1.,0.));
#76 = DIRECTION('',(-1.,-0.,0.));
#77 = DEFINITIONAL_REPRESENTATION('',(#78),#82);
#78 = LINE('',#79,#80);
#79 = CARTESIAN_POINT('',(0.,0.));
#80 = VECTOR('',#81,1.);
#81 = DIRECTION('',(0.,1.));
#82 = ( GEOMETRIC_REPRESENTATION_CONTEXT(2) 
PARAMETRIC_REPRESENTATION_CONTEXT() REPRESENTATION_CONTEXT('2D SPACE',''
  ) );
#83 = ORIENTED_EDGE('',*,*,#84,.F.);
#84 = EDGE_CURVE('',#85,#57,#87,.T.);
#85 = VERTEX_POINT('',#86);
#86 = CARTESIAN_POINT('',(-74.8,-40.5,0.4));
#87 = SURFACE_CURVE('',#88,(#92,#99),.PCURVE_S1.);
#88 = LINE('',#89,#90);
#89 = CARTESIAN_POINT('',(-74.8,-40.5,0.));
#90 = VECTOR('',#91,1.);
#91 = DIRECTION('',(0.,0.,1.));
#92 = PCURVE('',#32,#93);
#93 = DEFINITIONAL_REPRESENTATION('',(#94),#98);
#94 = LINE('',#95,#96);
#95 = CARTESIAN_POINT('',(34.3,0.));
#96 = VECTOR('',#97,1.);
#97 = DIRECTION('',(0.,-1.));
#98 = ( GEOMETRIC_REPRESENTATION_CONTEXT(2) 
PARAMETRIC_REPRESENTATION_CONTEXT() REPRESENTATION_CONTEXT('2D SPACE',''
  ) );
#99 = PCURVE('',#100,#105);
#100 = PLANE('',#101);
#101 = AXIS2_PLACEMENT_3D('',#102,#103,#104);
#102 = CARTESIAN_POINT('',(-74.8,-40.5,0.));
#103 = DIRECTION('',(-0.,1.,0.));
#104 = DIRECTION('',(1.,0.,-0.));
#105 = DEFINITIONAL_REPRESENTATION('',(#106),#110);
#106 = LINE('',#107,#108);
#107 = CARTESIAN_POINT('',(0.,0.));
#108 = VECTOR('',#109,1.);
#109 = DIRECTION('',(0.,-1.));
#110 = ( GEOMETRIC_REPRESENTATION_CONTEXT(2) 
PARAMETRIC_REPRESENTATION_CONTEXT() REPRESENTATION_CONTEXT('2D SPACE',''
  ) );
#111 = ORIENTED_EDGE('',*,*,#112,.F.);
#112 = EDGE_CURVE('',#22,#85,#113,.T.);
#113 = SURFACE_CURVE('',#114,(#118,#125),.PCURVE_S1.);
#114 = LINE('',#115,#116);
#115 = CARTESIAN_POINT('',(-74.8,-74.8,0.4));
#116 = VECTOR('',#117,1.);
#117 = DIRECTION('',(-0.,1.,0.));
#118 = PCURVE('',#32,#119);
#119 = DEFINITIONAL_REPRESENTATION('',(#120),#124);
#120 = LINE('',#121,#122);
#121 = CARTESIAN_POINT('',(0.,-0.4));
#122 = VECTOR('',#123,1.);
#123 = DIRECTION('',(1.,0.));
#124 = ( GEOMETRIC_REPRESENTATION_CONTEXT(2) 
PARAMETRIC_REPRESENTATION_CONTEXT() REPRESENTATION_CONTEXT('2D SPACE',''
  ) );
#125 = PCURVE('',#126,#131);
#126 = PLANE('',#127);
#127 = AXIS2_PLACEMENT_3D('',#128,#129,#130);
#128 = CARTESIAN_POINT('',(-74.6,-74.8,0.2));
#129 = DIRECTION('',(0.707106781187,-2.795980032047E-18,0.707106781187)
  );
#130 = DIRECTION('',(-1.977056440722E-18,-1.,-1.977056440722E-18));
#131 = DEFINITIONAL_REPRESENTATION('',(#132),#136);
#132 = LINE('',#133,#134);
#133 = CARTESIAN_POINT('',(-0.,-0.282842712475));
#134 = VECTOR('',#135,1.);
#135 = DIRECTION('',(-1.,0.));
#136 = ( GEOMETRIC_REPRESENTATION_CONTEXT(2) 
PARAMETRIC_REPRESENTATION_CONTEXT() REPRESENTATION_CONTEXT('2D SPACE',''
  ) );
#137 = ADVANCED_FACE('',(#138),#44,.F.);
#138 = FACE_BOUND('',#139,.F.);
#139 = EDGE_LOOP('',(#140,#141,#169,#197));
#140 = ORIENTED_EDGE('',*,*,#21,.T.);
#141 = ORIENTED_EDGE('',*,*,#142,.T.);
#142 = EDGE_CURVE('',#24,#143,#145,.T.);
#143 = VERTEX_POINT('',#144);
#144 = CARTESIAN_POINT('',(74.8,-74.8,3.2));
#145 = SURFACE_CURVE('',#146,(#150,#157),.PCURVE_S1.);
#146 = LINE('',#147,#148);
#147 = CARTESIAN_POINT('',(-74.8,-74.8,3.2));
#148 = VECTOR('',#149,1.);
#149 = DIRECTION('',(1.,0.,-0.));
#150 = PCURVE('',#44,#151);
#151 = DEFINITIONAL_REPRESENTATION('',(#152),#156);
#152 = LINE('',#153,#154);
#153 = CARTESIAN_POINT('',(0.,-3.2));
#154 = VECTOR('',#155,1.);
#155 = DIRECTION('',(1.,0.));
#156 = ( GEOMETRIC_REPRESENTATION_CONTEXT(2) 
PARAMETRIC_REPRESENTATION_CONTEXT() REPRESENTATION_CONTEXT('2D SPACE',''
  ) );
#157 = PCURVE('',#158,#163);
#158 = CYLINDRICAL_SURFACE('',#159,0.8);
#159 = AXIS2_PLACEMENT_3D('',#160,#161,#162);
#160 = CARTESIAN_POINT('',(-74.8,-74.,3.2));
#161 = DIRECTION('',(1.,0.,-0.));
#162 = DIRECTION('',(0.,-1.,-0.));
#163 = DEFINITIONAL_REPRESENTATION('',(#164),#168);
#164 = LINE('',#165,#166);
#165 = CARTESIAN_POINT('',(-0.,0.));
#166 = VECTOR('',#167,1.);
#167 = DIRECTION('',(-0.,1.));
#168 = ( GEOMETRIC_REPRESENTATION_CONTEXT(2) 
PARAMETRIC_REPRESENTATION_CONTEXT() REPRESENTATION_CONTEXT('2D SPACE',''
  ) );
#169 = ORIENTED_EDGE('',*,*,#170,.F.);
#170 = EDGE_CURVE('',#171,#143,#173,.T.);
#171 = VERTEX_POINT('',#172);
#172 = CARTESIAN_POINT('',(74.8,-74.8,0.4));
#173 = SURFACE_CURVE('',#174,(#178,#185),.PCURVE_S1.);
#174 = LINE('',#175,#176);
#175 = CARTESIAN_POINT('',(74.8,-74.8,0.));
#176 = VECTOR('',#177,1.);
#177 = DIRECTION('',(0.,0.,1.));
#178 = PCURVE('',#44,#179);
#179 = DEFINITIONAL_REPRESENTATION('',(#180),#184);
#180 = LINE('',#181,#182);
#181 = CARTESIAN_POINT('',(149.6,0.));
#182 = VECTOR('',#183,1.);
#183 = DIRECTION('',(0.,-1.));
#184 = ( GEOMETRIC_REPRESENTATION_CONTEXT(2) 
PARAMETRIC_REPRESENTATION_CONTEXT() REPRESENTATION_CONTEXT('2D SPACE',''
  ) );
#185 = PCURVE('',#186,#191);
#186 = PLANE('',#187);
#187 = AXIS2_PLACEMENT_3D('',#188,#189,#190);
#188 = CARTESIAN_POINT('',(74.8,-74.8,0.));
#189 = DIRECTION('',(-1.,-0.,0.));
#190 = DIRECTION('',(-0.,1.,0.));
#191 = DEFINITIONAL_REPRESENTATION('',(#192),#196);
#192 = LINE('',#193,#194);
#193 = CARTESIAN_POINT('',(0.,0.));
#194 = VECTOR('',#195,1.);
#195 = DIRECTION('',(0.,-1.));
#196 = ( GEOMETRIC_REPRESENTATION_CONTEXT(2) 
PARAMETRIC_REPRESENTATION_CONTEXT() REPRESENTATION_CONTEXT('2D SPACE',''
  ) );
#197 = ORIENTED_EDGE('',*,*,#198,.F.);
#198 = EDGE_CURVE('',#22,#171,#199,.T.);
#199 = SURFACE_CURVE('',#200,(#204,#211),.PCURVE_S1.);
#200 = LINE('',#201,#202);
#201 = CARTESIAN_POINT('',(-74.8,-74.8,0.4));
#202 = VECTOR('',#203,1.);
#203 = DIRECTION('',(1.,0.,-0.));
#204 = PCURVE('',#44,#205);
#205 = DEFINITIONAL_REPRESENTATION('',(#206),#210);
#206 = LINE('',#207,#208);
#207 = CARTESIAN_POINT('',(0.,-0.4));
#208 = VECTOR('',#209,1.);
#209 = DIRECTION('',(1.,0.));
#210 = ( GEOMETRIC_REPRESENTATION_CONTEXT(2) 
PARAMETRIC_REPRESENTATION_CONTEXT() REPRESENTATION_CONTEXT('2D SPACE',''
  ) );
#211 = PCURVE('',#212,#217);
#212 = PLANE('',#213);
#213 = AXIS2_PLACEMENT_3D('',#214,#215,#216);
#214 = CARTESIAN_POINT('',(-74.8,-74.6,0.2));
#215 = DIRECTION('',(3.978141013962E-18,-0.707106781187,-0.707106781187)
  );
#216 = DIRECTION('',(-1.,-2.812970487489E-18,-2.812970487489E-18));
#217 = DEFINITIONAL_REPRESENTATION('',(#218),#222);
#218 = LINE('',#219,#220);
#219 = CARTESIAN_POINT('',(-0.,-0.282842712475));
#220 = VECTOR('',#221,1.);
#221 = DIRECTION('',(-1.,0.));
#222 = ( GEOMETRIC_REPRESENTATION_CONTEXT(2) 
PARAMETRIC_REPRESENTATION_CONTEXT() REPRESENTATION_CONTEXT('2D SPACE',''
  ) );
#223 = ADVANCED_FACE('',(#224),#126,.F.);
#224 = FACE_BOUND('',#225,.T.);
#225 = EDGE_LOOP('',(#226,#249,#250,#278));
#226 = ORIENTED_EDGE('',*,*,#227,.F.);
#227 = EDGE_CURVE('',#22,#228,#230,.T.);
#228 = VERTEX_POINT('',#229);
#229 = CARTESIAN_POINT('',(-74.4,-74.4,-3.219646771413E-15));
#230 = SURFACE_CURVE('',#231,(#235,#242),.PCURVE_S1.);
#231 = LINE('',#232,#233);
#232 = CARTESIAN_POINT('',(-74.66666666666,-74.66666666666,
    0.266666666667));
#233 = VECTOR('',#234,1.);
#234 = DIRECTION('',(0.57735026919,0.57735026919,-0.57735026919));
#235 = PCURVE('',#126,#236);
#236 = DEFINITIONAL_REPRESENTATION('',(#237),#241);
#237 = LINE('',#238,#239);
#238 = CARTESIAN_POINT('',(-0.133333333333,-9.42809041582E-02));
#239 = VECTOR('',#240,1.);
#240 = DIRECTION('',(-0.57735026919,0.816496580928));
#241 = ( GEOMETRIC_REPRESENTATION_CONTEXT(2) 
PARAMETRIC_REPRESENTATION_CONTEXT() REPRESENTATION_CONTEXT('2D SPACE',''
  ) );
#242 = PCURVE('',#212,#243);
#243 = DEFINITIONAL_REPRESENTATION('',(#244),#248);
#244 = LINE('',#245,#246);
#245 = CARTESIAN_POINT('',(-0.133333333333,-9.42809041582E-02));
#246 = VECTOR('',#247,1.);
#247 = DIRECTION('',(-0.57735026919,0.816496580928));
#248 = ( GEOMETRIC_REPRESENTATION_CONTEXT(2) 
PARAMETRIC_REPRESENTATION_CONTEXT() REPRESENTATION_CONTEXT('2D SPACE',''
  ) );
#249 = ORIENTED_EDGE('',*,*,#112,.T.);
#250 = ORIENTED_EDGE('',*,*,#251,.T.);
#251 = EDGE_CURVE('',#85,#252,#254,.T.);
#252 = VERTEX_POINT('',#253);
#253 = CARTESIAN_POINT('',(-74.4,-40.9,-3.164135620182E-15));
#254 = SURFACE_CURVE('',#255,(#259,#266),.PCURVE_S1.);
#255 = LINE('',#256,#257);
#256 = CARTESIAN_POINT('',(-68.95,-46.35,-5.45));
#257 = VECTOR('',#258,1.);
#258 = DIRECTION('',(0.57735026919,-0.57735026919,-0.57735026919));
#259 = PCURVE('',#126,#260);
#260 = DEFINITIONAL_REPRESENTATION('',(#261),#265);
#261 = LINE('',#262,#263);
#262 = CARTESIAN_POINT('',(-28.45,7.990306627408));
#263 = VECTOR('',#264,1.);
#264 = DIRECTION('',(0.57735026919,0.816496580928));
#265 = ( GEOMETRIC_REPRESENTATION_CONTEXT(2) 
PARAMETRIC_REPRESENTATION_CONTEXT() REPRESENTATION_CONTEXT('2D SPACE',''
  ) );
#266 = PCURVE('',#267,#272);
#267 = PLANE('',#268);
#268 = AXIS2_PLACEMENT_3D('',#269,#270,#271);
#269 = CARTESIAN_POINT('',(-74.8,-40.7,0.2));
#270 = DIRECTION('',(-5.47005954057E-18,-0.707106781187,0.707106781187)
  );
#271 = DIRECTION('',(1.,-3.867916194631E-18,3.867916194631E-18));
#272 = DEFINITIONAL_REPRESENTATION('',(#273),#277);
#273 = LINE('',#274,#275);
#274 = CARTESIAN_POINT('',(5.85,-7.990306627408));
#275 = VECTOR('',#276,1.);
#276 = DIRECTION('',(0.57735026919,-0.816496580928));
#277 = ( GEOMETRIC_REPRESENTATION_CONTEXT(2) 
PARAMETRIC_REPRESENTATION_CONTEXT() REPRESENTATION_CONTEXT('2D SPACE',''
  ) );
#278 = ORIENTED_EDGE('',*,*,#279,.F.);
#279 = EDGE_CURVE('',#228,#252,#280,.T.);
#280 = SURFACE_CURVE('',#281,(#285,#292),.PCURVE_S1.);
#281 = LINE('',#282,#283);
#282 = CARTESIAN_POINT('',(-74.4,-74.8,0.));
#283 = VECTOR('',#284,1.);
#284 = DIRECTION('',(-0.,1.,0.));
#285 = PCURVE('',#126,#286);
#286 = DEFINITIONAL_REPRESENTATION('',(#287),#291);
#287 = LINE('',#288,#289);
#288 = CARTESIAN_POINT('',(-0.,0.282842712475));
#289 = VECTOR('',#290,1.);
#290 = DIRECTION('',(-1.,0.));
#291 = ( GEOMETRIC_REPRESENTATION_CONTEXT(2) 
PARAMETRIC_REPRESENTATION_CONTEXT() REPRESENTATION_CONTEXT('2D SPACE',''
  ) );
#292 = PCURVE('',#293,#298);
#293 = PLANE('',#294);
#294 = AXIS2_PLACEMENT_3D('',#295,#296,#297);
#295 = CARTESIAN_POINT('',(0.,0.,0.));
#296 = DIRECTION('',(0.,0.,1.));
#297 = DIRECTION('',(1.,0.,-0.));
#298 = DEFINITIONAL_REPRESENTATION('',(#299),#303);
#299 = LINE('',#300,#301);
#300 = CARTESIAN_POINT('',(-74.4,-74.8));
#301 = VECTOR('',#302,1.);
#302 = DIRECTION('',(0.,1.));
#303 = ( GEOMETRIC_REPRESENTATION_CONTEXT(2) 
PARAMETRIC_REPRESENTATION_CONTEXT() REPRESENTATION_CONTEXT('2D SPACE',''
  ) );
#304 = ADVANCED_FACE('',(#305),#72,.T.);
#305 = FACE_BOUND('',#306,.T.);
#306 = EDGE_LOOP('',(#307,#341,#369,#406));
#307 = ORIENTED_EDGE('',*,*,#308,.T.);
#308 = EDGE_CURVE('',#24,#309,#311,.T.);
#309 = VERTEX_POINT('',#310);
#310 = CARTESIAN_POINT('',(-74.,-74.,4.));
#311 = SURFACE_CURVE('',#312,(#317,#329),.PCURVE_S1.);
#312 = ELLIPSE('',#313,1.131370849898,0.8);
#313 = AXIS2_PLACEMENT_3D('',#314,#315,#316);
#314 = CARTESIAN_POINT('',(-74.,-74.,3.2));
#315 = DIRECTION('',(-0.707106781187,0.707106781187,0.));
#316 = DIRECTION('',(0.707106781187,0.707106781187,0.));
#317 = PCURVE('',#72,#318);
#318 = DEFINITIONAL_REPRESENTATION('',(#319),#328);
#319 = B_SPLINE_CURVE_WITH_KNOTS('',7,(#320,#321,#322,#323,#324,#325,
    #326,#327),.UNSPECIFIED.,.F.,.F.,(8,8),(3.14159265359,4.712388505414
    ),.PIECEWISE_BEZIER_KNOTS.);
#320 = CARTESIAN_POINT('',(0.,0.));
#321 = CARTESIAN_POINT('',(0.224399407403,-2.198480128057E-17));
#322 = CARTESIAN_POINT('',(0.448798814807,4.699890966387E-02));
#323 = CARTESIAN_POINT('',(0.673198222211,0.140989911043));
#324 = CARTESIAN_POINT('',(0.897597629613,0.276202375833));
#325 = CARTESIAN_POINT('',(1.121997037017,0.440961319454));
#326 = CARTESIAN_POINT('',(1.346396444421,0.620480094101));
#327 = CARTESIAN_POINT('',(1.570795851824,0.799999620023));
#328 = ( GEOMETRIC_REPRESENTATION_CONTEXT(2) 
PARAMETRIC_REPRESENTATION_CONTEXT() REPRESENTATION_CONTEXT('2D SPACE',''
  ) );
#329 = PCURVE('',#158,#330);
#330 = DEFINITIONAL_REPRESENTATION('',(#331),#340);
#331 = B_SPLINE_CURVE_WITH_KNOTS('',7,(#332,#333,#334,#335,#336,#337,
    #338,#339),.UNSPECIFIED.,.F.,.F.,(8,8),(3.14159265359,4.712388505414
    ),.PIECEWISE_BEZIER_KNOTS.);
#332 = CARTESIAN_POINT('',(0.,0.));
#333 = CARTESIAN_POINT('',(-0.224399407403,-2.198480128057E-17));
#334 = CARTESIAN_POINT('',(-0.448798814807,4.699890966387E-02));
#335 = CARTESIAN_POINT('',(-0.673198222211,0.140989911043));
#336 = CARTESIAN_POINT('',(-0.897597629613,0.276202375833));
#337 = CARTESIAN_POINT('',(-1.121997037017,0.440961319454));
#338 = CARTESIAN_POINT('',(-1.346396444421,0.620480094101));
#339 = CARTESIAN_POINT('',(-1.570795851824,0.799999620023));
#340 = ( GEOMETRIC_REPRESENTATION_CONTEXT(2) 
PARAMETRIC_REPRESENTATION_CONTEXT() REPRESENTATION_CONTEXT('2D SPACE',''
  ) );
#341 = ORIENTED_EDGE('',*,*,#342,.T.);
#342 = EDGE_CURVE('',#309,#343,#345,.T.);
#343 = VERTEX_POINT('',#344);
#344 = CARTESIAN_POINT('',(-74.,-41.3,4.));
#345 = SURFACE_CURVE('',#346,(#350,#357),.PCURVE_S1.);
#346 = LINE('',#347,#348);
#347 = CARTESIAN_POINT('',(-74.,-74.8,4.));
#348 = VECTOR('',#349,1.);
#349 = DIRECTION('',(-0.,1.,0.));
#350 = PCURVE('',#72,#351);
#351 = DEFINITIONAL_REPRESENTATION('',(#352),#356);
#352 = LINE('',#353,#354);
#353 = CARTESIAN_POINT('',(1.570796326795,0.));
#354 = VECTOR('',#355,1.);
#355 = DIRECTION('',(0.,1.));
#356 = ( GEOMETRIC_REPRESENTATION_CONTEXT(2) 
PARAMETRIC_REPRESENTATION_CONTEXT() REPRESENTATION_CONTEXT('2D SPACE',''
  ) );
#357 = PCURVE('',#358,#363);
#358 = PLANE('',#359);
#359 = AXIS2_PLACEMENT_3D('',#360,#361,#362);
#360 = CARTESIAN_POINT('',(0.,0.,4.));
#361 = DIRECTION('',(0.,0.,1.));
#362 = DIRECTION('',(1.,0.,-0.));
#363 = DEFINITIONAL_REPRESENTATION('',(#364),#368);
#364 = LINE('',#365,#366);
#365 = CARTESIAN_POINT('',(-74.,-74.8));
#366 = VECTOR('',#367,1.);
#367 = DIRECTION('',(0.,1.));
#368 = ( GEOMETRIC_REPRESENTATION_CONTEXT(2) 
PARAMETRIC_REPRESENTATION_CONTEXT() REPRESENTATION_CONTEXT('2D SPACE',''
  ) );
#369 = ORIENTED_EDGE('',*,*,#370,.F.);
#370 = EDGE_CURVE('',#57,#343,#371,.T.);
#371 = SURFACE_CURVE('',#372,(#377,#389),.PCURVE_S1.);
#372 = ELLIPSE('',#373,1.131370849898,0.8);
#373 = AXIS2_PLACEMENT_3D('',#374,#375,#376);
#374 = CARTESIAN_POINT('',(-74.,-41.3,3.2));
#375 = DIRECTION('',(0.707106781187,0.707106781187,0.));
#376 = DIRECTION('',(-0.707106781187,0.707106781187,0.));
#377 = PCURVE('',#72,#378);
#378 = DEFINITIONAL_REPRESENTATION('',(#379),#388);
#379 = B_SPLINE_CURVE_WITH_KNOTS('',7,(#380,#381,#382,#383,#384,#385,
    #386,#387),.UNSPECIFIED.,.F.,.F.,(8,8),(0.,1.570795851824),
  .PIECEWISE_BEZIER_KNOTS.);
#380 = CARTESIAN_POINT('',(0.,34.3));
#381 = CARTESIAN_POINT('',(0.224399407403,34.3));
#382 = CARTESIAN_POINT('',(0.448798814807,34.253001090331));
#383 = CARTESIAN_POINT('',(0.67319822221,34.15901008898));
#384 = CARTESIAN_POINT('',(0.897597629614,34.023797624148));
#385 = CARTESIAN_POINT('',(1.121997037017,33.859038680552));
#386 = CARTESIAN_POINT('',(1.346396444421,33.679519905899));
#387 = CARTESIAN_POINT('',(1.570795851824,33.500000379977));
#388 = ( GEOMETRIC_REPRESENTATION_CONTEXT(2) 
PARAMETRIC_REPRESENTATION_CONTEXT() REPRESENTATION_CONTEXT('2D SPACE',''
  ) );
#389 = PCURVE('',#390,#395);
#390 = CYLINDRICAL_SURFACE('',#391,0.8);
#391 = AXIS2_PLACEMENT_3D('',#392,#393,#394);
#392 = CARTESIAN_POINT('',(-74.8,-41.3,3.2));
#393 = DIRECTION('',(1.,0.,-0.));
#394 = DIRECTION('',(0.,1.,0.));
#395 = DEFINITIONAL_REPRESENTATION('',(#396),#405);
#396 = B_SPLINE_CURVE_WITH_KNOTS('',7,(#397,#398,#399,#400,#401,#402,
    #403,#404),.UNSPECIFIED.,.F.,.F.,(8,8),(0.,1.570795851824),
  .PIECEWISE_BEZIER_KNOTS.);
#397 = CARTESIAN_POINT('',(0.,0.));
#398 = CARTESIAN_POINT('',(0.224399407403,0.));
#399 = CARTESIAN_POINT('',(0.448798814807,4.699890966389E-02));
#400 = CARTESIAN_POINT('',(0.67319822221,0.140989911043));
#401 = CARTESIAN_POINT('',(0.897597629614,0.276202375833));
#402 = CARTESIAN_POINT('',(1.121997037017,0.440961319454));
#403 = CARTESIAN_POINT('',(1.346396444421,0.620480094101));
#404 = CARTESIAN_POINT('',(1.570795851824,0.799999620023));
#405 = ( GEOMETRIC_REPRESENTATION_CONTEXT(2) 
PARAMETRIC_REPRESENTATION_CONTEXT() REPRESENTATION_CONTEXT('2D SPACE',''
  ) );
#406 = ORIENTED_EDGE('',*,*,#56,.F.);
#407 = ADVANCED_FACE('',(#408),#100,.T.);
#408 = FACE_BOUND('',#409,.T.);
#409 = EDGE_LOOP('',(#410,#411,#434,#462));
#410 = ORIENTED_EDGE('',*,*,#84,.T.);
#411 = ORIENTED_EDGE('',*,*,#412,.T.);
#412 = EDGE_CURVE('',#57,#413,#415,.T.);
#413 = VERTEX_POINT('',#414);
#414 = CARTESIAN_POINT('',(-73.61130814466,-40.5,3.2));
#415 = SURFACE_CURVE('',#416,(#420,#427),.PCURVE_S1.);
#416 = LINE('',#417,#418);
#417 = CARTESIAN_POINT('',(-74.8,-40.5,3.2));
#418 = VECTOR('',#419,1.);
#419 = DIRECTION('',(1.,0.,-0.));
#420 = PCURVE('',#100,#421);
#421 = DEFINITIONAL_REPRESENTATION('',(#422),#426);
#422 = LINE('',#423,#424);
#423 = CARTESIAN_POINT('',(0.,-3.2));
#424 = VECTOR('',#425,1.);
#425 = DIRECTION('',(1.,0.));
#426 = ( GEOMETRIC_REPRESENTATION_CONTEXT(2) 
PARAMETRIC_REPRESENTATION_CONTEXT() REPRESENTATION_CONTEXT('2D SPACE',''
  ) );
#427 = PCURVE('',#390,#428);
#428 = DEFINITIONAL_REPRESENTATION('',(#429),#433);
#429 = LINE('',#430,#431);
#430 = CARTESIAN_POINT('',(0.,0.));
#431 = VECTOR('',#432,1.);
#432 = DIRECTION('',(0.,1.));
#433 = ( GEOMETRIC_REPRESENTATION_CONTEXT(2) 
PARAMETRIC_REPRESENTATION_CONTEXT() REPRESENTATION_CONTEXT('2D SPACE',''
  ) );
#434 = ORIENTED_EDGE('',*,*,#435,.F.);
#435 = EDGE_CURVE('',#436,#413,#438,.T.);
#436 = VERTEX_POINT('',#437);
#437 = CARTESIAN_POINT('',(-73.61130814466,-40.5,0.4));
#438 = SURFACE_CURVE('',#439,(#443,#450),.PCURVE_S1.);
#439 = LINE('',#440,#441);
#440 = CARTESIAN_POINT('',(-73.61130814466,-40.5,0.));
#441 = VECTOR('',#442,1.);
#442 = DIRECTION('',(0.,0.,1.));
#443 = PCURVE('',#100,#444);
#444 = DEFINITIONAL_REPRESENTATION('',(#445),#449);
#445 = LINE('',#446,#447);
#446 = CARTESIAN_POINT('',(1.188691855334,0.));
#447 = VECTOR('',#448,1.);
#448 = DIRECTION('',(0.,-1.));
#449 = ( GEOMETRIC_REPRESENTATION_CONTEXT(2) 
PARAMETRIC_REPRESENTATION_CONTEXT() REPRESENTATION_CONTEXT('2D SPACE',''
  ) );
#450 = PCURVE('',#451,#456);
#451 = CYLINDRICAL_SURFACE('',#452,4.75);
#452 = AXIS2_PLACEMENT_3D('',#453,#454,#455);
#453 = CARTESIAN_POINT('',(-70.4,-37.,0.));
#454 = DIRECTION('',(-0.,-0.,-1.));
#455 = DIRECTION('',(-0.676064872561,-0.736842105263,0.));
#456 = DEFINITIONAL_REPRESENTATION('',(#457),#461);
#457 = LINE('',#458,#459);
#458 = CARTESIAN_POINT('',(-0.,0.));
#459 = VECTOR('',#460,1.);
#460 = DIRECTION('',(-0.,-1.));
#461 = ( GEOMETRIC_REPRESENTATION_CONTEXT(2) 
PARAMETRIC_REPRESENTATION_CONTEXT() REPRESENTATION_CONTEXT('2D SPACE',''
  ) );
#462 = ORIENTED_EDGE('',*,*,#463,.F.);
#463 = EDGE_CURVE('',#85,#436,#464,.T.);
#464 = SURFACE_CURVE('',#465,(#469,#476),.PCURVE_S1.);
#465 = LINE('',#466,#467);
#466 = CARTESIAN_POINT('',(-74.8,-40.5,0.4));
#467 = VECTOR('',#468,1.);
#468 = DIRECTION('',(1.,0.,-0.));
#469 = PCURVE('',#100,#470);
#470 = DEFINITIONAL_REPRESENTATION('',(#471),#475);
#471 = LINE('',#472,#473);
#472 = CARTESIAN_POINT('',(0.,-0.4));
#473 = VECTOR('',#474,1.);
#474 = DIRECTION('',(1.,0.));
#475 = ( GEOMETRIC_REPRESENTATION_CONTEXT(2) 
PARAMETRIC_REPRESENTATION_CONTEXT() REPRESENTATION_CONTEXT('2D SPACE',''
  ) );
#476 = PCURVE('',#267,#477);
#477 = DEFINITIONAL_REPRESENTATION('',(#478),#482);
#478 = LINE('',#479,#480);
#479 = CARTESIAN_POINT('',(0.,0.282842712475));
#480 = VECTOR('',#481,1.);
#481 = DIRECTION('',(1.,0.));
#482 = ( GEOMETRIC_REPRESENTATION_CONTEXT(2) 
PARAMETRIC_REPRESENTATION_CONTEXT() REPRESENTATION_CONTEXT('2D SPACE',''
  ) );
#483 = ADVANCED_FACE('',(#484),#212,.T.);
#484 = FACE_BOUND('',#485,.F.);
#485 = EDGE_LOOP('',(#486,#487,#488,#516));
#486 = ORIENTED_EDGE('',*,*,#227,.F.);
#487 = ORIENTED_EDGE('',*,*,#198,.T.);
#488 = ORIENTED_EDGE('',*,*,#489,.T.);
#489 = EDGE_CURVE('',#171,#490,#492,.T.);
#490 = VERTEX_POINT('',#491);
#491 = CARTESIAN_POINT('',(74.4,-74.4,-2.803313137179E-15));
#492 = SURFACE_CURVE('',#493,(#497,#504),.PCURVE_S1.);
#493 = LINE('',#494,#495);
#494 = CARTESIAN_POINT('',(49.733333333333,-49.73333333333,
    -24.66666666666));
#495 = VECTOR('',#496,1.);
#496 = DIRECTION('',(-0.57735026919,0.57735026919,-0.57735026919));
#497 = PCURVE('',#212,#498);
#498 = DEFINITIONAL_REPRESENTATION('',(#499),#503);
#499 = LINE('',#500,#501);
#500 = CARTESIAN_POINT('',(-124.5333333333,35.166777251011));
#501 = VECTOR('',#502,1.);
#502 = DIRECTION('',(0.57735026919,0.816496580928));
#503 = ( GEOMETRIC_REPRESENTATION_CONTEXT(2) 
PARAMETRIC_REPRESENTATION_CONTEXT() REPRESENTATION_CONTEXT('2D SPACE',''
  ) );
#504 = PCURVE('',#505,#510);
#505 = PLANE('',#506);
#506 = AXIS2_PLACEMENT_3D('',#507,#508,#509);
#507 = CARTESIAN_POINT('',(74.6,-74.8,0.2));
#508 = DIRECTION('',(0.707106781187,2.795980032047E-18,-0.707106781187)
  );
#509 = DIRECTION('',(-1.977056440722E-18,1.,1.977056440722E-18));
#510 = DEFINITIONAL_REPRESENTATION('',(#511),#515);
#511 = LINE('',#512,#513);
#512 = CARTESIAN_POINT('',(25.066666666667,-35.16677725101));
#513 = VECTOR('',#514,1.);
#514 = DIRECTION('',(0.57735026919,-0.816496580928));
#515 = ( GEOMETRIC_REPRESENTATION_CONTEXT(2) 
PARAMETRIC_REPRESENTATION_CONTEXT() REPRESENTATION_CONTEXT('2D SPACE',''
  ) );
#516 = ORIENTED_EDGE('',*,*,#517,.F.);
#517 = EDGE_CURVE('',#228,#490,#518,.T.);
#518 = SURFACE_CURVE('',#519,(#523,#530),.PCURVE_S1.);
#519 = LINE('',#520,#521);
#520 = CARTESIAN_POINT('',(-74.8,-74.4,0.));
#521 = VECTOR('',#522,1.);
#522 = DIRECTION('',(1.,0.,-0.));
#523 = PCURVE('',#212,#524);
#524 = DEFINITIONAL_REPRESENTATION('',(#525),#529);
#525 = LINE('',#526,#527);
#526 = CARTESIAN_POINT('',(-0.,0.282842712475));
#527 = VECTOR('',#528,1.);
#528 = DIRECTION('',(-1.,0.));
#529 = ( GEOMETRIC_REPRESENTATION_CONTEXT(2) 
PARAMETRIC_REPRESENTATION_CONTEXT() REPRESENTATION_CONTEXT('2D SPACE',''
  ) );
#530 = PCURVE('',#293,#531);
#531 = DEFINITIONAL_REPRESENTATION('',(#532),#536);
#532 = LINE('',#533,#534);
#533 = CARTESIAN_POINT('',(-74.8,-74.4));
#534 = VECTOR('',#535,1.);
#535 = DIRECTION('',(1.,0.));
#536 = ( GEOMETRIC_REPRESENTATION_CONTEXT(2) 
PARAMETRIC_REPRESENTATION_CONTEXT() REPRESENTATION_CONTEXT('2D SPACE',''
  ) );
#537 = ADVANCED_FACE('',(#538),#158,.T.);
#538 = FACE_BOUND('',#539,.F.);
#539 = EDGE_LOOP('',(#540,#541,#542,#565,#599,#633,#661,#695,#729,#757)
  );
#540 = ORIENTED_EDGE('',*,*,#142,.F.);
#541 = ORIENTED_EDGE('',*,*,#308,.T.);
#542 = ORIENTED_EDGE('',*,*,#543,.T.);
#543 = EDGE_CURVE('',#309,#544,#546,.T.);
#544 = VERTEX_POINT('',#545);
#545 = CARTESIAN_POINT('',(-25.5,-74.,4.));
#546 = SURFACE_CURVE('',#547,(#551,#558),.PCURVE_S1.);
#547 = LINE('',#548,#549);
#548 = CARTESIAN_POINT('',(-74.8,-74.,4.));
#549 = VECTOR('',#550,1.);
#550 = DIRECTION('',(1.,0.,-0.));
#551 = PCURVE('',#158,#552);
#552 = DEFINITIONAL_REPRESENTATION('',(#553),#557);
#553 = LINE('',#554,#555);
#554 = CARTESIAN_POINT('',(-1.570796326795,0.));
#555 = VECTOR('',#556,1.);
#556 = DIRECTION('',(-0.,1.));
#557 = ( GEOMETRIC_REPRESENTATION_CONTEXT(2) 
PARAMETRIC_REPRESENTATION_CONTEXT() REPRESENTATION_CONTEXT('2D SPACE',''
  ) );
#558 = PCURVE('',#358,#559);
#559 = DEFINITIONAL_REPRESENTATION('',(#560),#564);
#560 = LINE('',#561,#562);
#561 = CARTESIAN_POINT('',(-74.8,-74.));
#562 = VECTOR('',#563,1.);
#563 = DIRECTION('',(1.,0.));
#564 = ( GEOMETRIC_REPRESENTATION_CONTEXT(2) 
PARAMETRIC_REPRESENTATION_CONTEXT() REPRESENTATION_CONTEXT('2D SPACE',''
  ) );
#565 = ORIENTED_EDGE('',*,*,#566,.T.);
#566 = EDGE_CURVE('',#544,#567,#569,.T.);
#567 = VERTEX_POINT('',#568);
#568 = CARTESIAN_POINT('',(-25.,-74.7416198487,3.5));
#569 = SURFACE_CURVE('',#570,(#575,#587),.PCURVE_S1.);
#570 = ELLIPSE('',#571,1.131370849898,0.8);
#571 = AXIS2_PLACEMENT_3D('',#572,#573,#574);
#572 = CARTESIAN_POINT('',(-24.7,-74.,3.2));
#573 = DIRECTION('',(0.707106781187,0.,0.707106781187));
#574 = DIRECTION('',(0.707106781187,0.,-0.707106781187));
#575 = PCURVE('',#158,#576);
#576 = DEFINITIONAL_REPRESENTATION('',(#577),#586);
#577 = B_SPLINE_CURVE_WITH_KNOTS('',7,(#578,#579,#580,#581,#582,#583,
    #584,#585),.UNSPECIFIED.,.F.,.F.,(8,8),(3.141592178619,
    4.394565276457),.PIECEWISE_BEZIER_KNOTS.);
#578 = CARTESIAN_POINT('',(-1.570796801766,49.3));
#579 = CARTESIAN_POINT('',(-1.391800644932,49.299999931986));
#580 = CARTESIAN_POINT('',(-1.212804488098,49.329903665124));
#581 = CARTESIAN_POINT('',(-1.033808331264,49.38970995146));
#582 = CARTESIAN_POINT('',(-0.85481217443,49.477076440945));
#583 = CARTESIAN_POINT('',(-0.675816017596,49.587294426919));
#584 = CARTESIAN_POINT('',(-0.496819860762,49.713974697379));
#585 = CARTESIAN_POINT('',(-0.317823703928,49.85));
#586 = ( GEOMETRIC_REPRESENTATION_CONTEXT(2) 
PARAMETRIC_REPRESENTATION_CONTEXT() REPRESENTATION_CONTEXT('2D SPACE',''
  ) );
#587 = PCURVE('',#588,#593);
#588 = PLANE('',#589);
#589 = AXIS2_PLACEMENT_3D('',#590,#591,#592);
#590 = CARTESIAN_POINT('',(-25.5,-75.8,4.));
#591 = DIRECTION('',(0.707106781187,0.,0.707106781187));
#592 = DIRECTION('',(0.707106781187,0.,-0.707106781187));
#593 = DEFINITIONAL_REPRESENTATION('',(#594),#598);
#594 = ELLIPSE('',#595,1.131370849898,0.8);
#595 = AXIS2_PLACEMENT_2D('',#596,#597);
#596 = CARTESIAN_POINT('',(1.131370849898,1.8));
#597 = DIRECTION('',(1.,0.));
#598 = ( GEOMETRIC_REPRESENTATION_CONTEXT(2) 
PARAMETRIC_REPRESENTATION_CONTEXT() REPRESENTATION_CONTEXT('2D SPACE',''
  ) );
#599 = ORIENTED_EDGE('',*,*,#600,.F.);
#600 = EDGE_CURVE('',#601,#567,#603,.T.);
#601 = VERTEX_POINT('',#602);
#602 = CARTESIAN_POINT('',(-24.5,-74.,4.));
#603 = SURFACE_CURVE('',#604,(#609,#621),.PCURVE_S1.);
#604 = ELLIPSE('',#605,1.131370849898,0.8);
#605 = AXIS2_PLACEMENT_3D('',#606,#607,#608);
#606 = CARTESIAN_POINT('',(-25.3,-74.,3.2));
#607 = DIRECTION('',(0.707106781187,0.,-0.707106781187));
#608 = DIRECTION('',(0.707106781187,0.,0.707106781187));
#609 = PCURVE('',#158,#610);
#610 = DEFINITIONAL_REPRESENTATION('',(#611),#620);
#611 = B_SPLINE_CURVE_WITH_KNOTS('',7,(#612,#613,#614,#615,#616,#617,
    #618,#619),.UNSPECIFIED.,.F.,.F.,(8,8),(6.283184832209,
    7.536157930047),.PIECEWISE_BEZIER_KNOTS.);
#612 = CARTESIAN_POINT('',(-1.570796801766,50.3));
#613 = CARTESIAN_POINT('',(-1.391800644932,50.300000068014));
#614 = CARTESIAN_POINT('',(-1.212804488098,50.270096334875));
#615 = CARTESIAN_POINT('',(-1.033808331264,50.210290048541));
#616 = CARTESIAN_POINT('',(-0.85481217443,50.12292355905));
#617 = CARTESIAN_POINT('',(-0.675816017596,50.012705573083));
#618 = CARTESIAN_POINT('',(-0.496819860762,49.886025302621));
#619 = CARTESIAN_POINT('',(-0.317823703928,49.75));
#620 = ( GEOMETRIC_REPRESENTATION_CONTEXT(2) 
PARAMETRIC_REPRESENTATION_CONTEXT() REPRESENTATION_CONTEXT('2D SPACE',''
  ) );
#621 = PCURVE('',#622,#627);
#622 = PLANE('',#623);
#623 = AXIS2_PLACEMENT_3D('',#624,#625,#626);
#624 = CARTESIAN_POINT('',(-25.,-75.8,3.5));
#625 = DIRECTION('',(0.707106781187,0.,-0.707106781187));
#626 = DIRECTION('',(0.707106781187,0.,0.707106781187));
#627 = DEFINITIONAL_REPRESENTATION('',(#628),#632);
#628 = ELLIPSE('',#629,1.131370849898,0.8);
#629 = AXIS2_PLACEMENT_2D('',#630,#631);
#630 = CARTESIAN_POINT('',(-0.424264068712,-1.8));
#631 = DIRECTION('',(1.,0.));
#632 = ( GEOMETRIC_REPRESENTATION_CONTEXT(2) 
PARAMETRIC_REPRESENTATION_CONTEXT() REPRESENTATION_CONTEXT('2D SPACE',''
  ) );
#633 = ORIENTED_EDGE('',*,*,#634,.T.);
#634 = EDGE_CURVE('',#601,#635,#637,.T.);
#635 = VERTEX_POINT('',#636);
#636 = CARTESIAN_POINT('',(24.5,-74.,4.));
#637 = SURFACE_CURVE('',#638,(#642,#649),.PCURVE_S1.);
#638 = LINE('',#639,#640);
#639 = CARTESIAN_POINT('',(-74.8,-74.,4.));
#640 = VECTOR('',#641,1.);
#641 = DIRECTION('',(1.,0.,-0.));
#642 = PCURVE('',#158,#643);
#643 = DEFINITIONAL_REPRESENTATION('',(#644),#648);
#644 = LINE('',#645,#646);
#645 = CARTESIAN_POINT('',(-1.570796326795,0.));
#646 = VECTOR('',#647,1.);
#647 = DIRECTION('',(-0.,1.));
#648 = ( GEOMETRIC_REPRESENTATION_CONTEXT(2) 
PARAMETRIC_REPRESENTATION_CONTEXT() REPRESENTATION_CONTEXT('2D SPACE',''
  ) );
#649 = PCURVE('',#650,#655);
#650 = PLANE('',#651);
#651 = AXIS2_PLACEMENT_3D('',#652,#653,#654);
#652 = CARTESIAN_POINT('',(0.,0.,4.));
#653 = DIRECTION('',(0.,0.,1.));
#654 = DIRECTION('',(1.,0.,-0.));
#655 = DEFINITIONAL_REPRESENTATION('',(#656),#660);
#656 = LINE('',#657,#658);
#657 = CARTESIAN_POINT('',(-74.8,-74.));
#658 = VECTOR('',#659,1.);
#659 = DIRECTION('',(1.,0.));
#660 = ( GEOMETRIC_REPRESENTATION_CONTEXT(2) 
PARAMETRIC_REPRESENTATION_CONTEXT() REPRESENTATION_CONTEXT('2D SPACE',''
  ) );
#661 = ORIENTED_EDGE('',*,*,#662,.T.);
#662 = EDGE_CURVE('',#635,#663,#665,.T.);
#663 = VERTEX_POINT('',#664);
#664 = CARTESIAN_POINT('',(25.,-74.7416198487,3.5));
#665 = SURFACE_CURVE('',#666,(#671,#683),.PCURVE_S1.);
#666 = ELLIPSE('',#667,1.131370849898,0.8);
#667 = AXIS2_PLACEMENT_3D('',#668,#669,#670);
#668 = CARTESIAN_POINT('',(25.3,-74.,3.2));
#669 = DIRECTION('',(0.707106781187,0.,0.707106781187));
#670 = DIRECTION('',(0.707106781187,0.,-0.707106781187));
#671 = PCURVE('',#158,#672);
#672 = DEFINITIONAL_REPRESENTATION('',(#673),#682);
#673 = B_SPLINE_CURVE_WITH_KNOTS('',7,(#674,#675,#676,#677,#678,#679,
    #680,#681),.UNSPECIFIED.,.F.,.F.,(8,8),(3.141592178619,
    4.394565276457),.PIECEWISE_BEZIER_KNOTS.);
#674 = CARTESIAN_POINT('',(-1.570796801766,99.3));
#675 = CARTESIAN_POINT('',(-1.391800644932,99.299999931986));
#676 = CARTESIAN_POINT('',(-1.212804488098,99.329903665124));
#677 = CARTESIAN_POINT('',(-1.033808331264,99.389709951475));
#678 = CARTESIAN_POINT('',(-0.85481217443,99.477076440974));
#679 = CARTESIAN_POINT('',(-0.675816017596,99.587294426918));
#680 = CARTESIAN_POINT('',(-0.496819860762,99.713974697379));
#681 = CARTESIAN_POINT('',(-0.317823703928,99.85));
#682 = ( GEOMETRIC_REPRESENTATION_CONTEXT(2) 
PARAMETRIC_REPRESENTATION_CONTEXT() REPRESENTATION_CONTEXT('2D SPACE',''
  ) );
#683 = PCURVE('',#684,#689);
#684 = PLANE('',#685);
#685 = AXIS2_PLACEMENT_3D('',#686,#687,#688);
#686 = CARTESIAN_POINT('',(24.5,-75.8,4.));
#687 = DIRECTION('',(0.707106781187,0.,0.707106781187));
#688 = DIRECTION('',(0.707106781187,0.,-0.707106781187));
#689 = DEFINITIONAL_REPRESENTATION('',(#690),#694);
#690 = ELLIPSE('',#691,1.131370849898,0.8);
#691 = AXIS2_PLACEMENT_2D('',#692,#693);
#692 = CARTESIAN_POINT('',(1.131370849898,1.8));
#693 = DIRECTION('',(1.,0.));
#694 = ( GEOMETRIC_REPRESENTATION_CONTEXT(2) 
PARAMETRIC_REPRESENTATION_CONTEXT() REPRESENTATION_CONTEXT('2D SPACE',''
  ) );
#695 = ORIENTED_EDGE('',*,*,#696,.F.);
#696 = EDGE_CURVE('',#697,#663,#699,.T.);
#697 = VERTEX_POINT('',#698);
#698 = CARTESIAN_POINT('',(25.5,-74.,4.));
#699 = SURFACE_CURVE('',#700,(#705,#717),.PCURVE_S1.);
#700 = ELLIPSE('',#701,1.131370849898,0.8);
#701 = AXIS2_PLACEMENT_3D('',#702,#703,#704);
#702 = CARTESIAN_POINT('',(24.7,-74.,3.2));
#703 = DIRECTION('',(0.707106781187,0.,-0.707106781187));
#704 = DIRECTION('',(0.707106781187,0.,0.707106781187));
#705 = PCURVE('',#158,#706);
#706 = DEFINITIONAL_REPRESENTATION('',(#707),#716);
#707 = B_SPLINE_CURVE_WITH_KNOTS('',7,(#708,#709,#710,#711,#712,#713,
    #714,#715),.UNSPECIFIED.,.F.,.F.,(8,8),(6.283184832209,
    7.536157930047),.PIECEWISE_BEZIER_KNOTS.);
#708 = CARTESIAN_POINT('',(-1.570796801766,100.3));
#709 = CARTESIAN_POINT('',(-1.391800644932,100.30000006801));
#710 = CARTESIAN_POINT('',(-1.212804488098,100.27009633488));
#711 = CARTESIAN_POINT('',(-1.033808331264,100.2102900485));
#712 = CARTESIAN_POINT('',(-0.854812174429,100.12292355905));
#713 = CARTESIAN_POINT('',(-0.675816017596,100.01270557307));
#714 = CARTESIAN_POINT('',(-0.496819860762,99.886025302621));
#715 = CARTESIAN_POINT('',(-0.317823703928,99.75));
#716 = ( GEOMETRIC_REPRESENTATION_CONTEXT(2) 
PARAMETRIC_REPRESENTATION_CONTEXT() REPRESENTATION_CONTEXT('2D SPACE',''
  ) );
#717 = PCURVE('',#718,#723);
#718 = PLANE('',#719);
#719 = AXIS2_PLACEMENT_3D('',#720,#721,#722);
#720 = CARTESIAN_POINT('',(25.,-75.8,3.5));
#721 = DIRECTION('',(0.707106781187,0.,-0.707106781187));
#722 = DIRECTION('',(0.707106781187,0.,0.707106781187));
#723 = DEFINITIONAL_REPRESENTATION('',(#724),#728);
#724 = ELLIPSE('',#725,1.131370849898,0.8);
#725 = AXIS2_PLACEMENT_2D('',#726,#727);
#726 = CARTESIAN_POINT('',(-0.424264068712,-1.8));
#727 = DIRECTION('',(1.,0.));
#728 = ( GEOMETRIC_REPRESENTATION_CONTEXT(2) 
PARAMETRIC_REPRESENTATION_CONTEXT() REPRESENTATION_CONTEXT('2D SPACE',''
  ) );
#729 = ORIENTED_EDGE('',*,*,#730,.T.);
#730 = EDGE_CURVE('',#697,#731,#733,.T.);
#731 = VERTEX_POINT('',#732);
#732 = CARTESIAN_POINT('',(74.,-74.,4.));
#733 = SURFACE_CURVE('',#734,(#738,#745),.PCURVE_S1.);
#734 = LINE('',#735,#736);
#735 = CARTESIAN_POINT('',(-74.8,-74.,4.));
#736 = VECTOR('',#737,1.);
#737 = DIRECTION('',(1.,0.,-0.));
#738 = PCURVE('',#158,#739);
#739 = DEFINITIONAL_REPRESENTATION('',(#740),#744);
#740 = LINE('',#741,#742);
#741 = CARTESIAN_POINT('',(-1.570796326795,0.));
#742 = VECTOR('',#743,1.);
#743 = DIRECTION('',(-0.,1.));
#744 = ( GEOMETRIC_REPRESENTATION_CONTEXT(2) 
PARAMETRIC_REPRESENTATION_CONTEXT() REPRESENTATION_CONTEXT('2D SPACE',''
  ) );
#745 = PCURVE('',#746,#751);
#746 = PLANE('',#747);
#747 = AXIS2_PLACEMENT_3D('',#748,#749,#750);
#748 = CARTESIAN_POINT('',(0.,0.,4.));
#749 = DIRECTION('',(0.,0.,1.));
#750 = DIRECTION('',(1.,0.,-0.));
#751 = DEFINITIONAL_REPRESENTATION('',(#752),#756);
#752 = LINE('',#753,#754);
#753 = CARTESIAN_POINT('',(-74.8,-74.));
#754 = VECTOR('',#755,1.);
#755 = DIRECTION('',(1.,0.));
#756 = ( GEOMETRIC_REPRESENTATION_CONTEXT(2) 
PARAMETRIC_REPRESENTATION_CONTEXT() REPRESENTATION_CONTEXT('2D SPACE',''
  ) );
#757 = ORIENTED_EDGE('',*,*,#758,.F.);
#758 = EDGE_CURVE('',#143,#731,#759,.T.);
#759 = SURFACE_CURVE('',#760,(#765,#777),.PCURVE_S1.);
#760 = ELLIPSE('',#761,1.131370849898,0.8);
#761 = AXIS2_PLACEMENT_3D('',#762,#763,#764);
#762 = CARTESIAN_POINT('',(74.,-74.,3.2));
#763 = DIRECTION('',(-0.707106781187,-0.707106781187,0.));
#764 = DIRECTION('',(0.707106781187,-0.707106781187,0.));
#765 = PCURVE('',#158,#766);
#766 = DEFINITIONAL_REPRESENTATION('',(#767),#776);
#767 = B_SPLINE_CURVE_WITH_KNOTS('',7,(#768,#769,#770,#771,#772,#773,
    #774,#775),.UNSPECIFIED.,.F.,.F.,(8,8),(0.,1.570796801766),
  .PIECEWISE_BEZIER_KNOTS.);
#768 = CARTESIAN_POINT('',(0.,149.6));
#769 = CARTESIAN_POINT('',(-0.224399543109,149.6));
#770 = CARTESIAN_POINT('',(-0.448799086219,149.55300103345));
#771 = CARTESIAN_POINT('',(-0.673198629328,149.45900991853));
#772 = CARTESIAN_POINT('',(-0.897598172438,149.32379729702));
#773 = CARTESIAN_POINT('',(-1.121997715547,149.15903818239));
#774 = CARTESIAN_POINT('',(-1.346397258656,148.97951925451));
#775 = CARTESIAN_POINT('',(-1.570796801766,148.79999962002));
#776 = ( GEOMETRIC_REPRESENTATION_CONTEXT(2) 
PARAMETRIC_REPRESENTATION_CONTEXT() REPRESENTATION_CONTEXT('2D SPACE',''
  ) );
#777 = PCURVE('',#778,#783);
#778 = CYLINDRICAL_SURFACE('',#779,0.8);
#779 = AXIS2_PLACEMENT_3D('',#780,#781,#782);
#780 = CARTESIAN_POINT('',(74.,-74.8,3.2));
#781 = DIRECTION('',(-0.,1.,0.));
#782 = DIRECTION('',(1.,0.,-0.));
#783 = DEFINITIONAL_REPRESENTATION('',(#784),#793);
#784 = B_SPLINE_CURVE_WITH_KNOTS('',7,(#785,#786,#787,#788,#789,#790,
    #791,#792),.UNSPECIFIED.,.F.,.F.,(8,8),(0.,1.570796801766),
  .PIECEWISE_BEZIER_KNOTS.);
#785 = CARTESIAN_POINT('',(0.,0.));
#786 = CARTESIAN_POINT('',(-0.224399543109,4.396962915185E-17));
#787 = CARTESIAN_POINT('',(-0.448799086219,4.699896651199E-02));
#788 = CARTESIAN_POINT('',(-0.673198629328,0.140990081557));
#789 = CARTESIAN_POINT('',(-0.897598172438,0.276202702929));
#790 = CARTESIAN_POINT('',(-1.121997715547,0.440961817635));
#791 = CARTESIAN_POINT('',(-1.346397258656,0.620480745489));
#792 = CARTESIAN_POINT('',(-1.570796801766,0.800000379977));
#793 = ( GEOMETRIC_REPRESENTATION_CONTEXT(2) 
PARAMETRIC_REPRESENTATION_CONTEXT() REPRESENTATION_CONTEXT('2D SPACE',''
  ) );
#794 = ADVANCED_FACE('',(#795),#186,.F.);
#795 = FACE_BOUND('',#796,.F.);
#796 = EDGE_LOOP('',(#797,#798,#821,#849));
#797 = ORIENTED_EDGE('',*,*,#170,.T.);
#798 = ORIENTED_EDGE('',*,*,#799,.T.);
#799 = EDGE_CURVE('',#143,#800,#802,.T.);
#800 = VERTEX_POINT('',#801);
#801 = CARTESIAN_POINT('',(74.8,74.8,3.2));
#802 = SURFACE_CURVE('',#803,(#807,#814),.PCURVE_S1.);
#803 = LINE('',#804,#805);
#804 = CARTESIAN_POINT('',(74.8,-74.8,3.2));
#805 = VECTOR('',#806,1.);
#806 = DIRECTION('',(-0.,1.,0.));
#807 = PCURVE('',#186,#808);
#808 = DEFINITIONAL_REPRESENTATION('',(#809),#813);
#809 = LINE('',#810,#811);
#810 = CARTESIAN_POINT('',(0.,-3.2));
#811 = VECTOR('',#812,1.);
#812 = DIRECTION('',(1.,0.));
#813 = ( GEOMETRIC_REPRESENTATION_CONTEXT(2) 
PARAMETRIC_REPRESENTATION_CONTEXT() REPRESENTATION_CONTEXT('2D SPACE',''
  ) );
#814 = PCURVE('',#778,#815);
#815 = DEFINITIONAL_REPRESENTATION('',(#816),#820);
#816 = LINE('',#817,#818);
#817 = CARTESIAN_POINT('',(-0.,0.));
#818 = VECTOR('',#819,1.);
#819 = DIRECTION('',(-0.,1.));
#820 = ( GEOMETRIC_REPRESENTATION_CONTEXT(2) 
PARAMETRIC_REPRESENTATION_CONTEXT() REPRESENTATION_CONTEXT('2D SPACE',''
  ) );
#821 = ORIENTED_EDGE('',*,*,#822,.F.);
#822 = EDGE_CURVE('',#823,#800,#825,.T.);
#823 = VERTEX_POINT('',#824);
#824 = CARTESIAN_POINT('',(74.8,74.8,0.4));
#825 = SURFACE_CURVE('',#826,(#830,#837),.PCURVE_S1.);
#826 = LINE('',#827,#828);
#827 = CARTESIAN_POINT('',(74.8,74.8,0.));
#828 = VECTOR('',#829,1.);
#829 = DIRECTION('',(0.,0.,1.));
#830 = PCURVE('',#186,#831);
#831 = DEFINITIONAL_REPRESENTATION('',(#832),#836);
#832 = LINE('',#833,#834);
#833 = CARTESIAN_POINT('',(149.6,0.));
#834 = VECTOR('',#835,1.);
#835 = DIRECTION('',(0.,-1.));
#836 = ( GEOMETRIC_REPRESENTATION_CONTEXT(2) 
PARAMETRIC_REPRESENTATION_CONTEXT() REPRESENTATION_CONTEXT('2D SPACE',''
  ) );
#837 = PCURVE('',#838,#843);
#838 = PLANE('',#839);
#839 = AXIS2_PLACEMENT_3D('',#840,#841,#842);
#840 = CARTESIAN_POINT('',(66.25,74.8,0.));
#841 = DIRECTION('',(-0.,1.,0.));
#842 = DIRECTION('',(1.,0.,-0.));
#843 = DEFINITIONAL_REPRESENTATION('',(#844),#848);
#844 = LINE('',#845,#846);
#845 = CARTESIAN_POINT('',(8.55,0.));
#846 = VECTOR('',#847,1.);
#847 = DIRECTION('',(0.,-1.));
#848 = ( GEOMETRIC_REPRESENTATION_CONTEXT(2) 
PARAMETRIC_REPRESENTATION_CONTEXT() REPRESENTATION_CONTEXT('2D SPACE',''
  ) );
#849 = ORIENTED_EDGE('',*,*,#850,.F.);
#850 = EDGE_CURVE('',#171,#823,#851,.T.);
#851 = SURFACE_CURVE('',#852,(#856,#863),.PCURVE_S1.);
#852 = LINE('',#853,#854);
#853 = CARTESIAN_POINT('',(74.8,-74.8,0.4));
#854 = VECTOR('',#855,1.);
#855 = DIRECTION('',(-0.,1.,0.));
#856 = PCURVE('',#186,#857);
#857 = DEFINITIONAL_REPRESENTATION('',(#858),#862);
#858 = LINE('',#859,#860);
#859 = CARTESIAN_POINT('',(0.,-0.4));
#860 = VECTOR('',#861,1.);
#861 = DIRECTION('',(1.,0.));
#862 = ( GEOMETRIC_REPRESENTATION_CONTEXT(2) 
PARAMETRIC_REPRESENTATION_CONTEXT() REPRESENTATION_CONTEXT('2D SPACE',''
  ) );
#863 = PCURVE('',#505,#864);
#864 = DEFINITIONAL_REPRESENTATION('',(#865),#869);
#865 = LINE('',#866,#867);
#866 = CARTESIAN_POINT('',(0.,0.282842712475));
#867 = VECTOR('',#868,1.);
#868 = DIRECTION('',(1.,0.));
#869 = ( GEOMETRIC_REPRESENTATION_CONTEXT(2) 
PARAMETRIC_REPRESENTATION_CONTEXT() REPRESENTATION_CONTEXT('2D SPACE',''
  ) );
#870 = ADVANCED_FACE('',(#871),#293,.F.);
#871 = FACE_BOUND('',#872,.F.);
#872 = EDGE_LOOP('',(#873,#874,#875,#898,#926,#954,#983,#1011,#1039,
    #1067,#1096,#1124,#1152,#1180,#1209,#1237,#1265,#1293,#1321,#1350,
    #1378,#1406,#1434,#1463,#1491,#1519,#1547,#1576));
#873 = ORIENTED_EDGE('',*,*,#279,.F.);
#874 = ORIENTED_EDGE('',*,*,#517,.T.);
#875 = ORIENTED_EDGE('',*,*,#876,.T.);
#876 = EDGE_CURVE('',#490,#877,#879,.T.);
#877 = VERTEX_POINT('',#878);
#878 = CARTESIAN_POINT('',(74.4,74.4,-2.914335439641E-15));
#879 = SURFACE_CURVE('',#880,(#884,#891),.PCURVE_S1.);
#880 = LINE('',#881,#882);
#881 = CARTESIAN_POINT('',(74.4,-74.8,0.));
#882 = VECTOR('',#883,1.);
#883 = DIRECTION('',(-0.,1.,0.));
#884 = PCURVE('',#293,#885);
#885 = DEFINITIONAL_REPRESENTATION('',(#886),#890);
#886 = LINE('',#887,#888);
#887 = CARTESIAN_POINT('',(74.4,-74.8));
#888 = VECTOR('',#889,1.);
#889 = DIRECTION('',(0.,1.));
#890 = ( GEOMETRIC_REPRESENTATION_CONTEXT(2) 
PARAMETRIC_REPRESENTATION_CONTEXT() REPRESENTATION_CONTEXT('2D SPACE',''
  ) );
#891 = PCURVE('',#505,#892);
#892 = DEFINITIONAL_REPRESENTATION('',(#893),#897);
#893 = LINE('',#894,#895);
#894 = CARTESIAN_POINT('',(0.,-0.282842712475));
#895 = VECTOR('',#896,1.);
#896 = DIRECTION('',(1.,0.));
#897 = ( GEOMETRIC_REPRESENTATION_CONTEXT(2) 
PARAMETRIC_REPRESENTATION_CONTEXT() REPRESENTATION_CONTEXT('2D SPACE',''
  ) );
#898 = ORIENTED_EDGE('',*,*,#899,.F.);
#899 = EDGE_CURVE('',#900,#877,#902,.T.);
#900 = VERTEX_POINT('',#901);
#901 = CARTESIAN_POINT('',(65.85,74.4,-3.219646771413E-15));
#902 = SURFACE_CURVE('',#903,(#907,#914),.PCURVE_S1.);
#903 = LINE('',#904,#905);
#904 = CARTESIAN_POINT('',(66.25,74.4,0.));
#905 = VECTOR('',#906,1.);
#906 = DIRECTION('',(1.,0.,-0.));
#907 = PCURVE('',#293,#908);
#908 = DEFINITIONAL_REPRESENTATION('',(#909),#913);
#909 = LINE('',#910,#911);
#910 = CARTESIAN_POINT('',(66.25,74.4));
#911 = VECTOR('',#912,1.);
#912 = DIRECTION('',(1.,0.));
#913 = ( GEOMETRIC_REPRESENTATION_CONTEXT(2) 
PARAMETRIC_REPRESENTATION_CONTEXT() REPRESENTATION_CONTEXT('2D SPACE',''
  ) );
#914 = PCURVE('',#915,#920);
#915 = PLANE('',#916);
#916 = AXIS2_PLACEMENT_3D('',#917,#918,#919);
#917 = CARTESIAN_POINT('',(66.25,74.6,0.2));
#918 = DIRECTION('',(-3.978141013962E-18,-0.707106781187,0.707106781187)
  );
#919 = DIRECTION('',(1.,-2.812970487489E-18,2.812970487489E-18));
#920 = DEFINITIONAL_REPRESENTATION('',(#921),#925);
#921 = LINE('',#922,#923);
#922 = CARTESIAN_POINT('',(0.,-0.282842712475));
#923 = VECTOR('',#924,1.);
#924 = DIRECTION('',(1.,0.));
#925 = ( GEOMETRIC_REPRESENTATION_CONTEXT(2) 
PARAMETRIC_REPRESENTATION_CONTEXT() REPRESENTATION_CONTEXT('2D SPACE',''
  ) );
#926 = ORIENTED_EDGE('',*,*,#927,.T.);
#927 = EDGE_CURVE('',#900,#928,#930,.T.);
#928 = VERTEX_POINT('',#929);
#929 = CARTESIAN_POINT('',(65.85,76.652543469362,7.216449660064E-16));
#930 = SURFACE_CURVE('',#931,(#935,#942),.PCURVE_S1.);
#931 = LINE('',#932,#933);
#932 = CARTESIAN_POINT('',(65.85,74.8,0.));
#933 = VECTOR('',#934,1.);
#934 = DIRECTION('',(2.22044604925E-16,1.,0.));
#935 = PCURVE('',#293,#936);
#936 = DEFINITIONAL_REPRESENTATION('',(#937),#941);
#937 = LINE('',#938,#939);
#938 = CARTESIAN_POINT('',(65.85,74.8));
#939 = VECTOR('',#940,1.);
#940 = DIRECTION('',(2.22044604925E-16,1.));
#941 = ( GEOMETRIC_REPRESENTATION_CONTEXT(2) 
PARAMETRIC_REPRESENTATION_CONTEXT() REPRESENTATION_CONTEXT('2D SPACE',''
  ) );
#942 = PCURVE('',#943,#948);
#943 = PLANE('',#944);
#944 = AXIS2_PLACEMENT_3D('',#945,#946,#947);
#945 = CARTESIAN_POINT('',(66.05,74.8,0.2));
#946 = DIRECTION('',(0.707106781187,-1.00321317117E-15,-0.707106781187)
  );
#947 = DIRECTION('',(8.204011387727E-16,1.,-5.983565338477E-16));
#948 = DEFINITIONAL_REPRESENTATION('',(#949),#953);
#949 = LINE('',#950,#951);
#950 = CARTESIAN_POINT('',(0.,-0.282842712475));
#951 = VECTOR('',#952,1.);
#952 = DIRECTION('',(1.,0.));
#953 = ( GEOMETRIC_REPRESENTATION_CONTEXT(2) 
PARAMETRIC_REPRESENTATION_CONTEXT() REPRESENTATION_CONTEXT('2D SPACE',''
  ) );
#954 = ORIENTED_EDGE('',*,*,#955,.T.);
#955 = EDGE_CURVE('',#928,#956,#958,.T.);
#956 = VERTEX_POINT('',#957);
#957 = CARTESIAN_POINT('',(60.15,76.652543469362,-7.771561172376E-16));
#958 = SURFACE_CURVE('',#959,(#964,#971),.PCURVE_S1.);
#959 = CIRCLE('',#960,4.1);
#960 = AXIS2_PLACEMENT_3D('',#961,#962,#963);
#961 = CARTESIAN_POINT('',(63.,79.6,0.));
#962 = DIRECTION('',(0.,0.,1.));
#963 = DIRECTION('',(0.722222222222,-0.691661088777,0.));
#964 = PCURVE('',#293,#965);
#965 = DEFINITIONAL_REPRESENTATION('',(#966),#970);
#966 = CIRCLE('',#967,4.1);
#967 = AXIS2_PLACEMENT_2D('',#968,#969);
#968 = CARTESIAN_POINT('',(63.,79.6));
#969 = DIRECTION('',(0.722222222222,-0.691661088777));
#970 = ( GEOMETRIC_REPRESENTATION_CONTEXT(2) 
PARAMETRIC_REPRESENTATION_CONTEXT() REPRESENTATION_CONTEXT('2D SPACE',''
  ) );
#971 = PCURVE('',#972,#977);
#972 = CONICAL_SURFACE('',#973,4.5,0.785398163397);
#973 = AXIS2_PLACEMENT_3D('',#974,#975,#976);
#974 = CARTESIAN_POINT('',(63.,79.6,0.4));
#975 = DIRECTION('',(0.,0.,1.));
#976 = DIRECTION('',(0.722222222222,-0.691661088777,0.));
#977 = DEFINITIONAL_REPRESENTATION('',(#978),#982);
#978 = LINE('',#979,#980);
#979 = CARTESIAN_POINT('',(0.,-0.4));
#980 = VECTOR('',#981,1.);
#981 = DIRECTION('',(1.,0.));
#982 = ( GEOMETRIC_REPRESENTATION_CONTEXT(2) 
PARAMETRIC_REPRESENTATION_CONTEXT() REPRESENTATION_CONTEXT('2D SPACE',''
  ) );
#983 = ORIENTED_EDGE('',*,*,#984,.F.);
#984 = EDGE_CURVE('',#985,#956,#987,.T.);
#985 = VERTEX_POINT('',#986);
#986 = CARTESIAN_POINT('',(60.15,74.4,5.134781488891E-15));
#987 = SURFACE_CURVE('',#988,(#992,#999),.PCURVE_S1.);
#988 = LINE('',#989,#990);
#989 = CARTESIAN_POINT('',(60.15,74.8,0.));
#990 = VECTOR('',#991,1.);
#991 = DIRECTION('',(2.22044604925E-16,1.,0.));
#992 = PCURVE('',#293,#993);
#993 = DEFINITIONAL_REPRESENTATION('',(#994),#998);
#994 = LINE('',#995,#996);
#995 = CARTESIAN_POINT('',(60.15,74.8));
#996 = VECTOR('',#997,1.);
#997 = DIRECTION('',(2.22044604925E-16,1.));
#998 = ( GEOMETRIC_REPRESENTATION_CONTEXT(2) 
PARAMETRIC_REPRESENTATION_CONTEXT() REPRESENTATION_CONTEXT('2D SPACE',''
  ) );
#999 = PCURVE('',#1000,#1005);
#1000 = PLANE('',#1001);
#1001 = AXIS2_PLACEMENT_3D('',#1002,#1003,#1004);
#1002 = CARTESIAN_POINT('',(59.95,74.8,0.2));
#1003 = DIRECTION('',(0.707106781187,-5.332783484717E-18,0.707106781187)
  );
#1004 = DIRECTION('',(1.147931498272E-16,1.,-1.072514550979E-16));
#1005 = DEFINITIONAL_REPRESENTATION('',(#1006),#1010);
#1006 = LINE('',#1007,#1008);
#1007 = CARTESIAN_POINT('',(0.,-0.282842712475));
#1008 = VECTOR('',#1009,1.);
#1009 = DIRECTION('',(1.,0.));
#1010 = ( GEOMETRIC_REPRESENTATION_CONTEXT(2) 
PARAMETRIC_REPRESENTATION_CONTEXT() REPRESENTATION_CONTEXT('2D SPACE',''
  ) );
#1011 = ORIENTED_EDGE('',*,*,#1012,.F.);
#1012 = EDGE_CURVE('',#1013,#985,#1015,.T.);
#1013 = VERTEX_POINT('',#1014);
#1014 = CARTESIAN_POINT('',(15.85,74.4,-3.219646771413E-15));
#1015 = SURFACE_CURVE('',#1016,(#1020,#1027),.PCURVE_S1.);
#1016 = LINE('',#1017,#1018);
#1017 = CARTESIAN_POINT('',(16.25,74.4,0.));
#1018 = VECTOR('',#1019,1.);
#1019 = DIRECTION('',(1.,0.,-0.));
#1020 = PCURVE('',#293,#1021);
#1021 = DEFINITIONAL_REPRESENTATION('',(#1022),#1026);
#1022 = LINE('',#1023,#1024);
#1023 = CARTESIAN_POINT('',(16.25,74.4));
#1024 = VECTOR('',#1025,1.);
#1025 = DIRECTION('',(1.,0.));
#1026 = ( GEOMETRIC_REPRESENTATION_CONTEXT(2) 
PARAMETRIC_REPRESENTATION_CONTEXT() REPRESENTATION_CONTEXT('2D SPACE',''
  ) );
#1027 = PCURVE('',#1028,#1033);
#1028 = PLANE('',#1029);
#1029 = AXIS2_PLACEMENT_3D('',#1030,#1031,#1032);
#1030 = CARTESIAN_POINT('',(16.25,74.6,0.2));
#1031 = DIRECTION('',(-3.978141013962E-18,-0.707106781187,0.707106781187
    ));
#1032 = DIRECTION('',(1.,-2.812970487489E-18,2.812970487489E-18));
#1033 = DEFINITIONAL_REPRESENTATION('',(#1034),#1038);
#1034 = LINE('',#1035,#1036);
#1035 = CARTESIAN_POINT('',(0.,-0.282842712475));
#1036 = VECTOR('',#1037,1.);
#1037 = DIRECTION('',(1.,0.));
#1038 = ( GEOMETRIC_REPRESENTATION_CONTEXT(2) 
PARAMETRIC_REPRESENTATION_CONTEXT() REPRESENTATION_CONTEXT('2D SPACE',''
  ) );
#1039 = ORIENTED_EDGE('',*,*,#1040,.T.);
#1040 = EDGE_CURVE('',#1013,#1041,#1043,.T.);
#1041 = VERTEX_POINT('',#1042);
#1042 = CARTESIAN_POINT('',(15.85,76.652543469362,-5.828670879282E-16));
#1043 = SURFACE_CURVE('',#1044,(#1048,#1055),.PCURVE_S1.);
#1044 = LINE('',#1045,#1046);
#1045 = CARTESIAN_POINT('',(15.85,74.8,0.));
#1046 = VECTOR('',#1047,1.);
#1047 = DIRECTION('',(2.22044604925E-16,1.,0.));
#1048 = PCURVE('',#293,#1049);
#1049 = DEFINITIONAL_REPRESENTATION('',(#1050),#1054);
#1050 = LINE('',#1051,#1052);
#1051 = CARTESIAN_POINT('',(15.85,74.8));
#1052 = VECTOR('',#1053,1.);
#1053 = DIRECTION('',(2.22044604925E-16,1.));
#1054 = ( GEOMETRIC_REPRESENTATION_CONTEXT(2) 
PARAMETRIC_REPRESENTATION_CONTEXT() REPRESENTATION_CONTEXT('2D SPACE',''
  ) );
#1055 = PCURVE('',#1056,#1061);
#1056 = PLANE('',#1057);
#1057 = AXIS2_PLACEMENT_3D('',#1058,#1059,#1060);
#1058 = CARTESIAN_POINT('',(16.05,74.8,0.2));
#1059 = DIRECTION('',(0.707106781187,-3.480000426336E-18,-0.707106781187
    ));
#1060 = DIRECTION('',(1.134830343625E-16,1.,1.085615705625E-16));
#1061 = DEFINITIONAL_REPRESENTATION('',(#1062),#1066);
#1062 = LINE('',#1063,#1064);
#1063 = CARTESIAN_POINT('',(0.,-0.282842712475));
#1064 = VECTOR('',#1065,1.);
#1065 = DIRECTION('',(1.,0.));
#1066 = ( GEOMETRIC_REPRESENTATION_CONTEXT(2) 
PARAMETRIC_REPRESENTATION_CONTEXT() REPRESENTATION_CONTEXT('2D SPACE',''
  ) );
#1067 = ORIENTED_EDGE('',*,*,#1068,.T.);
#1068 = EDGE_CURVE('',#1041,#1069,#1071,.T.);
#1069 = VERTEX_POINT('',#1070);
#1070 = CARTESIAN_POINT('',(10.15,76.652543469362,1.110223024625E-16));
#1071 = SURFACE_CURVE('',#1072,(#1077,#1084),.PCURVE_S1.);
#1072 = CIRCLE('',#1073,4.1);
#1073 = AXIS2_PLACEMENT_3D('',#1074,#1075,#1076);
#1074 = CARTESIAN_POINT('',(13.,79.6,0.));
#1075 = DIRECTION('',(0.,0.,1.));
#1076 = DIRECTION('',(0.722222222222,-0.691661088777,0.));
#1077 = PCURVE('',#293,#1078);
#1078 = DEFINITIONAL_REPRESENTATION('',(#1079),#1083);
#1079 = CIRCLE('',#1080,4.1);
#1080 = AXIS2_PLACEMENT_2D('',#1081,#1082);
#1081 = CARTESIAN_POINT('',(13.,79.6));
#1082 = DIRECTION('',(0.722222222222,-0.691661088777));
#1083 = ( GEOMETRIC_REPRESENTATION_CONTEXT(2) 
PARAMETRIC_REPRESENTATION_CONTEXT() REPRESENTATION_CONTEXT('2D SPACE',''
  ) );
#1084 = PCURVE('',#1085,#1090);
#1085 = CONICAL_SURFACE('',#1086,4.5,0.785398163397);
#1086 = AXIS2_PLACEMENT_3D('',#1087,#1088,#1089);
#1087 = CARTESIAN_POINT('',(13.,79.6,0.4));
#1088 = DIRECTION('',(0.,0.,1.));
#1089 = DIRECTION('',(0.722222222222,-0.691661088777,0.));
#1090 = DEFINITIONAL_REPRESENTATION('',(#1091),#1095);
#1091 = LINE('',#1092,#1093);
#1092 = CARTESIAN_POINT('',(0.,-0.4));
#1093 = VECTOR('',#1094,1.);
#1094 = DIRECTION('',(1.,0.));
#1095 = ( GEOMETRIC_REPRESENTATION_CONTEXT(2) 
PARAMETRIC_REPRESENTATION_CONTEXT() REPRESENTATION_CONTEXT('2D SPACE',''
  ) );
#1096 = ORIENTED_EDGE('',*,*,#1097,.F.);
#1097 = EDGE_CURVE('',#1098,#1069,#1100,.T.);
#1098 = VERTEX_POINT('',#1099);
#1099 = CARTESIAN_POINT('',(10.15,74.4,4.718447854657E-16));
#1100 = SURFACE_CURVE('',#1101,(#1105,#1112),.PCURVE_S1.);
#1101 = LINE('',#1102,#1103);
#1102 = CARTESIAN_POINT('',(10.15,74.8,0.));
#1103 = VECTOR('',#1104,1.);
#1104 = DIRECTION('',(2.22044604925E-16,1.,0.));
#1105 = PCURVE('',#293,#1106);
#1106 = DEFINITIONAL_REPRESENTATION('',(#1107),#1111);
#1107 = LINE('',#1108,#1109);
#1108 = CARTESIAN_POINT('',(10.15,74.8));
#1109 = VECTOR('',#1110,1.);
#1110 = DIRECTION('',(2.22044604925E-16,1.));
#1111 = ( GEOMETRIC_REPRESENTATION_CONTEXT(2) 
PARAMETRIC_REPRESENTATION_CONTEXT() REPRESENTATION_CONTEXT('2D SPACE',''
  ) );
#1112 = PCURVE('',#1113,#1118);
#1113 = PLANE('',#1114);
#1114 = AXIS2_PLACEMENT_3D('',#1115,#1116,#1117);
#1115 = CARTESIAN_POINT('',(9.95,74.8,0.2));
#1116 = DIRECTION('',(0.707106781187,-2.471535389659E-16,0.707106781187)
  );
#1117 = DIRECTION('',(2.857862458596E-16,1.,6.374164093456E-17));
#1118 = DEFINITIONAL_REPRESENTATION('',(#1119),#1123);
#1119 = LINE('',#1120,#1121);
#1120 = CARTESIAN_POINT('',(0.,-0.282842712475));
#1121 = VECTOR('',#1122,1.);
#1122 = DIRECTION('',(1.,0.));
#1123 = ( GEOMETRIC_REPRESENTATION_CONTEXT(2) 
PARAMETRIC_REPRESENTATION_CONTEXT() REPRESENTATION_CONTEXT('2D SPACE',''
  ) );
#1124 = ORIENTED_EDGE('',*,*,#1125,.F.);
#1125 = EDGE_CURVE('',#1126,#1098,#1128,.T.);
#1126 = VERTEX_POINT('',#1127);
#1127 = CARTESIAN_POINT('',(-34.15,74.4,-3.219646771413E-15));
#1128 = SURFACE_CURVE('',#1129,(#1133,#1140),.PCURVE_S1.);
#1129 = LINE('',#1130,#1131);
#1130 = CARTESIAN_POINT('',(-33.75,74.4,0.));
#1131 = VECTOR('',#1132,1.);
#1132 = DIRECTION('',(1.,0.,-0.));
#1133 = PCURVE('',#293,#1134);
#1134 = DEFINITIONAL_REPRESENTATION('',(#1135),#1139);
#1135 = LINE('',#1136,#1137);
#1136 = CARTESIAN_POINT('',(-33.75,74.4));
#1137 = VECTOR('',#1138,1.);
#1138 = DIRECTION('',(1.,0.));
#1139 = ( GEOMETRIC_REPRESENTATION_CONTEXT(2) 
PARAMETRIC_REPRESENTATION_CONTEXT() REPRESENTATION_CONTEXT('2D SPACE',''
  ) );
#1140 = PCURVE('',#1141,#1146);
#1141 = PLANE('',#1142);
#1142 = AXIS2_PLACEMENT_3D('',#1143,#1144,#1145);
#1143 = CARTESIAN_POINT('',(-33.75,74.6,0.2));
#1144 = DIRECTION('',(-3.978141013962E-18,-0.707106781187,0.707106781187
    ));
#1145 = DIRECTION('',(1.,-2.812970487489E-18,2.812970487489E-18));
#1146 = DEFINITIONAL_REPRESENTATION('',(#1147),#1151);
#1147 = LINE('',#1148,#1149);
#1148 = CARTESIAN_POINT('',(0.,-0.282842712475));
#1149 = VECTOR('',#1150,1.);
#1150 = DIRECTION('',(1.,0.));
#1151 = ( GEOMETRIC_REPRESENTATION_CONTEXT(2) 
PARAMETRIC_REPRESENTATION_CONTEXT() REPRESENTATION_CONTEXT('2D SPACE',''
  ) );
#1152 = ORIENTED_EDGE('',*,*,#1153,.T.);
#1153 = EDGE_CURVE('',#1126,#1154,#1156,.T.);
#1154 = VERTEX_POINT('',#1155);
#1155 = CARTESIAN_POINT('',(-34.15,76.652543469362,2.775557561563E-16));
#1156 = SURFACE_CURVE('',#1157,(#1161,#1168),.PCURVE_S1.);
#1157 = LINE('',#1158,#1159);
#1158 = CARTESIAN_POINT('',(-34.15,74.8,0.));
#1159 = VECTOR('',#1160,1.);
#1160 = DIRECTION('',(2.22044604925E-16,1.,0.));
#1161 = PCURVE('',#293,#1162);
#1162 = DEFINITIONAL_REPRESENTATION('',(#1163),#1167);
#1163 = LINE('',#1164,#1165);
#1164 = CARTESIAN_POINT('',(-34.15,74.8));
#1165 = VECTOR('',#1166,1.);
#1166 = DIRECTION('',(2.22044604925E-16,1.));
#1167 = ( GEOMETRIC_REPRESENTATION_CONTEXT(2) 
PARAMETRIC_REPRESENTATION_CONTEXT() REPRESENTATION_CONTEXT('2D SPACE',''
  ) );
#1168 = PCURVE('',#1169,#1174);
#1169 = PLANE('',#1170);
#1170 = AXIS2_PLACEMENT_3D('',#1171,#1172,#1173);
#1171 = CARTESIAN_POINT('',(-33.95,74.8,0.2));
#1172 = DIRECTION('',(0.707106781187,5.332783484717E-18,-0.707106781187)
  );
#1173 = DIRECTION('',(1.072514550979E-16,1.,1.147931498272E-16));
#1174 = DEFINITIONAL_REPRESENTATION('',(#1175),#1179);
#1175 = LINE('',#1176,#1177);
#1176 = CARTESIAN_POINT('',(0.,-0.282842712475));
#1177 = VECTOR('',#1178,1.);
#1178 = DIRECTION('',(1.,0.));
#1179 = ( GEOMETRIC_REPRESENTATION_CONTEXT(2) 
PARAMETRIC_REPRESENTATION_CONTEXT() REPRESENTATION_CONTEXT('2D SPACE',''
  ) );
#1180 = ORIENTED_EDGE('',*,*,#1181,.T.);
#1181 = EDGE_CURVE('',#1154,#1182,#1184,.T.);
#1182 = VERTEX_POINT('',#1183);
#1183 = CARTESIAN_POINT('',(-39.85,76.652543469362,-7.771561172376E-16)
  );
#1184 = SURFACE_CURVE('',#1185,(#1190,#1197),.PCURVE_S1.);
#1185 = CIRCLE('',#1186,4.1);
#1186 = AXIS2_PLACEMENT_3D('',#1187,#1188,#1189);
#1187 = CARTESIAN_POINT('',(-37.,79.6,0.));
#1188 = DIRECTION('',(0.,0.,1.));
#1189 = DIRECTION('',(0.722222222222,-0.691661088777,0.));
#1190 = PCURVE('',#293,#1191);
#1191 = DEFINITIONAL_REPRESENTATION('',(#1192),#1196);
#1192 = CIRCLE('',#1193,4.1);
#1193 = AXIS2_PLACEMENT_2D('',#1194,#1195);
#1194 = CARTESIAN_POINT('',(-37.,79.6));
#1195 = DIRECTION('',(0.722222222222,-0.691661088777));
#1196 = ( GEOMETRIC_REPRESENTATION_CONTEXT(2) 
PARAMETRIC_REPRESENTATION_CONTEXT() REPRESENTATION_CONTEXT('2D SPACE',''
  ) );
#1197 = PCURVE('',#1198,#1203);
#1198 = CONICAL_SURFACE('',#1199,4.5,0.785398163397);
#1199 = AXIS2_PLACEMENT_3D('',#1200,#1201,#1202);
#1200 = CARTESIAN_POINT('',(-37.,79.6,0.4));
#1201 = DIRECTION('',(0.,0.,1.));
#1202 = DIRECTION('',(0.722222222222,-0.691661088777,0.));
#1203 = DEFINITIONAL_REPRESENTATION('',(#1204),#1208);
#1204 = LINE('',#1205,#1206);
#1205 = CARTESIAN_POINT('',(0.,-0.4));
#1206 = VECTOR('',#1207,1.);
#1207 = DIRECTION('',(1.,0.));
#1208 = ( GEOMETRIC_REPRESENTATION_CONTEXT(2) 
PARAMETRIC_REPRESENTATION_CONTEXT() REPRESENTATION_CONTEXT('2D SPACE',''
  ) );
#1209 = ORIENTED_EDGE('',*,*,#1210,.F.);
#1210 = EDGE_CURVE('',#1211,#1182,#1213,.T.);
#1211 = VERTEX_POINT('',#1212);
#1212 = CARTESIAN_POINT('',(-39.85,74.4,2.609024107869E-15));
#1213 = SURFACE_CURVE('',#1214,(#1218,#1225),.PCURVE_S1.);
#1214 = LINE('',#1215,#1216);
#1215 = CARTESIAN_POINT('',(-39.85,74.8,0.));
#1216 = VECTOR('',#1217,1.);
#1217 = DIRECTION('',(2.22044604925E-16,1.,0.));
#1218 = PCURVE('',#293,#1219);
#1219 = DEFINITIONAL_REPRESENTATION('',(#1220),#1224);
#1220 = LINE('',#1221,#1222);
#1221 = CARTESIAN_POINT('',(-39.85,74.8));
#1222 = VECTOR('',#1223,1.);
#1223 = DIRECTION('',(2.22044604925E-16,1.));
#1224 = ( GEOMETRIC_REPRESENTATION_CONTEXT(2) 
PARAMETRIC_REPRESENTATION_CONTEXT() REPRESENTATION_CONTEXT('2D SPACE',''
  ) );
#1225 = PCURVE('',#1226,#1231);
#1226 = PLANE('',#1227);
#1227 = AXIS2_PLACEMENT_3D('',#1228,#1229,#1230);
#1228 = CARTESIAN_POINT('',(-40.05,74.8,0.2));
#1229 = DIRECTION('',(0.707106781187,-5.332783484717E-18,0.707106781187)
  );
#1230 = DIRECTION('',(1.147931498272E-16,1.,-1.072514550979E-16));
#1231 = DEFINITIONAL_REPRESENTATION('',(#1232),#1236);
#1232 = LINE('',#1233,#1234);
#1233 = CARTESIAN_POINT('',(0.,-0.282842712475));
#1234 = VECTOR('',#1235,1.);
#1235 = DIRECTION('',(1.,0.));
#1236 = ( GEOMETRIC_REPRESENTATION_CONTEXT(2) 
PARAMETRIC_REPRESENTATION_CONTEXT() REPRESENTATION_CONTEXT('2D SPACE',''
  ) );
#1237 = ORIENTED_EDGE('',*,*,#1238,.F.);
#1238 = EDGE_CURVE('',#1239,#1211,#1241,.T.);
#1239 = VERTEX_POINT('',#1240);
#1240 = CARTESIAN_POINT('',(-74.4,74.4,-3.219646771413E-15));
#1241 = SURFACE_CURVE('',#1242,(#1246,#1253),.PCURVE_S1.);
#1242 = LINE('',#1243,#1244);
#1243 = CARTESIAN_POINT('',(-74.8,74.4,0.));
#1244 = VECTOR('',#1245,1.);
#1245 = DIRECTION('',(1.,0.,-0.));
#1246 = PCURVE('',#293,#1247);
#1247 = DEFINITIONAL_REPRESENTATION('',(#1248),#1252);
#1248 = LINE('',#1249,#1250);
#1249 = CARTESIAN_POINT('',(-74.8,74.4));
#1250 = VECTOR('',#1251,1.);
#1251 = DIRECTION('',(1.,0.));
#1252 = ( GEOMETRIC_REPRESENTATION_CONTEXT(2) 
PARAMETRIC_REPRESENTATION_CONTEXT() REPRESENTATION_CONTEXT('2D SPACE',''
  ) );
#1253 = PCURVE('',#1254,#1259);
#1254 = PLANE('',#1255);
#1255 = AXIS2_PLACEMENT_3D('',#1256,#1257,#1258);
#1256 = CARTESIAN_POINT('',(-74.8,74.6,0.2));
#1257 = DIRECTION('',(-3.978141013962E-18,-0.707106781187,0.707106781187
    ));
#1258 = DIRECTION('',(1.,-2.812970487489E-18,2.812970487489E-18));
#1259 = DEFINITIONAL_REPRESENTATION('',(#1260),#1264);
#1260 = LINE('',#1261,#1262);
#1261 = CARTESIAN_POINT('',(0.,-0.282842712475));
#1262 = VECTOR('',#1263,1.);
#1263 = DIRECTION('',(1.,0.));
#1264 = ( GEOMETRIC_REPRESENTATION_CONTEXT(2) 
PARAMETRIC_REPRESENTATION_CONTEXT() REPRESENTATION_CONTEXT('2D SPACE',''
  ) );
#1265 = ORIENTED_EDGE('',*,*,#1266,.F.);
#1266 = EDGE_CURVE('',#1267,#1239,#1269,.T.);
#1267 = VERTEX_POINT('',#1268);
#1268 = CARTESIAN_POINT('',(-74.4,66.9,-3.219646771413E-15));
#1269 = SURFACE_CURVE('',#1270,(#1274,#1281),.PCURVE_S1.);
#1270 = LINE('',#1271,#1272);
#1271 = CARTESIAN_POINT('',(-74.4,66.5,0.));
#1272 = VECTOR('',#1273,1.);
#1273 = DIRECTION('',(-0.,1.,0.));
#1274 = PCURVE('',#293,#1275);
#1275 = DEFINITIONAL_REPRESENTATION('',(#1276),#1280);
#1276 = LINE('',#1277,#1278);
#1277 = CARTESIAN_POINT('',(-74.4,66.5));
#1278 = VECTOR('',#1279,1.);
#1279 = DIRECTION('',(0.,1.));
#1280 = ( GEOMETRIC_REPRESENTATION_CONTEXT(2) 
PARAMETRIC_REPRESENTATION_CONTEXT() REPRESENTATION_CONTEXT('2D SPACE',''
  ) );
#1281 = PCURVE('',#1282,#1287);
#1282 = PLANE('',#1283);
#1283 = AXIS2_PLACEMENT_3D('',#1284,#1285,#1286);
#1284 = CARTESIAN_POINT('',(-74.6,66.5,0.2));
#1285 = DIRECTION('',(0.707106781187,-2.795980032047E-18,0.707106781187)
  );
#1286 = DIRECTION('',(1.977056440722E-18,1.,1.977056440722E-18));
#1287 = DEFINITIONAL_REPRESENTATION('',(#1288),#1292);
#1288 = LINE('',#1289,#1290);
#1289 = CARTESIAN_POINT('',(0.,-0.282842712475));
#1290 = VECTOR('',#1291,1.);
#1291 = DIRECTION('',(1.,0.));
#1292 = ( GEOMETRIC_REPRESENTATION_CONTEXT(2) 
PARAMETRIC_REPRESENTATION_CONTEXT() REPRESENTATION_CONTEXT('2D SPACE',''
  ) );
#1293 = ORIENTED_EDGE('',*,*,#1294,.T.);
#1294 = EDGE_CURVE('',#1267,#1295,#1297,.T.);
#1295 = VERTEX_POINT('',#1296);
#1296 = CARTESIAN_POINT('',(-73.76340601176,66.9,-3.219646771413E-15));
#1297 = SURFACE_CURVE('',#1298,(#1302,#1309),.PCURVE_S1.);
#1298 = LINE('',#1299,#1300);
#1299 = CARTESIAN_POINT('',(-74.8,66.9,0.));
#1300 = VECTOR('',#1301,1.);
#1301 = DIRECTION('',(1.,0.,-0.));
#1302 = PCURVE('',#293,#1303);
#1303 = DEFINITIONAL_REPRESENTATION('',(#1304),#1308);
#1304 = LINE('',#1305,#1306);
#1305 = CARTESIAN_POINT('',(-74.8,66.9));
#1306 = VECTOR('',#1307,1.);
#1307 = DIRECTION('',(1.,0.));
#1308 = ( GEOMETRIC_REPRESENTATION_CONTEXT(2) 
PARAMETRIC_REPRESENTATION_CONTEXT() REPRESENTATION_CONTEXT('2D SPACE',''
  ) );
#1309 = PCURVE('',#1310,#1315);
#1310 = PLANE('',#1311);
#1311 = AXIS2_PLACEMENT_3D('',#1312,#1313,#1314);
#1312 = CARTESIAN_POINT('',(-74.8,66.7,0.2));
#1313 = DIRECTION('',(3.978141013962E-18,-0.707106781187,-0.707106781187
    ));
#1314 = DIRECTION('',(1.,2.812970487489E-18,2.812970487489E-18));
#1315 = DEFINITIONAL_REPRESENTATION('',(#1316),#1320);
#1316 = LINE('',#1317,#1318);
#1317 = CARTESIAN_POINT('',(0.,-0.282842712475));
#1318 = VECTOR('',#1319,1.);
#1319 = DIRECTION('',(1.,0.));
#1320 = ( GEOMETRIC_REPRESENTATION_CONTEXT(2) 
PARAMETRIC_REPRESENTATION_CONTEXT() REPRESENTATION_CONTEXT('2D SPACE',''
  ) );
#1321 = ORIENTED_EDGE('',*,*,#1322,.F.);
#1322 = EDGE_CURVE('',#1323,#1295,#1325,.T.);
#1323 = VERTEX_POINT('',#1324);
#1324 = CARTESIAN_POINT('',(-73.76340601176,59.1,2.720046410332E-15));
#1325 = SURFACE_CURVE('',#1326,(#1331,#1338),.PCURVE_S1.);
#1326 = CIRCLE('',#1327,5.15);
#1327 = AXIS2_PLACEMENT_3D('',#1328,#1329,#1330);
#1328 = CARTESIAN_POINT('',(-70.4,63.,0.));
#1329 = DIRECTION('',(0.,0.,1.));
#1330 = DIRECTION('',(-0.676064872561,-0.736842105263,0.));
#1331 = PCURVE('',#293,#1332);
#1332 = DEFINITIONAL_REPRESENTATION('',(#1333),#1337);
#1333 = CIRCLE('',#1334,5.15);
#1334 = AXIS2_PLACEMENT_2D('',#1335,#1336);
#1335 = CARTESIAN_POINT('',(-70.4,63.));
#1336 = DIRECTION('',(-0.676064872561,-0.736842105263));
#1337 = ( GEOMETRIC_REPRESENTATION_CONTEXT(2) 
PARAMETRIC_REPRESENTATION_CONTEXT() REPRESENTATION_CONTEXT('2D SPACE',''
  ) );
#1338 = PCURVE('',#1339,#1344);
#1339 = CONICAL_SURFACE('',#1340,4.75,0.785398163397);
#1340 = AXIS2_PLACEMENT_3D('',#1341,#1342,#1343);
#1341 = CARTESIAN_POINT('',(-70.4,63.,0.4));
#1342 = DIRECTION('',(-0.,-0.,-1.));
#1343 = DIRECTION('',(-0.676064872561,-0.736842105263,0.));
#1344 = DEFINITIONAL_REPRESENTATION('',(#1345),#1349);
#1345 = LINE('',#1346,#1347);
#1346 = CARTESIAN_POINT('',(0.,0.4));
#1347 = VECTOR('',#1348,1.);
#1348 = DIRECTION('',(-1.,-0.));
#1349 = ( GEOMETRIC_REPRESENTATION_CONTEXT(2) 
PARAMETRIC_REPRESENTATION_CONTEXT() REPRESENTATION_CONTEXT('2D SPACE',''
  ) );
#1350 = ORIENTED_EDGE('',*,*,#1351,.F.);
#1351 = EDGE_CURVE('',#1352,#1323,#1354,.T.);
#1352 = VERTEX_POINT('',#1353);
#1353 = CARTESIAN_POINT('',(-74.4,59.1,5.07927033766E-15));
#1354 = SURFACE_CURVE('',#1355,(#1359,#1366),.PCURVE_S1.);
#1355 = LINE('',#1356,#1357);
#1356 = CARTESIAN_POINT('',(-74.8,59.1,0.));
#1357 = VECTOR('',#1358,1.);
#1358 = DIRECTION('',(1.,0.,-0.));
#1359 = PCURVE('',#293,#1360);
#1360 = DEFINITIONAL_REPRESENTATION('',(#1361),#1365);
#1361 = LINE('',#1362,#1363);
#1362 = CARTESIAN_POINT('',(-74.8,59.1));
#1363 = VECTOR('',#1364,1.);
#1364 = DIRECTION('',(1.,0.));
#1365 = ( GEOMETRIC_REPRESENTATION_CONTEXT(2) 
PARAMETRIC_REPRESENTATION_CONTEXT() REPRESENTATION_CONTEXT('2D SPACE',''
  ) );
#1366 = PCURVE('',#1367,#1372);
#1367 = PLANE('',#1368);
#1368 = AXIS2_PLACEMENT_3D('',#1369,#1370,#1371);
#1369 = CARTESIAN_POINT('',(-74.8,59.3,0.2));
#1370 = DIRECTION('',(-5.47005954057E-18,-0.707106781187,0.707106781187)
  );
#1371 = DIRECTION('',(1.,-3.867916194631E-18,3.867916194631E-18));
#1372 = DEFINITIONAL_REPRESENTATION('',(#1373),#1377);
#1373 = LINE('',#1374,#1375);
#1374 = CARTESIAN_POINT('',(0.,-0.282842712475));
#1375 = VECTOR('',#1376,1.);
#1376 = DIRECTION('',(1.,0.));
#1377 = ( GEOMETRIC_REPRESENTATION_CONTEXT(2) 
PARAMETRIC_REPRESENTATION_CONTEXT() REPRESENTATION_CONTEXT('2D SPACE',''
  ) );
#1378 = ORIENTED_EDGE('',*,*,#1379,.F.);
#1379 = EDGE_CURVE('',#1380,#1352,#1382,.T.);
#1380 = VERTEX_POINT('',#1381);
#1381 = CARTESIAN_POINT('',(-74.4,16.9,-3.219646771413E-15));
#1382 = SURFACE_CURVE('',#1383,(#1387,#1394),.PCURVE_S1.);
#1383 = LINE('',#1384,#1385);
#1384 = CARTESIAN_POINT('',(-74.4,16.5,0.));
#1385 = VECTOR('',#1386,1.);
#1386 = DIRECTION('',(-0.,1.,0.));
#1387 = PCURVE('',#293,#1388);
#1388 = DEFINITIONAL_REPRESENTATION('',(#1389),#1393);
#1389 = LINE('',#1390,#1391);
#1390 = CARTESIAN_POINT('',(-74.4,16.5));
#1391 = VECTOR('',#1392,1.);
#1392 = DIRECTION('',(0.,1.));
#1393 = ( GEOMETRIC_REPRESENTATION_CONTEXT(2) 
PARAMETRIC_REPRESENTATION_CONTEXT() REPRESENTATION_CONTEXT('2D SPACE',''
  ) );
#1394 = PCURVE('',#1395,#1400);
#1395 = PLANE('',#1396);
#1396 = AXIS2_PLACEMENT_3D('',#1397,#1398,#1399);
#1397 = CARTESIAN_POINT('',(-74.6,16.5,0.2));
#1398 = DIRECTION('',(0.707106781187,-2.795980032047E-18,0.707106781187)
  );
#1399 = DIRECTION('',(1.977056440722E-18,1.,1.977056440722E-18));
#1400 = DEFINITIONAL_REPRESENTATION('',(#1401),#1405);
#1401 = LINE('',#1402,#1403);
#1402 = CARTESIAN_POINT('',(0.,-0.282842712475));
#1403 = VECTOR('',#1404,1.);
#1404 = DIRECTION('',(1.,0.));
#1405 = ( GEOMETRIC_REPRESENTATION_CONTEXT(2) 
PARAMETRIC_REPRESENTATION_CONTEXT() REPRESENTATION_CONTEXT('2D SPACE',''
  ) );
#1406 = ORIENTED_EDGE('',*,*,#1407,.T.);
#1407 = EDGE_CURVE('',#1380,#1408,#1410,.T.);
#1408 = VERTEX_POINT('',#1409);
#1409 = CARTESIAN_POINT('',(-73.76340601176,16.9,1.304512053935E-15));
#1410 = SURFACE_CURVE('',#1411,(#1415,#1422),.PCURVE_S1.);
#1411 = LINE('',#1412,#1413);
#1412 = CARTESIAN_POINT('',(-74.8,16.9,0.));
#1413 = VECTOR('',#1414,1.);
#1414 = DIRECTION('',(1.,0.,-0.));
#1415 = PCURVE('',#293,#1416);
#1416 = DEFINITIONAL_REPRESENTATION('',(#1417),#1421);
#1417 = LINE('',#1418,#1419);
#1418 = CARTESIAN_POINT('',(-74.8,16.9));
#1419 = VECTOR('',#1420,1.);
#1420 = DIRECTION('',(1.,0.));
#1421 = ( GEOMETRIC_REPRESENTATION_CONTEXT(2) 
PARAMETRIC_REPRESENTATION_CONTEXT() REPRESENTATION_CONTEXT('2D SPACE',''
  ) );
#1422 = PCURVE('',#1423,#1428);
#1423 = PLANE('',#1424);
#1424 = AXIS2_PLACEMENT_3D('',#1425,#1426,#1427);
#1425 = CARTESIAN_POINT('',(-74.8,16.7,0.2));
#1426 = DIRECTION('',(5.47005954057E-18,-0.707106781187,-0.707106781187)
  );
#1427 = DIRECTION('',(1.,3.867916194631E-18,3.867916194631E-18));
#1428 = DEFINITIONAL_REPRESENTATION('',(#1429),#1433);
#1429 = LINE('',#1430,#1431);
#1430 = CARTESIAN_POINT('',(0.,-0.282842712475));
#1431 = VECTOR('',#1432,1.);
#1432 = DIRECTION('',(1.,0.));
#1433 = ( GEOMETRIC_REPRESENTATION_CONTEXT(2) 
PARAMETRIC_REPRESENTATION_CONTEXT() REPRESENTATION_CONTEXT('2D SPACE',''
  ) );
#1434 = ORIENTED_EDGE('',*,*,#1435,.F.);
#1435 = EDGE_CURVE('',#1436,#1408,#1438,.T.);
#1436 = VERTEX_POINT('',#1437);
#1437 = CARTESIAN_POINT('',(-73.76340601176,9.1,2.720046410332E-15));
#1438 = SURFACE_CURVE('',#1439,(#1444,#1451),.PCURVE_S1.);
#1439 = CIRCLE('',#1440,5.15);
#1440 = AXIS2_PLACEMENT_3D('',#1441,#1442,#1443);
#1441 = CARTESIAN_POINT('',(-70.4,13.,0.));
#1442 = DIRECTION('',(0.,0.,1.));
#1443 = DIRECTION('',(-0.676064872561,-0.736842105263,0.));
#1444 = PCURVE('',#293,#1445);
#1445 = DEFINITIONAL_REPRESENTATION('',(#1446),#1450);
#1446 = CIRCLE('',#1447,5.15);
#1447 = AXIS2_PLACEMENT_2D('',#1448,#1449);
#1448 = CARTESIAN_POINT('',(-70.4,13.));
#1449 = DIRECTION('',(-0.676064872561,-0.736842105263));
#1450 = ( GEOMETRIC_REPRESENTATION_CONTEXT(2) 
PARAMETRIC_REPRESENTATION_CONTEXT() REPRESENTATION_CONTEXT('2D SPACE',''
  ) );
#1451 = PCURVE('',#1452,#1457);
#1452 = CONICAL_SURFACE('',#1453,4.75,0.785398163397);
#1453 = AXIS2_PLACEMENT_3D('',#1454,#1455,#1456);
#1454 = CARTESIAN_POINT('',(-70.4,13.,0.4));
#1455 = DIRECTION('',(-0.,-0.,-1.));
#1456 = DIRECTION('',(-0.676064872561,-0.736842105263,0.));
#1457 = DEFINITIONAL_REPRESENTATION('',(#1458),#1462);
#1458 = LINE('',#1459,#1460);
#1459 = CARTESIAN_POINT('',(0.,0.4));
#1460 = VECTOR('',#1461,1.);
#1461 = DIRECTION('',(-1.,-0.));
#1462 = ( GEOMETRIC_REPRESENTATION_CONTEXT(2) 
PARAMETRIC_REPRESENTATION_CONTEXT() REPRESENTATION_CONTEXT('2D SPACE',''
  ) );
#1463 = ORIENTED_EDGE('',*,*,#1464,.F.);
#1464 = EDGE_CURVE('',#1465,#1436,#1467,.T.);
#1465 = VERTEX_POINT('',#1466);
#1466 = CARTESIAN_POINT('',(-74.4,9.1,-1.387778780781E-16));
#1467 = SURFACE_CURVE('',#1468,(#1472,#1479),.PCURVE_S1.);
#1468 = LINE('',#1469,#1470);
#1469 = CARTESIAN_POINT('',(-74.8,9.1,0.));
#1470 = VECTOR('',#1471,1.);
#1471 = DIRECTION('',(1.,0.,-0.));
#1472 = PCURVE('',#293,#1473);
#1473 = DEFINITIONAL_REPRESENTATION('',(#1474),#1478);
#1474 = LINE('',#1475,#1476);
#1475 = CARTESIAN_POINT('',(-74.8,9.1));
#1476 = VECTOR('',#1477,1.);
#1477 = DIRECTION('',(1.,0.));
#1478 = ( GEOMETRIC_REPRESENTATION_CONTEXT(2) 
PARAMETRIC_REPRESENTATION_CONTEXT() REPRESENTATION_CONTEXT('2D SPACE',''
  ) );
#1479 = PCURVE('',#1480,#1485);
#1480 = PLANE('',#1481);
#1481 = AXIS2_PLACEMENT_3D('',#1482,#1483,#1484);
#1482 = CARTESIAN_POINT('',(-74.8,9.3,0.2));
#1483 = DIRECTION('',(2.068430171249E-18,-0.707106781187,0.707106781187)
  );
#1484 = DIRECTION('',(1.,1.462601000501E-18,-1.462601000501E-18));
#1485 = DEFINITIONAL_REPRESENTATION('',(#1486),#1490);
#1486 = LINE('',#1487,#1488);
#1487 = CARTESIAN_POINT('',(0.,-0.282842712475));
#1488 = VECTOR('',#1489,1.);
#1489 = DIRECTION('',(1.,0.));
#1490 = ( GEOMETRIC_REPRESENTATION_CONTEXT(2) 
PARAMETRIC_REPRESENTATION_CONTEXT() REPRESENTATION_CONTEXT('2D SPACE',''
  ) );
#1491 = ORIENTED_EDGE('',*,*,#1492,.F.);
#1492 = EDGE_CURVE('',#1493,#1465,#1495,.T.);
#1493 = VERTEX_POINT('',#1494);
#1494 = CARTESIAN_POINT('',(-74.4,-33.1,-3.219646771413E-15));
#1495 = SURFACE_CURVE('',#1496,(#1500,#1507),.PCURVE_S1.);
#1496 = LINE('',#1497,#1498);
#1497 = CARTESIAN_POINT('',(-74.4,-33.5,0.));
#1498 = VECTOR('',#1499,1.);
#1499 = DIRECTION('',(-0.,1.,0.));
#1500 = PCURVE('',#293,#1501);
#1501 = DEFINITIONAL_REPRESENTATION('',(#1502),#1506);
#1502 = LINE('',#1503,#1504);
#1503 = CARTESIAN_POINT('',(-74.4,-33.5));
#1504 = VECTOR('',#1505,1.);
#1505 = DIRECTION('',(0.,1.));
#1506 = ( GEOMETRIC_REPRESENTATION_CONTEXT(2) 
PARAMETRIC_REPRESENTATION_CONTEXT() REPRESENTATION_CONTEXT('2D SPACE',''
  ) );
#1507 = PCURVE('',#1508,#1513);
#1508 = PLANE('',#1509);
#1509 = AXIS2_PLACEMENT_3D('',#1510,#1511,#1512);
#1510 = CARTESIAN_POINT('',(-74.6,-33.5,0.2));
#1511 = DIRECTION('',(0.707106781187,-2.795980032047E-18,0.707106781187)
  );
#1512 = DIRECTION('',(1.977056440722E-18,1.,1.977056440722E-18));
#1513 = DEFINITIONAL_REPRESENTATION('',(#1514),#1518);
#1514 = LINE('',#1515,#1516);
#1515 = CARTESIAN_POINT('',(0.,-0.282842712475));
#1516 = VECTOR('',#1517,1.);
#1517 = DIRECTION('',(1.,0.));
#1518 = ( GEOMETRIC_REPRESENTATION_CONTEXT(2) 
PARAMETRIC_REPRESENTATION_CONTEXT() REPRESENTATION_CONTEXT('2D SPACE',''
  ) );
#1519 = ORIENTED_EDGE('',*,*,#1520,.T.);
#1520 = EDGE_CURVE('',#1493,#1521,#1523,.T.);
#1521 = VERTEX_POINT('',#1522);
#1522 = CARTESIAN_POINT('',(-73.76340601176,-33.1,2.553512956638E-15));
#1523 = SURFACE_CURVE('',#1524,(#1528,#1535),.PCURVE_S1.);
#1524 = LINE('',#1525,#1526);
#1525 = CARTESIAN_POINT('',(-74.8,-33.1,0.));
#1526 = VECTOR('',#1527,1.);
#1527 = DIRECTION('',(1.,0.,-0.));
#1528 = PCURVE('',#293,#1529);
#1529 = DEFINITIONAL_REPRESENTATION('',(#1530),#1534);
#1530 = LINE('',#1531,#1532);
#1531 = CARTESIAN_POINT('',(-74.8,-33.1));
#1532 = VECTOR('',#1533,1.);
#1533 = DIRECTION('',(1.,0.));
#1534 = ( GEOMETRIC_REPRESENTATION_CONTEXT(2) 
PARAMETRIC_REPRESENTATION_CONTEXT() REPRESENTATION_CONTEXT('2D SPACE',''
  ) );
#1535 = PCURVE('',#1536,#1541);
#1536 = PLANE('',#1537);
#1537 = AXIS2_PLACEMENT_3D('',#1538,#1539,#1540);
#1538 = CARTESIAN_POINT('',(-74.8,-33.3,0.2));
#1539 = DIRECTION('',(5.47005954057E-18,-0.707106781187,-0.707106781187)
  );
#1540 = DIRECTION('',(1.,3.867916194631E-18,3.867916194631E-18));
#1541 = DEFINITIONAL_REPRESENTATION('',(#1542),#1546);
#1542 = LINE('',#1543,#1544);
#1543 = CARTESIAN_POINT('',(0.,-0.282842712475));
#1544 = VECTOR('',#1545,1.);
#1545 = DIRECTION('',(1.,0.));
#1546 = ( GEOMETRIC_REPRESENTATION_CONTEXT(2) 
PARAMETRIC_REPRESENTATION_CONTEXT() REPRESENTATION_CONTEXT('2D SPACE',''
  ) );
#1547 = ORIENTED_EDGE('',*,*,#1548,.F.);
#1548 = EDGE_CURVE('',#1549,#1521,#1551,.T.);
#1549 = VERTEX_POINT('',#1550);
#1550 = CARTESIAN_POINT('',(-73.76340601176,-40.9,2.720046410332E-15));
#1551 = SURFACE_CURVE('',#1552,(#1557,#1564),.PCURVE_S1.);
#1552 = CIRCLE('',#1553,5.15);
#1553 = AXIS2_PLACEMENT_3D('',#1554,#1555,#1556);
#1554 = CARTESIAN_POINT('',(-70.4,-37.,0.));
#1555 = DIRECTION('',(0.,0.,1.));
#1556 = DIRECTION('',(-0.676064872561,-0.736842105263,0.));
#1557 = PCURVE('',#293,#1558);
#1558 = DEFINITIONAL_REPRESENTATION('',(#1559),#1563);
#1559 = CIRCLE('',#1560,5.15);
#1560 = AXIS2_PLACEMENT_2D('',#1561,#1562);
#1561 = CARTESIAN_POINT('',(-70.4,-37.));
#1562 = DIRECTION('',(-0.676064872561,-0.736842105263));
#1563 = ( GEOMETRIC_REPRESENTATION_CONTEXT(2) 
PARAMETRIC_REPRESENTATION_CONTEXT() REPRESENTATION_CONTEXT('2D SPACE',''
  ) );
#1564 = PCURVE('',#1565,#1570);
#1565 = CONICAL_SURFACE('',#1566,4.75,0.785398163397);
#1566 = AXIS2_PLACEMENT_3D('',#1567,#1568,#1569);
#1567 = CARTESIAN_POINT('',(-70.4,-37.,0.4));
#1568 = DIRECTION('',(-0.,-0.,-1.));
#1569 = DIRECTION('',(-0.676064872561,-0.736842105263,0.));
#1570 = DEFINITIONAL_REPRESENTATION('',(#1571),#1575);
#1571 = LINE('',#1572,#1573);
#1572 = CARTESIAN_POINT('',(0.,0.4));
#1573 = VECTOR('',#1574,1.);
#1574 = DIRECTION('',(-1.,-0.));
#1575 = ( GEOMETRIC_REPRESENTATION_CONTEXT(2) 
PARAMETRIC_REPRESENTATION_CONTEXT() REPRESENTATION_CONTEXT('2D SPACE',''
  ) );
#1576 = ORIENTED_EDGE('',*,*,#1577,.F.);
#1577 = EDGE_CURVE('',#252,#1549,#1578,.T.);
#1578 = SURFACE_CURVE('',#1579,(#1583,#1590),.PCURVE_S1.);
#1579 = LINE('',#1580,#1581);
#1580 = CARTESIAN_POINT('',(-74.8,-40.9,0.));
#1581 = VECTOR('',#1582,1.);
#1582 = DIRECTION('',(1.,0.,-0.));
#1583 = PCURVE('',#293,#1584);
#1584 = DEFINITIONAL_REPRESENTATION('',(#1585),#1589);
#1585 = LINE('',#1586,#1587);
#1586 = CARTESIAN_POINT('',(-74.8,-40.9));
#1587 = VECTOR('',#1588,1.);
#1588 = DIRECTION('',(1.,0.));
#1589 = ( GEOMETRIC_REPRESENTATION_CONTEXT(2) 
PARAMETRIC_REPRESENTATION_CONTEXT() REPRESENTATION_CONTEXT('2D SPACE',''
  ) );
#1590 = PCURVE('',#267,#1591);
#1591 = DEFINITIONAL_REPRESENTATION('',(#1592),#1596);
#1592 = LINE('',#1593,#1594);
#1593 = CARTESIAN_POINT('',(0.,-0.282842712475));
#1594 = VECTOR('',#1595,1.);
#1595 = DIRECTION('',(1.,0.));
#1596 = ( GEOMETRIC_REPRESENTATION_CONTEXT(2) 
PARAMETRIC_REPRESENTATION_CONTEXT() REPRESENTATION_CONTEXT('2D SPACE',''
  ) );
#1597 = ADVANCED_FACE('',(#1598),#267,.F.);
#1598 = FACE_BOUND('',#1599,.F.);
#1599 = EDGE_LOOP('',(#1600,#1601,#1602,#1627));
#1600 = ORIENTED_EDGE('',*,*,#251,.T.);
#1601 = ORIENTED_EDGE('',*,*,#1577,.T.);
#1602 = ORIENTED_EDGE('',*,*,#1603,.T.);
#1603 = EDGE_CURVE('',#1549,#436,#1604,.T.);
#1604 = SURFACE_CURVE('',#1605,(#1610,#1617),.PCURVE_S1.);
#1605 = PARABOLA('',#1606,0.441941738242);
#1606 = AXIS2_PLACEMENT_3D('',#1607,#1608,#1609);
#1607 = CARTESIAN_POINT('',(-70.4,-36.375,4.525));
#1608 = DIRECTION('',(-5.47005954057E-18,-0.707106781187,0.707106781187)
  );
#1609 = DIRECTION('',(-5.47005954057E-18,-0.707106781187,-0.707106781187
    ));
#1610 = PCURVE('',#267,#1611);
#1611 = DEFINITIONAL_REPRESENTATION('',(#1612),#1616);
#1612 = B_SPLINE_CURVE_WITH_KNOTS('',2,(#1613,#1614,#1615),
  .UNSPECIFIED.,.F.,.F.,(3,3),(-3.363406011768,-3.211308144666),
  .PIECEWISE_BEZIER_KNOTS.);
#1613 = CARTESIAN_POINT('',(1.036593988232,-0.282842712475));
#1614 = CARTESIAN_POINT('',(1.112642921783,6.543215760722E-03));
#1615 = CARTESIAN_POINT('',(1.188691855334,0.282842712474));
#1616 = ( GEOMETRIC_REPRESENTATION_CONTEXT(2) 
PARAMETRIC_REPRESENTATION_CONTEXT() REPRESENTATION_CONTEXT('2D SPACE',''
  ) );
#1617 = PCURVE('',#1565,#1618);
#1618 = DEFINITIONAL_REPRESENTATION('',(#1619),#1626);
#1619 = B_SPLINE_CURVE_WITH_KNOTS('',5,(#1620,#1621,#1622,#1623,#1624,
    #1625),.UNSPECIFIED.,.F.,.F.,(6,6),(-3.363406011768,-3.211308144666)
  ,.PIECEWISE_BEZIER_KNOTS.);
#1620 = CARTESIAN_POINT('',(-3.075316502711E-02,0.4));
#1621 = CARTESIAN_POINT('',(-2.484645174159E-02,0.318149299106));
#1622 = CARTESIAN_POINT('',(-1.882239174191E-02,0.23722394866));
#1623 = CARTESIAN_POINT('',(-1.267653686241E-02,0.157223948658));
#1624 = CARTESIAN_POINT('',(-6.404120720083E-03,7.814929910604E-02));
#1625 = CARTESIAN_POINT('',(7.105427357601E-15,1.983413433493E-13));
#1626 = ( GEOMETRIC_REPRESENTATION_CONTEXT(2) 
PARAMETRIC_REPRESENTATION_CONTEXT() REPRESENTATION_CONTEXT('2D SPACE',''
  ) );
#1627 = ORIENTED_EDGE('',*,*,#463,.F.);
#1628 = ADVANCED_FACE('',(#1629,#1790,#1821,#1852,#1883),#358,.T.);
#1629 = FACE_BOUND('',#1630,.T.);
#1630 = EDGE_LOOP('',(#1631,#1632,#1633,#1656,#1684,#1712,#1740,#1769));
#1631 = ORIENTED_EDGE('',*,*,#342,.F.);
#1632 = ORIENTED_EDGE('',*,*,#543,.T.);
#1633 = ORIENTED_EDGE('',*,*,#1634,.T.);
#1634 = EDGE_CURVE('',#544,#1635,#1637,.T.);
#1635 = VERTEX_POINT('',#1636);
#1636 = CARTESIAN_POINT('',(-25.5,-25.5,4.));
#1637 = SURFACE_CURVE('',#1638,(#1642,#1649),.PCURVE_S1.);
#1638 = LINE('',#1639,#1640);
#1639 = CARTESIAN_POINT('',(-25.5,-75.8,4.));
#1640 = VECTOR('',#1641,1.);
#1641 = DIRECTION('',(0.,1.,0.));
#1642 = PCURVE('',#358,#1643);
#1643 = DEFINITIONAL_REPRESENTATION('',(#1644),#1648);
#1644 = LINE('',#1645,#1646);
#1645 = CARTESIAN_POINT('',(-25.5,-75.8));
#1646 = VECTOR('',#1647,1.);
#1647 = DIRECTION('',(0.,1.));
#1648 = ( GEOMETRIC_REPRESENTATION_CONTEXT(2) 
PARAMETRIC_REPRESENTATION_CONTEXT() REPRESENTATION_CONTEXT('2D SPACE',''
  ) );
#1649 = PCURVE('',#588,#1650);
#1650 = DEFINITIONAL_REPRESENTATION('',(#1651),#1655);
#1651 = LINE('',#1652,#1653);
#1652 = CARTESIAN_POINT('',(0.,0.));
#1653 = VECTOR('',#1654,1.);
#1654 = DIRECTION('',(0.,1.));
#1655 = ( GEOMETRIC_REPRESENTATION_CONTEXT(2) 
PARAMETRIC_REPRESENTATION_CONTEXT() REPRESENTATION_CONTEXT('2D SPACE',''
  ) );
#1656 = ORIENTED_EDGE('',*,*,#1657,.F.);
#1657 = EDGE_CURVE('',#1658,#1635,#1660,.T.);
#1658 = VERTEX_POINT('',#1659);
#1659 = CARTESIAN_POINT('',(-74.,-25.5,4.));
#1660 = SURFACE_CURVE('',#1661,(#1665,#1672),.PCURVE_S1.);
#1661 = LINE('',#1662,#1663);
#1662 = CARTESIAN_POINT('',(-75.8,-25.5,4.));
#1663 = VECTOR('',#1664,1.);
#1664 = DIRECTION('',(1.,0.,0.));
#1665 = PCURVE('',#358,#1666);
#1666 = DEFINITIONAL_REPRESENTATION('',(#1667),#1671);
#1667 = LINE('',#1668,#1669);
#1668 = CARTESIAN_POINT('',(-75.8,-25.5));
#1669 = VECTOR('',#1670,1.);
#1670 = DIRECTION('',(1.,0.));
#1671 = ( GEOMETRIC_REPRESENTATION_CONTEXT(2) 
PARAMETRIC_REPRESENTATION_CONTEXT() REPRESENTATION_CONTEXT('2D SPACE',''
  ) );
#1672 = PCURVE('',#1673,#1678);
#1673 = PLANE('',#1674);
#1674 = AXIS2_PLACEMENT_3D('',#1675,#1676,#1677);
#1675 = CARTESIAN_POINT('',(-75.8,-25.,3.5));
#1676 = DIRECTION('',(0.,0.707106781187,0.707106781187));
#1677 = DIRECTION('',(0.,-0.707106781187,0.707106781187));
#1678 = DEFINITIONAL_REPRESENTATION('',(#1679),#1683);
#1679 = LINE('',#1680,#1681);
#1680 = CARTESIAN_POINT('',(0.707106781187,0.));
#1681 = VECTOR('',#1682,1.);
#1682 = DIRECTION('',(0.,1.));
#1683 = ( GEOMETRIC_REPRESENTATION_CONTEXT(2) 
PARAMETRIC_REPRESENTATION_CONTEXT() REPRESENTATION_CONTEXT('2D SPACE',''
  ) );
#1684 = ORIENTED_EDGE('',*,*,#1685,.F.);
#1685 = EDGE_CURVE('',#1686,#1658,#1688,.T.);
#1686 = VERTEX_POINT('',#1687);
#1687 = CARTESIAN_POINT('',(-74.,-32.7,4.));
#1688 = SURFACE_CURVE('',#1689,(#1693,#1700),.PCURVE_S1.);
#1689 = LINE('',#1690,#1691);
#1690 = CARTESIAN_POINT('',(-74.,-33.5,4.));
#1691 = VECTOR('',#1692,1.);
#1692 = DIRECTION('',(-0.,1.,0.));
#1693 = PCURVE('',#358,#1694);
#1694 = DEFINITIONAL_REPRESENTATION('',(#1695),#1699);
#1695 = LINE('',#1696,#1697);
#1696 = CARTESIAN_POINT('',(-74.,-33.5));
#1697 = VECTOR('',#1698,1.);
#1698 = DIRECTION('',(0.,1.));
#1699 = ( GEOMETRIC_REPRESENTATION_CONTEXT(2) 
PARAMETRIC_REPRESENTATION_CONTEXT() REPRESENTATION_CONTEXT('2D SPACE',''
  ) );
#1700 = PCURVE('',#1701,#1706);
#1701 = CYLINDRICAL_SURFACE('',#1702,0.8);
#1702 = AXIS2_PLACEMENT_3D('',#1703,#1704,#1705);
#1703 = CARTESIAN_POINT('',(-74.,-33.5,3.2));
#1704 = DIRECTION('',(-0.,1.,0.));
#1705 = DIRECTION('',(-1.,-0.,0.));
#1706 = DEFINITIONAL_REPRESENTATION('',(#1707),#1711);
#1707 = LINE('',#1708,#1709);
#1708 = CARTESIAN_POINT('',(1.570796326795,0.));
#1709 = VECTOR('',#1710,1.);
#1710 = DIRECTION('',(0.,1.));
#1711 = ( GEOMETRIC_REPRESENTATION_CONTEXT(2) 
PARAMETRIC_REPRESENTATION_CONTEXT() REPRESENTATION_CONTEXT('2D SPACE',''
  ) );
#1712 = ORIENTED_EDGE('',*,*,#1713,.T.);
#1713 = EDGE_CURVE('',#1686,#1714,#1716,.T.);
#1714 = VERTEX_POINT('',#1715);
#1715 = CARTESIAN_POINT('',(-73.9089172119,-32.7,4.));
#1716 = SURFACE_CURVE('',#1717,(#1721,#1728),.PCURVE_S1.);
#1717 = LINE('',#1718,#1719);
#1718 = CARTESIAN_POINT('',(-74.8,-32.7,4.));
#1719 = VECTOR('',#1720,1.);
#1720 = DIRECTION('',(1.,0.,-0.));
#1721 = PCURVE('',#358,#1722);
#1722 = DEFINITIONAL_REPRESENTATION('',(#1723),#1727);
#1723 = LINE('',#1724,#1725);
#1724 = CARTESIAN_POINT('',(-74.8,-32.7));
#1725 = VECTOR('',#1726,1.);
#1726 = DIRECTION('',(1.,0.));
#1727 = ( GEOMETRIC_REPRESENTATION_CONTEXT(2) 
PARAMETRIC_REPRESENTATION_CONTEXT() REPRESENTATION_CONTEXT('2D SPACE',''
  ) );
#1728 = PCURVE('',#1729,#1734);
#1729 = CYLINDRICAL_SURFACE('',#1730,0.8);
#1730 = AXIS2_PLACEMENT_3D('',#1731,#1732,#1733);
#1731 = CARTESIAN_POINT('',(-74.8,-32.7,3.2));
#1732 = DIRECTION('',(1.,0.,-0.));
#1733 = DIRECTION('',(0.,-1.,-0.));
#1734 = DEFINITIONAL_REPRESENTATION('',(#1735),#1739);
#1735 = LINE('',#1736,#1737);
#1736 = CARTESIAN_POINT('',(-1.570796326795,0.));
#1737 = VECTOR('',#1738,1.);
#1738 = DIRECTION('',(-0.,1.));
#1739 = ( GEOMETRIC_REPRESENTATION_CONTEXT(2) 
PARAMETRIC_REPRESENTATION_CONTEXT() REPRESENTATION_CONTEXT('2D SPACE',''
  ) );
#1740 = ORIENTED_EDGE('',*,*,#1741,.F.);
#1741 = EDGE_CURVE('',#1742,#1714,#1744,.T.);
#1742 = VERTEX_POINT('',#1743);
#1743 = CARTESIAN_POINT('',(-73.9089172119,-41.3,4.));
#1744 = SURFACE_CURVE('',#1745,(#1750,#1757),.PCURVE_S1.);
#1745 = CIRCLE('',#1746,5.55);
#1746 = AXIS2_PLACEMENT_3D('',#1747,#1748,#1749);
#1747 = CARTESIAN_POINT('',(-70.4,-37.,4.));
#1748 = DIRECTION('',(0.,0.,1.));
#1749 = DIRECTION('',(-0.676064872561,-0.736842105263,0.));
#1750 = PCURVE('',#358,#1751);
#1751 = DEFINITIONAL_REPRESENTATION('',(#1752),#1756);
#1752 = CIRCLE('',#1753,5.55);
#1753 = AXIS2_PLACEMENT_2D('',#1754,#1755);
#1754 = CARTESIAN_POINT('',(-70.4,-37.));
#1755 = DIRECTION('',(-0.676064872561,-0.736842105263));
#1756 = ( GEOMETRIC_REPRESENTATION_CONTEXT(2) 
PARAMETRIC_REPRESENTATION_CONTEXT() REPRESENTATION_CONTEXT('2D SPACE',''
  ) );
#1757 = PCURVE('',#1758,#1763);
#1758 = TOROIDAL_SURFACE('',#1759,5.55,0.8);
#1759 = AXIS2_PLACEMENT_3D('',#1760,#1761,#1762);
#1760 = CARTESIAN_POINT('',(-70.4,-37.,3.2));
#1761 = DIRECTION('',(-0.,-0.,-1.));
#1762 = DIRECTION('',(-0.676064872561,-0.736842105263,0.));
#1763 = DEFINITIONAL_REPRESENTATION('',(#1764),#1768);
#1764 = LINE('',#1765,#1766);
#1765 = CARTESIAN_POINT('',(-0.,4.712388980385));
#1766 = VECTOR('',#1767,1.);
#1767 = DIRECTION('',(-1.,0.));
#1768 = ( GEOMETRIC_REPRESENTATION_CONTEXT(2) 
PARAMETRIC_REPRESENTATION_CONTEXT() REPRESENTATION_CONTEXT('2D SPACE',''
  ) );
#1769 = ORIENTED_EDGE('',*,*,#1770,.F.);
#1770 = EDGE_CURVE('',#343,#1742,#1771,.T.);
#1771 = SURFACE_CURVE('',#1772,(#1776,#1783),.PCURVE_S1.);
#1772 = LINE('',#1773,#1774);
#1773 = CARTESIAN_POINT('',(-74.8,-41.3,4.));
#1774 = VECTOR('',#1775,1.);
#1775 = DIRECTION('',(1.,0.,-0.));
#1776 = PCURVE('',#358,#1777);
#1777 = DEFINITIONAL_REPRESENTATION('',(#1778),#1782);
#1778 = LINE('',#1779,#1780);
#1779 = CARTESIAN_POINT('',(-74.8,-41.3));
#1780 = VECTOR('',#1781,1.);
#1781 = DIRECTION('',(1.,0.));
#1782 = ( GEOMETRIC_REPRESENTATION_CONTEXT(2) 
PARAMETRIC_REPRESENTATION_CONTEXT() REPRESENTATION_CONTEXT('2D SPACE',''
  ) );
#1783 = PCURVE('',#390,#1784);
#1784 = DEFINITIONAL_REPRESENTATION('',(#1785),#1789);
#1785 = LINE('',#1786,#1787);
#1786 = CARTESIAN_POINT('',(1.570796326795,0.));
#1787 = VECTOR('',#1788,1.);
#1788 = DIRECTION('',(0.,1.));
#1789 = ( GEOMETRIC_REPRESENTATION_CONTEXT(2) 
PARAMETRIC_REPRESENTATION_CONTEXT() REPRESENTATION_CONTEXT('2D SPACE',''
  ) );
#1790 = FACE_BOUND('',#1791,.T.);
#1791 = EDGE_LOOP('',(#1792));
#1792 = ORIENTED_EDGE('',*,*,#1793,.F.);
#1793 = EDGE_CURVE('',#1794,#1794,#1796,.T.);
#1794 = VERTEX_POINT('',#1795);
#1795 = CARTESIAN_POINT('',(-48.4,-71.5,4.));
#1796 = SURFACE_CURVE('',#1797,(#1802,#1809),.PCURVE_S1.);
#1797 = CIRCLE('',#1798,1.6);
#1798 = AXIS2_PLACEMENT_3D('',#1799,#1800,#1801);
#1799 = CARTESIAN_POINT('',(-50.,-71.5,4.));
#1800 = DIRECTION('',(0.,0.,1.));
#1801 = DIRECTION('',(1.,0.,-0.));
#1802 = PCURVE('',#358,#1803);
#1803 = DEFINITIONAL_REPRESENTATION('',(#1804),#1808);
#1804 = CIRCLE('',#1805,1.6);
#1805 = AXIS2_PLACEMENT_2D('',#1806,#1807);
#1806 = CARTESIAN_POINT('',(-50.,-71.5));
#1807 = DIRECTION('',(1.,0.));
#1808 = ( GEOMETRIC_REPRESENTATION_CONTEXT(2) 
PARAMETRIC_REPRESENTATION_CONTEXT() REPRESENTATION_CONTEXT('2D SPACE',''
  ) );
#1809 = PCURVE('',#1810,#1815);
#1810 = CYLINDRICAL_SURFACE('',#1811,1.6);
#1811 = AXIS2_PLACEMENT_3D('',#1812,#1813,#1814);
#1812 = CARTESIAN_POINT('',(-50.,-71.5,4.));
#1813 = DIRECTION('',(0.,0.,1.));
#1814 = DIRECTION('',(1.,0.,-0.));
#1815 = DEFINITIONAL_REPRESENTATION('',(#1816),#1820);
#1816 = LINE('',#1817,#1818);
#1817 = CARTESIAN_POINT('',(0.,0.));
#1818 = VECTOR('',#1819,1.);
#1819 = DIRECTION('',(1.,0.));
#1820 = ( GEOMETRIC_REPRESENTATION_CONTEXT(2) 
PARAMETRIC_REPRESENTATION_CONTEXT() REPRESENTATION_CONTEXT('2D SPACE',''
  ) );
#1821 = FACE_BOUND('',#1822,.T.);
#1822 = EDGE_LOOP('',(#1823));
#1823 = ORIENTED_EDGE('',*,*,#1824,.F.);
#1824 = EDGE_CURVE('',#1825,#1825,#1827,.T.);
#1825 = VERTEX_POINT('',#1826);
#1826 = CARTESIAN_POINT('',(-69.9,-50.,4.));
#1827 = SURFACE_CURVE('',#1828,(#1833,#1840),.PCURVE_S1.);
#1828 = CIRCLE('',#1829,1.6);
#1829 = AXIS2_PLACEMENT_3D('',#1830,#1831,#1832);
#1830 = CARTESIAN_POINT('',(-71.5,-50.,4.));
#1831 = DIRECTION('',(0.,0.,1.));
#1832 = DIRECTION('',(1.,0.,-0.));
#1833 = PCURVE('',#358,#1834);
#1834 = DEFINITIONAL_REPRESENTATION('',(#1835),#1839);
#1835 = CIRCLE('',#1836,1.6);
#1836 = AXIS2_PLACEMENT_2D('',#1837,#1838);
#1837 = CARTESIAN_POINT('',(-71.5,-50.));
#1838 = DIRECTION('',(1.,0.));
#1839 = ( GEOMETRIC_REPRESENTATION_CONTEXT(2) 
PARAMETRIC_REPRESENTATION_CONTEXT() REPRESENTATION_CONTEXT('2D SPACE',''
  ) );
#1840 = PCURVE('',#1841,#1846);
#1841 = CYLINDRICAL_SURFACE('',#1842,1.6);
#1842 = AXIS2_PLACEMENT_3D('',#1843,#1844,#1845);
#1843 = CARTESIAN_POINT('',(-71.5,-50.,4.));
#1844 = DIRECTION('',(0.,0.,1.));
#1845 = DIRECTION('',(1.,0.,-0.));
#1846 = DEFINITIONAL_REPRESENTATION('',(#1847),#1851);
#1847 = LINE('',#1848,#1849);
#1848 = CARTESIAN_POINT('',(0.,0.));
#1849 = VECTOR('',#1850,1.);
#1850 = DIRECTION('',(1.,0.));
#1851 = ( GEOMETRIC_REPRESENTATION_CONTEXT(2) 
PARAMETRIC_REPRESENTATION_CONTEXT() REPRESENTATION_CONTEXT('2D SPACE',''
  ) );
#1852 = FACE_BOUND('',#1853,.T.);
#1853 = EDGE_LOOP('',(#1854));
#1854 = ORIENTED_EDGE('',*,*,#1855,.F.);
#1855 = EDGE_CURVE('',#1856,#1856,#1858,.T.);
#1856 = VERTEX_POINT('',#1857);
#1857 = CARTESIAN_POINT('',(-26.9,-50.,4.));
#1858 = SURFACE_CURVE('',#1859,(#1864,#1871),.PCURVE_S1.);
#1859 = CIRCLE('',#1860,1.6);
#1860 = AXIS2_PLACEMENT_3D('',#1861,#1862,#1863);
#1861 = CARTESIAN_POINT('',(-28.5,-50.,4.));
#1862 = DIRECTION('',(0.,0.,1.));
#1863 = DIRECTION('',(1.,0.,-0.));
#1864 = PCURVE('',#358,#1865);
#1865 = DEFINITIONAL_REPRESENTATION('',(#1866),#1870);
#1866 = CIRCLE('',#1867,1.6);
#1867 = AXIS2_PLACEMENT_2D('',#1868,#1869);
#1868 = CARTESIAN_POINT('',(-28.5,-50.));
#1869 = DIRECTION('',(1.,0.));
#1870 = ( GEOMETRIC_REPRESENTATION_CONTEXT(2) 
PARAMETRIC_REPRESENTATION_CONTEXT() REPRESENTATION_CONTEXT('2D SPACE',''
  ) );
#1871 = PCURVE('',#1872,#1877);
#1872 = CYLINDRICAL_SURFACE('',#1873,1.6);
#1873 = AXIS2_PLACEMENT_3D('',#1874,#1875,#1876);
#1874 = CARTESIAN_POINT('',(-28.5,-50.,4.));
#1875 = DIRECTION('',(0.,0.,1.));
#1876 = DIRECTION('',(1.,0.,-0.));
#1877 = DEFINITIONAL_REPRESENTATION('',(#1878),#1882);
#1878 = LINE('',#1879,#1880);
#1879 = CARTESIAN_POINT('',(0.,0.));
#1880 = VECTOR('',#1881,1.);
#1881 = DIRECTION('',(1.,0.));
#1882 = ( GEOMETRIC_REPRESENTATION_CONTEXT(2) 
PARAMETRIC_REPRESENTATION_CONTEXT() REPRESENTATION_CONTEXT('2D SPACE',''
  ) );
#1883 = FACE_BOUND('',#1884,.T.);
#1884 = EDGE_LOOP('',(#1885));
#1885 = ORIENTED_EDGE('',*,*,#1886,.F.);
#1886 = EDGE_CURVE('',#1887,#1887,#1889,.T.);
#1887 = VERTEX_POINT('',#1888);
#1888 = CARTESIAN_POINT('',(-48.4,-28.5,4.));
#1889 = SURFACE_CURVE('',#1890,(#1895,#1902),.PCURVE_S1.);
#1890 = CIRCLE('',#1891,1.6);
#1891 = AXIS2_PLACEMENT_3D('',#1892,#1893,#1894);
#1892 = CARTESIAN_POINT('',(-50.,-28.5,4.));
#1893 = DIRECTION('',(0.,0.,1.));
#1894 = DIRECTION('',(1.,0.,-0.));
#1895 = PCURVE('',#358,#1896);
#1896 = DEFINITIONAL_REPRESENTATION('',(#1897),#1901);
#1897 = CIRCLE('',#1898,1.6);
#1898 = AXIS2_PLACEMENT_2D('',#1899,#1900);
#1899 = CARTESIAN_POINT('',(-50.,-28.5));
#1900 = DIRECTION('',(1.,0.));
#1901 = ( GEOMETRIC_REPRESENTATION_CONTEXT(2) 
PARAMETRIC_REPRESENTATION_CONTEXT() REPRESENTATION_CONTEXT('2D SPACE',''
  ) );
#1902 = PCURVE('',#1903,#1908);
#1903 = CYLINDRICAL_SURFACE('',#1904,1.6);
#1904 = AXIS2_PLACEMENT_3D('',#1905,#1906,#1907);
#1905 = CARTESIAN_POINT('',(-50.,-28.5,4.));
#1906 = DIRECTION('',(0.,0.,1.));
#1907 = DIRECTION('',(1.,0.,-0.));
#1908 = DEFINITIONAL_REPRESENTATION('',(#1909),#1913);
#1909 = LINE('',#1910,#1911);
#1910 = CARTESIAN_POINT('',(0.,0.));
#1911 = VECTOR('',#1912,1.);
#1912 = DIRECTION('',(1.,0.));
#1913 = ( GEOMETRIC_REPRESENTATION_CONTEXT(2) 
PARAMETRIC_REPRESENTATION_CONTEXT() REPRESENTATION_CONTEXT('2D SPACE',''
  ) );
#1914 = ADVANCED_FACE('',(#1915),#390,.T.);
#1915 = FACE_BOUND('',#1916,.T.);
#1916 = EDGE_LOOP('',(#1917,#1918,#1919,#1997));
#1917 = ORIENTED_EDGE('',*,*,#370,.T.);
#1918 = ORIENTED_EDGE('',*,*,#1770,.T.);
#1919 = ORIENTED_EDGE('',*,*,#1920,.F.);
#1920 = EDGE_CURVE('',#413,#1742,#1921,.T.);
#1921 = SURFACE_CURVE('',#1922,(#1945,#1971),.PCURVE_S1.);
#1922 = B_SPLINE_CURVE_WITH_KNOTS('',6,(#1923,#1924,#1925,#1926,#1927,
    #1928,#1929,#1930,#1931,#1932,#1933,#1934,#1935,#1936,#1937,#1938,
    #1939,#1940,#1941,#1942,#1943,#1944),.UNSPECIFIED.,.F.,.F.,(7,5,5,5,
    7),(0.,0.438656155049,0.691710081781,0.945880623315,1.),
  .UNSPECIFIED.);
#1923 = CARTESIAN_POINT('',(-73.61130814466,-40.5,3.2));
#1924 = CARTESIAN_POINT('',(-73.61130814466,-40.5,3.293405276508));
#1925 = CARTESIAN_POINT('',(-73.61640203258,-40.51308684943,
    3.386838899114));
#1926 = CARTESIAN_POINT('',(-73.62659657626,-40.53927508688,
    3.477756443784));
#1927 = CARTESIAN_POINT('',(-73.64153396803,-40.57781101369,
    3.563769019722));
#1928 = CARTESIAN_POINT('',(-73.66061165348,-40.62743297157,
    3.642861475863));
#1929 = CARTESIAN_POINT('',(-73.69608019596,-40.72059051529,
    3.75416994265));
#1930 = CARTESIAN_POINT('',(-73.71019572796,-40.75782628617,
    3.792070670674));
#1931 = CARTESIAN_POINT('',(-73.72531569669,-40.79791535786,
    3.826855295937));
#1932 = CARTESIAN_POINT('',(-73.74129595218,-40.84052824295,
    3.858279046575));
#1933 = CARTESIAN_POINT('',(-73.75798920605,-40.88531741962,
    3.886144416646));
#1934 = CARTESIAN_POINT('',(-73.79258834757,-40.97874204074,
    3.934556669363));
#1935 = CARTESIAN_POINT('',(-73.81049919805,-41.02739343398,
    3.955070629362));
#1936 = CARTESIAN_POINT('',(-73.82883632875,-41.07752046697,
    3.971683629799));
#1937 = CARTESIAN_POINT('',(-73.84745463472,-41.12875214817,
    3.984282674582));
#1938 = CARTESIAN_POINT('',(-73.86621248988,-41.18071082108,
    3.992795829113));
#1939 = CARTESIAN_POINT('',(-73.88896809345,-41.24415295988,
    3.99812656787));
#1940 = CARTESIAN_POINT('',(-73.89296290583,-41.25530573105,
    3.998875656228));
#1941 = CARTESIAN_POINT('',(-73.89695653113,-41.2664705136,
    3.999437727798));
#1942 = CARTESIAN_POINT('',(-73.90094765751,-41.27764361846,
    3.999812556517));
#1943 = CARTESIAN_POINT('',(-73.90493498227,-41.28882134879,
    4.000000000091));
#1944 = CARTESIAN_POINT('',(-73.9089172119,-41.3,4.));
#1945 = PCURVE('',#390,#1946);
#1946 = DEFINITIONAL_REPRESENTATION('',(#1947),#1970);
#1947 = B_SPLINE_CURVE_WITH_KNOTS('',6,(#1948,#1949,#1950,#1951,#1952,
    #1953,#1954,#1955,#1956,#1957,#1958,#1959,#1960,#1961,#1962,#1963,
    #1964,#1965,#1966,#1967,#1968,#1969),.UNSPECIFIED.,.F.,.F.,(7,5,5,5,
    7),(0.,0.438656155049,0.691710081781,0.945880623315,1.),
  .UNSPECIFIED.);
#1948 = CARTESIAN_POINT('',(0.,1.188691855333));
#1949 = CARTESIAN_POINT('',(0.116756595636,1.188691855333));
#1950 = CARTESIAN_POINT('',(0.233547991854,1.183597967415));
#1951 = CARTESIAN_POINT('',(0.350063040083,1.173403423731));
#1952 = CARTESIAN_POINT('',(0.466173188764,1.158466031963));
#1953 = CARTESIAN_POINT('',(0.581798882242,1.139388346511));
#1954 = CARTESIAN_POINT('',(0.763233713557,1.10391980404));
#1955 = CARTESIAN_POINT('',(0.829437293298,1.089804272036));
#1956 = CARTESIAN_POINT('',(0.895469950026,1.074684303306));
#1957 = CARTESIAN_POINT('',(0.961343796039,1.058704047811));
#1958 = CARTESIAN_POINT('',(1.027078533843,1.042010793942));
#1959 = CARTESIAN_POINT('',(1.158607440151,1.007411652422));
#1960 = CARTESIAN_POINT('',(1.224400514833,0.989500801943));
#1961 = CARTESIAN_POINT('',(1.290103309828,0.971163671244));
#1962 = CARTESIAN_POINT('',(1.355744982122,0.952545365279));
#1963 = CARTESIAN_POINT('',(1.421356310365,0.933787510118));
#1964 = CARTESIAN_POINT('',(1.500938439248,0.911031906541));
#1965 = CARTESIAN_POINT('',(1.514908850315,0.907037094167));
#1966 = CARTESIAN_POINT('',(1.528879557933,0.903043468863));
#1967 = CARTESIAN_POINT('',(1.542850850256,0.899052342488));
#1968 = CARTESIAN_POINT('',(1.55682301247,0.895065017728));
#1969 = CARTESIAN_POINT('',(1.570796326795,0.891082788098));
#1970 = ( GEOMETRIC_REPRESENTATION_CONTEXT(2) 
PARAMETRIC_REPRESENTATION_CONTEXT() REPRESENTATION_CONTEXT('2D SPACE',''
  ) );
#1971 = PCURVE('',#1758,#1972);
#1972 = DEFINITIONAL_REPRESENTATION('',(#1973),#1996);
#1973 = B_SPLINE_CURVE_WITH_KNOTS('',6,(#1974,#1975,#1976,#1977,#1978,
    #1979,#1980,#1981,#1982,#1983,#1984,#1985,#1986,#1987,#1988,#1989,
    #1990,#1991,#1992,#1993,#1994,#1995),.UNSPECIFIED.,.F.,.F.,(7,5,5,5,
    7),(0.,0.438656155049,0.691710081781,0.945880623315,1.),
  .UNSPECIFIED.);
#1974 = CARTESIAN_POINT('',(1.305622276959E-13,3.14159265359));
#1975 = CARTESIAN_POINT('',(1.305622276959E-13,3.258349249225));
#1976 = CARTESIAN_POINT('',(-1.072320489492E-03,3.375140645443));
#1977 = CARTESIAN_POINT('',(-3.218914420082E-03,3.491655693673));
#1978 = CARTESIAN_POINT('',(-6.340479253456E-03,3.607765842354));
#1979 = CARTESIAN_POINT('',(-1.027044580799E-02,3.723391535832));
#1980 = CARTESIAN_POINT('',(-1.745538880449E-02,3.904826367147));
#1981 = CARTESIAN_POINT('',(-2.029304195835E-02,3.971029946888));
#1982 = CARTESIAN_POINT('',(-2.330548628238E-02,4.037062603615));
#1983 = CARTESIAN_POINT('',(-2.645753588819E-02,4.102936449629));
#1984 = CARTESIAN_POINT('',(-2.971491323418E-02,4.168671187432));
#1985 = CARTESIAN_POINT('',(-3.639180046357E-02,4.30020009374));
#1986 = CARTESIAN_POINT('',(-3.981194420614E-02,4.365993168422));
#1987 = CARTESIAN_POINT('',(-4.327425151167E-02,4.431695963418));
#1988 = CARTESIAN_POINT('',(-4.674902399531E-02,4.497337635712));
#1989 = CARTESIAN_POINT('',(-5.020926818906E-02,4.562948963955));
#1990 = CARTESIAN_POINT('',(-5.435946655955E-02,4.642531092837));
#1991 = CARTESIAN_POINT('',(-5.508627012682E-02,4.656501503904));
#1992 = CARTESIAN_POINT('',(-5.581108897991E-02,4.670472211523));
#1993 = CARTESIAN_POINT('',(-5.653369520642E-02,4.684443503846));
#1994 = CARTESIAN_POINT('',(-5.725386630337E-02,4.69841566606));
#1995 = CARTESIAN_POINT('',(-5.797138517716E-02,4.712388980385));
#1996 = ( GEOMETRIC_REPRESENTATION_CONTEXT(2) 
PARAMETRIC_REPRESENTATION_CONTEXT() REPRESENTATION_CONTEXT('2D SPACE',''
  ) );
#1997 = ORIENTED_EDGE('',*,*,#412,.F.);
#1998 = ADVANCED_FACE('',(#1999),#451,.F.);
#1999 = FACE_BOUND('',#2000,.T.);
#2000 = EDGE_LOOP('',(#2001,#2002,#2026,#2054));
#2001 = ORIENTED_EDGE('',*,*,#435,.T.);
#2002 = ORIENTED_EDGE('',*,*,#2003,.T.);
#2003 = EDGE_CURVE('',#413,#2004,#2006,.T.);
#2004 = VERTEX_POINT('',#2005);
#2005 = CARTESIAN_POINT('',(-73.61130814466,-33.5,3.2));
#2006 = SURFACE_CURVE('',#2007,(#2012,#2019),.PCURVE_S1.);
#2007 = CIRCLE('',#2008,4.75);
#2008 = AXIS2_PLACEMENT_3D('',#2009,#2010,#2011);
#2009 = CARTESIAN_POINT('',(-70.4,-37.,3.2));
#2010 = DIRECTION('',(0.,0.,1.));
#2011 = DIRECTION('',(-0.676064872561,-0.736842105263,0.));
#2012 = PCURVE('',#451,#2013);
#2013 = DEFINITIONAL_REPRESENTATION('',(#2014),#2018);
#2014 = LINE('',#2015,#2016);
#2015 = CARTESIAN_POINT('',(-7.479397218527E-16,-3.2));
#2016 = VECTOR('',#2017,1.);
#2017 = DIRECTION('',(-1.,0.));
#2018 = ( GEOMETRIC_REPRESENTATION_CONTEXT(2) 
PARAMETRIC_REPRESENTATION_CONTEXT() REPRESENTATION_CONTEXT('2D SPACE',''
  ) );
#2019 = PCURVE('',#1758,#2020);
#2020 = DEFINITIONAL_REPRESENTATION('',(#2021),#2025);
#2021 = LINE('',#2022,#2023);
#2022 = CARTESIAN_POINT('',(-0.,3.14159265359));
#2023 = VECTOR('',#2024,1.);
#2024 = DIRECTION('',(-1.,0.));
#2025 = ( GEOMETRIC_REPRESENTATION_CONTEXT(2) 
PARAMETRIC_REPRESENTATION_CONTEXT() REPRESENTATION_CONTEXT('2D SPACE',''
  ) );
#2026 = ORIENTED_EDGE('',*,*,#2027,.F.);
#2027 = EDGE_CURVE('',#2028,#2004,#2030,.T.);
#2028 = VERTEX_POINT('',#2029);
#2029 = CARTESIAN_POINT('',(-73.61130814466,-33.5,0.4));
#2030 = SURFACE_CURVE('',#2031,(#2035,#2042),.PCURVE_S1.);
#2031 = LINE('',#2032,#2033);
#2032 = CARTESIAN_POINT('',(-73.61130814466,-33.5,0.));
#2033 = VECTOR('',#2034,1.);
#2034 = DIRECTION('',(0.,0.,1.));
#2035 = PCURVE('',#451,#2036);
#2036 = DEFINITIONAL_REPRESENTATION('',(#2037),#2041);
#2037 = LINE('',#2038,#2039);
#2038 = CARTESIAN_POINT('',(-4.62641051363,0.));
#2039 = VECTOR('',#2040,1.);
#2040 = DIRECTION('',(-0.,-1.));
#2041 = ( GEOMETRIC_REPRESENTATION_CONTEXT(2) 
PARAMETRIC_REPRESENTATION_CONTEXT() REPRESENTATION_CONTEXT('2D SPACE',''
  ) );
#2042 = PCURVE('',#2043,#2048);
#2043 = PLANE('',#2044);
#2044 = AXIS2_PLACEMENT_3D('',#2045,#2046,#2047);
#2045 = CARTESIAN_POINT('',(-74.8,-33.5,0.));
#2046 = DIRECTION('',(-0.,1.,0.));
#2047 = DIRECTION('',(1.,0.,-0.));
#2048 = DEFINITIONAL_REPRESENTATION('',(#2049),#2053);
#2049 = LINE('',#2050,#2051);
#2050 = CARTESIAN_POINT('',(1.188691855334,0.));
#2051 = VECTOR('',#2052,1.);
#2052 = DIRECTION('',(0.,-1.));
#2053 = ( GEOMETRIC_REPRESENTATION_CONTEXT(2) 
PARAMETRIC_REPRESENTATION_CONTEXT() REPRESENTATION_CONTEXT('2D SPACE',''
  ) );
#2054 = ORIENTED_EDGE('',*,*,#2055,.F.);
#2055 = EDGE_CURVE('',#436,#2028,#2056,.T.);
#2056 = SURFACE_CURVE('',#2057,(#2062,#2069),.PCURVE_S1.);
#2057 = CIRCLE('',#2058,4.75);
#2058 = AXIS2_PLACEMENT_3D('',#2059,#2060,#2061);
#2059 = CARTESIAN_POINT('',(-70.4,-37.,0.4));
#2060 = DIRECTION('',(0.,0.,1.));
#2061 = DIRECTION('',(-0.676064872561,-0.736842105263,0.));
#2062 = PCURVE('',#451,#2063);
#2063 = DEFINITIONAL_REPRESENTATION('',(#2064),#2068);
#2064 = LINE('',#2065,#2066);
#2065 = CARTESIAN_POINT('',(-7.479397218527E-16,-0.4));
#2066 = VECTOR('',#2067,1.);
#2067 = DIRECTION('',(-1.,0.));
#2068 = ( GEOMETRIC_REPRESENTATION_CONTEXT(2) 
PARAMETRIC_REPRESENTATION_CONTEXT() REPRESENTATION_CONTEXT('2D SPACE',''
  ) );
#2069 = PCURVE('',#1565,#2070);
#2070 = DEFINITIONAL_REPRESENTATION('',(#2071),#2075);
#2071 = LINE('',#2072,#2073);
#2072 = CARTESIAN_POINT('',(-0.,-0.));
#2073 = VECTOR('',#2074,1.);
#2074 = DIRECTION('',(-1.,-0.));
#2075 = ( GEOMETRIC_REPRESENTATION_CONTEXT(2) 
PARAMETRIC_REPRESENTATION_CONTEXT() REPRESENTATION_CONTEXT('2D SPACE',''
  ) );
#2076 = ADVANCED_FACE('',(#2077),#505,.T.);
#2077 = FACE_BOUND('',#2078,.T.);
#2078 = EDGE_LOOP('',(#2079,#2080,#2081,#2102));
#2079 = ORIENTED_EDGE('',*,*,#489,.T.);
#2080 = ORIENTED_EDGE('',*,*,#876,.T.);
#2081 = ORIENTED_EDGE('',*,*,#2082,.T.);
#2082 = EDGE_CURVE('',#877,#823,#2083,.T.);
#2083 = SURFACE_CURVE('',#2084,(#2088,#2095),.PCURVE_S1.);
#2084 = LINE('',#2085,#2086);
#2085 = CARTESIAN_POINT('',(48.308333333333,48.308333333333,
    -26.09166666666));
#2086 = VECTOR('',#2087,1.);
#2087 = DIRECTION('',(0.57735026919,0.57735026919,0.57735026919));
#2088 = PCURVE('',#505,#2089);
#2089 = DEFINITIONAL_REPRESENTATION('',(#2090),#2094);
#2090 = LINE('',#2091,#2092);
#2091 = CARTESIAN_POINT('',(123.10833333333,-37.18203157739));
#2092 = VECTOR('',#2093,1.);
#2093 = DIRECTION('',(0.57735026919,0.816496580928));
#2094 = ( GEOMETRIC_REPRESENTATION_CONTEXT(2) 
PARAMETRIC_REPRESENTATION_CONTEXT() REPRESENTATION_CONTEXT('2D SPACE',''
  ) );
#2095 = PCURVE('',#915,#2096);
#2096 = DEFINITIONAL_REPRESENTATION('',(#2097),#2101);
#2097 = LINE('',#2098,#2099);
#2098 = CARTESIAN_POINT('',(-17.94166666666,-37.18203157739));
#2099 = VECTOR('',#2100,1.);
#2100 = DIRECTION('',(0.57735026919,0.816496580928));
#2101 = ( GEOMETRIC_REPRESENTATION_CONTEXT(2) 
PARAMETRIC_REPRESENTATION_CONTEXT() REPRESENTATION_CONTEXT('2D SPACE',''
  ) );
#2102 = ORIENTED_EDGE('',*,*,#850,.F.);
#2103 = ADVANCED_FACE('',(#2104),#778,.T.);
#2104 = FACE_BOUND('',#2105,.F.);
#2105 = EDGE_LOOP('',(#2106,#2107,#2108,#2131,#2165,#2199,#2227,#2261,
    #2295,#2323));
#2106 = ORIENTED_EDGE('',*,*,#799,.F.);
#2107 = ORIENTED_EDGE('',*,*,#758,.T.);
#2108 = ORIENTED_EDGE('',*,*,#2109,.T.);
#2109 = EDGE_CURVE('',#731,#2110,#2112,.T.);
#2110 = VERTEX_POINT('',#2111);
#2111 = CARTESIAN_POINT('',(74.,-25.5,4.));
#2112 = SURFACE_CURVE('',#2113,(#2117,#2124),.PCURVE_S1.);
#2113 = LINE('',#2114,#2115);
#2114 = CARTESIAN_POINT('',(74.,-74.8,4.));
#2115 = VECTOR('',#2116,1.);
#2116 = DIRECTION('',(-0.,1.,0.));
#2117 = PCURVE('',#778,#2118);
#2118 = DEFINITIONAL_REPRESENTATION('',(#2119),#2123);
#2119 = LINE('',#2120,#2121);
#2120 = CARTESIAN_POINT('',(-1.570796326795,0.));
#2121 = VECTOR('',#2122,1.);
#2122 = DIRECTION('',(-0.,1.));
#2123 = ( GEOMETRIC_REPRESENTATION_CONTEXT(2) 
PARAMETRIC_REPRESENTATION_CONTEXT() REPRESENTATION_CONTEXT('2D SPACE',''
  ) );
#2124 = PCURVE('',#746,#2125);
#2125 = DEFINITIONAL_REPRESENTATION('',(#2126),#2130);
#2126 = LINE('',#2127,#2128);
#2127 = CARTESIAN_POINT('',(74.,-74.8));
#2128 = VECTOR('',#2129,1.);
#2129 = DIRECTION('',(0.,1.));
#2130 = ( GEOMETRIC_REPRESENTATION_CONTEXT(2) 
PARAMETRIC_REPRESENTATION_CONTEXT() REPRESENTATION_CONTEXT('2D SPACE',''
  ) );
#2131 = ORIENTED_EDGE('',*,*,#2132,.T.);
#2132 = EDGE_CURVE('',#2110,#2133,#2135,.T.);
#2133 = VERTEX_POINT('',#2134);
#2134 = CARTESIAN_POINT('',(74.741619848713,-25.,3.5));
#2135 = SURFACE_CURVE('',#2136,(#2141,#2153),.PCURVE_S1.);
#2136 = ELLIPSE('',#2137,1.131370849898,0.8);
#2137 = AXIS2_PLACEMENT_3D('',#2138,#2139,#2140);
#2138 = CARTESIAN_POINT('',(74.,-24.7,3.2));
#2139 = DIRECTION('',(0.,0.707106781187,0.707106781187));
#2140 = DIRECTION('',(-0.,0.707106781187,-0.707106781187));
#2141 = PCURVE('',#778,#2142);
#2142 = DEFINITIONAL_REPRESENTATION('',(#2143),#2152);
#2143 = B_SPLINE_CURVE_WITH_KNOTS('',7,(#2144,#2145,#2146,#2147,#2148,
    #2149,#2150,#2151),.UNSPECIFIED.,.F.,.F.,(8,8),(3.141592178619,
    4.394565276457),.PIECEWISE_BEZIER_KNOTS.);
#2144 = CARTESIAN_POINT('',(-1.570796801766,49.3));
#2145 = CARTESIAN_POINT('',(-1.391800644932,49.299999931986));
#2146 = CARTESIAN_POINT('',(-1.212804488098,49.329903665121));
#2147 = CARTESIAN_POINT('',(-1.033808331264,49.38970995146));
#2148 = CARTESIAN_POINT('',(-0.85481217443,49.477076440958));
#2149 = CARTESIAN_POINT('',(-0.675816017595,49.587294426914));
#2150 = CARTESIAN_POINT('',(-0.496819860761,49.713974697379));
#2151 = CARTESIAN_POINT('',(-0.317823703927,49.85));
#2152 = ( GEOMETRIC_REPRESENTATION_CONTEXT(2) 
PARAMETRIC_REPRESENTATION_CONTEXT() REPRESENTATION_CONTEXT('2D SPACE',''
  ) );
#2153 = PCURVE('',#2154,#2159);
#2154 = PLANE('',#2155);
#2155 = AXIS2_PLACEMENT_3D('',#2156,#2157,#2158);
#2156 = CARTESIAN_POINT('',(-75.8,-25.,3.5));
#2157 = DIRECTION('',(0.,0.707106781187,0.707106781187));
#2158 = DIRECTION('',(0.,-0.707106781187,0.707106781187));
#2159 = DEFINITIONAL_REPRESENTATION('',(#2160),#2164);
#2160 = ELLIPSE('',#2161,1.131370849898,0.8);
#2161 = AXIS2_PLACEMENT_2D('',#2162,#2163);
#2162 = CARTESIAN_POINT('',(-0.424264068712,149.8));
#2163 = DIRECTION('',(-1.,0.));
#2164 = ( GEOMETRIC_REPRESENTATION_CONTEXT(2) 
PARAMETRIC_REPRESENTATION_CONTEXT() REPRESENTATION_CONTEXT('2D SPACE',''
  ) );
#2165 = ORIENTED_EDGE('',*,*,#2166,.T.);
#2166 = EDGE_CURVE('',#2133,#2167,#2169,.T.);
#2167 = VERTEX_POINT('',#2168);
#2168 = CARTESIAN_POINT('',(74.,-24.5,4.));
#2169 = SURFACE_CURVE('',#2170,(#2175,#2187),.PCURVE_S1.);
#2170 = ELLIPSE('',#2171,1.131370849898,0.8);
#2171 = AXIS2_PLACEMENT_3D('',#2172,#2173,#2174);
#2172 = CARTESIAN_POINT('',(74.,-25.3,3.2));
#2173 = DIRECTION('',(0.,-0.707106781187,0.707106781187));
#2174 = DIRECTION('',(0.,0.707106781187,0.707106781187));
#2175 = PCURVE('',#778,#2176);
#2176 = DEFINITIONAL_REPRESENTATION('',(#2177),#2186);
#2177 = B_SPLINE_CURVE_WITH_KNOTS('',7,(#2178,#2179,#2180,#2181,#2182,
    #2183,#2184,#2185),.UNSPECIFIED.,.F.,.F.,(8,8),(5.030212684312,
    6.28318578215),.PIECEWISE_BEZIER_KNOTS.);
#2178 = CARTESIAN_POINT('',(-0.317823703927,49.75));
#2179 = CARTESIAN_POINT('',(-0.496819860761,49.886025302621));
#2180 = CARTESIAN_POINT('',(-0.675816017595,50.012705573081));
#2181 = CARTESIAN_POINT('',(-0.85481217443,50.12292355905));
#2182 = CARTESIAN_POINT('',(-1.033808331264,50.210290048542));
#2183 = CARTESIAN_POINT('',(-1.212804488098,50.270096334877));
#2184 = CARTESIAN_POINT('',(-1.391800644932,50.300000068014));
#2185 = CARTESIAN_POINT('',(-1.570796801766,50.3));
#2186 = ( GEOMETRIC_REPRESENTATION_CONTEXT(2) 
PARAMETRIC_REPRESENTATION_CONTEXT() REPRESENTATION_CONTEXT('2D SPACE',''
  ) );
#2187 = PCURVE('',#2188,#2193);
#2188 = PLANE('',#2189);
#2189 = AXIS2_PLACEMENT_3D('',#2190,#2191,#2192);
#2190 = CARTESIAN_POINT('',(-75.8,-25.,3.5));
#2191 = DIRECTION('',(0.,-0.707106781187,0.707106781187));
#2192 = DIRECTION('',(1.,0.,0.));
#2193 = DEFINITIONAL_REPRESENTATION('',(#2194),#2198);
#2194 = ELLIPSE('',#2195,1.131370849898,0.8);
#2195 = AXIS2_PLACEMENT_2D('',#2196,#2197);
#2196 = CARTESIAN_POINT('',(149.8,-0.424264068712));
#2197 = DIRECTION('',(0.,1.));
#2198 = ( GEOMETRIC_REPRESENTATION_CONTEXT(2) 
PARAMETRIC_REPRESENTATION_CONTEXT() REPRESENTATION_CONTEXT('2D SPACE',''
  ) );
#2199 = ORIENTED_EDGE('',*,*,#2200,.T.);
#2200 = EDGE_CURVE('',#2167,#2201,#2203,.T.);
#2201 = VERTEX_POINT('',#2202);
#2202 = CARTESIAN_POINT('',(74.,24.5,4.));
#2203 = SURFACE_CURVE('',#2204,(#2208,#2215),.PCURVE_S1.);
#2204 = LINE('',#2205,#2206);
#2205 = CARTESIAN_POINT('',(74.,-74.8,4.));
#2206 = VECTOR('',#2207,1.);
#2207 = DIRECTION('',(-0.,1.,0.));
#2208 = PCURVE('',#778,#2209);
#2209 = DEFINITIONAL_REPRESENTATION('',(#2210),#2214);
#2210 = LINE('',#2211,#2212);
#2211 = CARTESIAN_POINT('',(-1.570796326795,0.));
#2212 = VECTOR('',#2213,1.);
#2213 = DIRECTION('',(-0.,1.));
#2214 = ( GEOMETRIC_REPRESENTATION_CONTEXT(2) 
PARAMETRIC_REPRESENTATION_CONTEXT() REPRESENTATION_CONTEXT('2D SPACE',''
  ) );
#2215 = PCURVE('',#2216,#2221);
#2216 = PLANE('',#2217);
#2217 = AXIS2_PLACEMENT_3D('',#2218,#2219,#2220);
#2218 = CARTESIAN_POINT('',(0.,0.,4.));
#2219 = DIRECTION('',(0.,0.,1.));
#2220 = DIRECTION('',(1.,0.,-0.));
#2221 = DEFINITIONAL_REPRESENTATION('',(#2222),#2226);
#2222 = LINE('',#2223,#2224);
#2223 = CARTESIAN_POINT('',(74.,-74.8));
#2224 = VECTOR('',#2225,1.);
#2225 = DIRECTION('',(0.,1.));
#2226 = ( GEOMETRIC_REPRESENTATION_CONTEXT(2) 
PARAMETRIC_REPRESENTATION_CONTEXT() REPRESENTATION_CONTEXT('2D SPACE',''
  ) );
#2227 = ORIENTED_EDGE('',*,*,#2228,.T.);
#2228 = EDGE_CURVE('',#2201,#2229,#2231,.T.);
#2229 = VERTEX_POINT('',#2230);
#2230 = CARTESIAN_POINT('',(74.741619848713,25.,3.5));
#2231 = SURFACE_CURVE('',#2232,(#2237,#2249),.PCURVE_S1.);
#2232 = ELLIPSE('',#2233,1.131370849898,0.8);
#2233 = AXIS2_PLACEMENT_3D('',#2234,#2235,#2236);
#2234 = CARTESIAN_POINT('',(74.,25.3,3.2));
#2235 = DIRECTION('',(0.,0.707106781187,0.707106781187));
#2236 = DIRECTION('',(-0.,0.707106781187,-0.707106781187));
#2237 = PCURVE('',#778,#2238);
#2238 = DEFINITIONAL_REPRESENTATION('',(#2239),#2248);
#2239 = B_SPLINE_CURVE_WITH_KNOTS('',7,(#2240,#2241,#2242,#2243,#2244,
    #2245,#2246,#2247),.UNSPECIFIED.,.F.,.F.,(8,8),(3.141592178619,
    4.394565276457),.PIECEWISE_BEZIER_KNOTS.);
#2240 = CARTESIAN_POINT('',(-1.570796801766,99.3));
#2241 = CARTESIAN_POINT('',(-1.391800644932,99.299999931986));
#2242 = CARTESIAN_POINT('',(-1.212804488097,99.329903665121));
#2243 = CARTESIAN_POINT('',(-1.033808331264,99.38970995148));
#2244 = CARTESIAN_POINT('',(-0.854812174429,99.477076440946));
#2245 = CARTESIAN_POINT('',(-0.675816017596,99.587294426917));
#2246 = CARTESIAN_POINT('',(-0.496819860761,99.713974697379));
#2247 = CARTESIAN_POINT('',(-0.317823703927,99.85));
#2248 = ( GEOMETRIC_REPRESENTATION_CONTEXT(2) 
PARAMETRIC_REPRESENTATION_CONTEXT() REPRESENTATION_CONTEXT('2D SPACE',''
  ) );
#2249 = PCURVE('',#2250,#2255);
#2250 = PLANE('',#2251);
#2251 = AXIS2_PLACEMENT_3D('',#2252,#2253,#2254);
#2252 = CARTESIAN_POINT('',(-75.8,25.,3.5));
#2253 = DIRECTION('',(0.,0.707106781187,0.707106781187));
#2254 = DIRECTION('',(0.,-0.707106781187,0.707106781187));
#2255 = DEFINITIONAL_REPRESENTATION('',(#2256),#2260);
#2256 = ELLIPSE('',#2257,1.131370849898,0.8);
#2257 = AXIS2_PLACEMENT_2D('',#2258,#2259);
#2258 = CARTESIAN_POINT('',(-0.424264068712,149.8));
#2259 = DIRECTION('',(-1.,0.));
#2260 = ( GEOMETRIC_REPRESENTATION_CONTEXT(2) 
PARAMETRIC_REPRESENTATION_CONTEXT() REPRESENTATION_CONTEXT('2D SPACE',''
  ) );
#2261 = ORIENTED_EDGE('',*,*,#2262,.T.);
#2262 = EDGE_CURVE('',#2229,#2263,#2265,.T.);
#2263 = VERTEX_POINT('',#2264);
#2264 = CARTESIAN_POINT('',(74.,25.5,4.));
#2265 = SURFACE_CURVE('',#2266,(#2271,#2283),.PCURVE_S1.);
#2266 = ELLIPSE('',#2267,1.131370849898,0.8);
#2267 = AXIS2_PLACEMENT_3D('',#2268,#2269,#2270);
#2268 = CARTESIAN_POINT('',(74.,24.7,3.2));
#2269 = DIRECTION('',(0.,-0.707106781187,0.707106781187));
#2270 = DIRECTION('',(0.,0.707106781187,0.707106781187));
#2271 = PCURVE('',#778,#2272);
#2272 = DEFINITIONAL_REPRESENTATION('',(#2273),#2282);
#2273 = B_SPLINE_CURVE_WITH_KNOTS('',7,(#2274,#2275,#2276,#2277,#2278,
    #2279,#2280,#2281),.UNSPECIFIED.,.F.,.F.,(8,8),(5.030212684312,
    6.28318578215),.PIECEWISE_BEZIER_KNOTS.);
#2274 = CARTESIAN_POINT('',(-0.317823703927,99.75));
#2275 = CARTESIAN_POINT('',(-0.496819860761,99.886025302621));
#2276 = CARTESIAN_POINT('',(-0.675816017596,100.01270557307));
#2277 = CARTESIAN_POINT('',(-0.85481217443,100.12292355905));
#2278 = CARTESIAN_POINT('',(-1.033808331264,100.21029004852));
#2279 = CARTESIAN_POINT('',(-1.212804488098,100.27009633488));
#2280 = CARTESIAN_POINT('',(-1.391800644932,100.30000006801));
#2281 = CARTESIAN_POINT('',(-1.570796801766,100.3));
#2282 = ( GEOMETRIC_REPRESENTATION_CONTEXT(2) 
PARAMETRIC_REPRESENTATION_CONTEXT() REPRESENTATION_CONTEXT('2D SPACE',''
  ) );
#2283 = PCURVE('',#2284,#2289);
#2284 = PLANE('',#2285);
#2285 = AXIS2_PLACEMENT_3D('',#2286,#2287,#2288);
#2286 = CARTESIAN_POINT('',(-75.8,25.,3.5));
#2287 = DIRECTION('',(0.,-0.707106781187,0.707106781187));
#2288 = DIRECTION('',(1.,0.,0.));
#2289 = DEFINITIONAL_REPRESENTATION('',(#2290),#2294);
#2290 = ELLIPSE('',#2291,1.131370849898,0.8);
#2291 = AXIS2_PLACEMENT_2D('',#2292,#2293);
#2292 = CARTESIAN_POINT('',(149.8,-0.424264068712));
#2293 = DIRECTION('',(0.,1.));
#2294 = ( GEOMETRIC_REPRESENTATION_CONTEXT(2) 
PARAMETRIC_REPRESENTATION_CONTEXT() REPRESENTATION_CONTEXT('2D SPACE',''
  ) );
#2295 = ORIENTED_EDGE('',*,*,#2296,.T.);
#2296 = EDGE_CURVE('',#2263,#2297,#2299,.T.);
#2297 = VERTEX_POINT('',#2298);
#2298 = CARTESIAN_POINT('',(74.,74.,4.));
#2299 = SURFACE_CURVE('',#2300,(#2304,#2311),.PCURVE_S1.);
#2300 = LINE('',#2301,#2302);
#2301 = CARTESIAN_POINT('',(74.,-74.8,4.));
#2302 = VECTOR('',#2303,1.);
#2303 = DIRECTION('',(-0.,1.,0.));
#2304 = PCURVE('',#778,#2305);
#2305 = DEFINITIONAL_REPRESENTATION('',(#2306),#2310);
#2306 = LINE('',#2307,#2308);
#2307 = CARTESIAN_POINT('',(-1.570796326795,0.));
#2308 = VECTOR('',#2309,1.);
#2309 = DIRECTION('',(-0.,1.));
#2310 = ( GEOMETRIC_REPRESENTATION_CONTEXT(2) 
PARAMETRIC_REPRESENTATION_CONTEXT() REPRESENTATION_CONTEXT('2D SPACE',''
  ) );
#2311 = PCURVE('',#2312,#2317);
#2312 = PLANE('',#2313);
#2313 = AXIS2_PLACEMENT_3D('',#2314,#2315,#2316);
#2314 = CARTESIAN_POINT('',(0.,0.,4.));
#2315 = DIRECTION('',(0.,0.,1.));
#2316 = DIRECTION('',(1.,0.,-0.));
#2317 = DEFINITIONAL_REPRESENTATION('',(#2318),#2322);
#2318 = LINE('',#2319,#2320);
#2319 = CARTESIAN_POINT('',(74.,-74.8));
#2320 = VECTOR('',#2321,1.);
#2321 = DIRECTION('',(0.,1.));
#2322 = ( GEOMETRIC_REPRESENTATION_CONTEXT(2) 
PARAMETRIC_REPRESENTATION_CONTEXT() REPRESENTATION_CONTEXT('2D SPACE',''
  ) );
#2323 = ORIENTED_EDGE('',*,*,#2324,.F.);
#2324 = EDGE_CURVE('',#800,#2297,#2325,.T.);
#2325 = SURFACE_CURVE('',#2326,(#2331,#2343),.PCURVE_S1.);
#2326 = ELLIPSE('',#2327,1.131370849898,0.8);
#2327 = AXIS2_PLACEMENT_3D('',#2328,#2329,#2330);
#2328 = CARTESIAN_POINT('',(74.,74.,3.2));
#2329 = DIRECTION('',(0.707106781187,-0.707106781187,-0.));
#2330 = DIRECTION('',(0.707106781187,0.707106781187,0.));
#2331 = PCURVE('',#778,#2332);
#2332 = DEFINITIONAL_REPRESENTATION('',(#2333),#2342);
#2333 = B_SPLINE_CURVE_WITH_KNOTS('',7,(#2334,#2335,#2336,#2337,#2338,
    #2339,#2340,#2341),.UNSPECIFIED.,.F.,.F.,(8,8),(0.,1.570795483858),
  .PIECEWISE_BEZIER_KNOTS.);
#2334 = CARTESIAN_POINT('',(0.,149.6));
#2335 = CARTESIAN_POINT('',(-0.224399354837,149.6));
#2336 = CARTESIAN_POINT('',(-0.448798709674,149.55300111236));
#2337 = CARTESIAN_POINT('',(-0.673198064511,149.45901015496));
#2338 = CARTESIAN_POINT('',(-0.897597419347,149.32379775091));
#2339 = CARTESIAN_POINT('',(-1.121996774184,149.15903887349));
#2340 = CARTESIAN_POINT('',(-1.346396129021,148.97952015821));
#2341 = CARTESIAN_POINT('',(-1.570795483858,148.80000067435));
#2342 = ( GEOMETRIC_REPRESENTATION_CONTEXT(2) 
PARAMETRIC_REPRESENTATION_CONTEXT() REPRESENTATION_CONTEXT('2D SPACE',''
  ) );
#2343 = PCURVE('',#2344,#2349);
#2344 = CYLINDRICAL_SURFACE('',#2345,0.8);
#2345 = AXIS2_PLACEMENT_3D('',#2346,#2347,#2348);
#2346 = CARTESIAN_POINT('',(66.25,74.,3.2));
#2347 = DIRECTION('',(1.,0.,-0.));
#2348 = DIRECTION('',(0.,1.,0.));
#2349 = DEFINITIONAL_REPRESENTATION('',(#2350),#2359);
#2350 = B_SPLINE_CURVE_WITH_KNOTS('',7,(#2351,#2352,#2353,#2354,#2355,
    #2356,#2357,#2358),.UNSPECIFIED.,.F.,.F.,(8,8),(0.,1.570795483858),
  .PIECEWISE_BEZIER_KNOTS.);
#2351 = CARTESIAN_POINT('',(0.,8.55));
#2352 = CARTESIAN_POINT('',(0.224399354837,8.55));
#2353 = CARTESIAN_POINT('',(0.448798709674,8.503001112357));
#2354 = CARTESIAN_POINT('',(0.67319806451,8.409010155006));
#2355 = CARTESIAN_POINT('',(0.897597419348,8.273797750871));
#2356 = CARTESIAN_POINT('',(1.121996774184,8.109038873519));
#2357 = CARTESIAN_POINT('',(1.346396129021,7.929520158219));
#2358 = CARTESIAN_POINT('',(1.570795483858,7.75000067435));
#2359 = ( GEOMETRIC_REPRESENTATION_CONTEXT(2) 
PARAMETRIC_REPRESENTATION_CONTEXT() REPRESENTATION_CONTEXT('2D SPACE',''
  ) );
#2360 = ADVANCED_FACE('',(#2361,#2409,#2440,#2471,#2502),#746,.T.);
#2361 = FACE_BOUND('',#2362,.T.);
#2362 = EDGE_LOOP('',(#2363,#2386,#2387,#2388));
#2363 = ORIENTED_EDGE('',*,*,#2364,.F.);
#2364 = EDGE_CURVE('',#697,#2365,#2367,.T.);
#2365 = VERTEX_POINT('',#2366);
#2366 = CARTESIAN_POINT('',(25.5,-25.5,4.));
#2367 = SURFACE_CURVE('',#2368,(#2372,#2379),.PCURVE_S1.);
#2368 = LINE('',#2369,#2370);
#2369 = CARTESIAN_POINT('',(25.5,-75.8,4.));
#2370 = VECTOR('',#2371,1.);
#2371 = DIRECTION('',(0.,1.,0.));
#2372 = PCURVE('',#746,#2373);
#2373 = DEFINITIONAL_REPRESENTATION('',(#2374),#2378);
#2374 = LINE('',#2375,#2376);
#2375 = CARTESIAN_POINT('',(25.5,-75.8));
#2376 = VECTOR('',#2377,1.);
#2377 = DIRECTION('',(0.,1.));
#2378 = ( GEOMETRIC_REPRESENTATION_CONTEXT(2) 
PARAMETRIC_REPRESENTATION_CONTEXT() REPRESENTATION_CONTEXT('2D SPACE',''
  ) );
#2379 = PCURVE('',#718,#2380);
#2380 = DEFINITIONAL_REPRESENTATION('',(#2381),#2385);
#2381 = LINE('',#2382,#2383);
#2382 = CARTESIAN_POINT('',(0.707106781187,0.));
#2383 = VECTOR('',#2384,1.);
#2384 = DIRECTION('',(0.,-1.));
#2385 = ( GEOMETRIC_REPRESENTATION_CONTEXT(2) 
PARAMETRIC_REPRESENTATION_CONTEXT() REPRESENTATION_CONTEXT('2D SPACE',''
  ) );
#2386 = ORIENTED_EDGE('',*,*,#730,.T.);
#2387 = ORIENTED_EDGE('',*,*,#2109,.T.);
#2388 = ORIENTED_EDGE('',*,*,#2389,.F.);
#2389 = EDGE_CURVE('',#2365,#2110,#2390,.T.);
#2390 = SURFACE_CURVE('',#2391,(#2395,#2402),.PCURVE_S1.);
#2391 = LINE('',#2392,#2393);
#2392 = CARTESIAN_POINT('',(-75.8,-25.5,4.));
#2393 = VECTOR('',#2394,1.);
#2394 = DIRECTION('',(1.,0.,0.));
#2395 = PCURVE('',#746,#2396);
#2396 = DEFINITIONAL_REPRESENTATION('',(#2397),#2401);
#2397 = LINE('',#2398,#2399);
#2398 = CARTESIAN_POINT('',(-75.8,-25.5));
#2399 = VECTOR('',#2400,1.);
#2400 = DIRECTION('',(1.,0.));
#2401 = ( GEOMETRIC_REPRESENTATION_CONTEXT(2) 
PARAMETRIC_REPRESENTATION_CONTEXT() REPRESENTATION_CONTEXT('2D SPACE',''
  ) );
#2402 = PCURVE('',#2154,#2403);
#2403 = DEFINITIONAL_REPRESENTATION('',(#2404),#2408);
#2404 = LINE('',#2405,#2406);
#2405 = CARTESIAN_POINT('',(0.707106781187,0.));
#2406 = VECTOR('',#2407,1.);
#2407 = DIRECTION('',(0.,1.));
#2408 = ( GEOMETRIC_REPRESENTATION_CONTEXT(2) 
PARAMETRIC_REPRESENTATION_CONTEXT() REPRESENTATION_CONTEXT('2D SPACE',''
  ) );
#2409 = FACE_BOUND('',#2410,.T.);
#2410 = EDGE_LOOP('',(#2411));
#2411 = ORIENTED_EDGE('',*,*,#2412,.F.);
#2412 = EDGE_CURVE('',#2413,#2413,#2415,.T.);
#2413 = VERTEX_POINT('',#2414);
#2414 = CARTESIAN_POINT('',(30.1,-50.,4.));
#2415 = SURFACE_CURVE('',#2416,(#2421,#2428),.PCURVE_S1.);
#2416 = CIRCLE('',#2417,1.6);
#2417 = AXIS2_PLACEMENT_3D('',#2418,#2419,#2420);
#2418 = CARTESIAN_POINT('',(28.5,-50.,4.));
#2419 = DIRECTION('',(0.,0.,1.));
#2420 = DIRECTION('',(1.,0.,-0.));
#2421 = PCURVE('',#746,#2422);
#2422 = DEFINITIONAL_REPRESENTATION('',(#2423),#2427);
#2423 = CIRCLE('',#2424,1.6);
#2424 = AXIS2_PLACEMENT_2D('',#2425,#2426);
#2425 = CARTESIAN_POINT('',(28.5,-50.));
#2426 = DIRECTION('',(1.,0.));
#2427 = ( GEOMETRIC_REPRESENTATION_CONTEXT(2) 
PARAMETRIC_REPRESENTATION_CONTEXT() REPRESENTATION_CONTEXT('2D SPACE',''
  ) );
#2428 = PCURVE('',#2429,#2434);
#2429 = CYLINDRICAL_SURFACE('',#2430,1.6);
#2430 = AXIS2_PLACEMENT_3D('',#2431,#2432,#2433);
#2431 = CARTESIAN_POINT('',(28.5,-50.,4.));
#2432 = DIRECTION('',(0.,0.,1.));
#2433 = DIRECTION('',(1.,0.,-0.));
#2434 = DEFINITIONAL_REPRESENTATION('',(#2435),#2439);
#2435 = LINE('',#2436,#2437);
#2436 = CARTESIAN_POINT('',(0.,0.));
#2437 = VECTOR('',#2438,1.);
#2438 = DIRECTION('',(1.,0.));
#2439 = ( GEOMETRIC_REPRESENTATION_CONTEXT(2) 
PARAMETRIC_REPRESENTATION_CONTEXT() REPRESENTATION_CONTEXT('2D SPACE',''
  ) );
#2440 = FACE_BOUND('',#2441,.T.);
#2441 = EDGE_LOOP('',(#2442));
#2442 = ORIENTED_EDGE('',*,*,#2443,.F.);
#2443 = EDGE_CURVE('',#2444,#2444,#2446,.T.);
#2444 = VERTEX_POINT('',#2445);
#2445 = CARTESIAN_POINT('',(51.6,-71.5,4.));
#2446 = SURFACE_CURVE('',#2447,(#2452,#2459),.PCURVE_S1.);
#2447 = CIRCLE('',#2448,1.6);
#2448 = AXIS2_PLACEMENT_3D('',#2449,#2450,#2451);
#2449 = CARTESIAN_POINT('',(50.,-71.5,4.));
#2450 = DIRECTION('',(0.,0.,1.));
#2451 = DIRECTION('',(1.,0.,-0.));
#2452 = PCURVE('',#746,#2453);
#2453 = DEFINITIONAL_REPRESENTATION('',(#2454),#2458);
#2454 = CIRCLE('',#2455,1.6);
#2455 = AXIS2_PLACEMENT_2D('',#2456,#2457);
#2456 = CARTESIAN_POINT('',(50.,-71.5));
#2457 = DIRECTION('',(1.,0.));
#2458 = ( GEOMETRIC_REPRESENTATION_CONTEXT(2) 
PARAMETRIC_REPRESENTATION_CONTEXT() REPRESENTATION_CONTEXT('2D SPACE',''
  ) );
#2459 = PCURVE('',#2460,#2465);
#2460 = CYLINDRICAL_SURFACE('',#2461,1.6);
#2461 = AXIS2_PLACEMENT_3D('',#2462,#2463,#2464);
#2462 = CARTESIAN_POINT('',(50.,-71.5,4.));
#2463 = DIRECTION('',(0.,0.,1.));
#2464 = DIRECTION('',(1.,0.,-0.));
#2465 = DEFINITIONAL_REPRESENTATION('',(#2466),#2470);
#2466 = LINE('',#2467,#2468);
#2467 = CARTESIAN_POINT('',(0.,0.));
#2468 = VECTOR('',#2469,1.);
#2469 = DIRECTION('',(1.,0.));
#2470 = ( GEOMETRIC_REPRESENTATION_CONTEXT(2) 
PARAMETRIC_REPRESENTATION_CONTEXT() REPRESENTATION_CONTEXT('2D SPACE',''
  ) );
#2471 = FACE_BOUND('',#2472,.T.);
#2472 = EDGE_LOOP('',(#2473));
#2473 = ORIENTED_EDGE('',*,*,#2474,.F.);
#2474 = EDGE_CURVE('',#2475,#2475,#2477,.T.);
#2475 = VERTEX_POINT('',#2476);
#2476 = CARTESIAN_POINT('',(73.1,-50.,4.));
#2477 = SURFACE_CURVE('',#2478,(#2483,#2490),.PCURVE_S1.);
#2478 = CIRCLE('',#2479,1.6);
#2479 = AXIS2_PLACEMENT_3D('',#2480,#2481,#2482);
#2480 = CARTESIAN_POINT('',(71.5,-50.,4.));
#2481 = DIRECTION('',(0.,0.,1.));
#2482 = DIRECTION('',(1.,0.,-0.));
#2483 = PCURVE('',#746,#2484);
#2484 = DEFINITIONAL_REPRESENTATION('',(#2485),#2489);
#2485 = CIRCLE('',#2486,1.6);
#2486 = AXIS2_PLACEMENT_2D('',#2487,#2488);
#2487 = CARTESIAN_POINT('',(71.5,-50.));
#2488 = DIRECTION('',(1.,0.));
#2489 = ( GEOMETRIC_REPRESENTATION_CONTEXT(2) 
PARAMETRIC_REPRESENTATION_CONTEXT() REPRESENTATION_CONTEXT('2D SPACE',''
  ) );
#2490 = PCURVE('',#2491,#2496);
#2491 = CYLINDRICAL_SURFACE('',#2492,1.6);
#2492 = AXIS2_PLACEMENT_3D('',#2493,#2494,#2495);
#2493 = CARTESIAN_POINT('',(71.5,-50.,4.));
#2494 = DIRECTION('',(0.,0.,1.));
#2495 = DIRECTION('',(1.,0.,-0.));
#2496 = DEFINITIONAL_REPRESENTATION('',(#2497),#2501);
#2497 = LINE('',#2498,#2499);
#2498 = CARTESIAN_POINT('',(0.,0.));
#2499 = VECTOR('',#2500,1.);
#2500 = DIRECTION('',(1.,0.));
#2501 = ( GEOMETRIC_REPRESENTATION_CONTEXT(2) 
PARAMETRIC_REPRESENTATION_CONTEXT() REPRESENTATION_CONTEXT('2D SPACE',''
  ) );
#2502 = FACE_BOUND('',#2503,.T.);
#2503 = EDGE_LOOP('',(#2504));
#2504 = ORIENTED_EDGE('',*,*,#2505,.F.);
#2505 = EDGE_CURVE('',#2506,#2506,#2508,.T.);
#2506 = VERTEX_POINT('',#2507);
#2507 = CARTESIAN_POINT('',(51.6,-28.5,4.));
#2508 = SURFACE_CURVE('',#2509,(#2514,#2521),.PCURVE_S1.);
#2509 = CIRCLE('',#2510,1.6);
#2510 = AXIS2_PLACEMENT_3D('',#2511,#2512,#2513);
#2511 = CARTESIAN_POINT('',(50.,-28.5,4.));
#2512 = DIRECTION('',(0.,0.,1.));
#2513 = DIRECTION('',(1.,0.,-0.));
#2514 = PCURVE('',#746,#2515);
#2515 = DEFINITIONAL_REPRESENTATION('',(#2516),#2520);
#2516 = CIRCLE('',#2517,1.6);
#2517 = AXIS2_PLACEMENT_2D('',#2518,#2519);
#2518 = CARTESIAN_POINT('',(50.,-28.5));
#2519 = DIRECTION('',(1.,0.));
#2520 = ( GEOMETRIC_REPRESENTATION_CONTEXT(2) 
PARAMETRIC_REPRESENTATION_CONTEXT() REPRESENTATION_CONTEXT('2D SPACE',''
  ) );
#2521 = PCURVE('',#2522,#2527);
#2522 = CYLINDRICAL_SURFACE('',#2523,1.6);
#2523 = AXIS2_PLACEMENT_3D('',#2524,#2525,#2526);
#2524 = CARTESIAN_POINT('',(50.,-28.5,4.));
#2525 = DIRECTION('',(0.,0.,1.));
#2526 = DIRECTION('',(1.,0.,-0.));
#2527 = DEFINITIONAL_REPRESENTATION('',(#2528),#2532);
#2528 = LINE('',#2529,#2530);
#2529 = CARTESIAN_POINT('',(0.,0.));
#2530 = VECTOR('',#2531,1.);
#2531 = DIRECTION('',(1.,0.));
#2532 = ( GEOMETRIC_REPRESENTATION_CONTEXT(2) 
PARAMETRIC_REPRESENTATION_CONTEXT() REPRESENTATION_CONTEXT('2D SPACE',''
  ) );
#2533 = ADVANCED_FACE('',(#2534),#718,.F.);
#2534 = FACE_BOUND('',#2535,.F.);
#2535 = EDGE_LOOP('',(#2536,#2537,#2538,#2561));
#2536 = ORIENTED_EDGE('',*,*,#2364,.F.);
#2537 = ORIENTED_EDGE('',*,*,#696,.T.);
#2538 = ORIENTED_EDGE('',*,*,#2539,.T.);
#2539 = EDGE_CURVE('',#663,#2540,#2542,.T.);
#2540 = VERTEX_POINT('',#2541);
#2541 = CARTESIAN_POINT('',(25.,-25.,3.5));
#2542 = SURFACE_CURVE('',#2543,(#2547,#2554),.PCURVE_S1.);
#2543 = LINE('',#2544,#2545);
#2544 = CARTESIAN_POINT('',(25.,-75.8,3.5));
#2545 = VECTOR('',#2546,1.);
#2546 = DIRECTION('',(0.,1.,0.));
#2547 = PCURVE('',#718,#2548);
#2548 = DEFINITIONAL_REPRESENTATION('',(#2549),#2553);
#2549 = LINE('',#2550,#2551);
#2550 = CARTESIAN_POINT('',(0.,0.));
#2551 = VECTOR('',#2552,1.);
#2552 = DIRECTION('',(0.,-1.));
#2553 = ( GEOMETRIC_REPRESENTATION_CONTEXT(2) 
PARAMETRIC_REPRESENTATION_CONTEXT() REPRESENTATION_CONTEXT('2D SPACE',''
  ) );
#2554 = PCURVE('',#684,#2555);
#2555 = DEFINITIONAL_REPRESENTATION('',(#2556),#2560);
#2556 = LINE('',#2557,#2558);
#2557 = CARTESIAN_POINT('',(0.707106781187,0.));
#2558 = VECTOR('',#2559,1.);
#2559 = DIRECTION('',(0.,1.));
#2560 = ( GEOMETRIC_REPRESENTATION_CONTEXT(2) 
PARAMETRIC_REPRESENTATION_CONTEXT() REPRESENTATION_CONTEXT('2D SPACE',''
  ) );
#2561 = ORIENTED_EDGE('',*,*,#2562,.T.);
#2562 = EDGE_CURVE('',#2540,#2365,#2563,.T.);
#2563 = SURFACE_CURVE('',#2564,(#2568,#2574),.PCURVE_S1.);
#2564 = LINE('',#2565,#2566);
#2565 = CARTESIAN_POINT('',(16.666666666667,-16.66666666666,
    -4.833333333333));
#2566 = VECTOR('',#2567,1.);
#2567 = DIRECTION('',(0.57735026919,-0.57735026919,0.57735026919));
#2568 = PCURVE('',#718,#2569);
#2569 = DEFINITIONAL_REPRESENTATION('',(#2570),#2573);
#2570 = B_SPLINE_CURVE_WITH_KNOTS('',1,(#2571,#2572),.UNSPECIFIED.,.F.,
  .F.,(2,2),(14.433756729741,15.299782133525),.PIECEWISE_BEZIER_KNOTS.);
#2571 = CARTESIAN_POINT('',(-4.048330611567E-16,-50.8));
#2572 = CARTESIAN_POINT('',(0.707106781187,-50.3));
#2573 = ( GEOMETRIC_REPRESENTATION_CONTEXT(2) 
PARAMETRIC_REPRESENTATION_CONTEXT() REPRESENTATION_CONTEXT('2D SPACE',''
  ) );
#2574 = PCURVE('',#2154,#2575);
#2575 = DEFINITIONAL_REPRESENTATION('',(#2576),#2579);
#2576 = B_SPLINE_CURVE_WITH_KNOTS('',1,(#2577,#2578),.UNSPECIFIED.,.F.,
  .F.,(2,2),(14.433756729741,15.299782133525),.PIECEWISE_BEZIER_KNOTS.);
#2577 = CARTESIAN_POINT('',(-4.048330611567E-16,100.8));
#2578 = CARTESIAN_POINT('',(0.707106781187,101.3));
#2579 = ( GEOMETRIC_REPRESENTATION_CONTEXT(2) 
PARAMETRIC_REPRESENTATION_CONTEXT() REPRESENTATION_CONTEXT('2D SPACE',''
  ) );
#2580 = ADVANCED_FACE('',(#2581),#684,.T.);
#2581 = FACE_BOUND('',#2582,.T.);
#2582 = EDGE_LOOP('',(#2583,#2606,#2607,#2608));
#2583 = ORIENTED_EDGE('',*,*,#2584,.F.);
#2584 = EDGE_CURVE('',#635,#2585,#2587,.T.);
#2585 = VERTEX_POINT('',#2586);
#2586 = CARTESIAN_POINT('',(24.5,-25.5,4.));
#2587 = SURFACE_CURVE('',#2588,(#2592,#2599),.PCURVE_S1.);
#2588 = LINE('',#2589,#2590);
#2589 = CARTESIAN_POINT('',(24.5,-75.8,4.));
#2590 = VECTOR('',#2591,1.);
#2591 = DIRECTION('',(0.,1.,0.));
#2592 = PCURVE('',#684,#2593);
#2593 = DEFINITIONAL_REPRESENTATION('',(#2594),#2598);
#2594 = LINE('',#2595,#2596);
#2595 = CARTESIAN_POINT('',(0.,0.));
#2596 = VECTOR('',#2597,1.);
#2597 = DIRECTION('',(0.,1.));
#2598 = ( GEOMETRIC_REPRESENTATION_CONTEXT(2) 
PARAMETRIC_REPRESENTATION_CONTEXT() REPRESENTATION_CONTEXT('2D SPACE',''
  ) );
#2599 = PCURVE('',#650,#2600);
#2600 = DEFINITIONAL_REPRESENTATION('',(#2601),#2605);
#2601 = LINE('',#2602,#2603);
#2602 = CARTESIAN_POINT('',(24.5,-75.8));
#2603 = VECTOR('',#2604,1.);
#2604 = DIRECTION('',(0.,1.));
#2605 = ( GEOMETRIC_REPRESENTATION_CONTEXT(2) 
PARAMETRIC_REPRESENTATION_CONTEXT() REPRESENTATION_CONTEXT('2D SPACE',''
  ) );
#2606 = ORIENTED_EDGE('',*,*,#662,.T.);
#2607 = ORIENTED_EDGE('',*,*,#2539,.T.);
#2608 = ORIENTED_EDGE('',*,*,#2609,.T.);
#2609 = EDGE_CURVE('',#2540,#2585,#2610,.T.);
#2610 = SURFACE_CURVE('',#2611,(#2615,#2621),.PCURVE_S1.);
#2611 = LINE('',#2612,#2613);
#2612 = CARTESIAN_POINT('',(-0.433333333333,-50.43333333333,
    28.933333333333));
#2613 = VECTOR('',#2614,1.);
#2614 = DIRECTION('',(-0.57735026919,-0.57735026919,0.57735026919));
#2615 = PCURVE('',#684,#2616);
#2616 = DEFINITIONAL_REPRESENTATION('',(#2617),#2620);
#2617 = B_SPLINE_CURVE_WITH_KNOTS('',1,(#2618,#2619),.UNSPECIFIED.,.F.,
  .F.,(2,2),(-44.05182553916,-43.18580013538),.PIECEWISE_BEZIER_KNOTS.);
#2618 = CARTESIAN_POINT('',(0.707106781187,50.8));
#2619 = CARTESIAN_POINT('',(-1.923131866342E-15,50.3));
#2620 = ( GEOMETRIC_REPRESENTATION_CONTEXT(2) 
PARAMETRIC_REPRESENTATION_CONTEXT() REPRESENTATION_CONTEXT('2D SPACE',''
  ) );
#2621 = PCURVE('',#2622,#2627);
#2622 = PLANE('',#2623);
#2623 = AXIS2_PLACEMENT_3D('',#2624,#2625,#2626);
#2624 = CARTESIAN_POINT('',(-75.8,-25.,3.5));
#2625 = DIRECTION('',(0.,0.707106781187,0.707106781187));
#2626 = DIRECTION('',(0.,-0.707106781187,0.707106781187));
#2627 = DEFINITIONAL_REPRESENTATION('',(#2628),#2631);
#2628 = B_SPLINE_CURVE_WITH_KNOTS('',1,(#2629,#2630),.UNSPECIFIED.,.F.,
  .F.,(2,2),(-44.05182553916,-43.18580013538),.PIECEWISE_BEZIER_KNOTS.);
#2629 = CARTESIAN_POINT('',(-8.897264802277E-15,100.8));
#2630 = CARTESIAN_POINT('',(0.707106781187,100.3));
#2631 = ( GEOMETRIC_REPRESENTATION_CONTEXT(2) 
PARAMETRIC_REPRESENTATION_CONTEXT() REPRESENTATION_CONTEXT('2D SPACE',''
  ) );
#2632 = ADVANCED_FACE('',(#2633,#2681,#2712,#2743,#2774),#650,.T.);
#2633 = FACE_BOUND('',#2634,.T.);
#2634 = EDGE_LOOP('',(#2635,#2658,#2659,#2660));
#2635 = ORIENTED_EDGE('',*,*,#2636,.F.);
#2636 = EDGE_CURVE('',#601,#2637,#2639,.T.);
#2637 = VERTEX_POINT('',#2638);
#2638 = CARTESIAN_POINT('',(-24.5,-25.5,4.));
#2639 = SURFACE_CURVE('',#2640,(#2644,#2651),.PCURVE_S1.);
#2640 = LINE('',#2641,#2642);
#2641 = CARTESIAN_POINT('',(-24.5,-75.8,4.));
#2642 = VECTOR('',#2643,1.);
#2643 = DIRECTION('',(0.,1.,0.));
#2644 = PCURVE('',#650,#2645);
#2645 = DEFINITIONAL_REPRESENTATION('',(#2646),#2650);
#2646 = LINE('',#2647,#2648);
#2647 = CARTESIAN_POINT('',(-24.5,-75.8));
#2648 = VECTOR('',#2649,1.);
#2649 = DIRECTION('',(0.,1.));
#2650 = ( GEOMETRIC_REPRESENTATION_CONTEXT(2) 
PARAMETRIC_REPRESENTATION_CONTEXT() REPRESENTATION_CONTEXT('2D SPACE',''
  ) );
#2651 = PCURVE('',#622,#2652);
#2652 = DEFINITIONAL_REPRESENTATION('',(#2653),#2657);
#2653 = LINE('',#2654,#2655);
#2654 = CARTESIAN_POINT('',(0.707106781187,0.));
#2655 = VECTOR('',#2656,1.);
#2656 = DIRECTION('',(0.,-1.));
#2657 = ( GEOMETRIC_REPRESENTATION_CONTEXT(2) 
PARAMETRIC_REPRESENTATION_CONTEXT() REPRESENTATION_CONTEXT('2D SPACE',''
  ) );
#2658 = ORIENTED_EDGE('',*,*,#634,.T.);
#2659 = ORIENTED_EDGE('',*,*,#2584,.T.);
#2660 = ORIENTED_EDGE('',*,*,#2661,.F.);
#2661 = EDGE_CURVE('',#2637,#2585,#2662,.T.);
#2662 = SURFACE_CURVE('',#2663,(#2667,#2674),.PCURVE_S1.);
#2663 = LINE('',#2664,#2665);
#2664 = CARTESIAN_POINT('',(-75.8,-25.5,4.));
#2665 = VECTOR('',#2666,1.);
#2666 = DIRECTION('',(1.,0.,0.));
#2667 = PCURVE('',#650,#2668);
#2668 = DEFINITIONAL_REPRESENTATION('',(#2669),#2673);
#2669 = LINE('',#2670,#2671);
#2670 = CARTESIAN_POINT('',(-75.8,-25.5));
#2671 = VECTOR('',#2672,1.);
#2672 = DIRECTION('',(1.,0.));
#2673 = ( GEOMETRIC_REPRESENTATION_CONTEXT(2) 
PARAMETRIC_REPRESENTATION_CONTEXT() REPRESENTATION_CONTEXT('2D SPACE',''
  ) );
#2674 = PCURVE('',#2622,#2675);
#2675 = DEFINITIONAL_REPRESENTATION('',(#2676),#2680);
#2676 = LINE('',#2677,#2678);
#2677 = CARTESIAN_POINT('',(0.707106781187,0.));
#2678 = VECTOR('',#2679,1.);
#2679 = DIRECTION('',(0.,1.));
#2680 = ( GEOMETRIC_REPRESENTATION_CONTEXT(2) 
PARAMETRIC_REPRESENTATION_CONTEXT() REPRESENTATION_CONTEXT('2D SPACE',''
  ) );
#2681 = FACE_BOUND('',#2682,.T.);
#2682 = EDGE_LOOP('',(#2683));
#2683 = ORIENTED_EDGE('',*,*,#2684,.F.);
#2684 = EDGE_CURVE('',#2685,#2685,#2687,.T.);
#2685 = VERTEX_POINT('',#2686);
#2686 = CARTESIAN_POINT('',(-19.9,-50.,4.));
#2687 = SURFACE_CURVE('',#2688,(#2693,#2700),.PCURVE_S1.);
#2688 = CIRCLE('',#2689,1.6);
#2689 = AXIS2_PLACEMENT_3D('',#2690,#2691,#2692);
#2690 = CARTESIAN_POINT('',(-21.5,-50.,4.));
#2691 = DIRECTION('',(0.,0.,1.));
#2692 = DIRECTION('',(1.,0.,-0.));
#2693 = PCURVE('',#650,#2694);
#2694 = DEFINITIONAL_REPRESENTATION('',(#2695),#2699);
#2695 = CIRCLE('',#2696,1.6);
#2696 = AXIS2_PLACEMENT_2D('',#2697,#2698);
#2697 = CARTESIAN_POINT('',(-21.5,-50.));
#2698 = DIRECTION('',(1.,0.));
#2699 = ( GEOMETRIC_REPRESENTATION_CONTEXT(2) 
PARAMETRIC_REPRESENTATION_CONTEXT() REPRESENTATION_CONTEXT('2D SPACE',''
  ) );
#2700 = PCURVE('',#2701,#2706);
#2701 = CYLINDRICAL_SURFACE('',#2702,1.6);
#2702 = AXIS2_PLACEMENT_3D('',#2703,#2704,#2705);
#2703 = CARTESIAN_POINT('',(-21.5,-50.,4.));
#2704 = DIRECTION('',(0.,0.,1.));
#2705 = DIRECTION('',(1.,0.,-0.));
#2706 = DEFINITIONAL_REPRESENTATION('',(#2707),#2711);
#2707 = LINE('',#2708,#2709);
#2708 = CARTESIAN_POINT('',(0.,0.));
#2709 = VECTOR('',#2710,1.);
#2710 = DIRECTION('',(1.,0.));
#2711 = ( GEOMETRIC_REPRESENTATION_CONTEXT(2) 
PARAMETRIC_REPRESENTATION_CONTEXT() REPRESENTATION_CONTEXT('2D SPACE',''
  ) );
#2712 = FACE_BOUND('',#2713,.T.);
#2713 = EDGE_LOOP('',(#2714));
#2714 = ORIENTED_EDGE('',*,*,#2715,.F.);
#2715 = EDGE_CURVE('',#2716,#2716,#2718,.T.);
#2716 = VERTEX_POINT('',#2717);
#2717 = CARTESIAN_POINT('',(1.6,-71.5,4.));
#2718 = SURFACE_CURVE('',#2719,(#2724,#2731),.PCURVE_S1.);
#2719 = CIRCLE('',#2720,1.6);
#2720 = AXIS2_PLACEMENT_3D('',#2721,#2722,#2723);
#2721 = CARTESIAN_POINT('',(0.,-71.5,4.));
#2722 = DIRECTION('',(0.,0.,1.));
#2723 = DIRECTION('',(1.,0.,-0.));
#2724 = PCURVE('',#650,#2725);
#2725 = DEFINITIONAL_REPRESENTATION('',(#2726),#2730);
#2726 = CIRCLE('',#2727,1.6);
#2727 = AXIS2_PLACEMENT_2D('',#2728,#2729);
#2728 = CARTESIAN_POINT('',(0.,-71.5));
#2729 = DIRECTION('',(1.,0.));
#2730 = ( GEOMETRIC_REPRESENTATION_CONTEXT(2) 
PARAMETRIC_REPRESENTATION_CONTEXT() REPRESENTATION_CONTEXT('2D SPACE',''
  ) );
#2731 = PCURVE('',#2732,#2737);
#2732 = CYLINDRICAL_SURFACE('',#2733,1.6);
#2733 = AXIS2_PLACEMENT_3D('',#2734,#2735,#2736);
#2734 = CARTESIAN_POINT('',(0.,-71.5,4.));
#2735 = DIRECTION('',(0.,0.,1.));
#2736 = DIRECTION('',(1.,0.,-0.));
#2737 = DEFINITIONAL_REPRESENTATION('',(#2738),#2742);
#2738 = LINE('',#2739,#2740);
#2739 = CARTESIAN_POINT('',(0.,0.));
#2740 = VECTOR('',#2741,1.);
#2741 = DIRECTION('',(1.,0.));
#2742 = ( GEOMETRIC_REPRESENTATION_CONTEXT(2) 
PARAMETRIC_REPRESENTATION_CONTEXT() REPRESENTATION_CONTEXT('2D SPACE',''
  ) );
#2743 = FACE_BOUND('',#2744,.T.);
#2744 = EDGE_LOOP('',(#2745));
#2745 = ORIENTED_EDGE('',*,*,#2746,.F.);
#2746 = EDGE_CURVE('',#2747,#2747,#2749,.T.);
#2747 = VERTEX_POINT('',#2748);
#2748 = CARTESIAN_POINT('',(23.1,-50.,4.));
#2749 = SURFACE_CURVE('',#2750,(#2755,#2762),.PCURVE_S1.);
#2750 = CIRCLE('',#2751,1.6);
#2751 = AXIS2_PLACEMENT_3D('',#2752,#2753,#2754);
#2752 = CARTESIAN_POINT('',(21.5,-50.,4.));
#2753 = DIRECTION('',(0.,0.,1.));
#2754 = DIRECTION('',(1.,0.,-0.));
#2755 = PCURVE('',#650,#2756);
#2756 = DEFINITIONAL_REPRESENTATION('',(#2757),#2761);
#2757 = CIRCLE('',#2758,1.6);
#2758 = AXIS2_PLACEMENT_2D('',#2759,#2760);
#2759 = CARTESIAN_POINT('',(21.5,-50.));
#2760 = DIRECTION('',(1.,0.));
#2761 = ( GEOMETRIC_REPRESENTATION_CONTEXT(2) 
PARAMETRIC_REPRESENTATION_CONTEXT() REPRESENTATION_CONTEXT('2D SPACE',''
  ) );
#2762 = PCURVE('',#2763,#2768);
#2763 = CYLINDRICAL_SURFACE('',#2764,1.6);
#2764 = AXIS2_PLACEMENT_3D('',#2765,#2766,#2767);
#2765 = CARTESIAN_POINT('',(21.5,-50.,4.));
#2766 = DIRECTION('',(0.,0.,1.));
#2767 = DIRECTION('',(1.,0.,-0.));
#2768 = DEFINITIONAL_REPRESENTATION('',(#2769),#2773);
#2769 = LINE('',#2770,#2771);
#2770 = CARTESIAN_POINT('',(0.,0.));
#2771 = VECTOR('',#2772,1.);
#2772 = DIRECTION('',(1.,0.));
#2773 = ( GEOMETRIC_REPRESENTATION_CONTEXT(2) 
PARAMETRIC_REPRESENTATION_CONTEXT() REPRESENTATION_CONTEXT('2D SPACE',''
  ) );
#2774 = FACE_BOUND('',#2775,.T.);
#2775 = EDGE_LOOP('',(#2776));
#2776 = ORIENTED_EDGE('',*,*,#2777,.F.);
#2777 = EDGE_CURVE('',#2778,#2778,#2780,.T.);
#2778 = VERTEX_POINT('',#2779);
#2779 = CARTESIAN_POINT('',(1.6,-28.5,4.));
#2780 = SURFACE_CURVE('',#2781,(#2786,#2793),.PCURVE_S1.);
#2781 = CIRCLE('',#2782,1.6);
#2782 = AXIS2_PLACEMENT_3D('',#2783,#2784,#2785);
#2783 = CARTESIAN_POINT('',(0.,-28.5,4.));
#2784 = DIRECTION('',(0.,0.,1.));
#2785 = DIRECTION('',(1.,0.,-0.));
#2786 = PCURVE('',#650,#2787);
#2787 = DEFINITIONAL_REPRESENTATION('',(#2788),#2792);
#2788 = CIRCLE('',#2789,1.6);
#2789 = AXIS2_PLACEMENT_2D('',#2790,#2791);
#2790 = CARTESIAN_POINT('',(0.,-28.5));
#2791 = DIRECTION('',(1.,0.));
#2792 = ( GEOMETRIC_REPRESENTATION_CONTEXT(2) 
PARAMETRIC_REPRESENTATION_CONTEXT() REPRESENTATION_CONTEXT('2D SPACE',''
  ) );
#2793 = PCURVE('',#2794,#2799);
#2794 = CYLINDRICAL_SURFACE('',#2795,1.6);
#2795 = AXIS2_PLACEMENT_3D('',#2796,#2797,#2798);
#2796 = CARTESIAN_POINT('',(0.,-28.5,4.));
#2797 = DIRECTION('',(0.,0.,1.));
#2798 = DIRECTION('',(1.,0.,-0.));
#2799 = DEFINITIONAL_REPRESENTATION('',(#2800),#2804);
#2800 = LINE('',#2801,#2802);
#2801 = CARTESIAN_POINT('',(0.,0.));
#2802 = VECTOR('',#2803,1.);
#2803 = DIRECTION('',(1.,0.));
#2804 = ( GEOMETRIC_REPRESENTATION_CONTEXT(2) 
PARAMETRIC_REPRESENTATION_CONTEXT() REPRESENTATION_CONTEXT('2D SPACE',''
  ) );
#2805 = ADVANCED_FACE('',(#2806),#622,.F.);
#2806 = FACE_BOUND('',#2807,.F.);
#2807 = EDGE_LOOP('',(#2808,#2809,#2810,#2833));
#2808 = ORIENTED_EDGE('',*,*,#2636,.F.);
#2809 = ORIENTED_EDGE('',*,*,#600,.T.);
#2810 = ORIENTED_EDGE('',*,*,#2811,.T.);
#2811 = EDGE_CURVE('',#567,#2812,#2814,.T.);
#2812 = VERTEX_POINT('',#2813);
#2813 = CARTESIAN_POINT('',(-25.,-25.,3.5));
#2814 = SURFACE_CURVE('',#2815,(#2819,#2826),.PCURVE_S1.);
#2815 = LINE('',#2816,#2817);
#2816 = CARTESIAN_POINT('',(-25.,-75.8,3.5));
#2817 = VECTOR('',#2818,1.);
#2818 = DIRECTION('',(0.,1.,0.));
#2819 = PCURVE('',#622,#2820);
#2820 = DEFINITIONAL_REPRESENTATION('',(#2821),#2825);
#2821 = LINE('',#2822,#2823);
#2822 = CARTESIAN_POINT('',(0.,0.));
#2823 = VECTOR('',#2824,1.);
#2824 = DIRECTION('',(0.,-1.));
#2825 = ( GEOMETRIC_REPRESENTATION_CONTEXT(2) 
PARAMETRIC_REPRESENTATION_CONTEXT() REPRESENTATION_CONTEXT('2D SPACE',''
  ) );
#2826 = PCURVE('',#588,#2827);
#2827 = DEFINITIONAL_REPRESENTATION('',(#2828),#2832);
#2828 = LINE('',#2829,#2830);
#2829 = CARTESIAN_POINT('',(0.707106781187,0.));
#2830 = VECTOR('',#2831,1.);
#2831 = DIRECTION('',(0.,1.));
#2832 = ( GEOMETRIC_REPRESENTATION_CONTEXT(2) 
PARAMETRIC_REPRESENTATION_CONTEXT() REPRESENTATION_CONTEXT('2D SPACE',''
  ) );
#2833 = ORIENTED_EDGE('',*,*,#2834,.T.);
#2834 = EDGE_CURVE('',#2812,#2637,#2835,.T.);
#2835 = SURFACE_CURVE('',#2836,(#2840,#2846),.PCURVE_S1.);
#2836 = LINE('',#2837,#2838);
#2837 = CARTESIAN_POINT('',(-25.,-25.,3.5));
#2838 = VECTOR('',#2839,1.);
#2839 = DIRECTION('',(0.57735026919,-0.57735026919,0.57735026919));
#2840 = PCURVE('',#622,#2841);
#2841 = DEFINITIONAL_REPRESENTATION('',(#2842),#2845);
#2842 = B_SPLINE_CURVE_WITH_KNOTS('',1,(#2843,#2844),.UNSPECIFIED.,.F.,
  .F.,(2,2),(2.563950248511E-15,0.866025403784),
  .PIECEWISE_BEZIER_KNOTS.);
#2843 = CARTESIAN_POINT('',(3.977567561999E-15,-50.8));
#2844 = CARTESIAN_POINT('',(0.707106781187,-50.3));
#2845 = ( GEOMETRIC_REPRESENTATION_CONTEXT(2) 
PARAMETRIC_REPRESENTATION_CONTEXT() REPRESENTATION_CONTEXT('2D SPACE',''
  ) );
#2846 = PCURVE('',#2622,#2847);
#2847 = DEFINITIONAL_REPRESENTATION('',(#2848),#2851);
#2848 = B_SPLINE_CURVE_WITH_KNOTS('',1,(#2849,#2850),.UNSPECIFIED.,.F.,
  .F.,(2,2),(2.563950248511E-15,0.866025403784),
  .PIECEWISE_BEZIER_KNOTS.);
#2849 = CARTESIAN_POINT('',(-1.046728305789E-15,50.8));
#2850 = CARTESIAN_POINT('',(0.707106781187,51.3));
#2851 = ( GEOMETRIC_REPRESENTATION_CONTEXT(2) 
PARAMETRIC_REPRESENTATION_CONTEXT() REPRESENTATION_CONTEXT('2D SPACE',''
  ) );
#2852 = ADVANCED_FACE('',(#2853),#588,.T.);
#2853 = FACE_BOUND('',#2854,.T.);
#2854 = EDGE_LOOP('',(#2855,#2856,#2857,#2858));
#2855 = ORIENTED_EDGE('',*,*,#1634,.F.);
#2856 = ORIENTED_EDGE('',*,*,#566,.T.);
#2857 = ORIENTED_EDGE('',*,*,#2811,.T.);
#2858 = ORIENTED_EDGE('',*,*,#2859,.T.);
#2859 = EDGE_CURVE('',#2812,#1635,#2860,.T.);
#2860 = SURFACE_CURVE('',#2861,(#2865,#2871),.PCURVE_S1.);
#2861 = LINE('',#2862,#2863);
#2862 = CARTESIAN_POINT('',(-42.1,-42.1,20.6));
#2863 = VECTOR('',#2864,1.);
#2864 = DIRECTION('',(-0.57735026919,-0.57735026919,0.57735026919));
#2865 = PCURVE('',#588,#2866);
#2866 = DEFINITIONAL_REPRESENTATION('',(#2867),#2870);
#2867 = B_SPLINE_CURVE_WITH_KNOTS('',1,(#2868,#2869),.UNSPECIFIED.,.F.,
  .F.,(2,2),(-29.61806880942,-28.75204340564),.PIECEWISE_BEZIER_KNOTS.);
#2868 = CARTESIAN_POINT('',(0.707106781187,50.8));
#2869 = CARTESIAN_POINT('',(3.310916225412E-15,50.3));
#2870 = ( GEOMETRIC_REPRESENTATION_CONTEXT(2) 
PARAMETRIC_REPRESENTATION_CONTEXT() REPRESENTATION_CONTEXT('2D SPACE',''
  ) );
#2871 = PCURVE('',#1673,#2872);
#2872 = DEFINITIONAL_REPRESENTATION('',(#2873),#2876);
#2873 = B_SPLINE_CURVE_WITH_KNOTS('',1,(#2874,#2875),.UNSPECIFIED.,.F.,
  .F.,(2,2),(-29.61806880942,-28.75204340564),.PIECEWISE_BEZIER_KNOTS.);
#2874 = CARTESIAN_POINT('',(-3.522349034561E-15,50.8));
#2875 = CARTESIAN_POINT('',(0.707106781187,50.3));
#2876 = ( GEOMETRIC_REPRESENTATION_CONTEXT(2) 
PARAMETRIC_REPRESENTATION_CONTEXT() REPRESENTATION_CONTEXT('2D SPACE',''
  ) );
#2877 = ADVANCED_FACE('',(#2878),#838,.T.);
#2878 = FACE_BOUND('',#2879,.T.);
#2879 = EDGE_LOOP('',(#2880,#2910,#2931,#2932));
#2880 = ORIENTED_EDGE('',*,*,#2881,.T.);
#2881 = EDGE_CURVE('',#2882,#2884,#2886,.T.);
#2882 = VERTEX_POINT('',#2883);
#2883 = CARTESIAN_POINT('',(66.25,74.8,0.4));
#2884 = VERTEX_POINT('',#2885);
#2885 = CARTESIAN_POINT('',(66.25,74.8,3.2));
#2886 = SURFACE_CURVE('',#2887,(#2891,#2898),.PCURVE_S1.);
#2887 = LINE('',#2888,#2889);
#2888 = CARTESIAN_POINT('',(66.25,74.8,0.));
#2889 = VECTOR('',#2890,1.);
#2890 = DIRECTION('',(0.,0.,1.));
#2891 = PCURVE('',#838,#2892);
#2892 = DEFINITIONAL_REPRESENTATION('',(#2893),#2897);
#2893 = LINE('',#2894,#2895);
#2894 = CARTESIAN_POINT('',(0.,0.));
#2895 = VECTOR('',#2896,1.);
#2896 = DIRECTION('',(0.,-1.));
#2897 = ( GEOMETRIC_REPRESENTATION_CONTEXT(2) 
PARAMETRIC_REPRESENTATION_CONTEXT() REPRESENTATION_CONTEXT('2D SPACE',''
  ) );
#2898 = PCURVE('',#2899,#2904);
#2899 = PLANE('',#2900);
#2900 = AXIS2_PLACEMENT_3D('',#2901,#2902,#2903);
#2901 = CARTESIAN_POINT('',(66.25,74.8,0.));
#2902 = DIRECTION('',(-1.,2.22044604925E-16,0.));
#2903 = DIRECTION('',(2.22044604925E-16,1.,0.));
#2904 = DEFINITIONAL_REPRESENTATION('',(#2905),#2909);
#2905 = LINE('',#2906,#2907);
#2906 = CARTESIAN_POINT('',(0.,0.));
#2907 = VECTOR('',#2908,1.);
#2908 = DIRECTION('',(0.,-1.));
#2909 = ( GEOMETRIC_REPRESENTATION_CONTEXT(2) 
PARAMETRIC_REPRESENTATION_CONTEXT() REPRESENTATION_CONTEXT('2D SPACE',''
  ) );
#2910 = ORIENTED_EDGE('',*,*,#2911,.T.);
#2911 = EDGE_CURVE('',#2884,#800,#2912,.T.);
#2912 = SURFACE_CURVE('',#2913,(#2917,#2924),.PCURVE_S1.);
#2913 = LINE('',#2914,#2915);
#2914 = CARTESIAN_POINT('',(66.25,74.8,3.2));
#2915 = VECTOR('',#2916,1.);
#2916 = DIRECTION('',(1.,0.,-0.));
#2917 = PCURVE('',#838,#2918);
#2918 = DEFINITIONAL_REPRESENTATION('',(#2919),#2923);
#2919 = LINE('',#2920,#2921);
#2920 = CARTESIAN_POINT('',(0.,-3.2));
#2921 = VECTOR('',#2922,1.);
#2922 = DIRECTION('',(1.,0.));
#2923 = ( GEOMETRIC_REPRESENTATION_CONTEXT(2) 
PARAMETRIC_REPRESENTATION_CONTEXT() REPRESENTATION_CONTEXT('2D SPACE',''
  ) );
#2924 = PCURVE('',#2344,#2925);
#2925 = DEFINITIONAL_REPRESENTATION('',(#2926),#2930);
#2926 = LINE('',#2927,#2928);
#2927 = CARTESIAN_POINT('',(0.,0.));
#2928 = VECTOR('',#2929,1.);
#2929 = DIRECTION('',(0.,1.));
#2930 = ( GEOMETRIC_REPRESENTATION_CONTEXT(2) 
PARAMETRIC_REPRESENTATION_CONTEXT() REPRESENTATION_CONTEXT('2D SPACE',''
  ) );
#2931 = ORIENTED_EDGE('',*,*,#822,.F.);
#2932 = ORIENTED_EDGE('',*,*,#2933,.F.);
#2933 = EDGE_CURVE('',#2882,#823,#2934,.T.);
#2934 = SURFACE_CURVE('',#2935,(#2939,#2946),.PCURVE_S1.);
#2935 = LINE('',#2936,#2937);
#2936 = CARTESIAN_POINT('',(66.25,74.8,0.4));
#2937 = VECTOR('',#2938,1.);
#2938 = DIRECTION('',(1.,0.,-0.));
#2939 = PCURVE('',#838,#2940);
#2940 = DEFINITIONAL_REPRESENTATION('',(#2941),#2945);
#2941 = LINE('',#2942,#2943);
#2942 = CARTESIAN_POINT('',(0.,-0.4));
#2943 = VECTOR('',#2944,1.);
#2944 = DIRECTION('',(1.,0.));
#2945 = ( GEOMETRIC_REPRESENTATION_CONTEXT(2) 
PARAMETRIC_REPRESENTATION_CONTEXT() REPRESENTATION_CONTEXT('2D SPACE',''
  ) );
#2946 = PCURVE('',#915,#2947);
#2947 = DEFINITIONAL_REPRESENTATION('',(#2948),#2952);
#2948 = LINE('',#2949,#2950);
#2949 = CARTESIAN_POINT('',(0.,0.282842712475));
#2950 = VECTOR('',#2951,1.);
#2951 = DIRECTION('',(1.,0.));
#2952 = ( GEOMETRIC_REPRESENTATION_CONTEXT(2) 
PARAMETRIC_REPRESENTATION_CONTEXT() REPRESENTATION_CONTEXT('2D SPACE',''
  ) );
#2953 = ADVANCED_FACE('',(#2954),#1565,.F.);
#2954 = FACE_BOUND('',#2955,.F.);
#2955 = EDGE_LOOP('',(#2956,#2957,#2958,#2983));
#2956 = ORIENTED_EDGE('',*,*,#1603,.F.);
#2957 = ORIENTED_EDGE('',*,*,#1548,.T.);
#2958 = ORIENTED_EDGE('',*,*,#2959,.T.);
#2959 = EDGE_CURVE('',#1521,#2028,#2960,.T.);
#2960 = SURFACE_CURVE('',#2961,(#2966,#2976),.PCURVE_S1.);
#2961 = PARABOLA('',#2962,0.441941738242);
#2962 = AXIS2_PLACEMENT_3D('',#2963,#2964,#2965);
#2963 = CARTESIAN_POINT('',(-70.4,-37.625,4.525));
#2964 = DIRECTION('',(5.47005954057E-18,-0.707106781187,-0.707106781187)
  );
#2965 = DIRECTION('',(-5.47005954057E-18,0.707106781187,-0.707106781187)
  );
#2966 = PCURVE('',#1565,#2967);
#2967 = DEFINITIONAL_REPRESENTATION('',(#2968),#2975);
#2968 = B_SPLINE_CURVE_WITH_KNOTS('',5,(#2969,#2970,#2971,#2972,#2973,
    #2974),.UNSPECIFIED.,.F.,.F.,(6,6),(-3.363406011769,-3.211308144666)
  ,.PIECEWISE_BEZIER_KNOTS.);
#2969 = CARTESIAN_POINT('',(-4.595657348603,0.400000000001));
#2970 = CARTESIAN_POINT('',(-4.601564061889,0.318149299107));
#2971 = CARTESIAN_POINT('',(-4.607588121888,0.237223948659));
#2972 = CARTESIAN_POINT('',(-4.613733976768,0.157223948659));
#2973 = CARTESIAN_POINT('',(-4.62000639291,7.81492991065E-02));
#2974 = CARTESIAN_POINT('',(-4.62641051363,6.544209618653E-13));
#2975 = ( GEOMETRIC_REPRESENTATION_CONTEXT(2) 
PARAMETRIC_REPRESENTATION_CONTEXT() REPRESENTATION_CONTEXT('2D SPACE',''
  ) );
#2976 = PCURVE('',#1536,#2977);
#2977 = DEFINITIONAL_REPRESENTATION('',(#2978),#2982);
#2978 = B_SPLINE_CURVE_WITH_KNOTS('',2,(#2979,#2980,#2981),
  .UNSPECIFIED.,.F.,.F.,(3,3),(-3.363406011769,-3.211308144666),
  .PIECEWISE_BEZIER_KNOTS.);
#2979 = CARTESIAN_POINT('',(1.036593988231,-0.282842712476));
#2980 = CARTESIAN_POINT('',(1.112642921782,6.543215760063E-03));
#2981 = CARTESIAN_POINT('',(1.188691855334,0.282842712474));
#2982 = ( GEOMETRIC_REPRESENTATION_CONTEXT(2) 
PARAMETRIC_REPRESENTATION_CONTEXT() REPRESENTATION_CONTEXT('2D SPACE',''
  ) );
#2983 = ORIENTED_EDGE('',*,*,#2055,.F.);
#2984 = ADVANCED_FACE('',(#2985),#915,.F.);
#2985 = FACE_BOUND('',#2986,.F.);
#2986 = EDGE_LOOP('',(#2987,#3008,#3009,#3010));
#2987 = ORIENTED_EDGE('',*,*,#2988,.F.);
#2988 = EDGE_CURVE('',#900,#2882,#2989,.T.);
#2989 = SURFACE_CURVE('',#2990,(#2994,#3001),.PCURVE_S1.);
#2990 = LINE('',#2991,#2992);
#2991 = CARTESIAN_POINT('',(66.116666666667,74.666666666667,
    0.266666666667));
#2992 = VECTOR('',#2993,1.);
#2993 = DIRECTION('',(0.57735026919,0.57735026919,0.57735026919));
#2994 = PCURVE('',#915,#2995);
#2995 = DEFINITIONAL_REPRESENTATION('',(#2996),#3000);
#2996 = LINE('',#2997,#2998);
#2997 = CARTESIAN_POINT('',(-0.133333333333,9.42809041582E-02));
#2998 = VECTOR('',#2999,1.);
#2999 = DIRECTION('',(0.57735026919,0.816496580928));
#3000 = ( GEOMETRIC_REPRESENTATION_CONTEXT(2) 
PARAMETRIC_REPRESENTATION_CONTEXT() REPRESENTATION_CONTEXT('2D SPACE',''
  ) );
#3001 = PCURVE('',#943,#3002);
#3002 = DEFINITIONAL_REPRESENTATION('',(#3003),#3007);
#3003 = LINE('',#3004,#3005);
#3004 = CARTESIAN_POINT('',(-0.133333333333,9.42809041582E-02));
#3005 = VECTOR('',#3006,1.);
#3006 = DIRECTION('',(0.57735026919,0.816496580928));
#3007 = ( GEOMETRIC_REPRESENTATION_CONTEXT(2) 
PARAMETRIC_REPRESENTATION_CONTEXT() REPRESENTATION_CONTEXT('2D SPACE',''
  ) );
#3008 = ORIENTED_EDGE('',*,*,#899,.T.);
#3009 = ORIENTED_EDGE('',*,*,#2082,.T.);
#3010 = ORIENTED_EDGE('',*,*,#2933,.F.);
#3011 = ADVANCED_FACE('',(#3012),#1536,.T.);
#3012 = FACE_BOUND('',#3013,.T.);
#3013 = EDGE_LOOP('',(#3014,#3037,#3038,#3039));
#3014 = ORIENTED_EDGE('',*,*,#3015,.F.);
#3015 = EDGE_CURVE('',#1493,#3016,#3018,.T.);
#3016 = VERTEX_POINT('',#3017);
#3017 = CARTESIAN_POINT('',(-74.8,-33.5,0.4));
#3018 = SURFACE_CURVE('',#3019,(#3023,#3030),.PCURVE_S1.);
#3019 = LINE('',#3020,#3021);
#3020 = CARTESIAN_POINT('',(-74.66666666666,-33.36666666666,
    0.266666666667));
#3021 = VECTOR('',#3022,1.);
#3022 = DIRECTION('',(-0.57735026919,-0.57735026919,0.57735026919));
#3023 = PCURVE('',#1536,#3024);
#3024 = DEFINITIONAL_REPRESENTATION('',(#3025),#3029);
#3025 = LINE('',#3026,#3027);
#3026 = CARTESIAN_POINT('',(0.133333333333,9.42809041582E-02));
#3027 = VECTOR('',#3028,1.);
#3028 = DIRECTION('',(-0.57735026919,0.816496580928));
#3029 = ( GEOMETRIC_REPRESENTATION_CONTEXT(2) 
PARAMETRIC_REPRESENTATION_CONTEXT() REPRESENTATION_CONTEXT('2D SPACE',''
  ) );
#3030 = PCURVE('',#1508,#3031);
#3031 = DEFINITIONAL_REPRESENTATION('',(#3032),#3036);
#3032 = LINE('',#3033,#3034);
#3033 = CARTESIAN_POINT('',(0.133333333333,9.42809041582E-02));
#3034 = VECTOR('',#3035,1.);
#3035 = DIRECTION('',(-0.57735026919,0.816496580928));
#3036 = ( GEOMETRIC_REPRESENTATION_CONTEXT(2) 
PARAMETRIC_REPRESENTATION_CONTEXT() REPRESENTATION_CONTEXT('2D SPACE',''
  ) );
#3037 = ORIENTED_EDGE('',*,*,#1520,.T.);
#3038 = ORIENTED_EDGE('',*,*,#2959,.T.);
#3039 = ORIENTED_EDGE('',*,*,#3040,.F.);
#3040 = EDGE_CURVE('',#3016,#2028,#3041,.T.);
#3041 = SURFACE_CURVE('',#3042,(#3046,#3053),.PCURVE_S1.);
#3042 = LINE('',#3043,#3044);
#3043 = CARTESIAN_POINT('',(-74.8,-33.5,0.4));
#3044 = VECTOR('',#3045,1.);
#3045 = DIRECTION('',(1.,0.,-0.));
#3046 = PCURVE('',#1536,#3047);
#3047 = DEFINITIONAL_REPRESENTATION('',(#3048),#3052);
#3048 = LINE('',#3049,#3050);
#3049 = CARTESIAN_POINT('',(0.,0.282842712475));
#3050 = VECTOR('',#3051,1.);
#3051 = DIRECTION('',(1.,0.));
#3052 = ( GEOMETRIC_REPRESENTATION_CONTEXT(2) 
PARAMETRIC_REPRESENTATION_CONTEXT() REPRESENTATION_CONTEXT('2D SPACE',''
  ) );
#3053 = PCURVE('',#2043,#3054);
#3054 = DEFINITIONAL_REPRESENTATION('',(#3055),#3059);
#3055 = LINE('',#3056,#3057);
#3056 = CARTESIAN_POINT('',(0.,-0.4));
#3057 = VECTOR('',#3058,1.);
#3058 = DIRECTION('',(1.,0.));
#3059 = ( GEOMETRIC_REPRESENTATION_CONTEXT(2) 
PARAMETRIC_REPRESENTATION_CONTEXT() REPRESENTATION_CONTEXT('2D SPACE',''
  ) );
#3060 = ADVANCED_FACE('',(#3061),#943,.T.);
#3061 = FACE_BOUND('',#3062,.T.);
#3062 = EDGE_LOOP('',(#3063,#3064,#3065,#3092));
#3063 = ORIENTED_EDGE('',*,*,#2988,.F.);
#3064 = ORIENTED_EDGE('',*,*,#927,.T.);
#3065 = ORIENTED_EDGE('',*,*,#3066,.T.);
#3066 = EDGE_CURVE('',#928,#3067,#3069,.T.);
#3067 = VERTEX_POINT('',#3068);
#3068 = CARTESIAN_POINT('',(66.25,76.487525100503,0.4));
#3069 = SURFACE_CURVE('',#3070,(#3075,#3082),.PCURVE_S1.);
#3070 = PARABOLA('',#3071,0.441941738242);
#3071 = AXIS2_PLACEMENT_3D('',#3072,#3073,#3074);
#3072 = CARTESIAN_POINT('',(62.375,79.6,-3.475));
#3073 = DIRECTION('',(0.707106781187,-1.00321317117E-15,-0.707106781187)
  );
#3074 = DIRECTION('',(0.707106781187,-1.00321317117E-15,0.707106781187)
  );
#3075 = PCURVE('',#943,#3076);
#3076 = DEFINITIONAL_REPRESENTATION('',(#3077),#3081);
#3077 = B_SPLINE_CURVE_WITH_KNOTS('',2,(#3078,#3079,#3080),
  .UNSPECIFIED.,.F.,.F.,(3,3),(2.947456530637,3.112474899496),
  .PIECEWISE_BEZIER_KNOTS.);
#3078 = CARTESIAN_POINT('',(1.852543469363,-0.282842712477));
#3079 = CARTESIAN_POINT('',(1.770034284933,-7.702107459697E-03));
#3080 = CARTESIAN_POINT('',(1.687525100504,0.282842712472));
#3081 = ( GEOMETRIC_REPRESENTATION_CONTEXT(2) 
PARAMETRIC_REPRESENTATION_CONTEXT() REPRESENTATION_CONTEXT('2D SPACE',''
  ) );
#3082 = PCURVE('',#972,#3083);
#3083 = DEFINITIONAL_REPRESENTATION('',(#3084),#3091);
#3084 = B_SPLINE_CURVE_WITH_KNOTS('',5,(#3085,#3086,#3087,#3088,#3089,
    #3090),.UNSPECIFIED.,.F.,.F.,(6,6),(2.947456530637,3.112474899496),
  .PIECEWISE_BEZIER_KNOTS.);
#3085 = CARTESIAN_POINT('',(-3.842030572042E-02,-0.4));
#3086 = CARTESIAN_POINT('',(-3.037062919069E-02,-0.322178484965));
#3087 = CARTESIAN_POINT('',(-2.251193977756E-02,-0.243267727447));
#3088 = CARTESIAN_POINT('',(-1.483571862384E-02,-0.163267727447));
#3089 = CARTESIAN_POINT('',(-7.334149727074E-03,-8.217848496487E-02));
#3090 = CARTESIAN_POINT('',(1.15463194561E-14,1.359606015355E-14));
#3091 = ( GEOMETRIC_REPRESENTATION_CONTEXT(2) 
PARAMETRIC_REPRESENTATION_CONTEXT() REPRESENTATION_CONTEXT('2D SPACE',''
  ) );
#3092 = ORIENTED_EDGE('',*,*,#3093,.F.);
#3093 = EDGE_CURVE('',#2882,#3067,#3094,.T.);
#3094 = SURFACE_CURVE('',#3095,(#3099,#3106),.PCURVE_S1.);
#3095 = LINE('',#3096,#3097);
#3096 = CARTESIAN_POINT('',(66.25,74.8,0.4));
#3097 = VECTOR('',#3098,1.);
#3098 = DIRECTION('',(2.22044604925E-16,1.,0.));
#3099 = PCURVE('',#943,#3100);
#3100 = DEFINITIONAL_REPRESENTATION('',(#3101),#3105);
#3101 = LINE('',#3102,#3103);
#3102 = CARTESIAN_POINT('',(0.,0.282842712475));
#3103 = VECTOR('',#3104,1.);
#3104 = DIRECTION('',(1.,0.));
#3105 = ( GEOMETRIC_REPRESENTATION_CONTEXT(2) 
PARAMETRIC_REPRESENTATION_CONTEXT() REPRESENTATION_CONTEXT('2D SPACE',''
  ) );
#3106 = PCURVE('',#2899,#3107);
#3107 = DEFINITIONAL_REPRESENTATION('',(#3108),#3112);
#3108 = LINE('',#3109,#3110);
#3109 = CARTESIAN_POINT('',(0.,-0.4));
#3110 = VECTOR('',#3111,1.);
#3111 = DIRECTION('',(1.,0.));
#3112 = ( GEOMETRIC_REPRESENTATION_CONTEXT(2) 
PARAMETRIC_REPRESENTATION_CONTEXT() REPRESENTATION_CONTEXT('2D SPACE',''
  ) );
#3113 = ADVANCED_FACE('',(#3114),#1508,.F.);
#3114 = FACE_BOUND('',#3115,.F.);
#3115 = EDGE_LOOP('',(#3116,#3117,#3118,#3141));
#3116 = ORIENTED_EDGE('',*,*,#3015,.F.);
#3117 = ORIENTED_EDGE('',*,*,#1492,.T.);
#3118 = ORIENTED_EDGE('',*,*,#3119,.T.);
#3119 = EDGE_CURVE('',#1465,#3120,#3122,.T.);
#3120 = VERTEX_POINT('',#3121);
#3121 = CARTESIAN_POINT('',(-74.8,9.5,0.4));
#3122 = SURFACE_CURVE('',#3123,(#3127,#3134),.PCURVE_S1.);
#3123 = LINE('',#3124,#3125);
#3124 = CARTESIAN_POINT('',(-67.5,2.2,-6.9));
#3125 = VECTOR('',#3126,1.);
#3126 = DIRECTION('',(-0.57735026919,0.57735026919,0.57735026919));
#3127 = PCURVE('',#1508,#3128);
#3128 = DEFINITIONAL_REPRESENTATION('',(#3129),#3133);
#3129 = LINE('',#3130,#3131);
#3130 = CARTESIAN_POINT('',(35.7,-10.04091629284));
#3131 = VECTOR('',#3132,1.);
#3132 = DIRECTION('',(0.57735026919,0.816496580928));
#3133 = ( GEOMETRIC_REPRESENTATION_CONTEXT(2) 
PARAMETRIC_REPRESENTATION_CONTEXT() REPRESENTATION_CONTEXT('2D SPACE',''
  ) );
#3134 = PCURVE('',#1480,#3135);
#3135 = DEFINITIONAL_REPRESENTATION('',(#3136),#3140);
#3136 = LINE('',#3137,#3138);
#3137 = CARTESIAN_POINT('',(7.3,-10.04091629284));
#3138 = VECTOR('',#3139,1.);
#3139 = DIRECTION('',(-0.57735026919,0.816496580928));
#3140 = ( GEOMETRIC_REPRESENTATION_CONTEXT(2) 
PARAMETRIC_REPRESENTATION_CONTEXT() REPRESENTATION_CONTEXT('2D SPACE',''
  ) );
#3141 = ORIENTED_EDGE('',*,*,#3142,.F.);
#3142 = EDGE_CURVE('',#3016,#3120,#3143,.T.);
#3143 = SURFACE_CURVE('',#3144,(#3148,#3155),.PCURVE_S1.);
#3144 = LINE('',#3145,#3146);
#3145 = CARTESIAN_POINT('',(-74.8,-33.5,0.4));
#3146 = VECTOR('',#3147,1.);
#3147 = DIRECTION('',(-0.,1.,0.));
#3148 = PCURVE('',#1508,#3149);
#3149 = DEFINITIONAL_REPRESENTATION('',(#3150),#3154);
#3150 = LINE('',#3151,#3152);
#3151 = CARTESIAN_POINT('',(0.,0.282842712475));
#3152 = VECTOR('',#3153,1.);
#3153 = DIRECTION('',(1.,0.));
#3154 = ( GEOMETRIC_REPRESENTATION_CONTEXT(2) 
PARAMETRIC_REPRESENTATION_CONTEXT() REPRESENTATION_CONTEXT('2D SPACE',''
  ) );
#3155 = PCURVE('',#3156,#3161);
#3156 = PLANE('',#3157);
#3157 = AXIS2_PLACEMENT_3D('',#3158,#3159,#3160);
#3158 = CARTESIAN_POINT('',(-74.8,-33.5,0.));
#3159 = DIRECTION('',(-1.,-0.,0.));
#3160 = DIRECTION('',(-0.,1.,0.));
#3161 = DEFINITIONAL_REPRESENTATION('',(#3162),#3166);
#3162 = LINE('',#3163,#3164);
#3163 = CARTESIAN_POINT('',(0.,-0.4));
#3164 = VECTOR('',#3165,1.);
#3165 = DIRECTION('',(1.,0.));
#3166 = ( GEOMETRIC_REPRESENTATION_CONTEXT(2) 
PARAMETRIC_REPRESENTATION_CONTEXT() REPRESENTATION_CONTEXT('2D SPACE',''
  ) );
#3167 = ADVANCED_FACE('',(#3168),#972,.T.);
#3168 = FACE_BOUND('',#3169,.T.);
#3169 = EDGE_LOOP('',(#3170,#3171,#3172,#3199));
#3170 = ORIENTED_EDGE('',*,*,#3066,.F.);
#3171 = ORIENTED_EDGE('',*,*,#955,.T.);
#3172 = ORIENTED_EDGE('',*,*,#3173,.T.);
#3173 = EDGE_CURVE('',#956,#3174,#3176,.T.);
#3174 = VERTEX_POINT('',#3175);
#3175 = CARTESIAN_POINT('',(59.75,76.487525100503,0.4));
#3176 = SURFACE_CURVE('',#3177,(#3182,#3192),.PCURVE_S1.);
#3177 = PARABOLA('',#3178,0.441941738242);
#3178 = AXIS2_PLACEMENT_3D('',#3179,#3180,#3181);
#3179 = CARTESIAN_POINT('',(63.625,79.6,-3.475));
#3180 = DIRECTION('',(0.707106781187,-5.332783484717E-18,0.707106781187)
  );
#3181 = DIRECTION('',(-0.707106781187,5.332783484717E-18,0.707106781187)
  );
#3182 = PCURVE('',#972,#3183);
#3183 = DEFINITIONAL_REPRESENTATION('',(#3184),#3191);
#3184 = B_SPLINE_CURVE_WITH_KNOTS('',5,(#3185,#3186,#3187,#3188,#3189,
    #3190),.UNSPECIFIED.,.F.,.F.,(6,6),(2.947456530638,3.112474899497),
  .PIECEWISE_BEZIER_KNOTS.);
#3185 = CARTESIAN_POINT('',(4.707585952106,-0.4));
#3186 = CARTESIAN_POINT('',(4.699536275576,-0.322178484965));
#3187 = CARTESIAN_POINT('',(4.691677586163,-0.243267727447));
#3188 = CARTESIAN_POINT('',(4.684001365009,-0.163267727447));
#3189 = CARTESIAN_POINT('',(4.676499796113,-8.217848496487E-02));
#3190 = CARTESIAN_POINT('',(4.669165646385,2.164934898019E-15));
#3191 = ( GEOMETRIC_REPRESENTATION_CONTEXT(2) 
PARAMETRIC_REPRESENTATION_CONTEXT() REPRESENTATION_CONTEXT('2D SPACE',''
  ) );
#3192 = PCURVE('',#1000,#3193);
#3193 = DEFINITIONAL_REPRESENTATION('',(#3194),#3198);
#3194 = B_SPLINE_CURVE_WITH_KNOTS('',2,(#3195,#3196,#3197),
  .UNSPECIFIED.,.F.,.F.,(3,3),(2.947456530638,3.112474899497),
  .PIECEWISE_BEZIER_KNOTS.);
#3195 = CARTESIAN_POINT('',(1.852543469362,-0.282842712475));
#3196 = CARTESIAN_POINT('',(1.770034284932,-7.702107456869E-03));
#3197 = CARTESIAN_POINT('',(1.687525100503,0.282842712475));
#3198 = ( GEOMETRIC_REPRESENTATION_CONTEXT(2) 
PARAMETRIC_REPRESENTATION_CONTEXT() REPRESENTATION_CONTEXT('2D SPACE',''
  ) );
#3199 = ORIENTED_EDGE('',*,*,#3200,.F.);
#3200 = EDGE_CURVE('',#3067,#3174,#3201,.T.);
#3201 = SURFACE_CURVE('',#3202,(#3207,#3214),.PCURVE_S1.);
#3202 = CIRCLE('',#3203,4.5);
#3203 = AXIS2_PLACEMENT_3D('',#3204,#3205,#3206);
#3204 = CARTESIAN_POINT('',(63.,79.6,0.4));
#3205 = DIRECTION('',(0.,0.,1.));
#3206 = DIRECTION('',(0.722222222222,-0.691661088777,0.));
#3207 = PCURVE('',#972,#3208);
#3208 = DEFINITIONAL_REPRESENTATION('',(#3209),#3213);
#3209 = LINE('',#3210,#3211);
#3210 = CARTESIAN_POINT('',(0.,0.));
#3211 = VECTOR('',#3212,1.);
#3212 = DIRECTION('',(1.,0.));
#3213 = ( GEOMETRIC_REPRESENTATION_CONTEXT(2) 
PARAMETRIC_REPRESENTATION_CONTEXT() REPRESENTATION_CONTEXT('2D SPACE',''
  ) );
#3214 = PCURVE('',#3215,#3220);
#3215 = CYLINDRICAL_SURFACE('',#3216,4.5);
#3216 = AXIS2_PLACEMENT_3D('',#3217,#3218,#3219);
#3217 = CARTESIAN_POINT('',(63.,79.6,0.));
#3218 = DIRECTION('',(0.,-0.,-1.));
#3219 = DIRECTION('',(0.722222222222,-0.691661088777,0.));
#3220 = DEFINITIONAL_REPRESENTATION('',(#3221),#3225);
#3221 = LINE('',#3222,#3223);
#3222 = CARTESIAN_POINT('',(-0.,-0.4));
#3223 = VECTOR('',#3224,1.);
#3224 = DIRECTION('',(-1.,0.));
#3225 = ( GEOMETRIC_REPRESENTATION_CONTEXT(2) 
PARAMETRIC_REPRESENTATION_CONTEXT() REPRESENTATION_CONTEXT('2D SPACE',''
  ) );
#3226 = ADVANCED_FACE('',(#3227),#1480,.F.);
#3227 = FACE_BOUND('',#3228,.F.);
#3228 = EDGE_LOOP('',(#3229,#3230,#3231,#3258));
#3229 = ORIENTED_EDGE('',*,*,#3119,.F.);
#3230 = ORIENTED_EDGE('',*,*,#1464,.T.);
#3231 = ORIENTED_EDGE('',*,*,#3232,.T.);
#3232 = EDGE_CURVE('',#1436,#3233,#3235,.T.);
#3233 = VERTEX_POINT('',#3234);
#3234 = CARTESIAN_POINT('',(-73.61130814466,9.5,0.4));
#3235 = SURFACE_CURVE('',#3236,(#3241,#3248),.PCURVE_S1.);
#3236 = PARABOLA('',#3237,0.441941738242);
#3237 = AXIS2_PLACEMENT_3D('',#3238,#3239,#3240);
#3238 = CARTESIAN_POINT('',(-70.4,13.625,4.525));
#3239 = DIRECTION('',(2.068430171249E-18,-0.707106781187,0.707106781187)
  );
#3240 = DIRECTION('',(2.068430171249E-18,-0.707106781187,-0.707106781187
    ));
#3241 = PCURVE('',#1480,#3242);
#3242 = DEFINITIONAL_REPRESENTATION('',(#3243),#3247);
#3243 = B_SPLINE_CURVE_WITH_KNOTS('',2,(#3244,#3245,#3246),
  .UNSPECIFIED.,.F.,.F.,(3,3),(-3.363406011768,-3.211308144666),
  .PIECEWISE_BEZIER_KNOTS.);
#3244 = CARTESIAN_POINT('',(1.036593988232,-0.282842712475));
#3245 = CARTESIAN_POINT('',(1.112642921783,6.543215760789E-03));
#3246 = CARTESIAN_POINT('',(1.188691855334,0.282842712474));
#3247 = ( GEOMETRIC_REPRESENTATION_CONTEXT(2) 
PARAMETRIC_REPRESENTATION_CONTEXT() REPRESENTATION_CONTEXT('2D SPACE',''
  ) );
#3248 = PCURVE('',#1452,#3249);
#3249 = DEFINITIONAL_REPRESENTATION('',(#3250),#3257);
#3250 = B_SPLINE_CURVE_WITH_KNOTS('',5,(#3251,#3252,#3253,#3254,#3255,
    #3256),.UNSPECIFIED.,.F.,.F.,(6,6),(-3.363406011768,-3.211308144666)
  ,.PIECEWISE_BEZIER_KNOTS.);
#3251 = CARTESIAN_POINT('',(-3.075316502712E-02,0.4));
#3252 = CARTESIAN_POINT('',(-2.48464517416E-02,0.318149299106));
#3253 = CARTESIAN_POINT('',(-1.882239174184E-02,0.237223948659));
#3254 = CARTESIAN_POINT('',(-1.267653686245E-02,0.157223948659));
#3255 = CARTESIAN_POINT('',(-6.404120720074E-03,7.814929910599E-02));
#3256 = CARTESIAN_POINT('',(1.68753899743E-14,1.45938816587E-13));
#3257 = ( GEOMETRIC_REPRESENTATION_CONTEXT(2) 
PARAMETRIC_REPRESENTATION_CONTEXT() REPRESENTATION_CONTEXT('2D SPACE',''
  ) );
#3258 = ORIENTED_EDGE('',*,*,#3259,.F.);
#3259 = EDGE_CURVE('',#3120,#3233,#3260,.T.);
#3260 = SURFACE_CURVE('',#3261,(#3265,#3272),.PCURVE_S1.);
#3261 = LINE('',#3262,#3263);
#3262 = CARTESIAN_POINT('',(-74.8,9.5,0.4));
#3263 = VECTOR('',#3264,1.);
#3264 = DIRECTION('',(1.,0.,-0.));
#3265 = PCURVE('',#1480,#3266);
#3266 = DEFINITIONAL_REPRESENTATION('',(#3267),#3271);
#3267 = LINE('',#3268,#3269);
#3268 = CARTESIAN_POINT('',(0.,0.282842712475));
#3269 = VECTOR('',#3270,1.);
#3270 = DIRECTION('',(1.,0.));
#3271 = ( GEOMETRIC_REPRESENTATION_CONTEXT(2) 
PARAMETRIC_REPRESENTATION_CONTEXT() REPRESENTATION_CONTEXT('2D SPACE',''
  ) );
#3272 = PCURVE('',#3273,#3278);
#3273 = PLANE('',#3274);
#3274 = AXIS2_PLACEMENT_3D('',#3275,#3276,#3277);
#3275 = CARTESIAN_POINT('',(-74.8,9.5,0.));
#3276 = DIRECTION('',(-0.,1.,0.));
#3277 = DIRECTION('',(1.,0.,-0.));
#3278 = DEFINITIONAL_REPRESENTATION('',(#3279),#3283);
#3279 = LINE('',#3280,#3281);
#3280 = CARTESIAN_POINT('',(0.,-0.4));
#3281 = VECTOR('',#3282,1.);
#3282 = DIRECTION('',(1.,0.));
#3283 = ( GEOMETRIC_REPRESENTATION_CONTEXT(2) 
PARAMETRIC_REPRESENTATION_CONTEXT() REPRESENTATION_CONTEXT('2D SPACE',''
  ) );
#3284 = ADVANCED_FACE('',(#3285),#1000,.F.);
#3285 = FACE_BOUND('',#3286,.F.);
#3286 = EDGE_LOOP('',(#3287,#3310,#3311,#3312));
#3287 = ORIENTED_EDGE('',*,*,#3288,.F.);
#3288 = EDGE_CURVE('',#985,#3289,#3291,.T.);
#3289 = VERTEX_POINT('',#3290);
#3290 = CARTESIAN_POINT('',(59.75,74.8,0.4));
#3291 = SURFACE_CURVE('',#3292,(#3296,#3303),.PCURVE_S1.);
#3292 = LINE('',#3293,#3294);
#3293 = CARTESIAN_POINT('',(52.633333333333,81.916666666667,
    7.516666666667));
#3294 = VECTOR('',#3295,1.);
#3295 = DIRECTION('',(-0.57735026919,0.57735026919,0.57735026919));
#3296 = PCURVE('',#1000,#3297);
#3297 = DEFINITIONAL_REPRESENTATION('',(#3298),#3302);
#3298 = LINE('',#3299,#3300);
#3299 = CARTESIAN_POINT('',(7.116666666667,10.347329231363));
#3300 = VECTOR('',#3301,1.);
#3301 = DIRECTION('',(0.57735026919,0.816496580928));
#3302 = ( GEOMETRIC_REPRESENTATION_CONTEXT(2) 
PARAMETRIC_REPRESENTATION_CONTEXT() REPRESENTATION_CONTEXT('2D SPACE',''
  ) );
#3303 = PCURVE('',#1028,#3304);
#3304 = DEFINITIONAL_REPRESENTATION('',(#3305),#3309);
#3305 = LINE('',#3306,#3307);
#3306 = CARTESIAN_POINT('',(36.383333333333,10.347329231363));
#3307 = VECTOR('',#3308,1.);
#3308 = DIRECTION('',(-0.57735026919,0.816496580928));
#3309 = ( GEOMETRIC_REPRESENTATION_CONTEXT(2) 
PARAMETRIC_REPRESENTATION_CONTEXT() REPRESENTATION_CONTEXT('2D SPACE',''
  ) );
#3310 = ORIENTED_EDGE('',*,*,#984,.T.);
#3311 = ORIENTED_EDGE('',*,*,#3173,.T.);
#3312 = ORIENTED_EDGE('',*,*,#3313,.F.);
#3313 = EDGE_CURVE('',#3289,#3174,#3314,.T.);
#3314 = SURFACE_CURVE('',#3315,(#3319,#3326),.PCURVE_S1.);
#3315 = LINE('',#3316,#3317);
#3316 = CARTESIAN_POINT('',(59.75,74.8,0.4));
#3317 = VECTOR('',#3318,1.);
#3318 = DIRECTION('',(2.22044604925E-16,1.,0.));
#3319 = PCURVE('',#1000,#3320);
#3320 = DEFINITIONAL_REPRESENTATION('',(#3321),#3325);
#3321 = LINE('',#3322,#3323);
#3322 = CARTESIAN_POINT('',(0.,0.282842712475));
#3323 = VECTOR('',#3324,1.);
#3324 = DIRECTION('',(1.,0.));
#3325 = ( GEOMETRIC_REPRESENTATION_CONTEXT(2) 
PARAMETRIC_REPRESENTATION_CONTEXT() REPRESENTATION_CONTEXT('2D SPACE',''
  ) );
#3326 = PCURVE('',#3327,#3332);
#3327 = PLANE('',#3328);
#3328 = AXIS2_PLACEMENT_3D('',#3329,#3330,#3331);
#3329 = CARTESIAN_POINT('',(59.75,74.8,0.));
#3330 = DIRECTION('',(-1.,2.22044604925E-16,0.));
#3331 = DIRECTION('',(2.22044604925E-16,1.,0.));
#3332 = DEFINITIONAL_REPRESENTATION('',(#3333),#3337);
#3333 = LINE('',#3334,#3335);
#3334 = CARTESIAN_POINT('',(0.,-0.4));
#3335 = VECTOR('',#3336,1.);
#3336 = DIRECTION('',(1.,0.));
#3337 = ( GEOMETRIC_REPRESENTATION_CONTEXT(2) 
PARAMETRIC_REPRESENTATION_CONTEXT() REPRESENTATION_CONTEXT('2D SPACE',''
  ) );
#3338 = ADVANCED_FACE('',(#3339),#1452,.F.);
#3339 = FACE_BOUND('',#3340,.F.);
#3340 = EDGE_LOOP('',(#3341,#3342,#3343,#3370));
#3341 = ORIENTED_EDGE('',*,*,#3232,.F.);
#3342 = ORIENTED_EDGE('',*,*,#1435,.T.);
#3343 = ORIENTED_EDGE('',*,*,#3344,.T.);
#3344 = EDGE_CURVE('',#1408,#3345,#3347,.T.);
#3345 = VERTEX_POINT('',#3346);
#3346 = CARTESIAN_POINT('',(-73.61130814466,16.5,0.4));
#3347 = SURFACE_CURVE('',#3348,(#3353,#3363),.PCURVE_S1.);
#3348 = PARABOLA('',#3349,0.441941738242);
#3349 = AXIS2_PLACEMENT_3D('',#3350,#3351,#3352);
#3350 = CARTESIAN_POINT('',(-70.4,12.375,4.525));
#3351 = DIRECTION('',(5.47005954057E-18,-0.707106781187,-0.707106781187)
  );
#3352 = DIRECTION('',(-5.47005954057E-18,0.707106781187,-0.707106781187)
  );
#3353 = PCURVE('',#1452,#3354);
#3354 = DEFINITIONAL_REPRESENTATION('',(#3355),#3362);
#3355 = B_SPLINE_CURVE_WITH_KNOTS('',5,(#3356,#3357,#3358,#3359,#3360,
    #3361),.UNSPECIFIED.,.F.,.F.,(6,6),(-3.363406011768,-3.211308144666)
  ,.PIECEWISE_BEZIER_KNOTS.);
#3356 = CARTESIAN_POINT('',(-4.595657348603,0.399999999999));
#3357 = CARTESIAN_POINT('',(-4.601564061889,0.318149299105));
#3358 = CARTESIAN_POINT('',(-4.607588121889,0.237223948658));
#3359 = CARTESIAN_POINT('',(-4.613733976768,0.157223948658));
#3360 = CARTESIAN_POINT('',(-4.62000639291,7.814929910504E-02));
#3361 = CARTESIAN_POINT('',(-4.62641051363,-7.937539514558E-13));
#3362 = ( GEOMETRIC_REPRESENTATION_CONTEXT(2) 
PARAMETRIC_REPRESENTATION_CONTEXT() REPRESENTATION_CONTEXT('2D SPACE',''
  ) );
#3363 = PCURVE('',#1423,#3364);
#3364 = DEFINITIONAL_REPRESENTATION('',(#3365),#3369);
#3365 = B_SPLINE_CURVE_WITH_KNOTS('',2,(#3366,#3367,#3368),
  .UNSPECIFIED.,.F.,.F.,(3,3),(-3.363406011768,-3.211308144666),
  .PIECEWISE_BEZIER_KNOTS.);
#3366 = CARTESIAN_POINT('',(1.036593988232,-0.282842712474));
#3367 = CARTESIAN_POINT('',(1.112642921783,6.543215762134E-03));
#3368 = CARTESIAN_POINT('',(1.188691855334,0.282842712476));
#3369 = ( GEOMETRIC_REPRESENTATION_CONTEXT(2) 
PARAMETRIC_REPRESENTATION_CONTEXT() REPRESENTATION_CONTEXT('2D SPACE',''
  ) );
#3370 = ORIENTED_EDGE('',*,*,#3371,.F.);
#3371 = EDGE_CURVE('',#3233,#3345,#3372,.T.);
#3372 = SURFACE_CURVE('',#3373,(#3378,#3385),.PCURVE_S1.);
#3373 = CIRCLE('',#3374,4.75);
#3374 = AXIS2_PLACEMENT_3D('',#3375,#3376,#3377);
#3375 = CARTESIAN_POINT('',(-70.4,13.,0.4));
#3376 = DIRECTION('',(0.,0.,1.));
#3377 = DIRECTION('',(-0.676064872561,-0.736842105263,0.));
#3378 = PCURVE('',#1452,#3379);
#3379 = DEFINITIONAL_REPRESENTATION('',(#3380),#3384);
#3380 = LINE('',#3381,#3382);
#3381 = CARTESIAN_POINT('',(-0.,-0.));
#3382 = VECTOR('',#3383,1.);
#3383 = DIRECTION('',(-1.,-0.));
#3384 = ( GEOMETRIC_REPRESENTATION_CONTEXT(2) 
PARAMETRIC_REPRESENTATION_CONTEXT() REPRESENTATION_CONTEXT('2D SPACE',''
  ) );
#3385 = PCURVE('',#3386,#3391);
#3386 = CYLINDRICAL_SURFACE('',#3387,4.75);
#3387 = AXIS2_PLACEMENT_3D('',#3388,#3389,#3390);
#3388 = CARTESIAN_POINT('',(-70.4,13.,0.));
#3389 = DIRECTION('',(-0.,-0.,-1.));
#3390 = DIRECTION('',(-0.676064872561,-0.736842105263,0.));
#3391 = DEFINITIONAL_REPRESENTATION('',(#3392),#3396);
#3392 = LINE('',#3393,#3394);
#3393 = CARTESIAN_POINT('',(-1.495879443705E-15,-0.4));
#3394 = VECTOR('',#3395,1.);
#3395 = DIRECTION('',(-1.,0.));
#3396 = ( GEOMETRIC_REPRESENTATION_CONTEXT(2) 
PARAMETRIC_REPRESENTATION_CONTEXT() REPRESENTATION_CONTEXT('2D SPACE',''
  ) );
#3397 = ADVANCED_FACE('',(#3398),#1028,.F.);
#3398 = FACE_BOUND('',#3399,.F.);
#3399 = EDGE_LOOP('',(#3400,#3423,#3424,#3425));
#3400 = ORIENTED_EDGE('',*,*,#3401,.F.);
#3401 = EDGE_CURVE('',#1013,#3402,#3404,.T.);
#3402 = VERTEX_POINT('',#3403);
#3403 = CARTESIAN_POINT('',(16.25,74.8,0.4));
#3404 = SURFACE_CURVE('',#3405,(#3409,#3416),.PCURVE_S1.);
#3405 = LINE('',#3406,#3407);
#3406 = CARTESIAN_POINT('',(16.116666666667,74.666666666667,
    0.266666666667));
#3407 = VECTOR('',#3408,1.);
#3408 = DIRECTION('',(0.57735026919,0.57735026919,0.57735026919));
#3409 = PCURVE('',#1028,#3410);
#3410 = DEFINITIONAL_REPRESENTATION('',(#3411),#3415);
#3411 = LINE('',#3412,#3413);
#3412 = CARTESIAN_POINT('',(-0.133333333333,9.42809041582E-02));
#3413 = VECTOR('',#3414,1.);
#3414 = DIRECTION('',(0.57735026919,0.816496580928));
#3415 = ( GEOMETRIC_REPRESENTATION_CONTEXT(2) 
PARAMETRIC_REPRESENTATION_CONTEXT() REPRESENTATION_CONTEXT('2D SPACE',''
  ) );
#3416 = PCURVE('',#1056,#3417);
#3417 = DEFINITIONAL_REPRESENTATION('',(#3418),#3422);
#3418 = LINE('',#3419,#3420);
#3419 = CARTESIAN_POINT('',(-0.133333333333,9.428090415821E-02));
#3420 = VECTOR('',#3421,1.);
#3421 = DIRECTION('',(0.57735026919,0.816496580928));
#3422 = ( GEOMETRIC_REPRESENTATION_CONTEXT(2) 
PARAMETRIC_REPRESENTATION_CONTEXT() REPRESENTATION_CONTEXT('2D SPACE',''
  ) );
#3423 = ORIENTED_EDGE('',*,*,#1012,.T.);
#3424 = ORIENTED_EDGE('',*,*,#3288,.T.);
#3425 = ORIENTED_EDGE('',*,*,#3426,.F.);
#3426 = EDGE_CURVE('',#3402,#3289,#3427,.T.);
#3427 = SURFACE_CURVE('',#3428,(#3432,#3439),.PCURVE_S1.);
#3428 = LINE('',#3429,#3430);
#3429 = CARTESIAN_POINT('',(16.25,74.8,0.4));
#3430 = VECTOR('',#3431,1.);
#3431 = DIRECTION('',(1.,0.,-0.));
#3432 = PCURVE('',#1028,#3433);
#3433 = DEFINITIONAL_REPRESENTATION('',(#3434),#3438);
#3434 = LINE('',#3435,#3436);
#3435 = CARTESIAN_POINT('',(0.,0.282842712475));
#3436 = VECTOR('',#3437,1.);
#3437 = DIRECTION('',(1.,0.));
#3438 = ( GEOMETRIC_REPRESENTATION_CONTEXT(2) 
PARAMETRIC_REPRESENTATION_CONTEXT() REPRESENTATION_CONTEXT('2D SPACE',''
  ) );
#3439 = PCURVE('',#3440,#3445);
#3440 = PLANE('',#3441);
#3441 = AXIS2_PLACEMENT_3D('',#3442,#3443,#3444);
#3442 = CARTESIAN_POINT('',(16.25,74.8,0.));
#3443 = DIRECTION('',(-0.,1.,0.));
#3444 = DIRECTION('',(1.,0.,-0.));
#3445 = DEFINITIONAL_REPRESENTATION('',(#3446),#3450);
#3446 = LINE('',#3447,#3448);
#3447 = CARTESIAN_POINT('',(0.,-0.4));
#3448 = VECTOR('',#3449,1.);
#3449 = DIRECTION('',(1.,0.));
#3450 = ( GEOMETRIC_REPRESENTATION_CONTEXT(2) 
PARAMETRIC_REPRESENTATION_CONTEXT() REPRESENTATION_CONTEXT('2D SPACE',''
  ) );
#3451 = ADVANCED_FACE('',(#3452),#1423,.T.);
#3452 = FACE_BOUND('',#3453,.T.);
#3453 = EDGE_LOOP('',(#3454,#3477,#3478,#3479));
#3454 = ORIENTED_EDGE('',*,*,#3455,.F.);
#3455 = EDGE_CURVE('',#1380,#3456,#3458,.T.);
#3456 = VERTEX_POINT('',#3457);
#3457 = CARTESIAN_POINT('',(-74.8,16.5,0.4));
#3458 = SURFACE_CURVE('',#3459,(#3463,#3470),.PCURVE_S1.);
#3459 = LINE('',#3460,#3461);
#3460 = CARTESIAN_POINT('',(-74.66666666666,16.633333333333,
    0.266666666667));
#3461 = VECTOR('',#3462,1.);
#3462 = DIRECTION('',(-0.57735026919,-0.57735026919,0.57735026919));
#3463 = PCURVE('',#1423,#3464);
#3464 = DEFINITIONAL_REPRESENTATION('',(#3465),#3469);
#3465 = LINE('',#3466,#3467);
#3466 = CARTESIAN_POINT('',(0.133333333333,9.428090415821E-02));
#3467 = VECTOR('',#3468,1.);
#3468 = DIRECTION('',(-0.57735026919,0.816496580928));
#3469 = ( GEOMETRIC_REPRESENTATION_CONTEXT(2) 
PARAMETRIC_REPRESENTATION_CONTEXT() REPRESENTATION_CONTEXT('2D SPACE',''
  ) );
#3470 = PCURVE('',#1395,#3471);
#3471 = DEFINITIONAL_REPRESENTATION('',(#3472),#3476);
#3472 = LINE('',#3473,#3474);
#3473 = CARTESIAN_POINT('',(0.133333333333,9.42809041582E-02));
#3474 = VECTOR('',#3475,1.);
#3475 = DIRECTION('',(-0.57735026919,0.816496580928));
#3476 = ( GEOMETRIC_REPRESENTATION_CONTEXT(2) 
PARAMETRIC_REPRESENTATION_CONTEXT() REPRESENTATION_CONTEXT('2D SPACE',''
  ) );
#3477 = ORIENTED_EDGE('',*,*,#1407,.T.);
#3478 = ORIENTED_EDGE('',*,*,#3344,.T.);
#3479 = ORIENTED_EDGE('',*,*,#3480,.F.);
#3480 = EDGE_CURVE('',#3456,#3345,#3481,.T.);
#3481 = SURFACE_CURVE('',#3482,(#3486,#3493),.PCURVE_S1.);
#3482 = LINE('',#3483,#3484);
#3483 = CARTESIAN_POINT('',(-74.8,16.5,0.4));
#3484 = VECTOR('',#3485,1.);
#3485 = DIRECTION('',(1.,0.,-0.));
#3486 = PCURVE('',#1423,#3487);
#3487 = DEFINITIONAL_REPRESENTATION('',(#3488),#3492);
#3488 = LINE('',#3489,#3490);
#3489 = CARTESIAN_POINT('',(0.,0.282842712475));
#3490 = VECTOR('',#3491,1.);
#3491 = DIRECTION('',(1.,0.));
#3492 = ( GEOMETRIC_REPRESENTATION_CONTEXT(2) 
PARAMETRIC_REPRESENTATION_CONTEXT() REPRESENTATION_CONTEXT('2D SPACE',''
  ) );
#3493 = PCURVE('',#3494,#3499);
#3494 = PLANE('',#3495);
#3495 = AXIS2_PLACEMENT_3D('',#3496,#3497,#3498);
#3496 = CARTESIAN_POINT('',(-74.8,16.5,0.));
#3497 = DIRECTION('',(-0.,1.,0.));
#3498 = DIRECTION('',(1.,0.,-0.));
#3499 = DEFINITIONAL_REPRESENTATION('',(#3500),#3504);
#3500 = LINE('',#3501,#3502);
#3501 = CARTESIAN_POINT('',(0.,-0.4));
#3502 = VECTOR('',#3503,1.);
#3503 = DIRECTION('',(1.,0.));
#3504 = ( GEOMETRIC_REPRESENTATION_CONTEXT(2) 
PARAMETRIC_REPRESENTATION_CONTEXT() REPRESENTATION_CONTEXT('2D SPACE',''
  ) );
#3505 = ADVANCED_FACE('',(#3506),#1056,.T.);
#3506 = FACE_BOUND('',#3507,.T.);
#3507 = EDGE_LOOP('',(#3508,#3509,#3510,#3537));
#3508 = ORIENTED_EDGE('',*,*,#3401,.F.);
#3509 = ORIENTED_EDGE('',*,*,#1040,.T.);
#3510 = ORIENTED_EDGE('',*,*,#3511,.T.);
#3511 = EDGE_CURVE('',#1041,#3512,#3514,.T.);
#3512 = VERTEX_POINT('',#3513);
#3513 = CARTESIAN_POINT('',(16.25,76.487525100503,0.4));
#3514 = SURFACE_CURVE('',#3515,(#3520,#3527),.PCURVE_S1.);
#3515 = PARABOLA('',#3516,0.441941738242);
#3516 = AXIS2_PLACEMENT_3D('',#3517,#3518,#3519);
#3517 = CARTESIAN_POINT('',(12.375,79.6,-3.475));
#3518 = DIRECTION('',(0.707106781187,-3.480000426336E-18,-0.707106781187
    ));
#3519 = DIRECTION('',(0.707106781187,-3.480000426336E-18,0.707106781187)
  );
#3520 = PCURVE('',#1056,#3521);
#3521 = DEFINITIONAL_REPRESENTATION('',(#3522),#3526);
#3522 = B_SPLINE_CURVE_WITH_KNOTS('',2,(#3523,#3524,#3525),
  .UNSPECIFIED.,.F.,.F.,(3,3),(2.947456530638,3.112474899497),
  .PIECEWISE_BEZIER_KNOTS.);
#3523 = CARTESIAN_POINT('',(1.852543469362,-0.282842712474));
#3524 = CARTESIAN_POINT('',(1.770034284932,-7.702107456392E-03));
#3525 = CARTESIAN_POINT('',(1.687525100503,0.282842712475));
#3526 = ( GEOMETRIC_REPRESENTATION_CONTEXT(2) 
PARAMETRIC_REPRESENTATION_CONTEXT() REPRESENTATION_CONTEXT('2D SPACE',''
  ) );
#3527 = PCURVE('',#1085,#3528);
#3528 = DEFINITIONAL_REPRESENTATION('',(#3529),#3536);
#3529 = B_SPLINE_CURVE_WITH_KNOTS('',5,(#3530,#3531,#3532,#3533,#3534,
    #3535),.UNSPECIFIED.,.F.,.F.,(6,6),(2.947456530638,3.112474899497),
  .PIECEWISE_BEZIER_KNOTS.);
#3530 = CARTESIAN_POINT('',(-3.842030572042E-02,-0.4));
#3531 = CARTESIAN_POINT('',(-3.03706291907E-02,-0.322178484965));
#3532 = CARTESIAN_POINT('',(-2.251193977764E-02,-0.243267727448));
#3533 = CARTESIAN_POINT('',(-1.483571862378E-02,-0.163267727446));
#3534 = CARTESIAN_POINT('',(-7.334149727126E-03,-8.217848496508E-02));
#3535 = CARTESIAN_POINT('',(-4.707345624411E-14,-2.013669890031E-13));
#3536 = ( GEOMETRIC_REPRESENTATION_CONTEXT(2) 
PARAMETRIC_REPRESENTATION_CONTEXT() REPRESENTATION_CONTEXT('2D SPACE',''
  ) );
#3537 = ORIENTED_EDGE('',*,*,#3538,.F.);
#3538 = EDGE_CURVE('',#3402,#3512,#3539,.T.);
#3539 = SURFACE_CURVE('',#3540,(#3544,#3551),.PCURVE_S1.);
#3540 = LINE('',#3541,#3542);
#3541 = CARTESIAN_POINT('',(16.25,74.8,0.4));
#3542 = VECTOR('',#3543,1.);
#3543 = DIRECTION('',(2.22044604925E-16,1.,0.));
#3544 = PCURVE('',#1056,#3545);
#3545 = DEFINITIONAL_REPRESENTATION('',(#3546),#3550);
#3546 = LINE('',#3547,#3548);
#3547 = CARTESIAN_POINT('',(0.,0.282842712475));
#3548 = VECTOR('',#3549,1.);
#3549 = DIRECTION('',(1.,0.));
#3550 = ( GEOMETRIC_REPRESENTATION_CONTEXT(2) 
PARAMETRIC_REPRESENTATION_CONTEXT() REPRESENTATION_CONTEXT('2D SPACE',''
  ) );
#3551 = PCURVE('',#3552,#3557);
#3552 = PLANE('',#3553);
#3553 = AXIS2_PLACEMENT_3D('',#3554,#3555,#3556);
#3554 = CARTESIAN_POINT('',(16.25,74.8,0.));
#3555 = DIRECTION('',(-1.,2.22044604925E-16,0.));
#3556 = DIRECTION('',(2.22044604925E-16,1.,0.));
#3557 = DEFINITIONAL_REPRESENTATION('',(#3558),#3562);
#3558 = LINE('',#3559,#3560);
#3559 = CARTESIAN_POINT('',(0.,-0.4));
#3560 = VECTOR('',#3561,1.);
#3561 = DIRECTION('',(1.,0.));
#3562 = ( GEOMETRIC_REPRESENTATION_CONTEXT(2) 
PARAMETRIC_REPRESENTATION_CONTEXT() REPRESENTATION_CONTEXT('2D SPACE',''
  ) );
#3563 = ADVANCED_FACE('',(#3564),#1395,.F.);
#3564 = FACE_BOUND('',#3565,.F.);
#3565 = EDGE_LOOP('',(#3566,#3567,#3568,#3591));
#3566 = ORIENTED_EDGE('',*,*,#3455,.F.);
#3567 = ORIENTED_EDGE('',*,*,#1379,.T.);
#3568 = ORIENTED_EDGE('',*,*,#3569,.T.);
#3569 = EDGE_CURVE('',#1352,#3570,#3572,.T.);
#3570 = VERTEX_POINT('',#3571);
#3571 = CARTESIAN_POINT('',(-74.8,59.5,0.4));
#3572 = SURFACE_CURVE('',#3573,(#3577,#3584),.PCURVE_S1.);
#3573 = LINE('',#3574,#3575);
#3574 = CARTESIAN_POINT('',(-67.5,52.2,-6.9));
#3575 = VECTOR('',#3576,1.);
#3576 = DIRECTION('',(-0.57735026919,0.57735026919,0.57735026919));
#3577 = PCURVE('',#1395,#3578);
#3578 = DEFINITIONAL_REPRESENTATION('',(#3579),#3583);
#3579 = LINE('',#3580,#3581);
#3580 = CARTESIAN_POINT('',(35.7,-10.04091629284));
#3581 = VECTOR('',#3582,1.);
#3582 = DIRECTION('',(0.57735026919,0.816496580928));
#3583 = ( GEOMETRIC_REPRESENTATION_CONTEXT(2) 
PARAMETRIC_REPRESENTATION_CONTEXT() REPRESENTATION_CONTEXT('2D SPACE',''
  ) );
#3584 = PCURVE('',#1367,#3585);
#3585 = DEFINITIONAL_REPRESENTATION('',(#3586),#3590);
#3586 = LINE('',#3587,#3588);
#3587 = CARTESIAN_POINT('',(7.3,-10.04091629284));
#3588 = VECTOR('',#3589,1.);
#3589 = DIRECTION('',(-0.57735026919,0.816496580928));
#3590 = ( GEOMETRIC_REPRESENTATION_CONTEXT(2) 
PARAMETRIC_REPRESENTATION_CONTEXT() REPRESENTATION_CONTEXT('2D SPACE',''
  ) );
#3591 = ORIENTED_EDGE('',*,*,#3592,.F.);
#3592 = EDGE_CURVE('',#3456,#3570,#3593,.T.);
#3593 = SURFACE_CURVE('',#3594,(#3598,#3605),.PCURVE_S1.);
#3594 = LINE('',#3595,#3596);
#3595 = CARTESIAN_POINT('',(-74.8,16.5,0.4));
#3596 = VECTOR('',#3597,1.);
#3597 = DIRECTION('',(-0.,1.,0.));
#3598 = PCURVE('',#1395,#3599);
#3599 = DEFINITIONAL_REPRESENTATION('',(#3600),#3604);
#3600 = LINE('',#3601,#3602);
#3601 = CARTESIAN_POINT('',(0.,0.282842712475));
#3602 = VECTOR('',#3603,1.);
#3603 = DIRECTION('',(1.,0.));
#3604 = ( GEOMETRIC_REPRESENTATION_CONTEXT(2) 
PARAMETRIC_REPRESENTATION_CONTEXT() REPRESENTATION_CONTEXT('2D SPACE',''
  ) );
#3605 = PCURVE('',#3606,#3611);
#3606 = PLANE('',#3607);
#3607 = AXIS2_PLACEMENT_3D('',#3608,#3609,#3610);
#3608 = CARTESIAN_POINT('',(-74.8,16.5,0.));
#3609 = DIRECTION('',(-1.,-0.,0.));
#3610 = DIRECTION('',(-0.,1.,0.));
#3611 = DEFINITIONAL_REPRESENTATION('',(#3612),#3616);
#3612 = LINE('',#3613,#3614);
#3613 = CARTESIAN_POINT('',(0.,-0.4));
#3614 = VECTOR('',#3615,1.);
#3615 = DIRECTION('',(1.,0.));
#3616 = ( GEOMETRIC_REPRESENTATION_CONTEXT(2) 
PARAMETRIC_REPRESENTATION_CONTEXT() REPRESENTATION_CONTEXT('2D SPACE',''
  ) );
#3617 = ADVANCED_FACE('',(#3618),#1085,.T.);
#3618 = FACE_BOUND('',#3619,.T.);
#3619 = EDGE_LOOP('',(#3620,#3621,#3622,#3649));
#3620 = ORIENTED_EDGE('',*,*,#3511,.F.);
#3621 = ORIENTED_EDGE('',*,*,#1068,.T.);
#3622 = ORIENTED_EDGE('',*,*,#3623,.T.);
#3623 = EDGE_CURVE('',#1069,#3624,#3626,.T.);
#3624 = VERTEX_POINT('',#3625);
#3625 = CARTESIAN_POINT('',(9.75,76.487525100503,0.4));
#3626 = SURFACE_CURVE('',#3627,(#3632,#3642),.PCURVE_S1.);
#3627 = PARABOLA('',#3628,0.441941738242);
#3628 = AXIS2_PLACEMENT_3D('',#3629,#3630,#3631);
#3629 = CARTESIAN_POINT('',(13.625,79.6,-3.475));
#3630 = DIRECTION('',(0.707106781187,-2.471535389659E-16,0.707106781187)
  );
#3631 = DIRECTION('',(-0.707106781187,2.471535389659E-16,0.707106781187)
  );
#3632 = PCURVE('',#1085,#3633);
#3633 = DEFINITIONAL_REPRESENTATION('',(#3634),#3641);
#3634 = B_SPLINE_CURVE_WITH_KNOTS('',5,(#3635,#3636,#3637,#3638,#3639,
    #3640),.UNSPECIFIED.,.F.,.F.,(6,6),(2.947456530638,3.112474899497),
  .PIECEWISE_BEZIER_KNOTS.);
#3635 = CARTESIAN_POINT('',(4.707585952106,-0.4));
#3636 = CARTESIAN_POINT('',(4.699536275576,-0.322178484965));
#3637 = CARTESIAN_POINT('',(4.691677586163,-0.243267727447));
#3638 = CARTESIAN_POINT('',(4.684001365009,-0.163267727447));
#3639 = CARTESIAN_POINT('',(4.676499796113,-8.217848496487E-02));
#3640 = CARTESIAN_POINT('',(4.669165646385,6.827871601445E-15));
#3641 = ( GEOMETRIC_REPRESENTATION_CONTEXT(2) 
PARAMETRIC_REPRESENTATION_CONTEXT() REPRESENTATION_CONTEXT('2D SPACE',''
  ) );
#3642 = PCURVE('',#1113,#3643);
#3643 = DEFINITIONAL_REPRESENTATION('',(#3644),#3648);
#3644 = B_SPLINE_CURVE_WITH_KNOTS('',2,(#3645,#3646,#3647),
  .UNSPECIFIED.,.F.,.F.,(3,3),(2.947456530638,3.112474899497),
  .PIECEWISE_BEZIER_KNOTS.);
#3645 = CARTESIAN_POINT('',(1.852543469362,-0.282842712475));
#3646 = CARTESIAN_POINT('',(1.770034284932,-7.702107456878E-03));
#3647 = CARTESIAN_POINT('',(1.687525100503,0.282842712475));
#3648 = ( GEOMETRIC_REPRESENTATION_CONTEXT(2) 
PARAMETRIC_REPRESENTATION_CONTEXT() REPRESENTATION_CONTEXT('2D SPACE',''
  ) );
#3649 = ORIENTED_EDGE('',*,*,#3650,.F.);
#3650 = EDGE_CURVE('',#3512,#3624,#3651,.T.);
#3651 = SURFACE_CURVE('',#3652,(#3657,#3664),.PCURVE_S1.);
#3652 = CIRCLE('',#3653,4.5);
#3653 = AXIS2_PLACEMENT_3D('',#3654,#3655,#3656);
#3654 = CARTESIAN_POINT('',(13.,79.6,0.4));
#3655 = DIRECTION('',(0.,0.,1.));
#3656 = DIRECTION('',(0.722222222222,-0.691661088777,0.));
#3657 = PCURVE('',#1085,#3658);
#3658 = DEFINITIONAL_REPRESENTATION('',(#3659),#3663);
#3659 = LINE('',#3660,#3661);
#3660 = CARTESIAN_POINT('',(0.,0.));
#3661 = VECTOR('',#3662,1.);
#3662 = DIRECTION('',(1.,0.));
#3663 = ( GEOMETRIC_REPRESENTATION_CONTEXT(2) 
PARAMETRIC_REPRESENTATION_CONTEXT() REPRESENTATION_CONTEXT('2D SPACE',''
  ) );
#3664 = PCURVE('',#3665,#3670);
#3665 = CYLINDRICAL_SURFACE('',#3666,4.5);
#3666 = AXIS2_PLACEMENT_3D('',#3667,#3668,#3669);
#3667 = CARTESIAN_POINT('',(13.,79.6,0.));
#3668 = DIRECTION('',(0.,-0.,-1.));
#3669 = DIRECTION('',(0.722222222222,-0.691661088777,0.));
#3670 = DEFINITIONAL_REPRESENTATION('',(#3671),#3675);
#3671 = LINE('',#3672,#3673);
#3672 = CARTESIAN_POINT('',(-3.157967714489E-15,-0.4));
#3673 = VECTOR('',#3674,1.);
#3674 = DIRECTION('',(-1.,0.));
#3675 = ( GEOMETRIC_REPRESENTATION_CONTEXT(2) 
PARAMETRIC_REPRESENTATION_CONTEXT() REPRESENTATION_CONTEXT('2D SPACE',''
  ) );
#3676 = ADVANCED_FACE('',(#3677),#1367,.F.);
#3677 = FACE_BOUND('',#3678,.F.);
#3678 = EDGE_LOOP('',(#3679,#3680,#3681,#3708));
#3679 = ORIENTED_EDGE('',*,*,#3569,.F.);
#3680 = ORIENTED_EDGE('',*,*,#1351,.T.);
#3681 = ORIENTED_EDGE('',*,*,#3682,.T.);
#3682 = EDGE_CURVE('',#1323,#3683,#3685,.T.);
#3683 = VERTEX_POINT('',#3684);
#3684 = CARTESIAN_POINT('',(-73.61130814466,59.5,0.4));
#3685 = SURFACE_CURVE('',#3686,(#3691,#3698),.PCURVE_S1.);
#3686 = PARABOLA('',#3687,0.441941738242);
#3687 = AXIS2_PLACEMENT_3D('',#3688,#3689,#3690);
#3688 = CARTESIAN_POINT('',(-70.4,63.625,4.525));
#3689 = DIRECTION('',(-5.47005954057E-18,-0.707106781187,0.707106781187)
  );
#3690 = DIRECTION('',(-5.47005954057E-18,-0.707106781187,-0.707106781187
    ));
#3691 = PCURVE('',#1367,#3692);
#3692 = DEFINITIONAL_REPRESENTATION('',(#3693),#3697);
#3693 = B_SPLINE_CURVE_WITH_KNOTS('',2,(#3694,#3695,#3696),
  .UNSPECIFIED.,.F.,.F.,(3,3),(-3.363406011768,-3.211308144666),
  .PIECEWISE_BEZIER_KNOTS.);
#3694 = CARTESIAN_POINT('',(1.036593988232,-0.282842712475));
#3695 = CARTESIAN_POINT('',(1.112642921783,6.543215760702E-03));
#3696 = CARTESIAN_POINT('',(1.188691855334,0.282842712474));
#3697 = ( GEOMETRIC_REPRESENTATION_CONTEXT(2) 
PARAMETRIC_REPRESENTATION_CONTEXT() REPRESENTATION_CONTEXT('2D SPACE',''
  ) );
#3698 = PCURVE('',#1339,#3699);
#3699 = DEFINITIONAL_REPRESENTATION('',(#3700),#3707);
#3700 = B_SPLINE_CURVE_WITH_KNOTS('',5,(#3701,#3702,#3703,#3704,#3705,
    #3706),.UNSPECIFIED.,.F.,.F.,(6,6),(-3.363406011768,-3.211308144666)
  ,.PIECEWISE_BEZIER_KNOTS.);
#3701 = CARTESIAN_POINT('',(-3.075316502712E-02,0.4));
#3702 = CARTESIAN_POINT('',(-2.48464517416E-02,0.318149299106));
#3703 = CARTESIAN_POINT('',(-1.882239174193E-02,0.23722394866));
#3704 = CARTESIAN_POINT('',(-1.267653686242E-02,0.157223948658));
#3705 = CARTESIAN_POINT('',(-6.404120720084E-03,7.814929910604E-02));
#3706 = CARTESIAN_POINT('',(6.217248937901E-15,1.899036483621E-13));
#3707 = ( GEOMETRIC_REPRESENTATION_CONTEXT(2) 
PARAMETRIC_REPRESENTATION_CONTEXT() REPRESENTATION_CONTEXT('2D SPACE',''
  ) );
#3708 = ORIENTED_EDGE('',*,*,#3709,.F.);
#3709 = EDGE_CURVE('',#3570,#3683,#3710,.T.);
#3710 = SURFACE_CURVE('',#3711,(#3715,#3722),.PCURVE_S1.);
#3711 = LINE('',#3712,#3713);
#3712 = CARTESIAN_POINT('',(-74.8,59.5,0.4));
#3713 = VECTOR('',#3714,1.);
#3714 = DIRECTION('',(1.,0.,-0.));
#3715 = PCURVE('',#1367,#3716);
#3716 = DEFINITIONAL_REPRESENTATION('',(#3717),#3721);
#3717 = LINE('',#3718,#3719);
#3718 = CARTESIAN_POINT('',(0.,0.282842712475));
#3719 = VECTOR('',#3720,1.);
#3720 = DIRECTION('',(1.,0.));
#3721 = ( GEOMETRIC_REPRESENTATION_CONTEXT(2) 
PARAMETRIC_REPRESENTATION_CONTEXT() REPRESENTATION_CONTEXT('2D SPACE',''
  ) );
#3722 = PCURVE('',#3723,#3728);
#3723 = PLANE('',#3724);
#3724 = AXIS2_PLACEMENT_3D('',#3725,#3726,#3727);
#3725 = CARTESIAN_POINT('',(-74.8,59.5,0.));
#3726 = DIRECTION('',(-0.,1.,0.));
#3727 = DIRECTION('',(1.,0.,-0.));
#3728 = DEFINITIONAL_REPRESENTATION('',(#3729),#3733);
#3729 = LINE('',#3730,#3731);
#3730 = CARTESIAN_POINT('',(0.,-0.4));
#3731 = VECTOR('',#3732,1.);
#3732 = DIRECTION('',(1.,0.));
#3733 = ( GEOMETRIC_REPRESENTATION_CONTEXT(2) 
PARAMETRIC_REPRESENTATION_CONTEXT() REPRESENTATION_CONTEXT('2D SPACE',''
  ) );
#3734 = ADVANCED_FACE('',(#3735),#1113,.F.);
#3735 = FACE_BOUND('',#3736,.F.);
#3736 = EDGE_LOOP('',(#3737,#3760,#3761,#3762));
#3737 = ORIENTED_EDGE('',*,*,#3738,.F.);
#3738 = EDGE_CURVE('',#1098,#3739,#3741,.T.);
#3739 = VERTEX_POINT('',#3740);
#3740 = CARTESIAN_POINT('',(9.75,74.8,0.4));
#3741 = SURFACE_CURVE('',#3742,(#3746,#3753),.PCURVE_S1.);
#3742 = LINE('',#3743,#3744);
#3743 = CARTESIAN_POINT('',(2.633333333333,81.916666666667,
    7.516666666667));
#3744 = VECTOR('',#3745,1.);
#3745 = DIRECTION('',(-0.57735026919,0.57735026919,0.57735026919));
#3746 = PCURVE('',#1113,#3747);
#3747 = DEFINITIONAL_REPRESENTATION('',(#3748),#3752);
#3748 = LINE('',#3749,#3750);
#3749 = CARTESIAN_POINT('',(7.116666666667,10.347329231363));
#3750 = VECTOR('',#3751,1.);
#3751 = DIRECTION('',(0.57735026919,0.816496580928));
#3752 = ( GEOMETRIC_REPRESENTATION_CONTEXT(2) 
PARAMETRIC_REPRESENTATION_CONTEXT() REPRESENTATION_CONTEXT('2D SPACE',''
  ) );
#3753 = PCURVE('',#1141,#3754);
#3754 = DEFINITIONAL_REPRESENTATION('',(#3755),#3759);
#3755 = LINE('',#3756,#3757);
#3756 = CARTESIAN_POINT('',(36.383333333333,10.347329231363));
#3757 = VECTOR('',#3758,1.);
#3758 = DIRECTION('',(-0.57735026919,0.816496580928));
#3759 = ( GEOMETRIC_REPRESENTATION_CONTEXT(2) 
PARAMETRIC_REPRESENTATION_CONTEXT() REPRESENTATION_CONTEXT('2D SPACE',''
  ) );
#3760 = ORIENTED_EDGE('',*,*,#1097,.T.);
#3761 = ORIENTED_EDGE('',*,*,#3623,.T.);
#3762 = ORIENTED_EDGE('',*,*,#3763,.F.);
#3763 = EDGE_CURVE('',#3739,#3624,#3764,.T.);
#3764 = SURFACE_CURVE('',#3765,(#3769,#3776),.PCURVE_S1.);
#3765 = LINE('',#3766,#3767);
#3766 = CARTESIAN_POINT('',(9.75,74.8,0.4));
#3767 = VECTOR('',#3768,1.);
#3768 = DIRECTION('',(2.22044604925E-16,1.,0.));
#3769 = PCURVE('',#1113,#3770);
#3770 = DEFINITIONAL_REPRESENTATION('',(#3771),#3775);
#3771 = LINE('',#3772,#3773);
#3772 = CARTESIAN_POINT('',(0.,0.282842712475));
#3773 = VECTOR('',#3774,1.);
#3774 = DIRECTION('',(1.,0.));
#3775 = ( GEOMETRIC_REPRESENTATION_CONTEXT(2) 
PARAMETRIC_REPRESENTATION_CONTEXT() REPRESENTATION_CONTEXT('2D SPACE',''
  ) );
#3776 = PCURVE('',#3777,#3782);
#3777 = PLANE('',#3778);
#3778 = AXIS2_PLACEMENT_3D('',#3779,#3780,#3781);
#3779 = CARTESIAN_POINT('',(9.75,74.8,0.));
#3780 = DIRECTION('',(-1.,2.22044604925E-16,0.));
#3781 = DIRECTION('',(2.22044604925E-16,1.,0.));
#3782 = DEFINITIONAL_REPRESENTATION('',(#3783),#3787);
#3783 = LINE('',#3784,#3785);
#3784 = CARTESIAN_POINT('',(0.,-0.4));
#3785 = VECTOR('',#3786,1.);
#3786 = DIRECTION('',(1.,0.));
#3787 = ( GEOMETRIC_REPRESENTATION_CONTEXT(2) 
PARAMETRIC_REPRESENTATION_CONTEXT() REPRESENTATION_CONTEXT('2D SPACE',''
  ) );
#3788 = ADVANCED_FACE('',(#3789),#1339,.F.);
#3789 = FACE_BOUND('',#3790,.F.);
#3790 = EDGE_LOOP('',(#3791,#3792,#3793,#3820));
#3791 = ORIENTED_EDGE('',*,*,#3682,.F.);
#3792 = ORIENTED_EDGE('',*,*,#1322,.T.);
#3793 = ORIENTED_EDGE('',*,*,#3794,.T.);
#3794 = EDGE_CURVE('',#1295,#3795,#3797,.T.);
#3795 = VERTEX_POINT('',#3796);
#3796 = CARTESIAN_POINT('',(-73.61130814466,66.5,0.4));
#3797 = SURFACE_CURVE('',#3798,(#3803,#3813),.PCURVE_S1.);
#3798 = PARABOLA('',#3799,0.441941738242);
#3799 = AXIS2_PLACEMENT_3D('',#3800,#3801,#3802);
#3800 = CARTESIAN_POINT('',(-70.4,62.375,4.525));
#3801 = DIRECTION('',(3.978141013962E-18,-0.707106781187,-0.707106781187
    ));
#3802 = DIRECTION('',(-3.978141013962E-18,0.707106781187,-0.707106781187
    ));
#3803 = PCURVE('',#1339,#3804);
#3804 = DEFINITIONAL_REPRESENTATION('',(#3805),#3812);
#3805 = B_SPLINE_CURVE_WITH_KNOTS('',5,(#3806,#3807,#3808,#3809,#3810,
    #3811),.UNSPECIFIED.,.F.,.F.,(6,6),(-3.363406011768,-3.211308144666)
  ,.PIECEWISE_BEZIER_KNOTS.);
#3806 = CARTESIAN_POINT('',(-4.595657348603,0.399999999998));
#3807 = CARTESIAN_POINT('',(-4.601564061889,0.318149299104));
#3808 = CARTESIAN_POINT('',(-4.607588121889,0.237223948658));
#3809 = CARTESIAN_POINT('',(-4.613733976768,0.157223948658));
#3810 = CARTESIAN_POINT('',(-4.62000639291,7.814929910529E-02));
#3811 = CARTESIAN_POINT('',(-4.62641051363,-2.626232564751E-13));
#3812 = ( GEOMETRIC_REPRESENTATION_CONTEXT(2) 
PARAMETRIC_REPRESENTATION_CONTEXT() REPRESENTATION_CONTEXT('2D SPACE',''
  ) );
#3813 = PCURVE('',#1310,#3814);
#3814 = DEFINITIONAL_REPRESENTATION('',(#3815),#3819);
#3815 = B_SPLINE_CURVE_WITH_KNOTS('',2,(#3816,#3817,#3818),
  .UNSPECIFIED.,.F.,.F.,(3,3),(-3.363406011768,-3.211308144666),
  .PIECEWISE_BEZIER_KNOTS.);
#3816 = CARTESIAN_POINT('',(1.036593988232,-0.282842712472));
#3817 = CARTESIAN_POINT('',(1.112642921783,6.543215762424E-03));
#3818 = CARTESIAN_POINT('',(1.188691855334,0.282842712475));
#3819 = ( GEOMETRIC_REPRESENTATION_CONTEXT(2) 
PARAMETRIC_REPRESENTATION_CONTEXT() REPRESENTATION_CONTEXT('2D SPACE',''
  ) );
#3820 = ORIENTED_EDGE('',*,*,#3821,.F.);
#3821 = EDGE_CURVE('',#3683,#3795,#3822,.T.);
#3822 = SURFACE_CURVE('',#3823,(#3828,#3835),.PCURVE_S1.);
#3823 = CIRCLE('',#3824,4.75);
#3824 = AXIS2_PLACEMENT_3D('',#3825,#3826,#3827);
#3825 = CARTESIAN_POINT('',(-70.4,63.,0.4));
#3826 = DIRECTION('',(0.,0.,1.));
#3827 = DIRECTION('',(-0.676064872561,-0.736842105263,0.));
#3828 = PCURVE('',#1339,#3829);
#3829 = DEFINITIONAL_REPRESENTATION('',(#3830),#3834);
#3830 = LINE('',#3831,#3832);
#3831 = CARTESIAN_POINT('',(-0.,-0.));
#3832 = VECTOR('',#3833,1.);
#3833 = DIRECTION('',(-1.,-0.));
#3834 = ( GEOMETRIC_REPRESENTATION_CONTEXT(2) 
PARAMETRIC_REPRESENTATION_CONTEXT() REPRESENTATION_CONTEXT('2D SPACE',''
  ) );
#3835 = PCURVE('',#3836,#3841);
#3836 = CYLINDRICAL_SURFACE('',#3837,4.75);
#3837 = AXIS2_PLACEMENT_3D('',#3838,#3839,#3840);
#3838 = CARTESIAN_POINT('',(-70.4,63.,0.));
#3839 = DIRECTION('',(-0.,-0.,-1.));
#3840 = DIRECTION('',(-0.676064872561,-0.736842105263,0.));
#3841 = DEFINITIONAL_REPRESENTATION('',(#3842),#3846);
#3842 = LINE('',#3843,#3844);
#3843 = CARTESIAN_POINT('',(-2.991758887411E-15,-0.4));
#3844 = VECTOR('',#3845,1.);
#3845 = DIRECTION('',(-1.,0.));
#3846 = ( GEOMETRIC_REPRESENTATION_CONTEXT(2) 
PARAMETRIC_REPRESENTATION_CONTEXT() REPRESENTATION_CONTEXT('2D SPACE',''
  ) );
#3847 = ADVANCED_FACE('',(#3848),#1141,.F.);
#3848 = FACE_BOUND('',#3849,.F.);
#3849 = EDGE_LOOP('',(#3850,#3873,#3874,#3875));
#3850 = ORIENTED_EDGE('',*,*,#3851,.F.);
#3851 = EDGE_CURVE('',#1126,#3852,#3854,.T.);
#3852 = VERTEX_POINT('',#3853);
#3853 = CARTESIAN_POINT('',(-33.75,74.8,0.4));
#3854 = SURFACE_CURVE('',#3855,(#3859,#3866),.PCURVE_S1.);
#3855 = LINE('',#3856,#3857);
#3856 = CARTESIAN_POINT('',(-33.88333333333,74.666666666667,
    0.266666666667));
#3857 = VECTOR('',#3858,1.);
#3858 = DIRECTION('',(0.57735026919,0.57735026919,0.57735026919));
#3859 = PCURVE('',#1141,#3860);
#3860 = DEFINITIONAL_REPRESENTATION('',(#3861),#3865);
#3861 = LINE('',#3862,#3863);
#3862 = CARTESIAN_POINT('',(-0.133333333333,9.42809041582E-02));
#3863 = VECTOR('',#3864,1.);
#3864 = DIRECTION('',(0.57735026919,0.816496580928));
#3865 = ( GEOMETRIC_REPRESENTATION_CONTEXT(2) 
PARAMETRIC_REPRESENTATION_CONTEXT() REPRESENTATION_CONTEXT('2D SPACE',''
  ) );
#3866 = PCURVE('',#1169,#3867);
#3867 = DEFINITIONAL_REPRESENTATION('',(#3868),#3872);
#3868 = LINE('',#3869,#3870);
#3869 = CARTESIAN_POINT('',(-0.133333333333,9.428090415821E-02));
#3870 = VECTOR('',#3871,1.);
#3871 = DIRECTION('',(0.57735026919,0.816496580928));
#3872 = ( GEOMETRIC_REPRESENTATION_CONTEXT(2) 
PARAMETRIC_REPRESENTATION_CONTEXT() REPRESENTATION_CONTEXT('2D SPACE',''
  ) );
#3873 = ORIENTED_EDGE('',*,*,#1125,.T.);
#3874 = ORIENTED_EDGE('',*,*,#3738,.T.);
#3875 = ORIENTED_EDGE('',*,*,#3876,.F.);
#3876 = EDGE_CURVE('',#3852,#3739,#3877,.T.);
#3877 = SURFACE_CURVE('',#3878,(#3882,#3889),.PCURVE_S1.);
#3878 = LINE('',#3879,#3880);
#3879 = CARTESIAN_POINT('',(-33.75,74.8,0.4));
#3880 = VECTOR('',#3881,1.);
#3881 = DIRECTION('',(1.,0.,-0.));
#3882 = PCURVE('',#1141,#3883);
#3883 = DEFINITIONAL_REPRESENTATION('',(#3884),#3888);
#3884 = LINE('',#3885,#3886);
#3885 = CARTESIAN_POINT('',(0.,0.282842712475));
#3886 = VECTOR('',#3887,1.);
#3887 = DIRECTION('',(1.,0.));
#3888 = ( GEOMETRIC_REPRESENTATION_CONTEXT(2) 
PARAMETRIC_REPRESENTATION_CONTEXT() REPRESENTATION_CONTEXT('2D SPACE',''
  ) );
#3889 = PCURVE('',#3890,#3895);
#3890 = PLANE('',#3891);
#3891 = AXIS2_PLACEMENT_3D('',#3892,#3893,#3894);
#3892 = CARTESIAN_POINT('',(-33.75,74.8,0.));
#3893 = DIRECTION('',(-0.,1.,0.));
#3894 = DIRECTION('',(1.,0.,-0.));
#3895 = DEFINITIONAL_REPRESENTATION('',(#3896),#3900);
#3896 = LINE('',#3897,#3898);
#3897 = CARTESIAN_POINT('',(0.,-0.4));
#3898 = VECTOR('',#3899,1.);
#3899 = DIRECTION('',(1.,0.));
#3900 = ( GEOMETRIC_REPRESENTATION_CONTEXT(2) 
PARAMETRIC_REPRESENTATION_CONTEXT() REPRESENTATION_CONTEXT('2D SPACE',''
  ) );
#3901 = ADVANCED_FACE('',(#3902),#1310,.T.);
#3902 = FACE_BOUND('',#3903,.T.);
#3903 = EDGE_LOOP('',(#3904,#3927,#3928,#3929));
#3904 = ORIENTED_EDGE('',*,*,#3905,.F.);
#3905 = EDGE_CURVE('',#1267,#3906,#3908,.T.);
#3906 = VERTEX_POINT('',#3907);
#3907 = CARTESIAN_POINT('',(-74.8,66.5,0.4));
#3908 = SURFACE_CURVE('',#3909,(#3913,#3920),.PCURVE_S1.);
#3909 = LINE('',#3910,#3911);
#3910 = CARTESIAN_POINT('',(-74.66666666666,66.633333333333,
    0.266666666667));
#3911 = VECTOR('',#3912,1.);
#3912 = DIRECTION('',(-0.57735026919,-0.57735026919,0.57735026919));
#3913 = PCURVE('',#1310,#3914);
#3914 = DEFINITIONAL_REPRESENTATION('',(#3915),#3919);
#3915 = LINE('',#3916,#3917);
#3916 = CARTESIAN_POINT('',(0.133333333333,9.42809041582E-02));
#3917 = VECTOR('',#3918,1.);
#3918 = DIRECTION('',(-0.57735026919,0.816496580928));
#3919 = ( GEOMETRIC_REPRESENTATION_CONTEXT(2) 
PARAMETRIC_REPRESENTATION_CONTEXT() REPRESENTATION_CONTEXT('2D SPACE',''
  ) );
#3920 = PCURVE('',#1282,#3921);
#3921 = DEFINITIONAL_REPRESENTATION('',(#3922),#3926);
#3922 = LINE('',#3923,#3924);
#3923 = CARTESIAN_POINT('',(0.133333333333,9.42809041582E-02));
#3924 = VECTOR('',#3925,1.);
#3925 = DIRECTION('',(-0.57735026919,0.816496580928));
#3926 = ( GEOMETRIC_REPRESENTATION_CONTEXT(2) 
PARAMETRIC_REPRESENTATION_CONTEXT() REPRESENTATION_CONTEXT('2D SPACE',''
  ) );
#3927 = ORIENTED_EDGE('',*,*,#1294,.T.);
#3928 = ORIENTED_EDGE('',*,*,#3794,.T.);
#3929 = ORIENTED_EDGE('',*,*,#3930,.F.);
#3930 = EDGE_CURVE('',#3906,#3795,#3931,.T.);
#3931 = SURFACE_CURVE('',#3932,(#3936,#3943),.PCURVE_S1.);
#3932 = LINE('',#3933,#3934);
#3933 = CARTESIAN_POINT('',(-74.8,66.5,0.4));
#3934 = VECTOR('',#3935,1.);
#3935 = DIRECTION('',(1.,0.,-0.));
#3936 = PCURVE('',#1310,#3937);
#3937 = DEFINITIONAL_REPRESENTATION('',(#3938),#3942);
#3938 = LINE('',#3939,#3940);
#3939 = CARTESIAN_POINT('',(0.,0.282842712475));
#3940 = VECTOR('',#3941,1.);
#3941 = DIRECTION('',(1.,0.));
#3942 = ( GEOMETRIC_REPRESENTATION_CONTEXT(2) 
PARAMETRIC_REPRESENTATION_CONTEXT() REPRESENTATION_CONTEXT('2D SPACE',''
  ) );
#3943 = PCURVE('',#3944,#3949);
#3944 = PLANE('',#3945);
#3945 = AXIS2_PLACEMENT_3D('',#3946,#3947,#3948);
#3946 = CARTESIAN_POINT('',(-74.8,66.5,0.));
#3947 = DIRECTION('',(-0.,1.,0.));
#3948 = DIRECTION('',(1.,0.,-0.));
#3949 = DEFINITIONAL_REPRESENTATION('',(#3950),#3954);
#3950 = LINE('',#3951,#3952);
#3951 = CARTESIAN_POINT('',(0.,-0.4));
#3952 = VECTOR('',#3953,1.);
#3953 = DIRECTION('',(1.,0.));
#3954 = ( GEOMETRIC_REPRESENTATION_CONTEXT(2) 
PARAMETRIC_REPRESENTATION_CONTEXT() REPRESENTATION_CONTEXT('2D SPACE',''
  ) );
#3955 = ADVANCED_FACE('',(#3956),#1169,.T.);
#3956 = FACE_BOUND('',#3957,.T.);
#3957 = EDGE_LOOP('',(#3958,#3959,#3960,#3987));
#3958 = ORIENTED_EDGE('',*,*,#3851,.F.);
#3959 = ORIENTED_EDGE('',*,*,#1153,.T.);
#3960 = ORIENTED_EDGE('',*,*,#3961,.T.);
#3961 = EDGE_CURVE('',#1154,#3962,#3964,.T.);
#3962 = VERTEX_POINT('',#3963);
#3963 = CARTESIAN_POINT('',(-33.75,76.487525100503,0.4));
#3964 = SURFACE_CURVE('',#3965,(#3970,#3977),.PCURVE_S1.);
#3965 = PARABOLA('',#3966,0.441941738242);
#3966 = AXIS2_PLACEMENT_3D('',#3967,#3968,#3969);
#3967 = CARTESIAN_POINT('',(-37.625,79.6,-3.475));
#3968 = DIRECTION('',(0.707106781187,5.332783484717E-18,-0.707106781187)
  );
#3969 = DIRECTION('',(0.707106781187,5.332783484717E-18,0.707106781187)
  );
#3970 = PCURVE('',#1169,#3971);
#3971 = DEFINITIONAL_REPRESENTATION('',(#3972),#3976);
#3972 = B_SPLINE_CURVE_WITH_KNOTS('',2,(#3973,#3974,#3975),
  .UNSPECIFIED.,.F.,.F.,(3,3),(2.947456530638,3.112474899497),
  .PIECEWISE_BEZIER_KNOTS.);
#3973 = CARTESIAN_POINT('',(1.852543469362,-0.282842712475));
#3974 = CARTESIAN_POINT('',(1.770034284933,-7.702107457382E-03));
#3975 = CARTESIAN_POINT('',(1.687525100503,0.282842712474));
#3976 = ( GEOMETRIC_REPRESENTATION_CONTEXT(2) 
PARAMETRIC_REPRESENTATION_CONTEXT() REPRESENTATION_CONTEXT('2D SPACE',''
  ) );
#3977 = PCURVE('',#1198,#3978);
#3978 = DEFINITIONAL_REPRESENTATION('',(#3979),#3986);
#3979 = B_SPLINE_CURVE_WITH_KNOTS('',5,(#3980,#3981,#3982,#3983,#3984,
    #3985),.UNSPECIFIED.,.F.,.F.,(6,6),(2.947456530638,3.112474899497),
  .PIECEWISE_BEZIER_KNOTS.);
#3980 = CARTESIAN_POINT('',(-3.842030572042E-02,-0.4));
#3981 = CARTESIAN_POINT('',(-3.03706291907E-02,-0.322178484965));
#3982 = CARTESIAN_POINT('',(-2.251193977761E-02,-0.243267727447));
#3983 = CARTESIAN_POINT('',(-1.483571862384E-02,-0.163267727447));
#3984 = CARTESIAN_POINT('',(-7.3341497271E-03,-8.217848496488E-02));
#3985 = CARTESIAN_POINT('',(-1.95399252334E-14,2.056932017346E-15));
#3986 = ( GEOMETRIC_REPRESENTATION_CONTEXT(2) 
PARAMETRIC_REPRESENTATION_CONTEXT() REPRESENTATION_CONTEXT('2D SPACE',''
  ) );
#3987 = ORIENTED_EDGE('',*,*,#3988,.F.);
#3988 = EDGE_CURVE('',#3852,#3962,#3989,.T.);
#3989 = SURFACE_CURVE('',#3990,(#3994,#4001),.PCURVE_S1.);
#3990 = LINE('',#3991,#3992);
#3991 = CARTESIAN_POINT('',(-33.75,74.8,0.4));
#3992 = VECTOR('',#3993,1.);
#3993 = DIRECTION('',(2.22044604925E-16,1.,0.));
#3994 = PCURVE('',#1169,#3995);
#3995 = DEFINITIONAL_REPRESENTATION('',(#3996),#4000);
#3996 = LINE('',#3997,#3998);
#3997 = CARTESIAN_POINT('',(0.,0.282842712475));
#3998 = VECTOR('',#3999,1.);
#3999 = DIRECTION('',(1.,0.));
#4000 = ( GEOMETRIC_REPRESENTATION_CONTEXT(2) 
PARAMETRIC_REPRESENTATION_CONTEXT() REPRESENTATION_CONTEXT('2D SPACE',''
  ) );
#4001 = PCURVE('',#4002,#4007);
#4002 = PLANE('',#4003);
#4003 = AXIS2_PLACEMENT_3D('',#4004,#4005,#4006);
#4004 = CARTESIAN_POINT('',(-33.75,74.8,0.));
#4005 = DIRECTION('',(-1.,2.22044604925E-16,0.));
#4006 = DIRECTION('',(2.22044604925E-16,1.,0.));
#4007 = DEFINITIONAL_REPRESENTATION('',(#4008),#4012);
#4008 = LINE('',#4009,#4010);
#4009 = CARTESIAN_POINT('',(0.,-0.4));
#4010 = VECTOR('',#4011,1.);
#4011 = DIRECTION('',(1.,0.));
#4012 = ( GEOMETRIC_REPRESENTATION_CONTEXT(2) 
PARAMETRIC_REPRESENTATION_CONTEXT() REPRESENTATION_CONTEXT('2D SPACE',''
  ) );
#4013 = ADVANCED_FACE('',(#4014),#1282,.F.);
#4014 = FACE_BOUND('',#4015,.F.);
#4015 = EDGE_LOOP('',(#4016,#4017,#4018,#4041));
#4016 = ORIENTED_EDGE('',*,*,#3905,.F.);
#4017 = ORIENTED_EDGE('',*,*,#1266,.T.);
#4018 = ORIENTED_EDGE('',*,*,#4019,.T.);
#4019 = EDGE_CURVE('',#1239,#4020,#4022,.T.);
#4020 = VERTEX_POINT('',#4021);
#4021 = CARTESIAN_POINT('',(-74.8,74.8,0.4));
#4022 = SURFACE_CURVE('',#4023,(#4027,#4034),.PCURVE_S1.);
#4023 = LINE('',#4024,#4025);
#4024 = CARTESIAN_POINT('',(-73.28333333333,73.283333333333,
    -1.116666666667));
#4025 = VECTOR('',#4026,1.);
#4026 = DIRECTION('',(-0.57735026919,0.57735026919,0.57735026919));
#4027 = PCURVE('',#1282,#4028);
#4028 = DEFINITIONAL_REPRESENTATION('',(#4029),#4033);
#4029 = LINE('',#4030,#4031);
#4030 = CARTESIAN_POINT('',(6.783333333333,-1.862047857125));
#4031 = VECTOR('',#4032,1.);
#4032 = DIRECTION('',(0.57735026919,0.816496580928));
#4033 = ( GEOMETRIC_REPRESENTATION_CONTEXT(2) 
PARAMETRIC_REPRESENTATION_CONTEXT() REPRESENTATION_CONTEXT('2D SPACE',''
  ) );
#4034 = PCURVE('',#1254,#4035);
#4035 = DEFINITIONAL_REPRESENTATION('',(#4036),#4040);
#4036 = LINE('',#4037,#4038);
#4037 = CARTESIAN_POINT('',(1.516666666667,-1.862047857125));
#4038 = VECTOR('',#4039,1.);
#4039 = DIRECTION('',(-0.57735026919,0.816496580928));
#4040 = ( GEOMETRIC_REPRESENTATION_CONTEXT(2) 
PARAMETRIC_REPRESENTATION_CONTEXT() REPRESENTATION_CONTEXT('2D SPACE',''
  ) );
#4041 = ORIENTED_EDGE('',*,*,#4042,.F.);
#4042 = EDGE_CURVE('',#3906,#4020,#4043,.T.);
#4043 = SURFACE_CURVE('',#4044,(#4048,#4055),.PCURVE_S1.);
#4044 = LINE('',#4045,#4046);
#4045 = CARTESIAN_POINT('',(-74.8,66.5,0.4));
#4046 = VECTOR('',#4047,1.);
#4047 = DIRECTION('',(-0.,1.,0.));
#4048 = PCURVE('',#1282,#4049);
#4049 = DEFINITIONAL_REPRESENTATION('',(#4050),#4054);
#4050 = LINE('',#4051,#4052);
#4051 = CARTESIAN_POINT('',(0.,0.282842712475));
#4052 = VECTOR('',#4053,1.);
#4053 = DIRECTION('',(1.,0.));
#4054 = ( GEOMETRIC_REPRESENTATION_CONTEXT(2) 
PARAMETRIC_REPRESENTATION_CONTEXT() REPRESENTATION_CONTEXT('2D SPACE',''
  ) );
#4055 = PCURVE('',#4056,#4061);
#4056 = PLANE('',#4057);
#4057 = AXIS2_PLACEMENT_3D('',#4058,#4059,#4060);
#4058 = CARTESIAN_POINT('',(-74.8,66.5,0.));
#4059 = DIRECTION('',(-1.,-0.,0.));
#4060 = DIRECTION('',(-0.,1.,0.));
#4061 = DEFINITIONAL_REPRESENTATION('',(#4062),#4066);
#4062 = LINE('',#4063,#4064);
#4063 = CARTESIAN_POINT('',(0.,-0.4));
#4064 = VECTOR('',#4065,1.);
#4065 = DIRECTION('',(1.,0.));
#4066 = ( GEOMETRIC_REPRESENTATION_CONTEXT(2) 
PARAMETRIC_REPRESENTATION_CONTEXT() REPRESENTATION_CONTEXT('2D SPACE',''
  ) );
#4067 = ADVANCED_FACE('',(#4068),#1198,.T.);
#4068 = FACE_BOUND('',#4069,.T.);
#4069 = EDGE_LOOP('',(#4070,#4071,#4072,#4099));
#4070 = ORIENTED_EDGE('',*,*,#3961,.F.);
#4071 = ORIENTED_EDGE('',*,*,#1181,.T.);
#4072 = ORIENTED_EDGE('',*,*,#4073,.T.);
#4073 = EDGE_CURVE('',#1182,#4074,#4076,.T.);
#4074 = VERTEX_POINT('',#4075);
#4075 = CARTESIAN_POINT('',(-40.25,76.487525100503,0.4));
#4076 = SURFACE_CURVE('',#4077,(#4082,#4092),.PCURVE_S1.);
#4077 = PARABOLA('',#4078,0.441941738242);
#4078 = AXIS2_PLACEMENT_3D('',#4079,#4080,#4081);
#4079 = CARTESIAN_POINT('',(-36.375,79.6,-3.475));
#4080 = DIRECTION('',(0.707106781187,-5.332783484717E-18,0.707106781187)
  );
#4081 = DIRECTION('',(-0.707106781187,5.332783484717E-18,0.707106781187)
  );
#4082 = PCURVE('',#1198,#4083);
#4083 = DEFINITIONAL_REPRESENTATION('',(#4084),#4091);
#4084 = B_SPLINE_CURVE_WITH_KNOTS('',5,(#4085,#4086,#4087,#4088,#4089,
    #4090),.UNSPECIFIED.,.F.,.F.,(6,6),(2.947456530638,3.112474899497),
  .PIECEWISE_BEZIER_KNOTS.);
#4085 = CARTESIAN_POINT('',(4.707585952106,-0.4));
#4086 = CARTESIAN_POINT('',(4.699536275576,-0.322178484965));
#4087 = CARTESIAN_POINT('',(4.691677586163,-0.243267727447));
#4088 = CARTESIAN_POINT('',(4.684001365009,-0.163267727447));
#4089 = CARTESIAN_POINT('',(4.676499796113,-8.217848496491E-02));
#4090 = CARTESIAN_POINT('',(4.669165646385,-3.824718319834E-14));
#4091 = ( GEOMETRIC_REPRESENTATION_CONTEXT(2) 
PARAMETRIC_REPRESENTATION_CONTEXT() REPRESENTATION_CONTEXT('2D SPACE',''
  ) );
#4092 = PCURVE('',#1226,#4093);
#4093 = DEFINITIONAL_REPRESENTATION('',(#4094),#4098);
#4094 = B_SPLINE_CURVE_WITH_KNOTS('',2,(#4095,#4096,#4097),
  .UNSPECIFIED.,.F.,.F.,(3,3),(2.947456530638,3.112474899497),
  .PIECEWISE_BEZIER_KNOTS.);
#4095 = CARTESIAN_POINT('',(1.852543469362,-0.282842712475));
#4096 = CARTESIAN_POINT('',(1.770034284932,-7.702107456912E-03));
#4097 = CARTESIAN_POINT('',(1.687525100503,0.282842712475));
#4098 = ( GEOMETRIC_REPRESENTATION_CONTEXT(2) 
PARAMETRIC_REPRESENTATION_CONTEXT() REPRESENTATION_CONTEXT('2D SPACE',''
  ) );
#4099 = ORIENTED_EDGE('',*,*,#4100,.F.);
#4100 = EDGE_CURVE('',#3962,#4074,#4101,.T.);
#4101 = SURFACE_CURVE('',#4102,(#4107,#4114),.PCURVE_S1.);
#4102 = CIRCLE('',#4103,4.5);
#4103 = AXIS2_PLACEMENT_3D('',#4104,#4105,#4106);
#4104 = CARTESIAN_POINT('',(-37.,79.6,0.4));
#4105 = DIRECTION('',(0.,0.,1.));
#4106 = DIRECTION('',(0.722222222222,-0.691661088777,0.));
#4107 = PCURVE('',#1198,#4108);
#4108 = DEFINITIONAL_REPRESENTATION('',(#4109),#4113);
#4109 = LINE('',#4110,#4111);
#4110 = CARTESIAN_POINT('',(0.,0.));
#4111 = VECTOR('',#4112,1.);
#4112 = DIRECTION('',(1.,0.));
#4113 = ( GEOMETRIC_REPRESENTATION_CONTEXT(2) 
PARAMETRIC_REPRESENTATION_CONTEXT() REPRESENTATION_CONTEXT('2D SPACE',''
  ) );
#4114 = PCURVE('',#4115,#4120);
#4115 = CYLINDRICAL_SURFACE('',#4116,4.5);
#4116 = AXIS2_PLACEMENT_3D('',#4117,#4118,#4119);
#4117 = CARTESIAN_POINT('',(-37.,79.6,0.));
#4118 = DIRECTION('',(0.,-0.,-1.));
#4119 = DIRECTION('',(0.722222222222,-0.691661088777,0.));
#4120 = DEFINITIONAL_REPRESENTATION('',(#4121),#4125);
#4121 = LINE('',#4122,#4123);
#4122 = CARTESIAN_POINT('',(-3.157967714489E-15,-0.4));
#4123 = VECTOR('',#4124,1.);
#4124 = DIRECTION('',(-1.,0.));
#4125 = ( GEOMETRIC_REPRESENTATION_CONTEXT(2) 
PARAMETRIC_REPRESENTATION_CONTEXT() REPRESENTATION_CONTEXT('2D SPACE',''
  ) );
#4126 = ADVANCED_FACE('',(#4127),#1254,.F.);
#4127 = FACE_BOUND('',#4128,.F.);
#4128 = EDGE_LOOP('',(#4129,#4130,#4131,#4154));
#4129 = ORIENTED_EDGE('',*,*,#4019,.F.);
#4130 = ORIENTED_EDGE('',*,*,#1238,.T.);
#4131 = ORIENTED_EDGE('',*,*,#4132,.T.);
#4132 = EDGE_CURVE('',#1211,#4133,#4135,.T.);
#4133 = VERTEX_POINT('',#4134);
#4134 = CARTESIAN_POINT('',(-40.25,74.8,0.4));
#4135 = SURFACE_CURVE('',#4136,(#4140,#4147),.PCURVE_S1.);
#4136 = LINE('',#4137,#4138);
#4137 = CARTESIAN_POINT('',(-45.875,80.425,6.025));
#4138 = VECTOR('',#4139,1.);
#4139 = DIRECTION('',(-0.57735026919,0.57735026919,0.57735026919));
#4140 = PCURVE('',#1254,#4141);
#4141 = DEFINITIONAL_REPRESENTATION('',(#4142),#4146);
#4142 = LINE('',#4143,#4144);
#4143 = CARTESIAN_POINT('',(28.925,8.237794000823));
#4144 = VECTOR('',#4145,1.);
#4145 = DIRECTION('',(-0.57735026919,0.816496580928));
#4146 = ( GEOMETRIC_REPRESENTATION_CONTEXT(2) 
PARAMETRIC_REPRESENTATION_CONTEXT() REPRESENTATION_CONTEXT('2D SPACE',''
  ) );
#4147 = PCURVE('',#1226,#4148);
#4148 = DEFINITIONAL_REPRESENTATION('',(#4149),#4153);
#4149 = LINE('',#4150,#4151);
#4150 = CARTESIAN_POINT('',(5.625,8.237794000823));
#4151 = VECTOR('',#4152,1.);
#4152 = DIRECTION('',(0.57735026919,0.816496580928));
#4153 = ( GEOMETRIC_REPRESENTATION_CONTEXT(2) 
PARAMETRIC_REPRESENTATION_CONTEXT() REPRESENTATION_CONTEXT('2D SPACE',''
  ) );
#4154 = ORIENTED_EDGE('',*,*,#4155,.F.);
#4155 = EDGE_CURVE('',#4020,#4133,#4156,.T.);
#4156 = SURFACE_CURVE('',#4157,(#4161,#4168),.PCURVE_S1.);
#4157 = LINE('',#4158,#4159);
#4158 = CARTESIAN_POINT('',(-74.8,74.8,0.4));
#4159 = VECTOR('',#4160,1.);
#4160 = DIRECTION('',(1.,0.,-0.));
#4161 = PCURVE('',#1254,#4162);
#4162 = DEFINITIONAL_REPRESENTATION('',(#4163),#4167);
#4163 = LINE('',#4164,#4165);
#4164 = CARTESIAN_POINT('',(0.,0.282842712475));
#4165 = VECTOR('',#4166,1.);
#4166 = DIRECTION('',(1.,0.));
#4167 = ( GEOMETRIC_REPRESENTATION_CONTEXT(2) 
PARAMETRIC_REPRESENTATION_CONTEXT() REPRESENTATION_CONTEXT('2D SPACE',''
  ) );
#4168 = PCURVE('',#4169,#4174);
#4169 = PLANE('',#4170);
#4170 = AXIS2_PLACEMENT_3D('',#4171,#4172,#4173);
#4171 = CARTESIAN_POINT('',(-74.8,74.8,0.));
#4172 = DIRECTION('',(-0.,1.,0.));
#4173 = DIRECTION('',(1.,0.,-0.));
#4174 = DEFINITIONAL_REPRESENTATION('',(#4175),#4179);
#4175 = LINE('',#4176,#4177);
#4176 = CARTESIAN_POINT('',(0.,-0.4));
#4177 = VECTOR('',#4178,1.);
#4178 = DIRECTION('',(1.,0.));
#4179 = ( GEOMETRIC_REPRESENTATION_CONTEXT(2) 
PARAMETRIC_REPRESENTATION_CONTEXT() REPRESENTATION_CONTEXT('2D SPACE',''
  ) );
#4180 = ADVANCED_FACE('',(#4181),#1226,.F.);
#4181 = FACE_BOUND('',#4182,.F.);
#4182 = EDGE_LOOP('',(#4183,#4184,#4185,#4186));
#4183 = ORIENTED_EDGE('',*,*,#4132,.F.);
#4184 = ORIENTED_EDGE('',*,*,#1210,.T.);
#4185 = ORIENTED_EDGE('',*,*,#4073,.T.);
#4186 = ORIENTED_EDGE('',*,*,#4187,.F.);
#4187 = EDGE_CURVE('',#4133,#4074,#4188,.T.);
#4188 = SURFACE_CURVE('',#4189,(#4193,#4200),.PCURVE_S1.);
#4189 = LINE('',#4190,#4191);
#4190 = CARTESIAN_POINT('',(-40.25,74.8,0.4));
#4191 = VECTOR('',#4192,1.);
#4192 = DIRECTION('',(2.22044604925E-16,1.,0.));
#4193 = PCURVE('',#1226,#4194);
#4194 = DEFINITIONAL_REPRESENTATION('',(#4195),#4199);
#4195 = LINE('',#4196,#4197);
#4196 = CARTESIAN_POINT('',(0.,0.282842712475));
#4197 = VECTOR('',#4198,1.);
#4198 = DIRECTION('',(1.,0.));
#4199 = ( GEOMETRIC_REPRESENTATION_CONTEXT(2) 
PARAMETRIC_REPRESENTATION_CONTEXT() REPRESENTATION_CONTEXT('2D SPACE',''
  ) );
#4200 = PCURVE('',#4201,#4206);
#4201 = PLANE('',#4202);
#4202 = AXIS2_PLACEMENT_3D('',#4203,#4204,#4205);
#4203 = CARTESIAN_POINT('',(-40.25,74.8,0.));
#4204 = DIRECTION('',(-1.,2.22044604925E-16,0.));
#4205 = DIRECTION('',(2.22044604925E-16,1.,0.));
#4206 = DEFINITIONAL_REPRESENTATION('',(#4207),#4211);
#4207 = LINE('',#4208,#4209);
#4208 = CARTESIAN_POINT('',(0.,-0.4));
#4209 = VECTOR('',#4210,1.);
#4210 = DIRECTION('',(1.,0.));
#4211 = ( GEOMETRIC_REPRESENTATION_CONTEXT(2) 
PARAMETRIC_REPRESENTATION_CONTEXT() REPRESENTATION_CONTEXT('2D SPACE',''
  ) );
#4212 = ADVANCED_FACE('',(#4213),#1758,.T.);
#4213 = FACE_BOUND('',#4214,.F.);
#4214 = EDGE_LOOP('',(#4215,#4216,#4217,#4218));
#4215 = ORIENTED_EDGE('',*,*,#1741,.F.);
#4216 = ORIENTED_EDGE('',*,*,#1920,.F.);
#4217 = ORIENTED_EDGE('',*,*,#2003,.T.);
#4218 = ORIENTED_EDGE('',*,*,#4219,.T.);
#4219 = EDGE_CURVE('',#2004,#1714,#4220,.T.);
#4220 = SURFACE_CURVE('',#4221,(#4244,#4270),.PCURVE_S1.);
#4221 = B_SPLINE_CURVE_WITH_KNOTS('',6,(#4222,#4223,#4224,#4225,#4226,
    #4227,#4228,#4229,#4230,#4231,#4232,#4233,#4234,#4235,#4236,#4237,
    #4238,#4239,#4240,#4241,#4242,#4243),.UNSPECIFIED.,.F.,.F.,(7,5,5,5,
    7),(0.,0.438656155906,0.691710082941,0.945880624776,1.),
  .UNSPECIFIED.);
#4222 = CARTESIAN_POINT('',(-73.61130814466,-33.5,3.2));
#4223 = CARTESIAN_POINT('',(-73.61130814466,-33.5,3.293405276581));
#4224 = CARTESIAN_POINT('',(-73.61640203259,-33.48691315054,
    3.386838899258));
#4225 = CARTESIAN_POINT('',(-73.62659657629,-33.46072491305,
    3.477756443995));
#4226 = CARTESIAN_POINT('',(-73.64153396808,-33.42218898618,
    3.563769019988));
#4227 = CARTESIAN_POINT('',(-73.66061165356,-33.37256702822,
    3.642861476168));
#4228 = CARTESIAN_POINT('',(-73.69608019607,-33.27940948441,
    3.754169942959));
#4229 = CARTESIAN_POINT('',(-73.71019572808,-33.24217371351,
    3.792070670963));
#4230 = CARTESIAN_POINT('',(-73.72531569681,-33.2020846418,
    3.826855296205));
#4231 = CARTESIAN_POINT('',(-73.74129595232,-33.15947175669,
    3.85827904682));
#4232 = CARTESIAN_POINT('',(-73.75798920619,-33.11468258,3.886144416867)
  );
#4233 = CARTESIAN_POINT('',(-73.79258834772,-33.02125795886,
    3.934556669535));
#4234 = CARTESIAN_POINT('',(-73.8104991982,-32.97260656561,
    3.955070629507));
#4235 = CARTESIAN_POINT('',(-73.8288363289,-32.92247953261,
    3.971683629917));
#4236 = CARTESIAN_POINT('',(-73.84745463487,-32.87124785141,
    3.984282674673));
#4237 = CARTESIAN_POINT('',(-73.86621249003,-32.81928917849,
    3.992795829176));
#4238 = CARTESIAN_POINT('',(-73.88896809349,-32.75584704,3.998126567874)
  );
#4239 = CARTESIAN_POINT('',(-73.89296290742,-32.74469426988,
    3.99887565621));
#4240 = CARTESIAN_POINT('',(-73.89695653194,-32.73352948733,
    3.999437727769));
#4241 = CARTESIAN_POINT('',(-73.90094765521,-32.72235638145,
    3.999812556487));
#4242 = CARTESIAN_POINT('',(-73.90493497854,-32.71117865086,
    4.00000000007));
#4243 = CARTESIAN_POINT('',(-73.90891721645,-32.70000000371,4.));
#4244 = PCURVE('',#1758,#4245);
#4245 = DEFINITIONAL_REPRESENTATION('',(#4246),#4269);
#4246 = B_SPLINE_CURVE_WITH_KNOTS('',6,(#4247,#4248,#4249,#4250,#4251,
    #4252,#4253,#4254,#4255,#4256,#4257,#4258,#4259,#4260,#4261,#4262,
    #4263,#4264,#4265,#4266,#4267,#4268),.UNSPECIFIED.,.F.,.F.,(7,5,5,5,
    7),(0.,0.438656155906,0.691710082941,0.945880624776,1.),
  .UNSPECIFIED.);
#4247 = CARTESIAN_POINT('',(-4.62641051363,3.14159265359));
#4248 = CARTESIAN_POINT('',(-4.62641051363,3.258349249316));
#4249 = CARTESIAN_POINT('',(-4.625338193139,3.375140645624));
#4250 = CARTESIAN_POINT('',(-4.623191599205,3.491655693943));
#4251 = CARTESIAN_POINT('',(-4.620070034367,3.607765842713));
#4252 = CARTESIAN_POINT('',(-4.616140067807,3.723391536278));
#4253 = CARTESIAN_POINT('',(-4.608955124803,3.90482636768));
#4254 = CARTESIAN_POINT('',(-4.606117471648,3.971029947422));
#4255 = CARTESIAN_POINT('',(-4.603105027323,4.037062604149));
#4256 = CARTESIAN_POINT('',(-4.599952977716,4.102936450162));
#4257 = CARTESIAN_POINT('',(-4.59669560037,4.168671187966));
#4258 = CARTESIAN_POINT('',(-4.590018713139,4.300200094274));
#4259 = CARTESIAN_POINT('',(-4.586598569396,4.365993168956));
#4260 = CARTESIAN_POINT('',(-4.58313626209,4.431695963951));
#4261 = CARTESIAN_POINT('',(-4.579661489607,4.497337636245));
#4262 = CARTESIAN_POINT('',(-4.576201245413,4.562948964488));
#4263 = CARTESIAN_POINT('',(-4.572051047064,4.642531092978));
#4264 = CARTESIAN_POINT('',(-4.571324243833,4.65650150425));
#4265 = CARTESIAN_POINT('',(-4.570599424871,4.670472211241));
#4266 = CARTESIAN_POINT('',(-4.569876818094,4.684443502103));
#4267 = CARTESIAN_POINT('',(-4.569156646768,4.698415663456));
#4268 = CARTESIAN_POINT('',(-4.568439129511,4.712388980385));
#4269 = ( GEOMETRIC_REPRESENTATION_CONTEXT(2) 
PARAMETRIC_REPRESENTATION_CONTEXT() REPRESENTATION_CONTEXT('2D SPACE',''
  ) );
#4270 = PCURVE('',#1729,#4271);
#4271 = DEFINITIONAL_REPRESENTATION('',(#4272),#4295);
#4272 = B_SPLINE_CURVE_WITH_KNOTS('',6,(#4273,#4274,#4275,#4276,#4277,
    #4278,#4279,#4280,#4281,#4282,#4283,#4284,#4285,#4286,#4287,#4288,
    #4289,#4290,#4291,#4292,#4293,#4294),.UNSPECIFIED.,.F.,.F.,(7,5,5,5,
    7),(0.,0.438656155906,0.691710082941,0.945880624776,1.),
  .UNSPECIFIED.);
#4273 = CARTESIAN_POINT('',(0.,1.188691855333));
#4274 = CARTESIAN_POINT('',(-0.116756595726,1.188691855333));
#4275 = CARTESIAN_POINT('',(-0.233547992034,1.183597967408));
#4276 = CARTESIAN_POINT('',(-0.350063040353,1.173403423707));
#4277 = CARTESIAN_POINT('',(-0.466173189123,1.158466031917));
#4278 = CARTESIAN_POINT('',(-0.581798882689,1.139388346438));
#4279 = CARTESIAN_POINT('',(-0.763233714091,1.103919803928));
#4280 = CARTESIAN_POINT('',(-0.829437293832,1.089804271916));
#4281 = CARTESIAN_POINT('',(-0.895469950559,1.074684303181));
#4282 = CARTESIAN_POINT('',(-0.961343796572,1.058704047679));
#4283 = CARTESIAN_POINT('',(-1.027078534376,1.042010793806));
#4284 = CARTESIAN_POINT('',(-1.158607440684,1.007411652278));
#4285 = CARTESIAN_POINT('',(-1.224400515366,0.989500801795));
#4286 = CARTESIAN_POINT('',(-1.290103310361,0.971163671094));
#4287 = CARTESIAN_POINT('',(-1.355744982655,0.952545365127));
#4288 = CARTESIAN_POINT('',(-1.421356310899,0.933787509965));
#4289 = CARTESIAN_POINT('',(-1.500938439388,0.911031906501));
#4290 = CARTESIAN_POINT('',(-1.514908849141,0.907037092578));
#4291 = CARTESIAN_POINT('',(-1.528879556748,0.903043468058));
#4292 = CARTESIAN_POINT('',(-1.542850850353,0.89905234479));
#4293 = CARTESIAN_POINT('',(-1.556823012905,0.895065021451));
#4294 = CARTESIAN_POINT('',(-1.570796322156,0.891082783547));
#4295 = ( GEOMETRIC_REPRESENTATION_CONTEXT(2) 
PARAMETRIC_REPRESENTATION_CONTEXT() REPRESENTATION_CONTEXT('2D SPACE',''
  ) );
#4296 = ADVANCED_FACE('',(#4297),#1673,.T.);
#4297 = FACE_BOUND('',#4298,.T.);
#4298 = EDGE_LOOP('',(#4299,#4300,#4328,#4355));
#4299 = ORIENTED_EDGE('',*,*,#2859,.F.);
#4300 = ORIENTED_EDGE('',*,*,#4301,.F.);
#4301 = EDGE_CURVE('',#4302,#2812,#4304,.T.);
#4302 = VERTEX_POINT('',#4303);
#4303 = CARTESIAN_POINT('',(-74.7416198487,-25.,3.5));
#4304 = SURFACE_CURVE('',#4305,(#4309,#4316),.PCURVE_S1.);
#4305 = LINE('',#4306,#4307);
#4306 = CARTESIAN_POINT('',(-75.8,-25.,3.5));
#4307 = VECTOR('',#4308,1.);
#4308 = DIRECTION('',(1.,0.,0.));
#4309 = PCURVE('',#1673,#4310);
#4310 = DEFINITIONAL_REPRESENTATION('',(#4311),#4315);
#4311 = LINE('',#4312,#4313);
#4312 = CARTESIAN_POINT('',(0.,0.));
#4313 = VECTOR('',#4314,1.);
#4314 = DIRECTION('',(0.,1.));
#4315 = ( GEOMETRIC_REPRESENTATION_CONTEXT(2) 
PARAMETRIC_REPRESENTATION_CONTEXT() REPRESENTATION_CONTEXT('2D SPACE',''
  ) );
#4316 = PCURVE('',#4317,#4322);
#4317 = PLANE('',#4318);
#4318 = AXIS2_PLACEMENT_3D('',#4319,#4320,#4321);
#4319 = CARTESIAN_POINT('',(-75.8,-25.,3.5));
#4320 = DIRECTION('',(0.,-0.707106781187,0.707106781187));
#4321 = DIRECTION('',(1.,0.,0.));
#4322 = DEFINITIONAL_REPRESENTATION('',(#4323),#4327);
#4323 = LINE('',#4324,#4325);
#4324 = CARTESIAN_POINT('',(0.,0.));
#4325 = VECTOR('',#4326,1.);
#4326 = DIRECTION('',(1.,0.));
#4327 = ( GEOMETRIC_REPRESENTATION_CONTEXT(2) 
PARAMETRIC_REPRESENTATION_CONTEXT() REPRESENTATION_CONTEXT('2D SPACE',''
  ) );
#4328 = ORIENTED_EDGE('',*,*,#4329,.T.);
#4329 = EDGE_CURVE('',#4302,#1658,#4330,.T.);
#4330 = SURFACE_CURVE('',#4331,(#4336,#4343),.PCURVE_S1.);
#4331 = ELLIPSE('',#4332,1.131370849898,0.8);
#4332 = AXIS2_PLACEMENT_3D('',#4333,#4334,#4335);
#4333 = CARTESIAN_POINT('',(-74.,-24.7,3.2));
#4334 = DIRECTION('',(0.,0.707106781187,0.707106781187));
#4335 = DIRECTION('',(-0.,0.707106781187,-0.707106781187));
#4336 = PCURVE('',#1673,#4337);
#4337 = DEFINITIONAL_REPRESENTATION('',(#4338),#4342);
#4338 = ELLIPSE('',#4339,1.131370849898,0.8);
#4339 = AXIS2_PLACEMENT_2D('',#4340,#4341);
#4340 = CARTESIAN_POINT('',(-0.424264068712,1.8));
#4341 = DIRECTION('',(-1.,0.));
#4342 = ( GEOMETRIC_REPRESENTATION_CONTEXT(2) 
PARAMETRIC_REPRESENTATION_CONTEXT() REPRESENTATION_CONTEXT('2D SPACE',''
  ) );
#4343 = PCURVE('',#1701,#4344);
#4344 = DEFINITIONAL_REPRESENTATION('',(#4345),#4354);
#4345 = B_SPLINE_CURVE_WITH_KNOTS('',7,(#4346,#4347,#4348,#4349,#4350,
    #4351,#4352,#4353),.UNSPECIFIED.,.F.,.F.,(8,8),(1.888620030723,
    3.14159265359),.PIECEWISE_BEZIER_KNOTS.);
#4346 = CARTESIAN_POINT('',(0.317823703928,8.55));
#4347 = CARTESIAN_POINT('',(0.496819792909,8.413974748943));
#4348 = CARTESIAN_POINT('',(0.67581588189,8.287294522962));
#4349 = CARTESIAN_POINT('',(0.854811970872,8.177076566285));
#4350 = CARTESIAN_POINT('',(1.033808059852,8.089710083946));
#4351 = CARTESIAN_POINT('',(1.212804148833,8.029903778477));
#4352 = CARTESIAN_POINT('',(1.391800237814,8.));
#4353 = CARTESIAN_POINT('',(1.570796326795,8.));
#4354 = ( GEOMETRIC_REPRESENTATION_CONTEXT(2) 
PARAMETRIC_REPRESENTATION_CONTEXT() REPRESENTATION_CONTEXT('2D SPACE',''
  ) );
#4355 = ORIENTED_EDGE('',*,*,#1657,.T.);
#4356 = ADVANCED_FACE('',(#4357),#1729,.T.);
#4357 = FACE_BOUND('',#4358,.F.);
#4358 = EDGE_LOOP('',(#4359,#4393,#4394,#4395));
#4359 = ORIENTED_EDGE('',*,*,#4360,.T.);
#4360 = EDGE_CURVE('',#4361,#1686,#4363,.T.);
#4361 = VERTEX_POINT('',#4362);
#4362 = CARTESIAN_POINT('',(-74.8,-33.5,3.2));
#4363 = SURFACE_CURVE('',#4364,(#4369,#4381),.PCURVE_S1.);
#4364 = ELLIPSE('',#4365,1.131370849898,0.8);
#4365 = AXIS2_PLACEMENT_3D('',#4366,#4367,#4368);
#4366 = CARTESIAN_POINT('',(-74.,-32.7,3.2));
#4367 = DIRECTION('',(-0.707106781187,0.707106781187,0.));
#4368 = DIRECTION('',(0.707106781187,0.707106781187,0.));
#4369 = PCURVE('',#1729,#4370);
#4370 = DEFINITIONAL_REPRESENTATION('',(#4371),#4380);
#4371 = B_SPLINE_CURVE_WITH_KNOTS('',7,(#4372,#4373,#4374,#4375,#4376,
    #4377,#4378,#4379),.UNSPECIFIED.,.F.,.F.,(8,8),(3.14159265359,
    4.712388505414),.PIECEWISE_BEZIER_KNOTS.);
#4372 = CARTESIAN_POINT('',(0.,0.));
#4373 = CARTESIAN_POINT('',(-0.224399407403,-2.198480128057E-17));
#4374 = CARTESIAN_POINT('',(-0.448798814807,4.699890966387E-02));
#4375 = CARTESIAN_POINT('',(-0.67319822221,0.140989911043));
#4376 = CARTESIAN_POINT('',(-0.897597629614,0.276202375833));
#4377 = CARTESIAN_POINT('',(-1.121997037017,0.440961319454));
#4378 = CARTESIAN_POINT('',(-1.346396444421,0.620480094101));
#4379 = CARTESIAN_POINT('',(-1.570795851824,0.799999620023));
#4380 = ( GEOMETRIC_REPRESENTATION_CONTEXT(2) 
PARAMETRIC_REPRESENTATION_CONTEXT() REPRESENTATION_CONTEXT('2D SPACE',''
  ) );
#4381 = PCURVE('',#1701,#4382);
#4382 = DEFINITIONAL_REPRESENTATION('',(#4383),#4392);
#4383 = B_SPLINE_CURVE_WITH_KNOTS('',7,(#4384,#4385,#4386,#4387,#4388,
    #4389,#4390,#4391),.UNSPECIFIED.,.F.,.F.,(8,8),(3.14159265359,
    4.712388505414),.PIECEWISE_BEZIER_KNOTS.);
#4384 = CARTESIAN_POINT('',(0.,0.));
#4385 = CARTESIAN_POINT('',(0.224399407403,-2.198480128057E-17));
#4386 = CARTESIAN_POINT('',(0.448798814807,4.699890966396E-02));
#4387 = CARTESIAN_POINT('',(0.673198222211,0.140989911043));
#4388 = CARTESIAN_POINT('',(0.897597629613,0.276202375834));
#4389 = CARTESIAN_POINT('',(1.121997037017,0.440961319454));
#4390 = CARTESIAN_POINT('',(1.346396444421,0.620480094101));
#4391 = CARTESIAN_POINT('',(1.570795851824,0.799999620023));
#4392 = ( GEOMETRIC_REPRESENTATION_CONTEXT(2) 
PARAMETRIC_REPRESENTATION_CONTEXT() REPRESENTATION_CONTEXT('2D SPACE',''
  ) );
#4393 = ORIENTED_EDGE('',*,*,#1713,.T.);
#4394 = ORIENTED_EDGE('',*,*,#4219,.F.);
#4395 = ORIENTED_EDGE('',*,*,#4396,.F.);
#4396 = EDGE_CURVE('',#4361,#2004,#4397,.T.);
#4397 = SURFACE_CURVE('',#4398,(#4402,#4409),.PCURVE_S1.);
#4398 = LINE('',#4399,#4400);
#4399 = CARTESIAN_POINT('',(-74.8,-33.5,3.2));
#4400 = VECTOR('',#4401,1.);
#4401 = DIRECTION('',(1.,0.,-0.));
#4402 = PCURVE('',#1729,#4403);
#4403 = DEFINITIONAL_REPRESENTATION('',(#4404),#4408);
#4404 = LINE('',#4405,#4406);
#4405 = CARTESIAN_POINT('',(-0.,0.));
#4406 = VECTOR('',#4407,1.);
#4407 = DIRECTION('',(-0.,1.));
#4408 = ( GEOMETRIC_REPRESENTATION_CONTEXT(2) 
PARAMETRIC_REPRESENTATION_CONTEXT() REPRESENTATION_CONTEXT('2D SPACE',''
  ) );
#4409 = PCURVE('',#2043,#4410);
#4410 = DEFINITIONAL_REPRESENTATION('',(#4411),#4415);
#4411 = LINE('',#4412,#4413);
#4412 = CARTESIAN_POINT('',(0.,-3.2));
#4413 = VECTOR('',#4414,1.);
#4414 = DIRECTION('',(1.,0.));
#4415 = ( GEOMETRIC_REPRESENTATION_CONTEXT(2) 
PARAMETRIC_REPRESENTATION_CONTEXT() REPRESENTATION_CONTEXT('2D SPACE',''
  ) );
#4416 = ADVANCED_FACE('',(#4417),#1701,.T.);
#4417 = FACE_BOUND('',#4418,.T.);
#4418 = EDGE_LOOP('',(#4419,#4442,#4443,#4444,#4445,#4474,#4502));
#4419 = ORIENTED_EDGE('',*,*,#4420,.F.);
#4420 = EDGE_CURVE('',#4361,#4421,#4423,.T.);
#4421 = VERTEX_POINT('',#4422);
#4422 = CARTESIAN_POINT('',(-74.8,9.5,3.2));
#4423 = SURFACE_CURVE('',#4424,(#4428,#4435),.PCURVE_S1.);
#4424 = LINE('',#4425,#4426);
#4425 = CARTESIAN_POINT('',(-74.8,-33.5,3.2));
#4426 = VECTOR('',#4427,1.);
#4427 = DIRECTION('',(-0.,1.,0.));
#4428 = PCURVE('',#1701,#4429);
#4429 = DEFINITIONAL_REPRESENTATION('',(#4430),#4434);
#4430 = LINE('',#4431,#4432);
#4431 = CARTESIAN_POINT('',(0.,0.));
#4432 = VECTOR('',#4433,1.);
#4433 = DIRECTION('',(0.,1.));
#4434 = ( GEOMETRIC_REPRESENTATION_CONTEXT(2) 
PARAMETRIC_REPRESENTATION_CONTEXT() REPRESENTATION_CONTEXT('2D SPACE',''
  ) );
#4435 = PCURVE('',#3156,#4436);
#4436 = DEFINITIONAL_REPRESENTATION('',(#4437),#4441);
#4437 = LINE('',#4438,#4439);
#4438 = CARTESIAN_POINT('',(0.,-3.2));
#4439 = VECTOR('',#4440,1.);
#4440 = DIRECTION('',(1.,0.));
#4441 = ( GEOMETRIC_REPRESENTATION_CONTEXT(2) 
PARAMETRIC_REPRESENTATION_CONTEXT() REPRESENTATION_CONTEXT('2D SPACE',''
  ) );
#4442 = ORIENTED_EDGE('',*,*,#4360,.T.);
#4443 = ORIENTED_EDGE('',*,*,#1685,.T.);
#4444 = ORIENTED_EDGE('',*,*,#4329,.F.);
#4445 = ORIENTED_EDGE('',*,*,#4446,.F.);
#4446 = EDGE_CURVE('',#4447,#4302,#4449,.T.);
#4447 = VERTEX_POINT('',#4448);
#4448 = CARTESIAN_POINT('',(-74.,-24.5,4.));
#4449 = SURFACE_CURVE('',#4450,(#4455,#4467),.PCURVE_S1.);
#4450 = ELLIPSE('',#4451,1.131370849898,0.8);
#4451 = AXIS2_PLACEMENT_3D('',#4452,#4453,#4454);
#4452 = CARTESIAN_POINT('',(-74.,-25.3,3.2));
#4453 = DIRECTION('',(0.,-0.707106781187,0.707106781187));
#4454 = DIRECTION('',(0.,0.707106781187,0.707106781187));
#4455 = PCURVE('',#1701,#4456);
#4456 = DEFINITIONAL_REPRESENTATION('',(#4457),#4466);
#4457 = B_SPLINE_CURVE_WITH_KNOTS('',7,(#4458,#4459,#4460,#4461,#4462,
    #4463,#4464,#4465),.UNSPECIFIED.,.F.,.F.,(8,8),(1.014653635757E-17,
    1.252972622867),.PIECEWISE_BEZIER_KNOTS.);
#4458 = CARTESIAN_POINT('',(1.570796326795,9.));
#4459 = CARTESIAN_POINT('',(1.391800237814,9.));
#4460 = CARTESIAN_POINT('',(1.212804148833,8.970096221522));
#4461 = CARTESIAN_POINT('',(1.033808059852,8.91028991606));
#4462 = CARTESIAN_POINT('',(0.854811970871,8.82292343371));
#4463 = CARTESIAN_POINT('',(0.67581588189,8.712705477039));
#4464 = CARTESIAN_POINT('',(0.496819792909,8.586025251057));
#4465 = CARTESIAN_POINT('',(0.317823703928,8.45));
#4466 = ( GEOMETRIC_REPRESENTATION_CONTEXT(2) 
PARAMETRIC_REPRESENTATION_CONTEXT() REPRESENTATION_CONTEXT('2D SPACE',''
  ) );
#4467 = PCURVE('',#4317,#4468);
#4468 = DEFINITIONAL_REPRESENTATION('',(#4469),#4473);
#4469 = ELLIPSE('',#4470,1.131370849898,0.8);
#4470 = AXIS2_PLACEMENT_2D('',#4471,#4472);
#4471 = CARTESIAN_POINT('',(1.8,-0.424264068712));
#4472 = DIRECTION('',(0.,1.));
#4473 = ( GEOMETRIC_REPRESENTATION_CONTEXT(2) 
PARAMETRIC_REPRESENTATION_CONTEXT() REPRESENTATION_CONTEXT('2D SPACE',''
  ) );
#4474 = ORIENTED_EDGE('',*,*,#4475,.T.);
#4475 = EDGE_CURVE('',#4447,#4476,#4478,.T.);
#4476 = VERTEX_POINT('',#4477);
#4477 = CARTESIAN_POINT('',(-74.,8.7,4.));
#4478 = SURFACE_CURVE('',#4479,(#4483,#4490),.PCURVE_S1.);
#4479 = LINE('',#4480,#4481);
#4480 = CARTESIAN_POINT('',(-74.,-33.5,4.));
#4481 = VECTOR('',#4482,1.);
#4482 = DIRECTION('',(-0.,1.,0.));
#4483 = PCURVE('',#1701,#4484);
#4484 = DEFINITIONAL_REPRESENTATION('',(#4485),#4489);
#4485 = LINE('',#4486,#4487);
#4486 = CARTESIAN_POINT('',(1.570796326795,0.));
#4487 = VECTOR('',#4488,1.);
#4488 = DIRECTION('',(0.,1.));
#4489 = ( GEOMETRIC_REPRESENTATION_CONTEXT(2) 
PARAMETRIC_REPRESENTATION_CONTEXT() REPRESENTATION_CONTEXT('2D SPACE',''
  ) );
#4490 = PCURVE('',#4491,#4496);
#4491 = PLANE('',#4492);
#4492 = AXIS2_PLACEMENT_3D('',#4493,#4494,#4495);
#4493 = CARTESIAN_POINT('',(0.,0.,4.));
#4494 = DIRECTION('',(0.,0.,1.));
#4495 = DIRECTION('',(1.,0.,-0.));
#4496 = DEFINITIONAL_REPRESENTATION('',(#4497),#4501);
#4497 = LINE('',#4498,#4499);
#4498 = CARTESIAN_POINT('',(-74.,-33.5));
#4499 = VECTOR('',#4500,1.);
#4500 = DIRECTION('',(0.,1.));
#4501 = ( GEOMETRIC_REPRESENTATION_CONTEXT(2) 
PARAMETRIC_REPRESENTATION_CONTEXT() REPRESENTATION_CONTEXT('2D SPACE',''
  ) );
#4502 = ORIENTED_EDGE('',*,*,#4503,.F.);
#4503 = EDGE_CURVE('',#4421,#4476,#4504,.T.);
#4504 = SURFACE_CURVE('',#4505,(#4510,#4522),.PCURVE_S1.);
#4505 = ELLIPSE('',#4506,1.131370849898,0.8);
#4506 = AXIS2_PLACEMENT_3D('',#4507,#4508,#4509);
#4507 = CARTESIAN_POINT('',(-74.,8.7,3.2));
#4508 = DIRECTION('',(0.707106781187,0.707106781187,0.));
#4509 = DIRECTION('',(0.707106781187,-0.707106781187,-0.));
#4510 = PCURVE('',#1701,#4511);
#4511 = DEFINITIONAL_REPRESENTATION('',(#4512),#4521);
#4512 = B_SPLINE_CURVE_WITH_KNOTS('',7,(#4513,#4514,#4515,#4516,#4517,
    #4518,#4519,#4520),.UNSPECIFIED.,.F.,.F.,(8,8),(3.14159265359,
    4.712388505414),.PIECEWISE_BEZIER_KNOTS.);
#4513 = CARTESIAN_POINT('',(0.,43.));
#4514 = CARTESIAN_POINT('',(0.224399407403,43.));
#4515 = CARTESIAN_POINT('',(0.448798814807,42.953001090338));
#4516 = CARTESIAN_POINT('',(0.673198222211,42.859010088954));
#4517 = CARTESIAN_POINT('',(0.897597629613,42.72379762418));
#4518 = CARTESIAN_POINT('',(1.121997037017,42.559038680545));
#4519 = CARTESIAN_POINT('',(1.346396444421,42.379519905899));
#4520 = CARTESIAN_POINT('',(1.570795851824,42.200000379977));
#4521 = ( GEOMETRIC_REPRESENTATION_CONTEXT(2) 
PARAMETRIC_REPRESENTATION_CONTEXT() REPRESENTATION_CONTEXT('2D SPACE',''
  ) );
#4522 = PCURVE('',#4523,#4528);
#4523 = CYLINDRICAL_SURFACE('',#4524,0.8);
#4524 = AXIS2_PLACEMENT_3D('',#4525,#4526,#4527);
#4525 = CARTESIAN_POINT('',(-74.8,8.7,3.2));
#4526 = DIRECTION('',(1.,0.,-0.));
#4527 = DIRECTION('',(0.,1.,0.));
#4528 = DEFINITIONAL_REPRESENTATION('',(#4529),#4538);
#4529 = B_SPLINE_CURVE_WITH_KNOTS('',7,(#4530,#4531,#4532,#4533,#4534,
    #4535,#4536,#4537),.UNSPECIFIED.,.F.,.F.,(8,8),(3.14159265359,
    4.712388505414),.PIECEWISE_BEZIER_KNOTS.);
#4530 = CARTESIAN_POINT('',(0.,0.));
#4531 = CARTESIAN_POINT('',(0.224399407403,-2.198480128057E-17));
#4532 = CARTESIAN_POINT('',(0.448798814807,4.699890966387E-02));
#4533 = CARTESIAN_POINT('',(0.673198222211,0.140989911043));
#4534 = CARTESIAN_POINT('',(0.897597629613,0.276202375833));
#4535 = CARTESIAN_POINT('',(1.121997037017,0.440961319454));
#4536 = CARTESIAN_POINT('',(1.346396444421,0.620480094101));
#4537 = CARTESIAN_POINT('',(1.570795851824,0.799999620023));
#4538 = ( GEOMETRIC_REPRESENTATION_CONTEXT(2) 
PARAMETRIC_REPRESENTATION_CONTEXT() REPRESENTATION_CONTEXT('2D SPACE',''
  ) );
#4539 = ADVANCED_FACE('',(#4540),#1810,.T.);
#4540 = FACE_BOUND('',#4541,.T.);
#4541 = EDGE_LOOP('',(#4542,#4565,#4592,#4593));
#4542 = ORIENTED_EDGE('',*,*,#4543,.T.);
#4543 = EDGE_CURVE('',#1794,#4544,#4546,.T.);
#4544 = VERTEX_POINT('',#4545);
#4545 = CARTESIAN_POINT('',(-48.4,-71.5,5.3));
#4546 = SEAM_CURVE('',#4547,(#4551,#4558),.PCURVE_S1.);
#4547 = LINE('',#4548,#4549);
#4548 = CARTESIAN_POINT('',(-48.4,-71.5,4.));
#4549 = VECTOR('',#4550,1.);
#4550 = DIRECTION('',(0.,0.,1.));
#4551 = PCURVE('',#1810,#4552);
#4552 = DEFINITIONAL_REPRESENTATION('',(#4553),#4557);
#4553 = LINE('',#4554,#4555);
#4554 = CARTESIAN_POINT('',(6.28318530718,-0.));
#4555 = VECTOR('',#4556,1.);
#4556 = DIRECTION('',(0.,1.));
#4557 = ( GEOMETRIC_REPRESENTATION_CONTEXT(2) 
PARAMETRIC_REPRESENTATION_CONTEXT() REPRESENTATION_CONTEXT('2D SPACE',''
  ) );
#4558 = PCURVE('',#1810,#4559);
#4559 = DEFINITIONAL_REPRESENTATION('',(#4560),#4564);
#4560 = LINE('',#4561,#4562);
#4561 = CARTESIAN_POINT('',(0.,-0.));
#4562 = VECTOR('',#4563,1.);
#4563 = DIRECTION('',(0.,1.));
#4564 = ( GEOMETRIC_REPRESENTATION_CONTEXT(2) 
PARAMETRIC_REPRESENTATION_CONTEXT() REPRESENTATION_CONTEXT('2D SPACE',''
  ) );
#4565 = ORIENTED_EDGE('',*,*,#4566,.F.);
#4566 = EDGE_CURVE('',#4544,#4544,#4567,.T.);
#4567 = SURFACE_CURVE('',#4568,(#4573,#4580),.PCURVE_S1.);
#4568 = CIRCLE('',#4569,1.6);
#4569 = AXIS2_PLACEMENT_3D('',#4570,#4571,#4572);
#4570 = CARTESIAN_POINT('',(-50.,-71.5,5.3));
#4571 = DIRECTION('',(0.,0.,1.));
#4572 = DIRECTION('',(1.,0.,-0.));
#4573 = PCURVE('',#1810,#4574);
#4574 = DEFINITIONAL_REPRESENTATION('',(#4575),#4579);
#4575 = LINE('',#4576,#4577);
#4576 = CARTESIAN_POINT('',(0.,1.3));
#4577 = VECTOR('',#4578,1.);
#4578 = DIRECTION('',(1.,0.));
#4579 = ( GEOMETRIC_REPRESENTATION_CONTEXT(2) 
PARAMETRIC_REPRESENTATION_CONTEXT() REPRESENTATION_CONTEXT('2D SPACE',''
  ) );
#4580 = PCURVE('',#4581,#4586);
#4581 = CONICAL_SURFACE('',#4582,1.6,0.785398163397);
#4582 = AXIS2_PLACEMENT_3D('',#4583,#4584,#4585);
#4583 = CARTESIAN_POINT('',(-50.,-71.5,5.3));
#4584 = DIRECTION('',(-0.,-0.,-1.));
#4585 = DIRECTION('',(1.,0.,0.));
#4586 = DEFINITIONAL_REPRESENTATION('',(#4587),#4591);
#4587 = LINE('',#4588,#4589);
#4588 = CARTESIAN_POINT('',(-0.,-0.));
#4589 = VECTOR('',#4590,1.);
#4590 = DIRECTION('',(-1.,-0.));
#4591 = ( GEOMETRIC_REPRESENTATION_CONTEXT(2) 
PARAMETRIC_REPRESENTATION_CONTEXT() REPRESENTATION_CONTEXT('2D SPACE',''
  ) );
#4592 = ORIENTED_EDGE('',*,*,#4543,.F.);
#4593 = ORIENTED_EDGE('',*,*,#1793,.T.);
#4594 = ADVANCED_FACE('',(#4595),#1841,.T.);
#4595 = FACE_BOUND('',#4596,.T.);
#4596 = EDGE_LOOP('',(#4597,#4620,#4647,#4648));
#4597 = ORIENTED_EDGE('',*,*,#4598,.T.);
#4598 = EDGE_CURVE('',#1825,#4599,#4601,.T.);
#4599 = VERTEX_POINT('',#4600);
#4600 = CARTESIAN_POINT('',(-69.9,-50.,5.3));
#4601 = SEAM_CURVE('',#4602,(#4606,#4613),.PCURVE_S1.);
#4602 = LINE('',#4603,#4604);
#4603 = CARTESIAN_POINT('',(-69.9,-50.,4.));
#4604 = VECTOR('',#4605,1.);
#4605 = DIRECTION('',(0.,0.,1.));
#4606 = PCURVE('',#1841,#4607);
#4607 = DEFINITIONAL_REPRESENTATION('',(#4608),#4612);
#4608 = LINE('',#4609,#4610);
#4609 = CARTESIAN_POINT('',(6.28318530718,-0.));
#4610 = VECTOR('',#4611,1.);
#4611 = DIRECTION('',(0.,1.));
#4612 = ( GEOMETRIC_REPRESENTATION_CONTEXT(2) 
PARAMETRIC_REPRESENTATION_CONTEXT() REPRESENTATION_CONTEXT('2D SPACE',''
  ) );
#4613 = PCURVE('',#1841,#4614);
#4614 = DEFINITIONAL_REPRESENTATION('',(#4615),#4619);
#4615 = LINE('',#4616,#4617);
#4616 = CARTESIAN_POINT('',(0.,-0.));
#4617 = VECTOR('',#4618,1.);
#4618 = DIRECTION('',(0.,1.));
#4619 = ( GEOMETRIC_REPRESENTATION_CONTEXT(2) 
PARAMETRIC_REPRESENTATION_CONTEXT() REPRESENTATION_CONTEXT('2D SPACE',''
  ) );
#4620 = ORIENTED_EDGE('',*,*,#4621,.F.);
#4621 = EDGE_CURVE('',#4599,#4599,#4622,.T.);
#4622 = SURFACE_CURVE('',#4623,(#4628,#4635),.PCURVE_S1.);
#4623 = CIRCLE('',#4624,1.6);
#4624 = AXIS2_PLACEMENT_3D('',#4625,#4626,#4627);
#4625 = CARTESIAN_POINT('',(-71.5,-50.,5.3));
#4626 = DIRECTION('',(0.,0.,1.));
#4627 = DIRECTION('',(1.,0.,-0.));
#4628 = PCURVE('',#1841,#4629);
#4629 = DEFINITIONAL_REPRESENTATION('',(#4630),#4634);
#4630 = LINE('',#4631,#4632);
#4631 = CARTESIAN_POINT('',(0.,1.3));
#4632 = VECTOR('',#4633,1.);
#4633 = DIRECTION('',(1.,0.));
#4634 = ( GEOMETRIC_REPRESENTATION_CONTEXT(2) 
PARAMETRIC_REPRESENTATION_CONTEXT() REPRESENTATION_CONTEXT('2D SPACE',''
  ) );
#4635 = PCURVE('',#4636,#4641);
#4636 = CONICAL_SURFACE('',#4637,1.6,0.785398163397);
#4637 = AXIS2_PLACEMENT_3D('',#4638,#4639,#4640);
#4638 = CARTESIAN_POINT('',(-71.5,-50.,5.3));
#4639 = DIRECTION('',(-0.,-0.,-1.));
#4640 = DIRECTION('',(1.,0.,0.));
#4641 = DEFINITIONAL_REPRESENTATION('',(#4642),#4646);
#4642 = LINE('',#4643,#4644);
#4643 = CARTESIAN_POINT('',(-0.,-0.));
#4644 = VECTOR('',#4645,1.);
#4645 = DIRECTION('',(-1.,-0.));
#4646 = ( GEOMETRIC_REPRESENTATION_CONTEXT(2) 
PARAMETRIC_REPRESENTATION_CONTEXT() REPRESENTATION_CONTEXT('2D SPACE',''
  ) );
#4647 = ORIENTED_EDGE('',*,*,#4598,.F.);
#4648 = ORIENTED_EDGE('',*,*,#1824,.T.);
#4649 = ADVANCED_FACE('',(#4650),#1872,.T.);
#4650 = FACE_BOUND('',#4651,.T.);
#4651 = EDGE_LOOP('',(#4652,#4675,#4702,#4703));
#4652 = ORIENTED_EDGE('',*,*,#4653,.T.);
#4653 = EDGE_CURVE('',#1856,#4654,#4656,.T.);
#4654 = VERTEX_POINT('',#4655);
#4655 = CARTESIAN_POINT('',(-26.9,-50.,5.3));
#4656 = SEAM_CURVE('',#4657,(#4661,#4668),.PCURVE_S1.);
#4657 = LINE('',#4658,#4659);
#4658 = CARTESIAN_POINT('',(-26.9,-50.,4.));
#4659 = VECTOR('',#4660,1.);
#4660 = DIRECTION('',(0.,0.,1.));
#4661 = PCURVE('',#1872,#4662);
#4662 = DEFINITIONAL_REPRESENTATION('',(#4663),#4667);
#4663 = LINE('',#4664,#4665);
#4664 = CARTESIAN_POINT('',(6.28318530718,-0.));
#4665 = VECTOR('',#4666,1.);
#4666 = DIRECTION('',(0.,1.));
#4667 = ( GEOMETRIC_REPRESENTATION_CONTEXT(2) 
PARAMETRIC_REPRESENTATION_CONTEXT() REPRESENTATION_CONTEXT('2D SPACE',''
  ) );
#4668 = PCURVE('',#1872,#4669);
#4669 = DEFINITIONAL_REPRESENTATION('',(#4670),#4674);
#4670 = LINE('',#4671,#4672);
#4671 = CARTESIAN_POINT('',(0.,-0.));
#4672 = VECTOR('',#4673,1.);
#4673 = DIRECTION('',(0.,1.));
#4674 = ( GEOMETRIC_REPRESENTATION_CONTEXT(2) 
PARAMETRIC_REPRESENTATION_CONTEXT() REPRESENTATION_CONTEXT('2D SPACE',''
  ) );
#4675 = ORIENTED_EDGE('',*,*,#4676,.F.);
#4676 = EDGE_CURVE('',#4654,#4654,#4677,.T.);
#4677 = SURFACE_CURVE('',#4678,(#4683,#4690),.PCURVE_S1.);
#4678 = CIRCLE('',#4679,1.6);
#4679 = AXIS2_PLACEMENT_3D('',#4680,#4681,#4682);
#4680 = CARTESIAN_POINT('',(-28.5,-50.,5.3));
#4681 = DIRECTION('',(0.,0.,1.));
#4682 = DIRECTION('',(1.,0.,-0.));
#4683 = PCURVE('',#1872,#4684);
#4684 = DEFINITIONAL_REPRESENTATION('',(#4685),#4689);
#4685 = LINE('',#4686,#4687);
#4686 = CARTESIAN_POINT('',(0.,1.3));
#4687 = VECTOR('',#4688,1.);
#4688 = DIRECTION('',(1.,0.));
#4689 = ( GEOMETRIC_REPRESENTATION_CONTEXT(2) 
PARAMETRIC_REPRESENTATION_CONTEXT() REPRESENTATION_CONTEXT('2D SPACE',''
  ) );
#4690 = PCURVE('',#4691,#4696);
#4691 = CONICAL_SURFACE('',#4692,1.6,0.785398163397);
#4692 = AXIS2_PLACEMENT_3D('',#4693,#4694,#4695);
#4693 = CARTESIAN_POINT('',(-28.5,-50.,5.3));
#4694 = DIRECTION('',(-0.,-0.,-1.));
#4695 = DIRECTION('',(1.,0.,0.));
#4696 = DEFINITIONAL_REPRESENTATION('',(#4697),#4701);
#4697 = LINE('',#4698,#4699);
#4698 = CARTESIAN_POINT('',(-0.,-0.));
#4699 = VECTOR('',#4700,1.);
#4700 = DIRECTION('',(-1.,-0.));
#4701 = ( GEOMETRIC_REPRESENTATION_CONTEXT(2) 
PARAMETRIC_REPRESENTATION_CONTEXT() REPRESENTATION_CONTEXT('2D SPACE',''
  ) );
#4702 = ORIENTED_EDGE('',*,*,#4653,.F.);
#4703 = ORIENTED_EDGE('',*,*,#1855,.T.);
#4704 = ADVANCED_FACE('',(#4705),#1903,.T.);
#4705 = FACE_BOUND('',#4706,.T.);
#4706 = EDGE_LOOP('',(#4707,#4730,#4757,#4758));
#4707 = ORIENTED_EDGE('',*,*,#4708,.T.);
#4708 = EDGE_CURVE('',#1887,#4709,#4711,.T.);
#4709 = VERTEX_POINT('',#4710);
#4710 = CARTESIAN_POINT('',(-48.4,-28.5,5.3));
#4711 = SEAM_CURVE('',#4712,(#4716,#4723),.PCURVE_S1.);
#4712 = LINE('',#4713,#4714);
#4713 = CARTESIAN_POINT('',(-48.4,-28.5,4.));
#4714 = VECTOR('',#4715,1.);
#4715 = DIRECTION('',(0.,0.,1.));
#4716 = PCURVE('',#1903,#4717);
#4717 = DEFINITIONAL_REPRESENTATION('',(#4718),#4722);
#4718 = LINE('',#4719,#4720);
#4719 = CARTESIAN_POINT('',(6.28318530718,-0.));
#4720 = VECTOR('',#4721,1.);
#4721 = DIRECTION('',(0.,1.));
#4722 = ( GEOMETRIC_REPRESENTATION_CONTEXT(2) 
PARAMETRIC_REPRESENTATION_CONTEXT() REPRESENTATION_CONTEXT('2D SPACE',''
  ) );
#4723 = PCURVE('',#1903,#4724);
#4724 = DEFINITIONAL_REPRESENTATION('',(#4725),#4729);
#4725 = LINE('',#4726,#4727);
#4726 = CARTESIAN_POINT('',(0.,-0.));
#4727 = VECTOR('',#4728,1.);
#4728 = DIRECTION('',(0.,1.));
#4729 = ( GEOMETRIC_REPRESENTATION_CONTEXT(2) 
PARAMETRIC_REPRESENTATION_CONTEXT() REPRESENTATION_CONTEXT('2D SPACE',''
  ) );
#4730 = ORIENTED_EDGE('',*,*,#4731,.F.);
#4731 = EDGE_CURVE('',#4709,#4709,#4732,.T.);
#4732 = SURFACE_CURVE('',#4733,(#4738,#4745),.PCURVE_S1.);
#4733 = CIRCLE('',#4734,1.6);
#4734 = AXIS2_PLACEMENT_3D('',#4735,#4736,#4737);
#4735 = CARTESIAN_POINT('',(-50.,-28.5,5.3));
#4736 = DIRECTION('',(0.,0.,1.));
#4737 = DIRECTION('',(1.,0.,-0.));
#4738 = PCURVE('',#1903,#4739);
#4739 = DEFINITIONAL_REPRESENTATION('',(#4740),#4744);
#4740 = LINE('',#4741,#4742);
#4741 = CARTESIAN_POINT('',(0.,1.3));
#4742 = VECTOR('',#4743,1.);
#4743 = DIRECTION('',(1.,0.));
#4744 = ( GEOMETRIC_REPRESENTATION_CONTEXT(2) 
PARAMETRIC_REPRESENTATION_CONTEXT() REPRESENTATION_CONTEXT('2D SPACE',''
  ) );
#4745 = PCURVE('',#4746,#4751);
#4746 = CONICAL_SURFACE('',#4747,1.6,0.785398163397);
#4747 = AXIS2_PLACEMENT_3D('',#4748,#4749,#4750);
#4748 = CARTESIAN_POINT('',(-50.,-28.5,5.3));
#4749 = DIRECTION('',(-0.,-0.,-1.));
#4750 = DIRECTION('',(1.,0.,0.));
#4751 = DEFINITIONAL_REPRESENTATION('',(#4752),#4756);
#4752 = LINE('',#4753,#4754);
#4753 = CARTESIAN_POINT('',(-0.,-0.));
#4754 = VECTOR('',#4755,1.);
#4755 = DIRECTION('',(-1.,-0.));
#4756 = ( GEOMETRIC_REPRESENTATION_CONTEXT(2) 
PARAMETRIC_REPRESENTATION_CONTEXT() REPRESENTATION_CONTEXT('2D SPACE',''
  ) );
#4757 = ORIENTED_EDGE('',*,*,#4708,.F.);
#4758 = ORIENTED_EDGE('',*,*,#1886,.T.);
#4759 = ADVANCED_FACE('',(#4760),#2043,.F.);
#4760 = FACE_BOUND('',#4761,.F.);
#4761 = EDGE_LOOP('',(#4762,#4783,#4784,#4785));
#4762 = ORIENTED_EDGE('',*,*,#4763,.T.);
#4763 = EDGE_CURVE('',#3016,#4361,#4764,.T.);
#4764 = SURFACE_CURVE('',#4765,(#4769,#4776),.PCURVE_S1.);
#4765 = LINE('',#4766,#4767);
#4766 = CARTESIAN_POINT('',(-74.8,-33.5,0.));
#4767 = VECTOR('',#4768,1.);
#4768 = DIRECTION('',(0.,0.,1.));
#4769 = PCURVE('',#2043,#4770);
#4770 = DEFINITIONAL_REPRESENTATION('',(#4771),#4775);
#4771 = LINE('',#4772,#4773);
#4772 = CARTESIAN_POINT('',(0.,0.));
#4773 = VECTOR('',#4774,1.);
#4774 = DIRECTION('',(0.,-1.));
#4775 = ( GEOMETRIC_REPRESENTATION_CONTEXT(2) 
PARAMETRIC_REPRESENTATION_CONTEXT() REPRESENTATION_CONTEXT('2D SPACE',''
  ) );
#4776 = PCURVE('',#3156,#4777);
#4777 = DEFINITIONAL_REPRESENTATION('',(#4778),#4782);
#4778 = LINE('',#4779,#4780);
#4779 = CARTESIAN_POINT('',(0.,0.));
#4780 = VECTOR('',#4781,1.);
#4781 = DIRECTION('',(0.,-1.));
#4782 = ( GEOMETRIC_REPRESENTATION_CONTEXT(2) 
PARAMETRIC_REPRESENTATION_CONTEXT() REPRESENTATION_CONTEXT('2D SPACE',''
  ) );
#4783 = ORIENTED_EDGE('',*,*,#4396,.T.);
#4784 = ORIENTED_EDGE('',*,*,#2027,.F.);
#4785 = ORIENTED_EDGE('',*,*,#3040,.F.);
#4786 = ADVANCED_FACE('',(#4787),#2344,.T.);
#4787 = FACE_BOUND('',#4788,.T.);
#4788 = EDGE_LOOP('',(#4789,#4828,#4849,#4850));
#4789 = ORIENTED_EDGE('',*,*,#4790,.T.);
#4790 = EDGE_CURVE('',#2884,#4791,#4793,.T.);
#4791 = VERTEX_POINT('',#4792);
#4792 = CARTESIAN_POINT('',(65.45,74.,4.));
#4793 = SURFACE_CURVE('',#4794,(#4799,#4811),.PCURVE_S1.);
#4794 = ELLIPSE('',#4795,1.131370849898,0.8);
#4795 = AXIS2_PLACEMENT_3D('',#4796,#4797,#4798);
#4796 = CARTESIAN_POINT('',(65.45,74.,3.2));
#4797 = DIRECTION('',(0.707106781187,-0.707106781187,-0.));
#4798 = DIRECTION('',(0.707106781187,0.707106781187,0.));
#4799 = PCURVE('',#2344,#4800);
#4800 = DEFINITIONAL_REPRESENTATION('',(#4801),#4810);
#4801 = B_SPLINE_CURVE_WITH_KNOTS('',7,(#4802,#4803,#4804,#4805,#4806,
    #4807,#4808,#4809),.UNSPECIFIED.,.F.,.F.,(8,8),(0.,1.570795851824),
  .PIECEWISE_BEZIER_KNOTS.);
#4802 = CARTESIAN_POINT('',(0.,1.42108547152E-14));
#4803 = CARTESIAN_POINT('',(0.224399407403,1.42108547152E-14));
#4804 = CARTESIAN_POINT('',(0.448798814807,-4.699890966386E-02));
#4805 = CARTESIAN_POINT('',(0.67319822221,-0.140989911043));
#4806 = CARTESIAN_POINT('',(0.897597629614,-0.276202375833));
#4807 = CARTESIAN_POINT('',(1.121997037017,-0.440961319454));
#4808 = CARTESIAN_POINT('',(1.346396444421,-0.620480094101));
#4809 = CARTESIAN_POINT('',(1.570795851824,-0.799999620023));
#4810 = ( GEOMETRIC_REPRESENTATION_CONTEXT(2) 
PARAMETRIC_REPRESENTATION_CONTEXT() REPRESENTATION_CONTEXT('2D SPACE',''
  ) );
#4811 = PCURVE('',#4812,#4817);
#4812 = CYLINDRICAL_SURFACE('',#4813,0.8);
#4813 = AXIS2_PLACEMENT_3D('',#4814,#4815,#4816);
#4814 = CARTESIAN_POINT('',(65.45,74.8,3.2));
#4815 = DIRECTION('',(2.22044604925E-16,1.,0.));
#4816 = DIRECTION('',(1.,-2.22044604925E-16,-0.));
#4817 = DEFINITIONAL_REPRESENTATION('',(#4818),#4827);
#4818 = B_SPLINE_CURVE_WITH_KNOTS('',7,(#4819,#4820,#4821,#4822,#4823,
    #4824,#4825,#4826),.UNSPECIFIED.,.F.,.F.,(8,8),(0.,1.570795851824),
  .PIECEWISE_BEZIER_KNOTS.);
#4819 = CARTESIAN_POINT('',(0.,0.));
#4820 = CARTESIAN_POINT('',(-0.224399407403,0.));
#4821 = CARTESIAN_POINT('',(-0.448798814807,-4.699890966389E-02));
#4822 = CARTESIAN_POINT('',(-0.67319822221,-0.140989911043));
#4823 = CARTESIAN_POINT('',(-0.897597629614,-0.276202375833));
#4824 = CARTESIAN_POINT('',(-1.121997037017,-0.440961319454));
#4825 = CARTESIAN_POINT('',(-1.346396444421,-0.620480094101));
#4826 = CARTESIAN_POINT('',(-1.570795851824,-0.799999620023));
#4827 = ( GEOMETRIC_REPRESENTATION_CONTEXT(2) 
PARAMETRIC_REPRESENTATION_CONTEXT() REPRESENTATION_CONTEXT('2D SPACE',''
  ) );
#4828 = ORIENTED_EDGE('',*,*,#4829,.T.);
#4829 = EDGE_CURVE('',#4791,#2297,#4830,.T.);
#4830 = SURFACE_CURVE('',#4831,(#4835,#4842),.PCURVE_S1.);
#4831 = LINE('',#4832,#4833);
#4832 = CARTESIAN_POINT('',(66.25,74.,4.));
#4833 = VECTOR('',#4834,1.);
#4834 = DIRECTION('',(1.,0.,-0.));
#4835 = PCURVE('',#2344,#4836);
#4836 = DEFINITIONAL_REPRESENTATION('',(#4837),#4841);
#4837 = LINE('',#4838,#4839);
#4838 = CARTESIAN_POINT('',(1.570796326795,0.));
#4839 = VECTOR('',#4840,1.);
#4840 = DIRECTION('',(0.,1.));
#4841 = ( GEOMETRIC_REPRESENTATION_CONTEXT(2) 
PARAMETRIC_REPRESENTATION_CONTEXT() REPRESENTATION_CONTEXT('2D SPACE',''
  ) );
#4842 = PCURVE('',#2312,#4843);
#4843 = DEFINITIONAL_REPRESENTATION('',(#4844),#4848);
#4844 = LINE('',#4845,#4846);
#4845 = CARTESIAN_POINT('',(66.25,74.));
#4846 = VECTOR('',#4847,1.);
#4847 = DIRECTION('',(1.,0.));
#4848 = ( GEOMETRIC_REPRESENTATION_CONTEXT(2) 
PARAMETRIC_REPRESENTATION_CONTEXT() REPRESENTATION_CONTEXT('2D SPACE',''
  ) );
#4849 = ORIENTED_EDGE('',*,*,#2324,.F.);
#4850 = ORIENTED_EDGE('',*,*,#2911,.F.);
#4851 = ADVANCED_FACE('',(#4852,#5013,#5044,#5075,#5106),#2312,.T.);
#4852 = FACE_BOUND('',#4853,.T.);
#4853 = EDGE_LOOP('',(#4854,#4884,#4905,#4906,#4907,#4930,#4959,#4987));
#4854 = ORIENTED_EDGE('',*,*,#4855,.F.);
#4855 = EDGE_CURVE('',#4856,#4858,#4860,.T.);
#4856 = VERTEX_POINT('',#4857);
#4857 = CARTESIAN_POINT('',(25.5,25.5,4.));
#4858 = VERTEX_POINT('',#4859);
#4859 = CARTESIAN_POINT('',(25.5,74.,4.));
#4860 = SURFACE_CURVE('',#4861,(#4865,#4872),.PCURVE_S1.);
#4861 = LINE('',#4862,#4863);
#4862 = CARTESIAN_POINT('',(25.5,-75.8,4.));
#4863 = VECTOR('',#4864,1.);
#4864 = DIRECTION('',(0.,1.,0.));
#4865 = PCURVE('',#2312,#4866);
#4866 = DEFINITIONAL_REPRESENTATION('',(#4867),#4871);
#4867 = LINE('',#4868,#4869);
#4868 = CARTESIAN_POINT('',(25.5,-75.8));
#4869 = VECTOR('',#4870,1.);
#4870 = DIRECTION('',(0.,1.));
#4871 = ( GEOMETRIC_REPRESENTATION_CONTEXT(2) 
PARAMETRIC_REPRESENTATION_CONTEXT() REPRESENTATION_CONTEXT('2D SPACE',''
  ) );
#4872 = PCURVE('',#4873,#4878);
#4873 = PLANE('',#4874);
#4874 = AXIS2_PLACEMENT_3D('',#4875,#4876,#4877);
#4875 = CARTESIAN_POINT('',(25.,-75.8,3.5));
#4876 = DIRECTION('',(0.707106781187,0.,-0.707106781187));
#4877 = DIRECTION('',(0.707106781187,0.,0.707106781187));
#4878 = DEFINITIONAL_REPRESENTATION('',(#4879),#4883);
#4879 = LINE('',#4880,#4881);
#4880 = CARTESIAN_POINT('',(0.707106781187,0.));
#4881 = VECTOR('',#4882,1.);
#4882 = DIRECTION('',(0.,-1.));
#4883 = ( GEOMETRIC_REPRESENTATION_CONTEXT(2) 
PARAMETRIC_REPRESENTATION_CONTEXT() REPRESENTATION_CONTEXT('2D SPACE',''
  ) );
#4884 = ORIENTED_EDGE('',*,*,#4885,.T.);
#4885 = EDGE_CURVE('',#4856,#2263,#4886,.T.);
#4886 = SURFACE_CURVE('',#4887,(#4891,#4898),.PCURVE_S1.);
#4887 = LINE('',#4888,#4889);
#4888 = CARTESIAN_POINT('',(-75.8,25.5,4.));
#4889 = VECTOR('',#4890,1.);
#4890 = DIRECTION('',(1.,0.,0.));
#4891 = PCURVE('',#2312,#4892);
#4892 = DEFINITIONAL_REPRESENTATION('',(#4893),#4897);
#4893 = LINE('',#4894,#4895);
#4894 = CARTESIAN_POINT('',(-75.8,25.5));
#4895 = VECTOR('',#4896,1.);
#4896 = DIRECTION('',(1.,0.));
#4897 = ( GEOMETRIC_REPRESENTATION_CONTEXT(2) 
PARAMETRIC_REPRESENTATION_CONTEXT() REPRESENTATION_CONTEXT('2D SPACE',''
  ) );
#4898 = PCURVE('',#2284,#4899);
#4899 = DEFINITIONAL_REPRESENTATION('',(#4900),#4904);
#4900 = LINE('',#4901,#4902);
#4901 = CARTESIAN_POINT('',(0.,0.707106781187));
#4902 = VECTOR('',#4903,1.);
#4903 = DIRECTION('',(1.,0.));
#4904 = ( GEOMETRIC_REPRESENTATION_CONTEXT(2) 
PARAMETRIC_REPRESENTATION_CONTEXT() REPRESENTATION_CONTEXT('2D SPACE',''
  ) );
#4905 = ORIENTED_EDGE('',*,*,#2296,.T.);
#4906 = ORIENTED_EDGE('',*,*,#4829,.F.);
#4907 = ORIENTED_EDGE('',*,*,#4908,.T.);
#4908 = EDGE_CURVE('',#4791,#4909,#4911,.T.);
#4909 = VERTEX_POINT('',#4910);
#4910 = CARTESIAN_POINT('',(65.45,76.827365873398,4.));
#4911 = SURFACE_CURVE('',#4912,(#4916,#4923),.PCURVE_S1.);
#4912 = LINE('',#4913,#4914);
#4913 = CARTESIAN_POINT('',(65.45,74.8,4.));
#4914 = VECTOR('',#4915,1.);
#4915 = DIRECTION('',(2.22044604925E-16,1.,0.));
#4916 = PCURVE('',#2312,#4917);
#4917 = DEFINITIONAL_REPRESENTATION('',(#4918),#4922);
#4918 = LINE('',#4919,#4920);
#4919 = CARTESIAN_POINT('',(65.45,74.8));
#4920 = VECTOR('',#4921,1.);
#4921 = DIRECTION('',(2.22044604925E-16,1.));
#4922 = ( GEOMETRIC_REPRESENTATION_CONTEXT(2) 
PARAMETRIC_REPRESENTATION_CONTEXT() REPRESENTATION_CONTEXT('2D SPACE',''
  ) );
#4923 = PCURVE('',#4812,#4924);
#4924 = DEFINITIONAL_REPRESENTATION('',(#4925),#4929);
#4925 = LINE('',#4926,#4927);
#4926 = CARTESIAN_POINT('',(-1.570796326795,0.));
#4927 = VECTOR('',#4928,1.);
#4928 = DIRECTION('',(-0.,1.));
#4929 = ( GEOMETRIC_REPRESENTATION_CONTEXT(2) 
PARAMETRIC_REPRESENTATION_CONTEXT() REPRESENTATION_CONTEXT('2D SPACE',''
  ) );
#4930 = ORIENTED_EDGE('',*,*,#4931,.T.);
#4931 = EDGE_CURVE('',#4909,#4932,#4934,.T.);
#4932 = VERTEX_POINT('',#4933);
#4933 = CARTESIAN_POINT('',(60.55,76.827365873398,4.));
#4934 = SURFACE_CURVE('',#4935,(#4940,#4947),.PCURVE_S1.);
#4935 = CIRCLE('',#4936,3.7);
#4936 = AXIS2_PLACEMENT_3D('',#4937,#4938,#4939);
#4937 = CARTESIAN_POINT('',(63.,79.6,4.));
#4938 = DIRECTION('',(0.,0.,1.));
#4939 = DIRECTION('',(0.722222222222,-0.691661088777,0.));
#4940 = PCURVE('',#2312,#4941);
#4941 = DEFINITIONAL_REPRESENTATION('',(#4942),#4946);
#4942 = CIRCLE('',#4943,3.7);
#4943 = AXIS2_PLACEMENT_2D('',#4944,#4945);
#4944 = CARTESIAN_POINT('',(63.,79.6));
#4945 = DIRECTION('',(0.722222222222,-0.691661088777));
#4946 = ( GEOMETRIC_REPRESENTATION_CONTEXT(2) 
PARAMETRIC_REPRESENTATION_CONTEXT() REPRESENTATION_CONTEXT('2D SPACE',''
  ) );
#4947 = PCURVE('',#4948,#4953);
#4948 = TOROIDAL_SURFACE('',#4949,3.7,0.8);
#4949 = AXIS2_PLACEMENT_3D('',#4950,#4951,#4952);
#4950 = CARTESIAN_POINT('',(63.,79.6,3.2));
#4951 = DIRECTION('',(0.,0.,1.));
#4952 = DIRECTION('',(0.722222222222,-0.691661088777,0.));
#4953 = DEFINITIONAL_REPRESENTATION('',(#4954),#4958);
#4954 = LINE('',#4955,#4956);
#4955 = CARTESIAN_POINT('',(0.,1.570796326795));
#4956 = VECTOR('',#4957,1.);
#4957 = DIRECTION('',(1.,0.));
#4958 = ( GEOMETRIC_REPRESENTATION_CONTEXT(2) 
PARAMETRIC_REPRESENTATION_CONTEXT() REPRESENTATION_CONTEXT('2D SPACE',''
  ) );
#4959 = ORIENTED_EDGE('',*,*,#4960,.F.);
#4960 = EDGE_CURVE('',#4961,#4932,#4963,.T.);
#4961 = VERTEX_POINT('',#4962);
#4962 = CARTESIAN_POINT('',(60.55,74.,4.));
#4963 = SURFACE_CURVE('',#4964,(#4968,#4975),.PCURVE_S1.);
#4964 = LINE('',#4965,#4966);
#4965 = CARTESIAN_POINT('',(60.55,74.8,4.));
#4966 = VECTOR('',#4967,1.);
#4967 = DIRECTION('',(2.22044604925E-16,1.,0.));
#4968 = PCURVE('',#2312,#4969);
#4969 = DEFINITIONAL_REPRESENTATION('',(#4970),#4974);
#4970 = LINE('',#4971,#4972);
#4971 = CARTESIAN_POINT('',(60.55,74.8));
#4972 = VECTOR('',#4973,1.);
#4973 = DIRECTION('',(2.22044604925E-16,1.));
#4974 = ( GEOMETRIC_REPRESENTATION_CONTEXT(2) 
PARAMETRIC_REPRESENTATION_CONTEXT() REPRESENTATION_CONTEXT('2D SPACE',''
  ) );
#4975 = PCURVE('',#4976,#4981);
#4976 = CYLINDRICAL_SURFACE('',#4977,0.8);
#4977 = AXIS2_PLACEMENT_3D('',#4978,#4979,#4980);
#4978 = CARTESIAN_POINT('',(60.55,74.8,3.2));
#4979 = DIRECTION('',(2.22044604925E-16,1.,0.));
#4980 = DIRECTION('',(-1.,2.22044604925E-16,0.));
#4981 = DEFINITIONAL_REPRESENTATION('',(#4982),#4986);
#4982 = LINE('',#4983,#4984);
#4983 = CARTESIAN_POINT('',(1.570796326795,0.));
#4984 = VECTOR('',#4985,1.);
#4985 = DIRECTION('',(0.,1.));
#4986 = ( GEOMETRIC_REPRESENTATION_CONTEXT(2) 
PARAMETRIC_REPRESENTATION_CONTEXT() REPRESENTATION_CONTEXT('2D SPACE',''
  ) );
#4987 = ORIENTED_EDGE('',*,*,#4988,.F.);
#4988 = EDGE_CURVE('',#4858,#4961,#4989,.T.);
#4989 = SURFACE_CURVE('',#4990,(#4994,#5001),.PCURVE_S1.);
#4990 = LINE('',#4991,#4992);
#4991 = CARTESIAN_POINT('',(16.25,74.,4.));
#4992 = VECTOR('',#4993,1.);
#4993 = DIRECTION('',(1.,0.,-0.));
#4994 = PCURVE('',#2312,#4995);
#4995 = DEFINITIONAL_REPRESENTATION('',(#4996),#5000);
#4996 = LINE('',#4997,#4998);
#4997 = CARTESIAN_POINT('',(16.25,74.));
#4998 = VECTOR('',#4999,1.);
#4999 = DIRECTION('',(1.,0.));
#5000 = ( GEOMETRIC_REPRESENTATION_CONTEXT(2) 
PARAMETRIC_REPRESENTATION_CONTEXT() REPRESENTATION_CONTEXT('2D SPACE',''
  ) );
#5001 = PCURVE('',#5002,#5007);
#5002 = CYLINDRICAL_SURFACE('',#5003,0.8);
#5003 = AXIS2_PLACEMENT_3D('',#5004,#5005,#5006);
#5004 = CARTESIAN_POINT('',(16.25,74.,3.2));
#5005 = DIRECTION('',(1.,0.,-0.));
#5006 = DIRECTION('',(0.,1.,0.));
#5007 = DEFINITIONAL_REPRESENTATION('',(#5008),#5012);
#5008 = LINE('',#5009,#5010);
#5009 = CARTESIAN_POINT('',(1.570796326795,0.));
#5010 = VECTOR('',#5011,1.);
#5011 = DIRECTION('',(0.,1.));
#5012 = ( GEOMETRIC_REPRESENTATION_CONTEXT(2) 
PARAMETRIC_REPRESENTATION_CONTEXT() REPRESENTATION_CONTEXT('2D SPACE',''
  ) );
#5013 = FACE_BOUND('',#5014,.T.);
#5014 = EDGE_LOOP('',(#5015));
#5015 = ORIENTED_EDGE('',*,*,#5016,.F.);
#5016 = EDGE_CURVE('',#5017,#5017,#5019,.T.);
#5017 = VERTEX_POINT('',#5018);
#5018 = CARTESIAN_POINT('',(51.6,28.5,4.));
#5019 = SURFACE_CURVE('',#5020,(#5025,#5032),.PCURVE_S1.);
#5020 = CIRCLE('',#5021,1.6);
#5021 = AXIS2_PLACEMENT_3D('',#5022,#5023,#5024);
#5022 = CARTESIAN_POINT('',(50.,28.5,4.));
#5023 = DIRECTION('',(0.,0.,1.));
#5024 = DIRECTION('',(1.,0.,-0.));
#5025 = PCURVE('',#2312,#5026);
#5026 = DEFINITIONAL_REPRESENTATION('',(#5027),#5031);
#5027 = CIRCLE('',#5028,1.6);
#5028 = AXIS2_PLACEMENT_2D('',#5029,#5030);
#5029 = CARTESIAN_POINT('',(50.,28.5));
#5030 = DIRECTION('',(1.,0.));
#5031 = ( GEOMETRIC_REPRESENTATION_CONTEXT(2) 
PARAMETRIC_REPRESENTATION_CONTEXT() REPRESENTATION_CONTEXT('2D SPACE',''
  ) );
#5032 = PCURVE('',#5033,#5038);
#5033 = CYLINDRICAL_SURFACE('',#5034,1.6);
#5034 = AXIS2_PLACEMENT_3D('',#5035,#5036,#5037);
#5035 = CARTESIAN_POINT('',(50.,28.5,4.));
#5036 = DIRECTION('',(0.,0.,1.));
#5037 = DIRECTION('',(1.,0.,-0.));
#5038 = DEFINITIONAL_REPRESENTATION('',(#5039),#5043);
#5039 = LINE('',#5040,#5041);
#5040 = CARTESIAN_POINT('',(0.,0.));
#5041 = VECTOR('',#5042,1.);
#5042 = DIRECTION('',(1.,0.));
#5043 = ( GEOMETRIC_REPRESENTATION_CONTEXT(2) 
PARAMETRIC_REPRESENTATION_CONTEXT() REPRESENTATION_CONTEXT('2D SPACE',''
  ) );
#5044 = FACE_BOUND('',#5045,.T.);
#5045 = EDGE_LOOP('',(#5046));
#5046 = ORIENTED_EDGE('',*,*,#5047,.F.);
#5047 = EDGE_CURVE('',#5048,#5048,#5050,.T.);
#5048 = VERTEX_POINT('',#5049);
#5049 = CARTESIAN_POINT('',(30.1,50.,4.));
#5050 = SURFACE_CURVE('',#5051,(#5056,#5063),.PCURVE_S1.);
#5051 = CIRCLE('',#5052,1.6);
#5052 = AXIS2_PLACEMENT_3D('',#5053,#5054,#5055);
#5053 = CARTESIAN_POINT('',(28.5,50.,4.));
#5054 = DIRECTION('',(0.,0.,1.));
#5055 = DIRECTION('',(1.,0.,-0.));
#5056 = PCURVE('',#2312,#5057);
#5057 = DEFINITIONAL_REPRESENTATION('',(#5058),#5062);
#5058 = CIRCLE('',#5059,1.6);
#5059 = AXIS2_PLACEMENT_2D('',#5060,#5061);
#5060 = CARTESIAN_POINT('',(28.5,50.));
#5061 = DIRECTION('',(1.,0.));
#5062 = ( GEOMETRIC_REPRESENTATION_CONTEXT(2) 
PARAMETRIC_REPRESENTATION_CONTEXT() REPRESENTATION_CONTEXT('2D SPACE',''
  ) );
#5063 = PCURVE('',#5064,#5069);
#5064 = CYLINDRICAL_SURFACE('',#5065,1.6);
#5065 = AXIS2_PLACEMENT_3D('',#5066,#5067,#5068);
#5066 = CARTESIAN_POINT('',(28.5,50.,4.));
#5067 = DIRECTION('',(0.,0.,1.));
#5068 = DIRECTION('',(1.,0.,-0.));
#5069 = DEFINITIONAL_REPRESENTATION('',(#5070),#5074);
#5070 = LINE('',#5071,#5072);
#5071 = CARTESIAN_POINT('',(0.,0.));
#5072 = VECTOR('',#5073,1.);
#5073 = DIRECTION('',(1.,0.));
#5074 = ( GEOMETRIC_REPRESENTATION_CONTEXT(2) 
PARAMETRIC_REPRESENTATION_CONTEXT() REPRESENTATION_CONTEXT('2D SPACE',''
  ) );
#5075 = FACE_BOUND('',#5076,.T.);
#5076 = EDGE_LOOP('',(#5077));
#5077 = ORIENTED_EDGE('',*,*,#5078,.F.);
#5078 = EDGE_CURVE('',#5079,#5079,#5081,.T.);
#5079 = VERTEX_POINT('',#5080);
#5080 = CARTESIAN_POINT('',(73.1,50.,4.));
#5081 = SURFACE_CURVE('',#5082,(#5087,#5094),.PCURVE_S1.);
#5082 = CIRCLE('',#5083,1.6);
#5083 = AXIS2_PLACEMENT_3D('',#5084,#5085,#5086);
#5084 = CARTESIAN_POINT('',(71.5,50.,4.));
#5085 = DIRECTION('',(0.,0.,1.));
#5086 = DIRECTION('',(1.,0.,-0.));
#5087 = PCURVE('',#2312,#5088);
#5088 = DEFINITIONAL_REPRESENTATION('',(#5089),#5093);
#5089 = CIRCLE('',#5090,1.6);
#5090 = AXIS2_PLACEMENT_2D('',#5091,#5092);
#5091 = CARTESIAN_POINT('',(71.5,50.));
#5092 = DIRECTION('',(1.,0.));
#5093 = ( GEOMETRIC_REPRESENTATION_CONTEXT(2) 
PARAMETRIC_REPRESENTATION_CONTEXT() REPRESENTATION_CONTEXT('2D SPACE',''
  ) );
#5094 = PCURVE('',#5095,#5100);
#5095 = CYLINDRICAL_SURFACE('',#5096,1.6);
#5096 = AXIS2_PLACEMENT_3D('',#5097,#5098,#5099);
#5097 = CARTESIAN_POINT('',(71.5,50.,4.));
#5098 = DIRECTION('',(0.,0.,1.));
#5099 = DIRECTION('',(1.,0.,-0.));
#5100 = DEFINITIONAL_REPRESENTATION('',(#5101),#5105);
#5101 = LINE('',#5102,#5103);
#5102 = CARTESIAN_POINT('',(0.,0.));
#5103 = VECTOR('',#5104,1.);
#5104 = DIRECTION('',(1.,0.));
#5105 = ( GEOMETRIC_REPRESENTATION_CONTEXT(2) 
PARAMETRIC_REPRESENTATION_CONTEXT() REPRESENTATION_CONTEXT('2D SPACE',''
  ) );
#5106 = FACE_BOUND('',#5107,.T.);
#5107 = EDGE_LOOP('',(#5108));
#5108 = ORIENTED_EDGE('',*,*,#5109,.F.);
#5109 = EDGE_CURVE('',#5110,#5110,#5112,.T.);
#5110 = VERTEX_POINT('',#5111);
#5111 = CARTESIAN_POINT('',(51.6,71.5,4.));
#5112 = SURFACE_CURVE('',#5113,(#5118,#5125),.PCURVE_S1.);
#5113 = CIRCLE('',#5114,1.6);
#5114 = AXIS2_PLACEMENT_3D('',#5115,#5116,#5117);
#5115 = CARTESIAN_POINT('',(50.,71.5,4.));
#5116 = DIRECTION('',(0.,0.,1.));
#5117 = DIRECTION('',(1.,0.,-0.));
#5118 = PCURVE('',#2312,#5119);
#5119 = DEFINITIONAL_REPRESENTATION('',(#5120),#5124);
#5120 = CIRCLE('',#5121,1.6);
#5121 = AXIS2_PLACEMENT_2D('',#5122,#5123);
#5122 = CARTESIAN_POINT('',(50.,71.5));
#5123 = DIRECTION('',(1.,0.));
#5124 = ( GEOMETRIC_REPRESENTATION_CONTEXT(2) 
PARAMETRIC_REPRESENTATION_CONTEXT() REPRESENTATION_CONTEXT('2D SPACE',''
  ) );
#5125 = PCURVE('',#5126,#5131);
#5126 = CYLINDRICAL_SURFACE('',#5127,1.6);
#5127 = AXIS2_PLACEMENT_3D('',#5128,#5129,#5130);
#5128 = CARTESIAN_POINT('',(50.,71.5,4.));
#5129 = DIRECTION('',(0.,0.,1.));
#5130 = DIRECTION('',(1.,0.,-0.));
#5131 = DEFINITIONAL_REPRESENTATION('',(#5132),#5136);
#5132 = LINE('',#5133,#5134);
#5133 = CARTESIAN_POINT('',(0.,0.));
#5134 = VECTOR('',#5135,1.);
#5135 = DIRECTION('',(1.,0.));
#5136 = ( GEOMETRIC_REPRESENTATION_CONTEXT(2) 
PARAMETRIC_REPRESENTATION_CONTEXT() REPRESENTATION_CONTEXT('2D SPACE',''
  ) );
#5137 = ADVANCED_FACE('',(#5138),#2284,.T.);
#5138 = FACE_BOUND('',#5139,.T.);
#5139 = EDGE_LOOP('',(#5140,#5161,#5182,#5183));
#5140 = ORIENTED_EDGE('',*,*,#5141,.T.);
#5141 = EDGE_CURVE('',#4856,#5142,#5144,.T.);
#5142 = VERTEX_POINT('',#5143);
#5143 = CARTESIAN_POINT('',(25.,25.,3.5));
#5144 = SURFACE_CURVE('',#5145,(#5149,#5155),.PCURVE_S1.);
#5145 = LINE('',#5146,#5147);
#5146 = CARTESIAN_POINT('',(-8.6,-8.6,-30.1));
#5147 = VECTOR('',#5148,1.);
#5148 = DIRECTION('',(-0.57735026919,-0.57735026919,-0.57735026919));
#5149 = PCURVE('',#2284,#5150);
#5150 = DEFINITIONAL_REPRESENTATION('',(#5151),#5154);
#5151 = B_SPLINE_CURVE_WITH_KNOTS('',1,(#5152,#5153),.UNSPECIFIED.,.F.,
  .F.,(2,2),(-59.06293253809,-58.19690713431),.PIECEWISE_BEZIER_KNOTS.);
#5152 = CARTESIAN_POINT('',(101.3,0.707106781187));
#5153 = CARTESIAN_POINT('',(100.8,-1.218075424205E-15));
#5154 = ( GEOMETRIC_REPRESENTATION_CONTEXT(2) 
PARAMETRIC_REPRESENTATION_CONTEXT() REPRESENTATION_CONTEXT('2D SPACE',''
  ) );
#5155 = PCURVE('',#4873,#5156);
#5156 = DEFINITIONAL_REPRESENTATION('',(#5157),#5160);
#5157 = B_SPLINE_CURVE_WITH_KNOTS('',1,(#5158,#5159),.UNSPECIFIED.,.F.,
  .F.,(2,2),(-59.06293253809,-58.19690713431),.PIECEWISE_BEZIER_KNOTS.);
#5158 = CARTESIAN_POINT('',(0.707106781187,-101.3));
#5159 = CARTESIAN_POINT('',(1.105996109694E-14,-100.8));
#5160 = ( GEOMETRIC_REPRESENTATION_CONTEXT(2) 
PARAMETRIC_REPRESENTATION_CONTEXT() REPRESENTATION_CONTEXT('2D SPACE',''
  ) );
#5161 = ORIENTED_EDGE('',*,*,#5162,.T.);
#5162 = EDGE_CURVE('',#5142,#2229,#5163,.T.);
#5163 = SURFACE_CURVE('',#5164,(#5168,#5175),.PCURVE_S1.);
#5164 = LINE('',#5165,#5166);
#5165 = CARTESIAN_POINT('',(-75.8,25.,3.5));
#5166 = VECTOR('',#5167,1.);
#5167 = DIRECTION('',(1.,0.,0.));
#5168 = PCURVE('',#2284,#5169);
#5169 = DEFINITIONAL_REPRESENTATION('',(#5170),#5174);
#5170 = LINE('',#5171,#5172);
#5171 = CARTESIAN_POINT('',(0.,0.));
#5172 = VECTOR('',#5173,1.);
#5173 = DIRECTION('',(1.,0.));
#5174 = ( GEOMETRIC_REPRESENTATION_CONTEXT(2) 
PARAMETRIC_REPRESENTATION_CONTEXT() REPRESENTATION_CONTEXT('2D SPACE',''
  ) );
#5175 = PCURVE('',#2250,#5176);
#5176 = DEFINITIONAL_REPRESENTATION('',(#5177),#5181);
#5177 = LINE('',#5178,#5179);
#5178 = CARTESIAN_POINT('',(0.,0.));
#5179 = VECTOR('',#5180,1.);
#5180 = DIRECTION('',(0.,1.));
#5181 = ( GEOMETRIC_REPRESENTATION_CONTEXT(2) 
PARAMETRIC_REPRESENTATION_CONTEXT() REPRESENTATION_CONTEXT('2D SPACE',''
  ) );
#5182 = ORIENTED_EDGE('',*,*,#2262,.T.);
#5183 = ORIENTED_EDGE('',*,*,#4885,.F.);
#5184 = ADVANCED_FACE('',(#5185),#2250,.T.);
#5185 = FACE_BOUND('',#5186,.T.);
#5186 = EDGE_LOOP('',(#5187,#5188,#5214,#5235));
#5187 = ORIENTED_EDGE('',*,*,#5162,.F.);
#5188 = ORIENTED_EDGE('',*,*,#5189,.T.);
#5189 = EDGE_CURVE('',#5142,#5190,#5192,.T.);
#5190 = VERTEX_POINT('',#5191);
#5191 = CARTESIAN_POINT('',(25.5,24.5,4.));
#5192 = SURFACE_CURVE('',#5193,(#5197,#5203),.PCURVE_S1.);
#5193 = LINE('',#5194,#5195);
#5194 = CARTESIAN_POINT('',(25.,25.,3.5));
#5195 = VECTOR('',#5196,1.);
#5196 = DIRECTION('',(0.57735026919,-0.57735026919,0.57735026919));
#5197 = PCURVE('',#2250,#5198);
#5198 = DEFINITIONAL_REPRESENTATION('',(#5199),#5202);
#5199 = B_SPLINE_CURVE_WITH_KNOTS('',1,(#5200,#5201),.UNSPECIFIED.,.F.,
  .F.,(2,2),(0.,0.866025403784),.PIECEWISE_BEZIER_KNOTS.);
#5200 = CARTESIAN_POINT('',(0.,100.8));
#5201 = CARTESIAN_POINT('',(0.707106781187,101.3));
#5202 = ( GEOMETRIC_REPRESENTATION_CONTEXT(2) 
PARAMETRIC_REPRESENTATION_CONTEXT() REPRESENTATION_CONTEXT('2D SPACE',''
  ) );
#5203 = PCURVE('',#5204,#5209);
#5204 = PLANE('',#5205);
#5205 = AXIS2_PLACEMENT_3D('',#5206,#5207,#5208);
#5206 = CARTESIAN_POINT('',(25.,-75.8,3.5));
#5207 = DIRECTION('',(0.707106781187,0.,-0.707106781187));
#5208 = DIRECTION('',(0.707106781187,0.,0.707106781187));
#5209 = DEFINITIONAL_REPRESENTATION('',(#5210),#5213);
#5210 = B_SPLINE_CURVE_WITH_KNOTS('',1,(#5211,#5212),.UNSPECIFIED.,.F.,
  .F.,(2,2),(0.,0.866025403784),.PIECEWISE_BEZIER_KNOTS.);
#5211 = CARTESIAN_POINT('',(0.,-100.8));
#5212 = CARTESIAN_POINT('',(0.707106781187,-100.3));
#5213 = ( GEOMETRIC_REPRESENTATION_CONTEXT(2) 
PARAMETRIC_REPRESENTATION_CONTEXT() REPRESENTATION_CONTEXT('2D SPACE',''
  ) );
#5214 = ORIENTED_EDGE('',*,*,#5215,.T.);
#5215 = EDGE_CURVE('',#5190,#2201,#5216,.T.);
#5216 = SURFACE_CURVE('',#5217,(#5221,#5228),.PCURVE_S1.);
#5217 = LINE('',#5218,#5219);
#5218 = CARTESIAN_POINT('',(-75.8,24.5,4.));
#5219 = VECTOR('',#5220,1.);
#5220 = DIRECTION('',(1.,0.,0.));
#5221 = PCURVE('',#2250,#5222);
#5222 = DEFINITIONAL_REPRESENTATION('',(#5223),#5227);
#5223 = LINE('',#5224,#5225);
#5224 = CARTESIAN_POINT('',(0.707106781187,0.));
#5225 = VECTOR('',#5226,1.);
#5226 = DIRECTION('',(0.,1.));
#5227 = ( GEOMETRIC_REPRESENTATION_CONTEXT(2) 
PARAMETRIC_REPRESENTATION_CONTEXT() REPRESENTATION_CONTEXT('2D SPACE',''
  ) );
#5228 = PCURVE('',#2216,#5229);
#5229 = DEFINITIONAL_REPRESENTATION('',(#5230),#5234);
#5230 = LINE('',#5231,#5232);
#5231 = CARTESIAN_POINT('',(-75.8,24.5));
#5232 = VECTOR('',#5233,1.);
#5233 = DIRECTION('',(1.,0.));
#5234 = ( GEOMETRIC_REPRESENTATION_CONTEXT(2) 
PARAMETRIC_REPRESENTATION_CONTEXT() REPRESENTATION_CONTEXT('2D SPACE',''
  ) );
#5235 = ORIENTED_EDGE('',*,*,#2228,.T.);
#5236 = ADVANCED_FACE('',(#5237,#5285,#5316,#5347,#5378),#2216,.T.);
#5237 = FACE_BOUND('',#5238,.T.);
#5238 = EDGE_LOOP('',(#5239,#5262,#5283,#5284));
#5239 = ORIENTED_EDGE('',*,*,#5240,.F.);
#5240 = EDGE_CURVE('',#5241,#5190,#5243,.T.);
#5241 = VERTEX_POINT('',#5242);
#5242 = CARTESIAN_POINT('',(25.5,-24.5,4.));
#5243 = SURFACE_CURVE('',#5244,(#5248,#5255),.PCURVE_S1.);
#5244 = LINE('',#5245,#5246);
#5245 = CARTESIAN_POINT('',(25.5,-75.8,4.));
#5246 = VECTOR('',#5247,1.);
#5247 = DIRECTION('',(0.,1.,0.));
#5248 = PCURVE('',#2216,#5249);
#5249 = DEFINITIONAL_REPRESENTATION('',(#5250),#5254);
#5250 = LINE('',#5251,#5252);
#5251 = CARTESIAN_POINT('',(25.5,-75.8));
#5252 = VECTOR('',#5253,1.);
#5253 = DIRECTION('',(0.,1.));
#5254 = ( GEOMETRIC_REPRESENTATION_CONTEXT(2) 
PARAMETRIC_REPRESENTATION_CONTEXT() REPRESENTATION_CONTEXT('2D SPACE',''
  ) );
#5255 = PCURVE('',#5204,#5256);
#5256 = DEFINITIONAL_REPRESENTATION('',(#5257),#5261);
#5257 = LINE('',#5258,#5259);
#5258 = CARTESIAN_POINT('',(0.707106781187,0.));
#5259 = VECTOR('',#5260,1.);
#5260 = DIRECTION('',(0.,-1.));
#5261 = ( GEOMETRIC_REPRESENTATION_CONTEXT(2) 
PARAMETRIC_REPRESENTATION_CONTEXT() REPRESENTATION_CONTEXT('2D SPACE',''
  ) );
#5262 = ORIENTED_EDGE('',*,*,#5263,.T.);
#5263 = EDGE_CURVE('',#5241,#2167,#5264,.T.);
#5264 = SURFACE_CURVE('',#5265,(#5269,#5276),.PCURVE_S1.);
#5265 = LINE('',#5266,#5267);
#5266 = CARTESIAN_POINT('',(-75.8,-24.5,4.));
#5267 = VECTOR('',#5268,1.);
#5268 = DIRECTION('',(1.,0.,0.));
#5269 = PCURVE('',#2216,#5270);
#5270 = DEFINITIONAL_REPRESENTATION('',(#5271),#5275);
#5271 = LINE('',#5272,#5273);
#5272 = CARTESIAN_POINT('',(-75.8,-24.5));
#5273 = VECTOR('',#5274,1.);
#5274 = DIRECTION('',(1.,0.));
#5275 = ( GEOMETRIC_REPRESENTATION_CONTEXT(2) 
PARAMETRIC_REPRESENTATION_CONTEXT() REPRESENTATION_CONTEXT('2D SPACE',''
  ) );
#5276 = PCURVE('',#2188,#5277);
#5277 = DEFINITIONAL_REPRESENTATION('',(#5278),#5282);
#5278 = LINE('',#5279,#5280);
#5279 = CARTESIAN_POINT('',(0.,0.707106781187));
#5280 = VECTOR('',#5281,1.);
#5281 = DIRECTION('',(1.,0.));
#5282 = ( GEOMETRIC_REPRESENTATION_CONTEXT(2) 
PARAMETRIC_REPRESENTATION_CONTEXT() REPRESENTATION_CONTEXT('2D SPACE',''
  ) );
#5283 = ORIENTED_EDGE('',*,*,#2200,.T.);
#5284 = ORIENTED_EDGE('',*,*,#5215,.F.);
#5285 = FACE_BOUND('',#5286,.T.);
#5286 = EDGE_LOOP('',(#5287));
#5287 = ORIENTED_EDGE('',*,*,#5288,.F.);
#5288 = EDGE_CURVE('',#5289,#5289,#5291,.T.);
#5289 = VERTEX_POINT('',#5290);
#5290 = CARTESIAN_POINT('',(51.6,-21.5,4.));
#5291 = SURFACE_CURVE('',#5292,(#5297,#5304),.PCURVE_S1.);
#5292 = CIRCLE('',#5293,1.6);
#5293 = AXIS2_PLACEMENT_3D('',#5294,#5295,#5296);
#5294 = CARTESIAN_POINT('',(50.,-21.5,4.));
#5295 = DIRECTION('',(0.,0.,1.));
#5296 = DIRECTION('',(1.,0.,-0.));
#5297 = PCURVE('',#2216,#5298);
#5298 = DEFINITIONAL_REPRESENTATION('',(#5299),#5303);
#5299 = CIRCLE('',#5300,1.6);
#5300 = AXIS2_PLACEMENT_2D('',#5301,#5302);
#5301 = CARTESIAN_POINT('',(50.,-21.5));
#5302 = DIRECTION('',(1.,0.));
#5303 = ( GEOMETRIC_REPRESENTATION_CONTEXT(2) 
PARAMETRIC_REPRESENTATION_CONTEXT() REPRESENTATION_CONTEXT('2D SPACE',''
  ) );
#5304 = PCURVE('',#5305,#5310);
#5305 = CYLINDRICAL_SURFACE('',#5306,1.6);
#5306 = AXIS2_PLACEMENT_3D('',#5307,#5308,#5309);
#5307 = CARTESIAN_POINT('',(50.,-21.5,4.));
#5308 = DIRECTION('',(0.,0.,1.));
#5309 = DIRECTION('',(1.,0.,-0.));
#5310 = DEFINITIONAL_REPRESENTATION('',(#5311),#5315);
#5311 = LINE('',#5312,#5313);
#5312 = CARTESIAN_POINT('',(0.,0.));
#5313 = VECTOR('',#5314,1.);
#5314 = DIRECTION('',(1.,0.));
#5315 = ( GEOMETRIC_REPRESENTATION_CONTEXT(2) 
PARAMETRIC_REPRESENTATION_CONTEXT() REPRESENTATION_CONTEXT('2D SPACE',''
  ) );
#5316 = FACE_BOUND('',#5317,.T.);
#5317 = EDGE_LOOP('',(#5318));
#5318 = ORIENTED_EDGE('',*,*,#5319,.F.);
#5319 = EDGE_CURVE('',#5320,#5320,#5322,.T.);
#5320 = VERTEX_POINT('',#5321);
#5321 = CARTESIAN_POINT('',(30.1,-3.918869757272E-16,4.));
#5322 = SURFACE_CURVE('',#5323,(#5328,#5335),.PCURVE_S1.);
#5323 = CIRCLE('',#5324,1.6);
#5324 = AXIS2_PLACEMENT_3D('',#5325,#5326,#5327);
#5325 = CARTESIAN_POINT('',(28.5,0.,4.));
#5326 = DIRECTION('',(0.,0.,1.));
#5327 = DIRECTION('',(1.,0.,-0.));
#5328 = PCURVE('',#2216,#5329);
#5329 = DEFINITIONAL_REPRESENTATION('',(#5330),#5334);
#5330 = CIRCLE('',#5331,1.6);
#5331 = AXIS2_PLACEMENT_2D('',#5332,#5333);
#5332 = CARTESIAN_POINT('',(28.5,0.));
#5333 = DIRECTION('',(1.,0.));
#5334 = ( GEOMETRIC_REPRESENTATION_CONTEXT(2) 
PARAMETRIC_REPRESENTATION_CONTEXT() REPRESENTATION_CONTEXT('2D SPACE',''
  ) );
#5335 = PCURVE('',#5336,#5341);
#5336 = CYLINDRICAL_SURFACE('',#5337,1.6);
#5337 = AXIS2_PLACEMENT_3D('',#5338,#5339,#5340);
#5338 = CARTESIAN_POINT('',(28.5,0.,4.));
#5339 = DIRECTION('',(0.,0.,1.));
#5340 = DIRECTION('',(1.,0.,-0.));
#5341 = DEFINITIONAL_REPRESENTATION('',(#5342),#5346);
#5342 = LINE('',#5343,#5344);
#5343 = CARTESIAN_POINT('',(0.,0.));
#5344 = VECTOR('',#5345,1.);
#5345 = DIRECTION('',(1.,0.));
#5346 = ( GEOMETRIC_REPRESENTATION_CONTEXT(2) 
PARAMETRIC_REPRESENTATION_CONTEXT() REPRESENTATION_CONTEXT('2D SPACE',''
  ) );
#5347 = FACE_BOUND('',#5348,.T.);
#5348 = EDGE_LOOP('',(#5349));
#5349 = ORIENTED_EDGE('',*,*,#5350,.F.);
#5350 = EDGE_CURVE('',#5351,#5351,#5353,.T.);
#5351 = VERTEX_POINT('',#5352);
#5352 = CARTESIAN_POINT('',(73.1,-3.918869757272E-16,4.));
#5353 = SURFACE_CURVE('',#5354,(#5359,#5366),.PCURVE_S1.);
#5354 = CIRCLE('',#5355,1.6);
#5355 = AXIS2_PLACEMENT_3D('',#5356,#5357,#5358);
#5356 = CARTESIAN_POINT('',(71.5,0.,4.));
#5357 = DIRECTION('',(0.,0.,1.));
#5358 = DIRECTION('',(1.,0.,-0.));
#5359 = PCURVE('',#2216,#5360);
#5360 = DEFINITIONAL_REPRESENTATION('',(#5361),#5365);
#5361 = CIRCLE('',#5362,1.6);
#5362 = AXIS2_PLACEMENT_2D('',#5363,#5364);
#5363 = CARTESIAN_POINT('',(71.5,0.));
#5364 = DIRECTION('',(1.,0.));
#5365 = ( GEOMETRIC_REPRESENTATION_CONTEXT(2) 
PARAMETRIC_REPRESENTATION_CONTEXT() REPRESENTATION_CONTEXT('2D SPACE',''
  ) );
#5366 = PCURVE('',#5367,#5372);
#5367 = CYLINDRICAL_SURFACE('',#5368,1.6);
#5368 = AXIS2_PLACEMENT_3D('',#5369,#5370,#5371);
#5369 = CARTESIAN_POINT('',(71.5,0.,4.));
#5370 = DIRECTION('',(0.,0.,1.));
#5371 = DIRECTION('',(1.,0.,-0.));
#5372 = DEFINITIONAL_REPRESENTATION('',(#5373),#5377);
#5373 = LINE('',#5374,#5375);
#5374 = CARTESIAN_POINT('',(0.,0.));
#5375 = VECTOR('',#5376,1.);
#5376 = DIRECTION('',(1.,0.));
#5377 = ( GEOMETRIC_REPRESENTATION_CONTEXT(2) 
PARAMETRIC_REPRESENTATION_CONTEXT() REPRESENTATION_CONTEXT('2D SPACE',''
  ) );
#5378 = FACE_BOUND('',#5379,.T.);
#5379 = EDGE_LOOP('',(#5380));
#5380 = ORIENTED_EDGE('',*,*,#5381,.F.);
#5381 = EDGE_CURVE('',#5382,#5382,#5384,.T.);
#5382 = VERTEX_POINT('',#5383);
#5383 = CARTESIAN_POINT('',(51.6,21.5,4.));
#5384 = SURFACE_CURVE('',#5385,(#5390,#5397),.PCURVE_S1.);
#5385 = CIRCLE('',#5386,1.6);
#5386 = AXIS2_PLACEMENT_3D('',#5387,#5388,#5389);
#5387 = CARTESIAN_POINT('',(50.,21.5,4.));
#5388 = DIRECTION('',(0.,0.,1.));
#5389 = DIRECTION('',(1.,0.,-0.));
#5390 = PCURVE('',#2216,#5391);
#5391 = DEFINITIONAL_REPRESENTATION('',(#5392),#5396);
#5392 = CIRCLE('',#5393,1.6);
#5393 = AXIS2_PLACEMENT_2D('',#5394,#5395);
#5394 = CARTESIAN_POINT('',(50.,21.5));
#5395 = DIRECTION('',(1.,0.));
#5396 = ( GEOMETRIC_REPRESENTATION_CONTEXT(2) 
PARAMETRIC_REPRESENTATION_CONTEXT() REPRESENTATION_CONTEXT('2D SPACE',''
  ) );
#5397 = PCURVE('',#5398,#5403);
#5398 = CYLINDRICAL_SURFACE('',#5399,1.6);
#5399 = AXIS2_PLACEMENT_3D('',#5400,#5401,#5402);
#5400 = CARTESIAN_POINT('',(50.,21.5,4.));
#5401 = DIRECTION('',(0.,0.,1.));
#5402 = DIRECTION('',(1.,0.,-0.));
#5403 = DEFINITIONAL_REPRESENTATION('',(#5404),#5408);
#5404 = LINE('',#5405,#5406);
#5405 = CARTESIAN_POINT('',(0.,0.));
#5406 = VECTOR('',#5407,1.);
#5407 = DIRECTION('',(1.,0.));
#5408 = ( GEOMETRIC_REPRESENTATION_CONTEXT(2) 
PARAMETRIC_REPRESENTATION_CONTEXT() REPRESENTATION_CONTEXT('2D SPACE',''
  ) );
#5409 = ADVANCED_FACE('',(#5410),#2188,.T.);
#5410 = FACE_BOUND('',#5411,.T.);
#5411 = EDGE_LOOP('',(#5412,#5431,#5452,#5453));
#5412 = ORIENTED_EDGE('',*,*,#5413,.T.);
#5413 = EDGE_CURVE('',#5241,#2540,#5414,.T.);
#5414 = SURFACE_CURVE('',#5415,(#5419,#5425),.PCURVE_S1.);
#5415 = LINE('',#5416,#5417);
#5416 = CARTESIAN_POINT('',(-0.266666666667,-50.26666666666,
    -21.76666666666));
#5417 = VECTOR('',#5418,1.);
#5418 = DIRECTION('',(-0.57735026919,-0.57735026919,-0.57735026919));
#5419 = PCURVE('',#2188,#5420);
#5420 = DEFINITIONAL_REPRESENTATION('',(#5421),#5424);
#5421 = B_SPLINE_CURVE_WITH_KNOTS('',1,(#5422,#5423),.UNSPECIFIED.,.F.,
  .F.,(2,2),(-44.62917580835,-43.76315040457),.PIECEWISE_BEZIER_KNOTS.);
#5422 = CARTESIAN_POINT('',(101.3,0.707106781187));
#5423 = CARTESIAN_POINT('',(100.8,1.115194095793E-15));
#5424 = ( GEOMETRIC_REPRESENTATION_CONTEXT(2) 
PARAMETRIC_REPRESENTATION_CONTEXT() REPRESENTATION_CONTEXT('2D SPACE',''
  ) );
#5425 = PCURVE('',#5204,#5426);
#5426 = DEFINITIONAL_REPRESENTATION('',(#5427),#5430);
#5427 = B_SPLINE_CURVE_WITH_KNOTS('',1,(#5428,#5429),.UNSPECIFIED.,.F.,
  .F.,(2,2),(-44.62917580835,-43.76315040457),.PIECEWISE_BEZIER_KNOTS.);
#5428 = CARTESIAN_POINT('',(0.707106781187,-51.3));
#5429 = CARTESIAN_POINT('',(1.480396543379E-15,-50.8));
#5430 = ( GEOMETRIC_REPRESENTATION_CONTEXT(2) 
PARAMETRIC_REPRESENTATION_CONTEXT() REPRESENTATION_CONTEXT('2D SPACE',''
  ) );
#5431 = ORIENTED_EDGE('',*,*,#5432,.T.);
#5432 = EDGE_CURVE('',#2540,#2133,#5433,.T.);
#5433 = SURFACE_CURVE('',#5434,(#5438,#5445),.PCURVE_S1.);
#5434 = LINE('',#5435,#5436);
#5435 = CARTESIAN_POINT('',(-75.8,-25.,3.5));
#5436 = VECTOR('',#5437,1.);
#5437 = DIRECTION('',(1.,0.,0.));
#5438 = PCURVE('',#2188,#5439);
#5439 = DEFINITIONAL_REPRESENTATION('',(#5440),#5444);
#5440 = LINE('',#5441,#5442);
#5441 = CARTESIAN_POINT('',(0.,0.));
#5442 = VECTOR('',#5443,1.);
#5443 = DIRECTION('',(1.,0.));
#5444 = ( GEOMETRIC_REPRESENTATION_CONTEXT(2) 
PARAMETRIC_REPRESENTATION_CONTEXT() REPRESENTATION_CONTEXT('2D SPACE',''
  ) );
#5445 = PCURVE('',#2154,#5446);
#5446 = DEFINITIONAL_REPRESENTATION('',(#5447),#5451);
#5447 = LINE('',#5448,#5449);
#5448 = CARTESIAN_POINT('',(0.,0.));
#5449 = VECTOR('',#5450,1.);
#5450 = DIRECTION('',(0.,1.));
#5451 = ( GEOMETRIC_REPRESENTATION_CONTEXT(2) 
PARAMETRIC_REPRESENTATION_CONTEXT() REPRESENTATION_CONTEXT('2D SPACE',''
  ) );
#5452 = ORIENTED_EDGE('',*,*,#2166,.T.);
#5453 = ORIENTED_EDGE('',*,*,#5263,.F.);
#5454 = ADVANCED_FACE('',(#5455),#2154,.T.);
#5455 = FACE_BOUND('',#5456,.T.);
#5456 = EDGE_LOOP('',(#5457,#5458,#5459,#5460));
#5457 = ORIENTED_EDGE('',*,*,#5432,.F.);
#5458 = ORIENTED_EDGE('',*,*,#2562,.T.);
#5459 = ORIENTED_EDGE('',*,*,#2389,.T.);
#5460 = ORIENTED_EDGE('',*,*,#2132,.T.);
#5461 = ADVANCED_FACE('',(#5462),#2429,.T.);
#5462 = FACE_BOUND('',#5463,.T.);
#5463 = EDGE_LOOP('',(#5464,#5487,#5514,#5515));
#5464 = ORIENTED_EDGE('',*,*,#5465,.T.);
#5465 = EDGE_CURVE('',#2413,#5466,#5468,.T.);
#5466 = VERTEX_POINT('',#5467);
#5467 = CARTESIAN_POINT('',(30.1,-50.,5.3));
#5468 = SEAM_CURVE('',#5469,(#5473,#5480),.PCURVE_S1.);
#5469 = LINE('',#5470,#5471);
#5470 = CARTESIAN_POINT('',(30.1,-50.,4.));
#5471 = VECTOR('',#5472,1.);
#5472 = DIRECTION('',(0.,0.,1.));
#5473 = PCURVE('',#2429,#5474);
#5474 = DEFINITIONAL_REPRESENTATION('',(#5475),#5479);
#5475 = LINE('',#5476,#5477);
#5476 = CARTESIAN_POINT('',(6.28318530718,-0.));
#5477 = VECTOR('',#5478,1.);
#5478 = DIRECTION('',(0.,1.));
#5479 = ( GEOMETRIC_REPRESENTATION_CONTEXT(2) 
PARAMETRIC_REPRESENTATION_CONTEXT() REPRESENTATION_CONTEXT('2D SPACE',''
  ) );
#5480 = PCURVE('',#2429,#5481);
#5481 = DEFINITIONAL_REPRESENTATION('',(#5482),#5486);
#5482 = LINE('',#5483,#5484);
#5483 = CARTESIAN_POINT('',(0.,-0.));
#5484 = VECTOR('',#5485,1.);
#5485 = DIRECTION('',(0.,1.));
#5486 = ( GEOMETRIC_REPRESENTATION_CONTEXT(2) 
PARAMETRIC_REPRESENTATION_CONTEXT() REPRESENTATION_CONTEXT('2D SPACE',''
  ) );
#5487 = ORIENTED_EDGE('',*,*,#5488,.F.);
#5488 = EDGE_CURVE('',#5466,#5466,#5489,.T.);
#5489 = SURFACE_CURVE('',#5490,(#5495,#5502),.PCURVE_S1.);
#5490 = CIRCLE('',#5491,1.6);
#5491 = AXIS2_PLACEMENT_3D('',#5492,#5493,#5494);
#5492 = CARTESIAN_POINT('',(28.5,-50.,5.3));
#5493 = DIRECTION('',(0.,0.,1.));
#5494 = DIRECTION('',(1.,0.,-0.));
#5495 = PCURVE('',#2429,#5496);
#5496 = DEFINITIONAL_REPRESENTATION('',(#5497),#5501);
#5497 = LINE('',#5498,#5499);
#5498 = CARTESIAN_POINT('',(0.,1.3));
#5499 = VECTOR('',#5500,1.);
#5500 = DIRECTION('',(1.,0.));
#5501 = ( GEOMETRIC_REPRESENTATION_CONTEXT(2) 
PARAMETRIC_REPRESENTATION_CONTEXT() REPRESENTATION_CONTEXT('2D SPACE',''
  ) );
#5502 = PCURVE('',#5503,#5508);
#5503 = CONICAL_SURFACE('',#5504,1.6,0.785398163397);
#5504 = AXIS2_PLACEMENT_3D('',#5505,#5506,#5507);
#5505 = CARTESIAN_POINT('',(28.5,-50.,5.3));
#5506 = DIRECTION('',(-0.,-0.,-1.));
#5507 = DIRECTION('',(1.,0.,0.));
#5508 = DEFINITIONAL_REPRESENTATION('',(#5509),#5513);
#5509 = LINE('',#5510,#5511);
#5510 = CARTESIAN_POINT('',(-0.,-0.));
#5511 = VECTOR('',#5512,1.);
#5512 = DIRECTION('',(-1.,-0.));
#5513 = ( GEOMETRIC_REPRESENTATION_CONTEXT(2) 
PARAMETRIC_REPRESENTATION_CONTEXT() REPRESENTATION_CONTEXT('2D SPACE',''
  ) );
#5514 = ORIENTED_EDGE('',*,*,#5465,.F.);
#5515 = ORIENTED_EDGE('',*,*,#2412,.T.);
#5516 = ADVANCED_FACE('',(#5517),#2460,.T.);
#5517 = FACE_BOUND('',#5518,.T.);
#5518 = EDGE_LOOP('',(#5519,#5542,#5569,#5570));
#5519 = ORIENTED_EDGE('',*,*,#5520,.T.);
#5520 = EDGE_CURVE('',#2444,#5521,#5523,.T.);
#5521 = VERTEX_POINT('',#5522);
#5522 = CARTESIAN_POINT('',(51.6,-71.5,5.3));
#5523 = SEAM_CURVE('',#5524,(#5528,#5535),.PCURVE_S1.);
#5524 = LINE('',#5525,#5526);
#5525 = CARTESIAN_POINT('',(51.6,-71.5,4.));
#5526 = VECTOR('',#5527,1.);
#5527 = DIRECTION('',(0.,0.,1.));
#5528 = PCURVE('',#2460,#5529);
#5529 = DEFINITIONAL_REPRESENTATION('',(#5530),#5534);
#5530 = LINE('',#5531,#5532);
#5531 = CARTESIAN_POINT('',(6.28318530718,-0.));
#5532 = VECTOR('',#5533,1.);
#5533 = DIRECTION('',(0.,1.));
#5534 = ( GEOMETRIC_REPRESENTATION_CONTEXT(2) 
PARAMETRIC_REPRESENTATION_CONTEXT() REPRESENTATION_CONTEXT('2D SPACE',''
  ) );
#5535 = PCURVE('',#2460,#5536);
#5536 = DEFINITIONAL_REPRESENTATION('',(#5537),#5541);
#5537 = LINE('',#5538,#5539);
#5538 = CARTESIAN_POINT('',(0.,-0.));
#5539 = VECTOR('',#5540,1.);
#5540 = DIRECTION('',(0.,1.));
#5541 = ( GEOMETRIC_REPRESENTATION_CONTEXT(2) 
PARAMETRIC_REPRESENTATION_CONTEXT() REPRESENTATION_CONTEXT('2D SPACE',''
  ) );
#5542 = ORIENTED_EDGE('',*,*,#5543,.F.);
#5543 = EDGE_CURVE('',#5521,#5521,#5544,.T.);
#5544 = SURFACE_CURVE('',#5545,(#5550,#5557),.PCURVE_S1.);
#5545 = CIRCLE('',#5546,1.6);
#5546 = AXIS2_PLACEMENT_3D('',#5547,#5548,#5549);
#5547 = CARTESIAN_POINT('',(50.,-71.5,5.3));
#5548 = DIRECTION('',(0.,0.,1.));
#5549 = DIRECTION('',(1.,0.,-0.));
#5550 = PCURVE('',#2460,#5551);
#5551 = DEFINITIONAL_REPRESENTATION('',(#5552),#5556);
#5552 = LINE('',#5553,#5554);
#5553 = CARTESIAN_POINT('',(0.,1.3));
#5554 = VECTOR('',#5555,1.);
#5555 = DIRECTION('',(1.,0.));
#5556 = ( GEOMETRIC_REPRESENTATION_CONTEXT(2) 
PARAMETRIC_REPRESENTATION_CONTEXT() REPRESENTATION_CONTEXT('2D SPACE',''
  ) );
#5557 = PCURVE('',#5558,#5563);
#5558 = CONICAL_SURFACE('',#5559,1.6,0.785398163397);
#5559 = AXIS2_PLACEMENT_3D('',#5560,#5561,#5562);
#5560 = CARTESIAN_POINT('',(50.,-71.5,5.3));
#5561 = DIRECTION('',(-0.,-0.,-1.));
#5562 = DIRECTION('',(1.,0.,0.));
#5563 = DEFINITIONAL_REPRESENTATION('',(#5564),#5568);
#5564 = LINE('',#5565,#5566);
#5565 = CARTESIAN_POINT('',(-0.,-0.));
#5566 = VECTOR('',#5567,1.);
#5567 = DIRECTION('',(-1.,-0.));
#5568 = ( GEOMETRIC_REPRESENTATION_CONTEXT(2) 
PARAMETRIC_REPRESENTATION_CONTEXT() REPRESENTATION_CONTEXT('2D SPACE',''
  ) );
#5569 = ORIENTED_EDGE('',*,*,#5520,.F.);
#5570 = ORIENTED_EDGE('',*,*,#2443,.T.);
#5571 = ADVANCED_FACE('',(#5572),#2491,.T.);
#5572 = FACE_BOUND('',#5573,.T.);
#5573 = EDGE_LOOP('',(#5574,#5597,#5624,#5625));
#5574 = ORIENTED_EDGE('',*,*,#5575,.T.);
#5575 = EDGE_CURVE('',#2475,#5576,#5578,.T.);
#5576 = VERTEX_POINT('',#5577);
#5577 = CARTESIAN_POINT('',(73.1,-50.,5.3));
#5578 = SEAM_CURVE('',#5579,(#5583,#5590),.PCURVE_S1.);
#5579 = LINE('',#5580,#5581);
#5580 = CARTESIAN_POINT('',(73.1,-50.,4.));
#5581 = VECTOR('',#5582,1.);
#5582 = DIRECTION('',(0.,0.,1.));
#5583 = PCURVE('',#2491,#5584);
#5584 = DEFINITIONAL_REPRESENTATION('',(#5585),#5589);
#5585 = LINE('',#5586,#5587);
#5586 = CARTESIAN_POINT('',(6.28318530718,-0.));
#5587 = VECTOR('',#5588,1.);
#5588 = DIRECTION('',(0.,1.));
#5589 = ( GEOMETRIC_REPRESENTATION_CONTEXT(2) 
PARAMETRIC_REPRESENTATION_CONTEXT() REPRESENTATION_CONTEXT('2D SPACE',''
  ) );
#5590 = PCURVE('',#2491,#5591);
#5591 = DEFINITIONAL_REPRESENTATION('',(#5592),#5596);
#5592 = LINE('',#5593,#5594);
#5593 = CARTESIAN_POINT('',(0.,-0.));
#5594 = VECTOR('',#5595,1.);
#5595 = DIRECTION('',(0.,1.));
#5596 = ( GEOMETRIC_REPRESENTATION_CONTEXT(2) 
PARAMETRIC_REPRESENTATION_CONTEXT() REPRESENTATION_CONTEXT('2D SPACE',''
  ) );
#5597 = ORIENTED_EDGE('',*,*,#5598,.F.);
#5598 = EDGE_CURVE('',#5576,#5576,#5599,.T.);
#5599 = SURFACE_CURVE('',#5600,(#5605,#5612),.PCURVE_S1.);
#5600 = CIRCLE('',#5601,1.6);
#5601 = AXIS2_PLACEMENT_3D('',#5602,#5603,#5604);
#5602 = CARTESIAN_POINT('',(71.5,-50.,5.3));
#5603 = DIRECTION('',(0.,0.,1.));
#5604 = DIRECTION('',(1.,0.,-0.));
#5605 = PCURVE('',#2491,#5606);
#5606 = DEFINITIONAL_REPRESENTATION('',(#5607),#5611);
#5607 = LINE('',#5608,#5609);
#5608 = CARTESIAN_POINT('',(0.,1.3));
#5609 = VECTOR('',#5610,1.);
#5610 = DIRECTION('',(1.,0.));
#5611 = ( GEOMETRIC_REPRESENTATION_CONTEXT(2) 
PARAMETRIC_REPRESENTATION_CONTEXT() REPRESENTATION_CONTEXT('2D SPACE',''
  ) );
#5612 = PCURVE('',#5613,#5618);
#5613 = CONICAL_SURFACE('',#5614,1.6,0.785398163397);
#5614 = AXIS2_PLACEMENT_3D('',#5615,#5616,#5617);
#5615 = CARTESIAN_POINT('',(71.5,-50.,5.3));
#5616 = DIRECTION('',(-0.,-0.,-1.));
#5617 = DIRECTION('',(1.,0.,0.));
#5618 = DEFINITIONAL_REPRESENTATION('',(#5619),#5623);
#5619 = LINE('',#5620,#5621);
#5620 = CARTESIAN_POINT('',(-0.,-0.));
#5621 = VECTOR('',#5622,1.);
#5622 = DIRECTION('',(-1.,-0.));
#5623 = ( GEOMETRIC_REPRESENTATION_CONTEXT(2) 
PARAMETRIC_REPRESENTATION_CONTEXT() REPRESENTATION_CONTEXT('2D SPACE',''
  ) );
#5624 = ORIENTED_EDGE('',*,*,#5575,.F.);
#5625 = ORIENTED_EDGE('',*,*,#2474,.T.);
#5626 = ADVANCED_FACE('',(#5627),#2522,.T.);
#5627 = FACE_BOUND('',#5628,.T.);
#5628 = EDGE_LOOP('',(#5629,#5652,#5679,#5680));
#5629 = ORIENTED_EDGE('',*,*,#5630,.T.);
#5630 = EDGE_CURVE('',#2506,#5631,#5633,.T.);
#5631 = VERTEX_POINT('',#5632);
#5632 = CARTESIAN_POINT('',(51.6,-28.5,5.3));
#5633 = SEAM_CURVE('',#5634,(#5638,#5645),.PCURVE_S1.);
#5634 = LINE('',#5635,#5636);
#5635 = CARTESIAN_POINT('',(51.6,-28.5,4.));
#5636 = VECTOR('',#5637,1.);
#5637 = DIRECTION('',(0.,0.,1.));
#5638 = PCURVE('',#2522,#5639);
#5639 = DEFINITIONAL_REPRESENTATION('',(#5640),#5644);
#5640 = LINE('',#5641,#5642);
#5641 = CARTESIAN_POINT('',(6.28318530718,-0.));
#5642 = VECTOR('',#5643,1.);
#5643 = DIRECTION('',(0.,1.));
#5644 = ( GEOMETRIC_REPRESENTATION_CONTEXT(2) 
PARAMETRIC_REPRESENTATION_CONTEXT() REPRESENTATION_CONTEXT('2D SPACE',''
  ) );
#5645 = PCURVE('',#2522,#5646);
#5646 = DEFINITIONAL_REPRESENTATION('',(#5647),#5651);
#5647 = LINE('',#5648,#5649);
#5648 = CARTESIAN_POINT('',(0.,-0.));
#5649 = VECTOR('',#5650,1.);
#5650 = DIRECTION('',(0.,1.));
#5651 = ( GEOMETRIC_REPRESENTATION_CONTEXT(2) 
PARAMETRIC_REPRESENTATION_CONTEXT() REPRESENTATION_CONTEXT('2D SPACE',''
  ) );
#5652 = ORIENTED_EDGE('',*,*,#5653,.F.);
#5653 = EDGE_CURVE('',#5631,#5631,#5654,.T.);
#5654 = SURFACE_CURVE('',#5655,(#5660,#5667),.PCURVE_S1.);
#5655 = CIRCLE('',#5656,1.6);
#5656 = AXIS2_PLACEMENT_3D('',#5657,#5658,#5659);
#5657 = CARTESIAN_POINT('',(50.,-28.5,5.3));
#5658 = DIRECTION('',(0.,0.,1.));
#5659 = DIRECTION('',(1.,0.,-0.));
#5660 = PCURVE('',#2522,#5661);
#5661 = DEFINITIONAL_REPRESENTATION('',(#5662),#5666);
#5662 = LINE('',#5663,#5664);
#5663 = CARTESIAN_POINT('',(0.,1.3));
#5664 = VECTOR('',#5665,1.);
#5665 = DIRECTION('',(1.,0.));
#5666 = ( GEOMETRIC_REPRESENTATION_CONTEXT(2) 
PARAMETRIC_REPRESENTATION_CONTEXT() REPRESENTATION_CONTEXT('2D SPACE',''
  ) );
#5667 = PCURVE('',#5668,#5673);
#5668 = CONICAL_SURFACE('',#5669,1.6,0.785398163397);
#5669 = AXIS2_PLACEMENT_3D('',#5670,#5671,#5672);
#5670 = CARTESIAN_POINT('',(50.,-28.5,5.3));
#5671 = DIRECTION('',(-0.,-0.,-1.));
#5672 = DIRECTION('',(1.,0.,0.));
#5673 = DEFINITIONAL_REPRESENTATION('',(#5674),#5678);
#5674 = LINE('',#5675,#5676);
#5675 = CARTESIAN_POINT('',(-0.,-0.));
#5676 = VECTOR('',#5677,1.);
#5677 = DIRECTION('',(-1.,-0.));
#5678 = ( GEOMETRIC_REPRESENTATION_CONTEXT(2) 
PARAMETRIC_REPRESENTATION_CONTEXT() REPRESENTATION_CONTEXT('2D SPACE',''
  ) );
#5679 = ORIENTED_EDGE('',*,*,#5630,.F.);
#5680 = ORIENTED_EDGE('',*,*,#2505,.T.);
#5681 = ADVANCED_FACE('',(#5682),#2622,.T.);
#5682 = FACE_BOUND('',#5683,.T.);
#5683 = EDGE_LOOP('',(#5684,#5710,#5711,#5712));
#5684 = ORIENTED_EDGE('',*,*,#5685,.F.);
#5685 = EDGE_CURVE('',#2812,#2540,#5686,.T.);
#5686 = SURFACE_CURVE('',#5687,(#5691,#5698),.PCURVE_S1.);
#5687 = LINE('',#5688,#5689);
#5688 = CARTESIAN_POINT('',(-75.8,-25.,3.5));
#5689 = VECTOR('',#5690,1.);
#5690 = DIRECTION('',(1.,0.,0.));
#5691 = PCURVE('',#2622,#5692);
#5692 = DEFINITIONAL_REPRESENTATION('',(#5693),#5697);
#5693 = LINE('',#5694,#5695);
#5694 = CARTESIAN_POINT('',(0.,0.));
#5695 = VECTOR('',#5696,1.);
#5696 = DIRECTION('',(0.,1.));
#5697 = ( GEOMETRIC_REPRESENTATION_CONTEXT(2) 
PARAMETRIC_REPRESENTATION_CONTEXT() REPRESENTATION_CONTEXT('2D SPACE',''
  ) );
#5698 = PCURVE('',#5699,#5704);
#5699 = PLANE('',#5700);
#5700 = AXIS2_PLACEMENT_3D('',#5701,#5702,#5703);
#5701 = CARTESIAN_POINT('',(-75.8,-25.,3.5));
#5702 = DIRECTION('',(0.,-0.707106781187,0.707106781187));
#5703 = DIRECTION('',(1.,0.,0.));
#5704 = DEFINITIONAL_REPRESENTATION('',(#5705),#5709);
#5705 = LINE('',#5706,#5707);
#5706 = CARTESIAN_POINT('',(0.,0.));
#5707 = VECTOR('',#5708,1.);
#5708 = DIRECTION('',(1.,0.));
#5709 = ( GEOMETRIC_REPRESENTATION_CONTEXT(2) 
PARAMETRIC_REPRESENTATION_CONTEXT() REPRESENTATION_CONTEXT('2D SPACE',''
  ) );
#5710 = ORIENTED_EDGE('',*,*,#2834,.T.);
#5711 = ORIENTED_EDGE('',*,*,#2661,.T.);
#5712 = ORIENTED_EDGE('',*,*,#2609,.F.);
#5713 = ADVANCED_FACE('',(#5714),#2701,.T.);
#5714 = FACE_BOUND('',#5715,.T.);
#5715 = EDGE_LOOP('',(#5716,#5739,#5766,#5767));
#5716 = ORIENTED_EDGE('',*,*,#5717,.T.);
#5717 = EDGE_CURVE('',#2685,#5718,#5720,.T.);
#5718 = VERTEX_POINT('',#5719);
#5719 = CARTESIAN_POINT('',(-19.9,-50.,5.3));
#5720 = SEAM_CURVE('',#5721,(#5725,#5732),.PCURVE_S1.);
#5721 = LINE('',#5722,#5723);
#5722 = CARTESIAN_POINT('',(-19.9,-50.,4.));
#5723 = VECTOR('',#5724,1.);
#5724 = DIRECTION('',(0.,0.,1.));
#5725 = PCURVE('',#2701,#5726);
#5726 = DEFINITIONAL_REPRESENTATION('',(#5727),#5731);
#5727 = LINE('',#5728,#5729);
#5728 = CARTESIAN_POINT('',(6.28318530718,-0.));
#5729 = VECTOR('',#5730,1.);
#5730 = DIRECTION('',(0.,1.));
#5731 = ( GEOMETRIC_REPRESENTATION_CONTEXT(2) 
PARAMETRIC_REPRESENTATION_CONTEXT() REPRESENTATION_CONTEXT('2D SPACE',''
  ) );
#5732 = PCURVE('',#2701,#5733);
#5733 = DEFINITIONAL_REPRESENTATION('',(#5734),#5738);
#5734 = LINE('',#5735,#5736);
#5735 = CARTESIAN_POINT('',(0.,-0.));
#5736 = VECTOR('',#5737,1.);
#5737 = DIRECTION('',(0.,1.));
#5738 = ( GEOMETRIC_REPRESENTATION_CONTEXT(2) 
PARAMETRIC_REPRESENTATION_CONTEXT() REPRESENTATION_CONTEXT('2D SPACE',''
  ) );
#5739 = ORIENTED_EDGE('',*,*,#5740,.F.);
#5740 = EDGE_CURVE('',#5718,#5718,#5741,.T.);
#5741 = SURFACE_CURVE('',#5742,(#5747,#5754),.PCURVE_S1.);
#5742 = CIRCLE('',#5743,1.6);
#5743 = AXIS2_PLACEMENT_3D('',#5744,#5745,#5746);
#5744 = CARTESIAN_POINT('',(-21.5,-50.,5.3));
#5745 = DIRECTION('',(0.,0.,1.));
#5746 = DIRECTION('',(1.,0.,-0.));
#5747 = PCURVE('',#2701,#5748);
#5748 = DEFINITIONAL_REPRESENTATION('',(#5749),#5753);
#5749 = LINE('',#5750,#5751);
#5750 = CARTESIAN_POINT('',(0.,1.3));
#5751 = VECTOR('',#5752,1.);
#5752 = DIRECTION('',(1.,0.));
#5753 = ( GEOMETRIC_REPRESENTATION_CONTEXT(2) 
PARAMETRIC_REPRESENTATION_CONTEXT() REPRESENTATION_CONTEXT('2D SPACE',''
  ) );
#5754 = PCURVE('',#5755,#5760);
#5755 = CONICAL_SURFACE('',#5756,1.6,0.785398163397);
#5756 = AXIS2_PLACEMENT_3D('',#5757,#5758,#5759);
#5757 = CARTESIAN_POINT('',(-21.5,-50.,5.3));
#5758 = DIRECTION('',(-0.,-0.,-1.));
#5759 = DIRECTION('',(1.,0.,0.));
#5760 = DEFINITIONAL_REPRESENTATION('',(#5761),#5765);
#5761 = LINE('',#5762,#5763);
#5762 = CARTESIAN_POINT('',(-0.,-0.));
#5763 = VECTOR('',#5764,1.);
#5764 = DIRECTION('',(-1.,-0.));
#5765 = ( GEOMETRIC_REPRESENTATION_CONTEXT(2) 
PARAMETRIC_REPRESENTATION_CONTEXT() REPRESENTATION_CONTEXT('2D SPACE',''
  ) );
#5766 = ORIENTED_EDGE('',*,*,#5717,.F.);
#5767 = ORIENTED_EDGE('',*,*,#2684,.T.);
#5768 = ADVANCED_FACE('',(#5769),#2732,.T.);
#5769 = FACE_BOUND('',#5770,.T.);
#5770 = EDGE_LOOP('',(#5771,#5794,#5821,#5822));
#5771 = ORIENTED_EDGE('',*,*,#5772,.T.);
#5772 = EDGE_CURVE('',#2716,#5773,#5775,.T.);
#5773 = VERTEX_POINT('',#5774);
#5774 = CARTESIAN_POINT('',(1.6,-71.5,5.3));
#5775 = SEAM_CURVE('',#5776,(#5780,#5787),.PCURVE_S1.);
#5776 = LINE('',#5777,#5778);
#5777 = CARTESIAN_POINT('',(1.6,-71.5,4.));
#5778 = VECTOR('',#5779,1.);
#5779 = DIRECTION('',(0.,0.,1.));
#5780 = PCURVE('',#2732,#5781);
#5781 = DEFINITIONAL_REPRESENTATION('',(#5782),#5786);
#5782 = LINE('',#5783,#5784);
#5783 = CARTESIAN_POINT('',(6.28318530718,-0.));
#5784 = VECTOR('',#5785,1.);
#5785 = DIRECTION('',(0.,1.));
#5786 = ( GEOMETRIC_REPRESENTATION_CONTEXT(2) 
PARAMETRIC_REPRESENTATION_CONTEXT() REPRESENTATION_CONTEXT('2D SPACE',''
  ) );
#5787 = PCURVE('',#2732,#5788);
#5788 = DEFINITIONAL_REPRESENTATION('',(#5789),#5793);
#5789 = LINE('',#5790,#5791);
#5790 = CARTESIAN_POINT('',(0.,-0.));
#5791 = VECTOR('',#5792,1.);
#5792 = DIRECTION('',(0.,1.));
#5793 = ( GEOMETRIC_REPRESENTATION_CONTEXT(2) 
PARAMETRIC_REPRESENTATION_CONTEXT() REPRESENTATION_CONTEXT('2D SPACE',''
  ) );
#5794 = ORIENTED_EDGE('',*,*,#5795,.F.);
#5795 = EDGE_CURVE('',#5773,#5773,#5796,.T.);
#5796 = SURFACE_CURVE('',#5797,(#5802,#5809),.PCURVE_S1.);
#5797 = CIRCLE('',#5798,1.6);
#5798 = AXIS2_PLACEMENT_3D('',#5799,#5800,#5801);
#5799 = CARTESIAN_POINT('',(0.,-71.5,5.3));
#5800 = DIRECTION('',(0.,0.,1.));
#5801 = DIRECTION('',(1.,0.,-0.));
#5802 = PCURVE('',#2732,#5803);
#5803 = DEFINITIONAL_REPRESENTATION('',(#5804),#5808);
#5804 = LINE('',#5805,#5806);
#5805 = CARTESIAN_POINT('',(0.,1.3));
#5806 = VECTOR('',#5807,1.);
#5807 = DIRECTION('',(1.,0.));
#5808 = ( GEOMETRIC_REPRESENTATION_CONTEXT(2) 
PARAMETRIC_REPRESENTATION_CONTEXT() REPRESENTATION_CONTEXT('2D SPACE',''
  ) );
#5809 = PCURVE('',#5810,#5815);
#5810 = CONICAL_SURFACE('',#5811,1.6,0.785398163397);
#5811 = AXIS2_PLACEMENT_3D('',#5812,#5813,#5814);
#5812 = CARTESIAN_POINT('',(0.,-71.5,5.3));
#5813 = DIRECTION('',(-0.,-0.,-1.));
#5814 = DIRECTION('',(1.,0.,0.));
#5815 = DEFINITIONAL_REPRESENTATION('',(#5816),#5820);
#5816 = LINE('',#5817,#5818);
#5817 = CARTESIAN_POINT('',(-0.,-0.));
#5818 = VECTOR('',#5819,1.);
#5819 = DIRECTION('',(-1.,-0.));
#5820 = ( GEOMETRIC_REPRESENTATION_CONTEXT(2) 
PARAMETRIC_REPRESENTATION_CONTEXT() REPRESENTATION_CONTEXT('2D SPACE',''
  ) );
#5821 = ORIENTED_EDGE('',*,*,#5772,.F.);
#5822 = ORIENTED_EDGE('',*,*,#2715,.T.);
#5823 = ADVANCED_FACE('',(#5824),#2763,.T.);
#5824 = FACE_BOUND('',#5825,.T.);
#5825 = EDGE_LOOP('',(#5826,#5849,#5876,#5877));
#5826 = ORIENTED_EDGE('',*,*,#5827,.T.);
#5827 = EDGE_CURVE('',#2747,#5828,#5830,.T.);
#5828 = VERTEX_POINT('',#5829);
#5829 = CARTESIAN_POINT('',(23.1,-50.,5.3));
#5830 = SEAM_CURVE('',#5831,(#5835,#5842),.PCURVE_S1.);
#5831 = LINE('',#5832,#5833);
#5832 = CARTESIAN_POINT('',(23.1,-50.,4.));
#5833 = VECTOR('',#5834,1.);
#5834 = DIRECTION('',(0.,0.,1.));
#5835 = PCURVE('',#2763,#5836);
#5836 = DEFINITIONAL_REPRESENTATION('',(#5837),#5841);
#5837 = LINE('',#5838,#5839);
#5838 = CARTESIAN_POINT('',(6.28318530718,-0.));
#5839 = VECTOR('',#5840,1.);
#5840 = DIRECTION('',(0.,1.));
#5841 = ( GEOMETRIC_REPRESENTATION_CONTEXT(2) 
PARAMETRIC_REPRESENTATION_CONTEXT() REPRESENTATION_CONTEXT('2D SPACE',''
  ) );
#5842 = PCURVE('',#2763,#5843);
#5843 = DEFINITIONAL_REPRESENTATION('',(#5844),#5848);
#5844 = LINE('',#5845,#5846);
#5845 = CARTESIAN_POINT('',(0.,-0.));
#5846 = VECTOR('',#5847,1.);
#5847 = DIRECTION('',(0.,1.));
#5848 = ( GEOMETRIC_REPRESENTATION_CONTEXT(2) 
PARAMETRIC_REPRESENTATION_CONTEXT() REPRESENTATION_CONTEXT('2D SPACE',''
  ) );
#5849 = ORIENTED_EDGE('',*,*,#5850,.F.);
#5850 = EDGE_CURVE('',#5828,#5828,#5851,.T.);
#5851 = SURFACE_CURVE('',#5852,(#5857,#5864),.PCURVE_S1.);
#5852 = CIRCLE('',#5853,1.6);
#5853 = AXIS2_PLACEMENT_3D('',#5854,#5855,#5856);
#5854 = CARTESIAN_POINT('',(21.5,-50.,5.3));
#5855 = DIRECTION('',(0.,0.,1.));
#5856 = DIRECTION('',(1.,0.,-0.));
#5857 = PCURVE('',#2763,#5858);
#5858 = DEFINITIONAL_REPRESENTATION('',(#5859),#5863);
#5859 = LINE('',#5860,#5861);
#5860 = CARTESIAN_POINT('',(0.,1.3));
#5861 = VECTOR('',#5862,1.);
#5862 = DIRECTION('',(1.,0.));
#5863 = ( GEOMETRIC_REPRESENTATION_CONTEXT(2) 
PARAMETRIC_REPRESENTATION_CONTEXT() REPRESENTATION_CONTEXT('2D SPACE',''
  ) );
#5864 = PCURVE('',#5865,#5870);
#5865 = CONICAL_SURFACE('',#5866,1.6,0.785398163397);
#5866 = AXIS2_PLACEMENT_3D('',#5867,#5868,#5869);
#5867 = CARTESIAN_POINT('',(21.5,-50.,5.3));
#5868 = DIRECTION('',(-0.,-0.,-1.));
#5869 = DIRECTION('',(1.,0.,0.));
#5870 = DEFINITIONAL_REPRESENTATION('',(#5871),#5875);
#5871 = LINE('',#5872,#5873);
#5872 = CARTESIAN_POINT('',(-0.,-0.));
#5873 = VECTOR('',#5874,1.);
#5874 = DIRECTION('',(-1.,-0.));
#5875 = ( GEOMETRIC_REPRESENTATION_CONTEXT(2) 
PARAMETRIC_REPRESENTATION_CONTEXT() REPRESENTATION_CONTEXT('2D SPACE',''
  ) );
#5876 = ORIENTED_EDGE('',*,*,#5827,.F.);
#5877 = ORIENTED_EDGE('',*,*,#2746,.T.);
#5878 = ADVANCED_FACE('',(#5879),#2794,.T.);
#5879 = FACE_BOUND('',#5880,.T.);
#5880 = EDGE_LOOP('',(#5881,#5904,#5931,#5932));
#5881 = ORIENTED_EDGE('',*,*,#5882,.T.);
#5882 = EDGE_CURVE('',#2778,#5883,#5885,.T.);
#5883 = VERTEX_POINT('',#5884);
#5884 = CARTESIAN_POINT('',(1.6,-28.5,5.3));
#5885 = SEAM_CURVE('',#5886,(#5890,#5897),.PCURVE_S1.);
#5886 = LINE('',#5887,#5888);
#5887 = CARTESIAN_POINT('',(1.6,-28.5,4.));
#5888 = VECTOR('',#5889,1.);
#5889 = DIRECTION('',(0.,0.,1.));
#5890 = PCURVE('',#2794,#5891);
#5891 = DEFINITIONAL_REPRESENTATION('',(#5892),#5896);
#5892 = LINE('',#5893,#5894);
#5893 = CARTESIAN_POINT('',(6.28318530718,-0.));
#5894 = VECTOR('',#5895,1.);
#5895 = DIRECTION('',(0.,1.));
#5896 = ( GEOMETRIC_REPRESENTATION_CONTEXT(2) 
PARAMETRIC_REPRESENTATION_CONTEXT() REPRESENTATION_CONTEXT('2D SPACE',''
  ) );
#5897 = PCURVE('',#2794,#5898);
#5898 = DEFINITIONAL_REPRESENTATION('',(#5899),#5903);
#5899 = LINE('',#5900,#5901);
#5900 = CARTESIAN_POINT('',(0.,-0.));
#5901 = VECTOR('',#5902,1.);
#5902 = DIRECTION('',(0.,1.));
#5903 = ( GEOMETRIC_REPRESENTATION_CONTEXT(2) 
PARAMETRIC_REPRESENTATION_CONTEXT() REPRESENTATION_CONTEXT('2D SPACE',''
  ) );
#5904 = ORIENTED_EDGE('',*,*,#5905,.F.);
#5905 = EDGE_CURVE('',#5883,#5883,#5906,.T.);
#5906 = SURFACE_CURVE('',#5907,(#5912,#5919),.PCURVE_S1.);
#5907 = CIRCLE('',#5908,1.6);
#5908 = AXIS2_PLACEMENT_3D('',#5909,#5910,#5911);
#5909 = CARTESIAN_POINT('',(0.,-28.5,5.3));
#5910 = DIRECTION('',(0.,0.,1.));
#5911 = DIRECTION('',(1.,0.,-0.));
#5912 = PCURVE('',#2794,#5913);
#5913 = DEFINITIONAL_REPRESENTATION('',(#5914),#5918);
#5914 = LINE('',#5915,#5916);
#5915 = CARTESIAN_POINT('',(0.,1.3));
#5916 = VECTOR('',#5917,1.);
#5917 = DIRECTION('',(1.,0.));
#5918 = ( GEOMETRIC_REPRESENTATION_CONTEXT(2) 
PARAMETRIC_REPRESENTATION_CONTEXT() REPRESENTATION_CONTEXT('2D SPACE',''
  ) );
#5919 = PCURVE('',#5920,#5925);
#5920 = CONICAL_SURFACE('',#5921,1.6,0.785398163397);
#5921 = AXIS2_PLACEMENT_3D('',#5922,#5923,#5924);
#5922 = CARTESIAN_POINT('',(0.,-28.5,5.3));
#5923 = DIRECTION('',(-0.,-0.,-1.));
#5924 = DIRECTION('',(1.,0.,0.));
#5925 = DEFINITIONAL_REPRESENTATION('',(#5926),#5930);
#5926 = LINE('',#5927,#5928);
#5927 = CARTESIAN_POINT('',(-0.,-0.));
#5928 = VECTOR('',#5929,1.);
#5929 = DIRECTION('',(-1.,-0.));
#5930 = ( GEOMETRIC_REPRESENTATION_CONTEXT(2) 
PARAMETRIC_REPRESENTATION_CONTEXT() REPRESENTATION_CONTEXT('2D SPACE',''
  ) );
#5931 = ORIENTED_EDGE('',*,*,#5882,.F.);
#5932 = ORIENTED_EDGE('',*,*,#2777,.T.);
#5933 = ADVANCED_FACE('',(#5934),#2899,.F.);
#5934 = FACE_BOUND('',#5935,.F.);
#5935 = EDGE_LOOP('',(#5936,#5937,#5960,#5981));
#5936 = ORIENTED_EDGE('',*,*,#2881,.T.);
#5937 = ORIENTED_EDGE('',*,*,#5938,.T.);
#5938 = EDGE_CURVE('',#2884,#5939,#5941,.T.);
#5939 = VERTEX_POINT('',#5940);
#5940 = CARTESIAN_POINT('',(66.25,76.487525100503,3.2));
#5941 = SURFACE_CURVE('',#5942,(#5946,#5953),.PCURVE_S1.);
#5942 = LINE('',#5943,#5944);
#5943 = CARTESIAN_POINT('',(66.25,74.8,3.2));
#5944 = VECTOR('',#5945,1.);
#5945 = DIRECTION('',(2.22044604925E-16,1.,0.));
#5946 = PCURVE('',#2899,#5947);
#5947 = DEFINITIONAL_REPRESENTATION('',(#5948),#5952);
#5948 = LINE('',#5949,#5950);
#5949 = CARTESIAN_POINT('',(0.,-3.2));
#5950 = VECTOR('',#5951,1.);
#5951 = DIRECTION('',(1.,0.));
#5952 = ( GEOMETRIC_REPRESENTATION_CONTEXT(2) 
PARAMETRIC_REPRESENTATION_CONTEXT() REPRESENTATION_CONTEXT('2D SPACE',''
  ) );
#5953 = PCURVE('',#4812,#5954);
#5954 = DEFINITIONAL_REPRESENTATION('',(#5955),#5959);
#5955 = LINE('',#5956,#5957);
#5956 = CARTESIAN_POINT('',(-0.,0.));
#5957 = VECTOR('',#5958,1.);
#5958 = DIRECTION('',(-0.,1.));
#5959 = ( GEOMETRIC_REPRESENTATION_CONTEXT(2) 
PARAMETRIC_REPRESENTATION_CONTEXT() REPRESENTATION_CONTEXT('2D SPACE',''
  ) );
#5960 = ORIENTED_EDGE('',*,*,#5961,.F.);
#5961 = EDGE_CURVE('',#3067,#5939,#5962,.T.);
#5962 = SURFACE_CURVE('',#5963,(#5967,#5974),.PCURVE_S1.);
#5963 = LINE('',#5964,#5965);
#5964 = CARTESIAN_POINT('',(66.25,76.487525100503,0.));
#5965 = VECTOR('',#5966,1.);
#5966 = DIRECTION('',(0.,0.,1.));
#5967 = PCURVE('',#2899,#5968);
#5968 = DEFINITIONAL_REPRESENTATION('',(#5969),#5973);
#5969 = LINE('',#5970,#5971);
#5970 = CARTESIAN_POINT('',(1.687525100503,0.));
#5971 = VECTOR('',#5972,1.);
#5972 = DIRECTION('',(0.,-1.));
#5973 = ( GEOMETRIC_REPRESENTATION_CONTEXT(2) 
PARAMETRIC_REPRESENTATION_CONTEXT() REPRESENTATION_CONTEXT('2D SPACE',''
  ) );
#5974 = PCURVE('',#3215,#5975);
#5975 = DEFINITIONAL_REPRESENTATION('',(#5976),#5980);
#5976 = LINE('',#5977,#5978);
#5977 = CARTESIAN_POINT('',(-0.,0.));
#5978 = VECTOR('',#5979,1.);
#5979 = DIRECTION('',(-0.,-1.));
#5980 = ( GEOMETRIC_REPRESENTATION_CONTEXT(2) 
PARAMETRIC_REPRESENTATION_CONTEXT() REPRESENTATION_CONTEXT('2D SPACE',''
  ) );
#5981 = ORIENTED_EDGE('',*,*,#3093,.F.);
#5982 = ADVANCED_FACE('',(#5983),#3156,.T.);
#5983 = FACE_BOUND('',#5984,.T.);
#5984 = EDGE_LOOP('',(#5985,#5986,#5987,#6008));
#5985 = ORIENTED_EDGE('',*,*,#4763,.T.);
#5986 = ORIENTED_EDGE('',*,*,#4420,.T.);
#5987 = ORIENTED_EDGE('',*,*,#5988,.F.);
#5988 = EDGE_CURVE('',#3120,#4421,#5989,.T.);
#5989 = SURFACE_CURVE('',#5990,(#5994,#6001),.PCURVE_S1.);
#5990 = LINE('',#5991,#5992);
#5991 = CARTESIAN_POINT('',(-74.8,9.5,0.));
#5992 = VECTOR('',#5993,1.);
#5993 = DIRECTION('',(0.,0.,1.));
#5994 = PCURVE('',#3156,#5995);
#5995 = DEFINITIONAL_REPRESENTATION('',(#5996),#6000);
#5996 = LINE('',#5997,#5998);
#5997 = CARTESIAN_POINT('',(43.,0.));
#5998 = VECTOR('',#5999,1.);
#5999 = DIRECTION('',(0.,-1.));
#6000 = ( GEOMETRIC_REPRESENTATION_CONTEXT(2) 
PARAMETRIC_REPRESENTATION_CONTEXT() REPRESENTATION_CONTEXT('2D SPACE',''
  ) );
#6001 = PCURVE('',#3273,#6002);
#6002 = DEFINITIONAL_REPRESENTATION('',(#6003),#6007);
#6003 = LINE('',#6004,#6005);
#6004 = CARTESIAN_POINT('',(0.,0.));
#6005 = VECTOR('',#6006,1.);
#6006 = DIRECTION('',(0.,-1.));
#6007 = ( GEOMETRIC_REPRESENTATION_CONTEXT(2) 
PARAMETRIC_REPRESENTATION_CONTEXT() REPRESENTATION_CONTEXT('2D SPACE',''
  ) );
#6008 = ORIENTED_EDGE('',*,*,#3142,.F.);
#6009 = ADVANCED_FACE('',(#6010),#3215,.T.);
#6010 = FACE_BOUND('',#6011,.F.);
#6011 = EDGE_LOOP('',(#6012,#6013,#6037,#6058));
#6012 = ORIENTED_EDGE('',*,*,#5961,.T.);
#6013 = ORIENTED_EDGE('',*,*,#6014,.T.);
#6014 = EDGE_CURVE('',#5939,#6015,#6017,.T.);
#6015 = VERTEX_POINT('',#6016);
#6016 = CARTESIAN_POINT('',(59.75,76.487525100503,3.2));
#6017 = SURFACE_CURVE('',#6018,(#6023,#6030),.PCURVE_S1.);
#6018 = CIRCLE('',#6019,4.5);
#6019 = AXIS2_PLACEMENT_3D('',#6020,#6021,#6022);
#6020 = CARTESIAN_POINT('',(63.,79.6,3.2));
#6021 = DIRECTION('',(0.,0.,1.));
#6022 = DIRECTION('',(0.722222222222,-0.691661088777,0.));
#6023 = PCURVE('',#3215,#6024);
#6024 = DEFINITIONAL_REPRESENTATION('',(#6025),#6029);
#6025 = LINE('',#6026,#6027);
#6026 = CARTESIAN_POINT('',(-0.,-3.2));
#6027 = VECTOR('',#6028,1.);
#6028 = DIRECTION('',(-1.,0.));
#6029 = ( GEOMETRIC_REPRESENTATION_CONTEXT(2) 
PARAMETRIC_REPRESENTATION_CONTEXT() REPRESENTATION_CONTEXT('2D SPACE',''
  ) );
#6030 = PCURVE('',#4948,#6031);
#6031 = DEFINITIONAL_REPRESENTATION('',(#6032),#6036);
#6032 = LINE('',#6033,#6034);
#6033 = CARTESIAN_POINT('',(0.,0.));
#6034 = VECTOR('',#6035,1.);
#6035 = DIRECTION('',(1.,0.));
#6036 = ( GEOMETRIC_REPRESENTATION_CONTEXT(2) 
PARAMETRIC_REPRESENTATION_CONTEXT() REPRESENTATION_CONTEXT('2D SPACE',''
  ) );
#6037 = ORIENTED_EDGE('',*,*,#6038,.F.);
#6038 = EDGE_CURVE('',#3174,#6015,#6039,.T.);
#6039 = SURFACE_CURVE('',#6040,(#6044,#6051),.PCURVE_S1.);
#6040 = LINE('',#6041,#6042);
#6041 = CARTESIAN_POINT('',(59.75,76.487525100503,0.));
#6042 = VECTOR('',#6043,1.);
#6043 = DIRECTION('',(0.,0.,1.));
#6044 = PCURVE('',#3215,#6045);
#6045 = DEFINITIONAL_REPRESENTATION('',(#6046),#6050);
#6046 = LINE('',#6047,#6048);
#6047 = CARTESIAN_POINT('',(-4.669165646385,0.));
#6048 = VECTOR('',#6049,1.);
#6049 = DIRECTION('',(-0.,-1.));
#6050 = ( GEOMETRIC_REPRESENTATION_CONTEXT(2) 
PARAMETRIC_REPRESENTATION_CONTEXT() REPRESENTATION_CONTEXT('2D SPACE',''
  ) );
#6051 = PCURVE('',#3327,#6052);
#6052 = DEFINITIONAL_REPRESENTATION('',(#6053),#6057);
#6053 = LINE('',#6054,#6055);
#6054 = CARTESIAN_POINT('',(1.687525100503,0.));
#6055 = VECTOR('',#6056,1.);
#6056 = DIRECTION('',(0.,-1.));
#6057 = ( GEOMETRIC_REPRESENTATION_CONTEXT(2) 
PARAMETRIC_REPRESENTATION_CONTEXT() REPRESENTATION_CONTEXT('2D SPACE',''
  ) );
#6058 = ORIENTED_EDGE('',*,*,#3200,.F.);
#6059 = ADVANCED_FACE('',(#6060),#3273,.T.);
#6060 = FACE_BOUND('',#6061,.T.);
#6061 = EDGE_LOOP('',(#6062,#6063,#6086,#6107));
#6062 = ORIENTED_EDGE('',*,*,#5988,.T.);
#6063 = ORIENTED_EDGE('',*,*,#6064,.T.);
#6064 = EDGE_CURVE('',#4421,#6065,#6067,.T.);
#6065 = VERTEX_POINT('',#6066);
#6066 = CARTESIAN_POINT('',(-73.61130814466,9.5,3.2));
#6067 = SURFACE_CURVE('',#6068,(#6072,#6079),.PCURVE_S1.);
#6068 = LINE('',#6069,#6070);
#6069 = CARTESIAN_POINT('',(-74.8,9.5,3.2));
#6070 = VECTOR('',#6071,1.);
#6071 = DIRECTION('',(1.,0.,-0.));
#6072 = PCURVE('',#3273,#6073);
#6073 = DEFINITIONAL_REPRESENTATION('',(#6074),#6078);
#6074 = LINE('',#6075,#6076);
#6075 = CARTESIAN_POINT('',(0.,-3.2));
#6076 = VECTOR('',#6077,1.);
#6077 = DIRECTION('',(1.,0.));
#6078 = ( GEOMETRIC_REPRESENTATION_CONTEXT(2) 
PARAMETRIC_REPRESENTATION_CONTEXT() REPRESENTATION_CONTEXT('2D SPACE',''
  ) );
#6079 = PCURVE('',#4523,#6080);
#6080 = DEFINITIONAL_REPRESENTATION('',(#6081),#6085);
#6081 = LINE('',#6082,#6083);
#6082 = CARTESIAN_POINT('',(0.,0.));
#6083 = VECTOR('',#6084,1.);
#6084 = DIRECTION('',(0.,1.));
#6085 = ( GEOMETRIC_REPRESENTATION_CONTEXT(2) 
PARAMETRIC_REPRESENTATION_CONTEXT() REPRESENTATION_CONTEXT('2D SPACE',''
  ) );
#6086 = ORIENTED_EDGE('',*,*,#6087,.F.);
#6087 = EDGE_CURVE('',#3233,#6065,#6088,.T.);
#6088 = SURFACE_CURVE('',#6089,(#6093,#6100),.PCURVE_S1.);
#6089 = LINE('',#6090,#6091);
#6090 = CARTESIAN_POINT('',(-73.61130814466,9.5,0.));
#6091 = VECTOR('',#6092,1.);
#6092 = DIRECTION('',(0.,0.,1.));
#6093 = PCURVE('',#3273,#6094);
#6094 = DEFINITIONAL_REPRESENTATION('',(#6095),#6099);
#6095 = LINE('',#6096,#6097);
#6096 = CARTESIAN_POINT('',(1.188691855334,0.));
#6097 = VECTOR('',#6098,1.);
#6098 = DIRECTION('',(0.,-1.));
#6099 = ( GEOMETRIC_REPRESENTATION_CONTEXT(2) 
PARAMETRIC_REPRESENTATION_CONTEXT() REPRESENTATION_CONTEXT('2D SPACE',''
  ) );
#6100 = PCURVE('',#3386,#6101);
#6101 = DEFINITIONAL_REPRESENTATION('',(#6102),#6106);
#6102 = LINE('',#6103,#6104);
#6103 = CARTESIAN_POINT('',(-0.,0.));
#6104 = VECTOR('',#6105,1.);
#6105 = DIRECTION('',(-0.,-1.));
#6106 = ( GEOMETRIC_REPRESENTATION_CONTEXT(2) 
PARAMETRIC_REPRESENTATION_CONTEXT() REPRESENTATION_CONTEXT('2D SPACE',''
  ) );
#6107 = ORIENTED_EDGE('',*,*,#3259,.F.);
#6108 = ADVANCED_FACE('',(#6109),#3327,.T.);
#6109 = FACE_BOUND('',#6110,.T.);
#6110 = EDGE_LOOP('',(#6111,#6134,#6155,#6156));
#6111 = ORIENTED_EDGE('',*,*,#6112,.T.);
#6112 = EDGE_CURVE('',#3289,#6113,#6115,.T.);
#6113 = VERTEX_POINT('',#6114);
#6114 = CARTESIAN_POINT('',(59.75,74.8,3.2));
#6115 = SURFACE_CURVE('',#6116,(#6120,#6127),.PCURVE_S1.);
#6116 = LINE('',#6117,#6118);
#6117 = CARTESIAN_POINT('',(59.75,74.8,0.));
#6118 = VECTOR('',#6119,1.);
#6119 = DIRECTION('',(0.,0.,1.));
#6120 = PCURVE('',#3327,#6121);
#6121 = DEFINITIONAL_REPRESENTATION('',(#6122),#6126);
#6122 = LINE('',#6123,#6124);
#6123 = CARTESIAN_POINT('',(0.,0.));
#6124 = VECTOR('',#6125,1.);
#6125 = DIRECTION('',(0.,-1.));
#6126 = ( GEOMETRIC_REPRESENTATION_CONTEXT(2) 
PARAMETRIC_REPRESENTATION_CONTEXT() REPRESENTATION_CONTEXT('2D SPACE',''
  ) );
#6127 = PCURVE('',#3440,#6128);
#6128 = DEFINITIONAL_REPRESENTATION('',(#6129),#6133);
#6129 = LINE('',#6130,#6131);
#6130 = CARTESIAN_POINT('',(43.5,0.));
#6131 = VECTOR('',#6132,1.);
#6132 = DIRECTION('',(0.,-1.));
#6133 = ( GEOMETRIC_REPRESENTATION_CONTEXT(2) 
PARAMETRIC_REPRESENTATION_CONTEXT() REPRESENTATION_CONTEXT('2D SPACE',''
  ) );
#6134 = ORIENTED_EDGE('',*,*,#6135,.T.);
#6135 = EDGE_CURVE('',#6113,#6015,#6136,.T.);
#6136 = SURFACE_CURVE('',#6137,(#6141,#6148),.PCURVE_S1.);
#6137 = LINE('',#6138,#6139);
#6138 = CARTESIAN_POINT('',(59.75,74.8,3.2));
#6139 = VECTOR('',#6140,1.);
#6140 = DIRECTION('',(2.22044604925E-16,1.,0.));
#6141 = PCURVE('',#3327,#6142);
#6142 = DEFINITIONAL_REPRESENTATION('',(#6143),#6147);
#6143 = LINE('',#6144,#6145);
#6144 = CARTESIAN_POINT('',(0.,-3.2));
#6145 = VECTOR('',#6146,1.);
#6146 = DIRECTION('',(1.,0.));
#6147 = ( GEOMETRIC_REPRESENTATION_CONTEXT(2) 
PARAMETRIC_REPRESENTATION_CONTEXT() REPRESENTATION_CONTEXT('2D SPACE',''
  ) );
#6148 = PCURVE('',#4976,#6149);
#6149 = DEFINITIONAL_REPRESENTATION('',(#6150),#6154);
#6150 = LINE('',#6151,#6152);
#6151 = CARTESIAN_POINT('',(0.,0.));
#6152 = VECTOR('',#6153,1.);
#6153 = DIRECTION('',(0.,1.));
#6154 = ( GEOMETRIC_REPRESENTATION_CONTEXT(2) 
PARAMETRIC_REPRESENTATION_CONTEXT() REPRESENTATION_CONTEXT('2D SPACE',''
  ) );
#6155 = ORIENTED_EDGE('',*,*,#6038,.F.);
#6156 = ORIENTED_EDGE('',*,*,#3313,.F.);
#6157 = ADVANCED_FACE('',(#6158),#3386,.F.);
#6158 = FACE_BOUND('',#6159,.T.);
#6159 = EDGE_LOOP('',(#6160,#6161,#6190,#6211));
#6160 = ORIENTED_EDGE('',*,*,#6087,.T.);
#6161 = ORIENTED_EDGE('',*,*,#6162,.T.);
#6162 = EDGE_CURVE('',#6065,#6163,#6165,.T.);
#6163 = VERTEX_POINT('',#6164);
#6164 = CARTESIAN_POINT('',(-73.61130814466,16.5,3.2));
#6165 = SURFACE_CURVE('',#6166,(#6171,#6178),.PCURVE_S1.);
#6166 = CIRCLE('',#6167,4.75);
#6167 = AXIS2_PLACEMENT_3D('',#6168,#6169,#6170);
#6168 = CARTESIAN_POINT('',(-70.4,13.,3.2));
#6169 = DIRECTION('',(0.,0.,1.));
#6170 = DIRECTION('',(-0.676064872561,-0.736842105263,0.));
#6171 = PCURVE('',#3386,#6172);
#6172 = DEFINITIONAL_REPRESENTATION('',(#6173),#6177);
#6173 = LINE('',#6174,#6175);
#6174 = CARTESIAN_POINT('',(-1.495879443705E-15,-3.2));
#6175 = VECTOR('',#6176,1.);
#6176 = DIRECTION('',(-1.,0.));
#6177 = ( GEOMETRIC_REPRESENTATION_CONTEXT(2) 
PARAMETRIC_REPRESENTATION_CONTEXT() REPRESENTATION_CONTEXT('2D SPACE',''
  ) );
#6178 = PCURVE('',#6179,#6184);
#6179 = TOROIDAL_SURFACE('',#6180,5.55,0.8);
#6180 = AXIS2_PLACEMENT_3D('',#6181,#6182,#6183);
#6181 = CARTESIAN_POINT('',(-70.4,13.,3.2));
#6182 = DIRECTION('',(-0.,-0.,-1.));
#6183 = DIRECTION('',(-0.676064872561,-0.736842105263,0.));
#6184 = DEFINITIONAL_REPRESENTATION('',(#6185),#6189);
#6185 = LINE('',#6186,#6187);
#6186 = CARTESIAN_POINT('',(-0.,3.14159265359));
#6187 = VECTOR('',#6188,1.);
#6188 = DIRECTION('',(-1.,0.));
#6189 = ( GEOMETRIC_REPRESENTATION_CONTEXT(2) 
PARAMETRIC_REPRESENTATION_CONTEXT() REPRESENTATION_CONTEXT('2D SPACE',''
  ) );
#6190 = ORIENTED_EDGE('',*,*,#6191,.F.);
#6191 = EDGE_CURVE('',#3345,#6163,#6192,.T.);
#6192 = SURFACE_CURVE('',#6193,(#6197,#6204),.PCURVE_S1.);
#6193 = LINE('',#6194,#6195);
#6194 = CARTESIAN_POINT('',(-73.61130814466,16.5,0.));
#6195 = VECTOR('',#6196,1.);
#6196 = DIRECTION('',(0.,0.,1.));
#6197 = PCURVE('',#3386,#6198);
#6198 = DEFINITIONAL_REPRESENTATION('',(#6199),#6203);
#6199 = LINE('',#6200,#6201);
#6200 = CARTESIAN_POINT('',(-4.62641051363,0.));
#6201 = VECTOR('',#6202,1.);
#6202 = DIRECTION('',(-0.,-1.));
#6203 = ( GEOMETRIC_REPRESENTATION_CONTEXT(2) 
PARAMETRIC_REPRESENTATION_CONTEXT() REPRESENTATION_CONTEXT('2D SPACE',''
  ) );
#6204 = PCURVE('',#3494,#6205);
#6205 = DEFINITIONAL_REPRESENTATION('',(#6206),#6210);
#6206 = LINE('',#6207,#6208);
#6207 = CARTESIAN_POINT('',(1.188691855334,0.));
#6208 = VECTOR('',#6209,1.);
#6209 = DIRECTION('',(0.,-1.));
#6210 = ( GEOMETRIC_REPRESENTATION_CONTEXT(2) 
PARAMETRIC_REPRESENTATION_CONTEXT() REPRESENTATION_CONTEXT('2D SPACE',''
  ) );
#6211 = ORIENTED_EDGE('',*,*,#3371,.F.);
#6212 = ADVANCED_FACE('',(#6213),#3440,.T.);
#6213 = FACE_BOUND('',#6214,.T.);
#6214 = EDGE_LOOP('',(#6215,#6238,#6259,#6260));
#6215 = ORIENTED_EDGE('',*,*,#6216,.T.);
#6216 = EDGE_CURVE('',#3402,#6217,#6219,.T.);
#6217 = VERTEX_POINT('',#6218);
#6218 = CARTESIAN_POINT('',(16.25,74.8,3.2));
#6219 = SURFACE_CURVE('',#6220,(#6224,#6231),.PCURVE_S1.);
#6220 = LINE('',#6221,#6222);
#6221 = CARTESIAN_POINT('',(16.25,74.8,0.));
#6222 = VECTOR('',#6223,1.);
#6223 = DIRECTION('',(0.,0.,1.));
#6224 = PCURVE('',#3440,#6225);
#6225 = DEFINITIONAL_REPRESENTATION('',(#6226),#6230);
#6226 = LINE('',#6227,#6228);
#6227 = CARTESIAN_POINT('',(0.,0.));
#6228 = VECTOR('',#6229,1.);
#6229 = DIRECTION('',(0.,-1.));
#6230 = ( GEOMETRIC_REPRESENTATION_CONTEXT(2) 
PARAMETRIC_REPRESENTATION_CONTEXT() REPRESENTATION_CONTEXT('2D SPACE',''
  ) );
#6231 = PCURVE('',#3552,#6232);
#6232 = DEFINITIONAL_REPRESENTATION('',(#6233),#6237);
#6233 = LINE('',#6234,#6235);
#6234 = CARTESIAN_POINT('',(0.,0.));
#6235 = VECTOR('',#6236,1.);
#6236 = DIRECTION('',(0.,-1.));
#6237 = ( GEOMETRIC_REPRESENTATION_CONTEXT(2) 
PARAMETRIC_REPRESENTATION_CONTEXT() REPRESENTATION_CONTEXT('2D SPACE',''
  ) );
#6238 = ORIENTED_EDGE('',*,*,#6239,.T.);
#6239 = EDGE_CURVE('',#6217,#6113,#6240,.T.);
#6240 = SURFACE_CURVE('',#6241,(#6245,#6252),.PCURVE_S1.);
#6241 = LINE('',#6242,#6243);
#6242 = CARTESIAN_POINT('',(16.25,74.8,3.2));
#6243 = VECTOR('',#6244,1.);
#6244 = DIRECTION('',(1.,0.,-0.));
#6245 = PCURVE('',#3440,#6246);
#6246 = DEFINITIONAL_REPRESENTATION('',(#6247),#6251);
#6247 = LINE('',#6248,#6249);
#6248 = CARTESIAN_POINT('',(0.,-3.2));
#6249 = VECTOR('',#6250,1.);
#6250 = DIRECTION('',(1.,0.));
#6251 = ( GEOMETRIC_REPRESENTATION_CONTEXT(2) 
PARAMETRIC_REPRESENTATION_CONTEXT() REPRESENTATION_CONTEXT('2D SPACE',''
  ) );
#6252 = PCURVE('',#5002,#6253);
#6253 = DEFINITIONAL_REPRESENTATION('',(#6254),#6258);
#6254 = LINE('',#6255,#6256);
#6255 = CARTESIAN_POINT('',(0.,0.));
#6256 = VECTOR('',#6257,1.);
#6257 = DIRECTION('',(0.,1.));
#6258 = ( GEOMETRIC_REPRESENTATION_CONTEXT(2) 
PARAMETRIC_REPRESENTATION_CONTEXT() REPRESENTATION_CONTEXT('2D SPACE',''
  ) );
#6259 = ORIENTED_EDGE('',*,*,#6112,.F.);
#6260 = ORIENTED_EDGE('',*,*,#3426,.F.);
#6261 = ADVANCED_FACE('',(#6262),#3494,.F.);
#6262 = FACE_BOUND('',#6263,.F.);
#6263 = EDGE_LOOP('',(#6264,#6287,#6313,#6314));
#6264 = ORIENTED_EDGE('',*,*,#6265,.T.);
#6265 = EDGE_CURVE('',#3456,#6266,#6268,.T.);
#6266 = VERTEX_POINT('',#6267);
#6267 = CARTESIAN_POINT('',(-74.8,16.5,3.2));
#6268 = SURFACE_CURVE('',#6269,(#6273,#6280),.PCURVE_S1.);
#6269 = LINE('',#6270,#6271);
#6270 = CARTESIAN_POINT('',(-74.8,16.5,0.));
#6271 = VECTOR('',#6272,1.);
#6272 = DIRECTION('',(0.,0.,1.));
#6273 = PCURVE('',#3494,#6274);
#6274 = DEFINITIONAL_REPRESENTATION('',(#6275),#6279);
#6275 = LINE('',#6276,#6277);
#6276 = CARTESIAN_POINT('',(0.,0.));
#6277 = VECTOR('',#6278,1.);
#6278 = DIRECTION('',(0.,-1.));
#6279 = ( GEOMETRIC_REPRESENTATION_CONTEXT(2) 
PARAMETRIC_REPRESENTATION_CONTEXT() REPRESENTATION_CONTEXT('2D SPACE',''
  ) );
#6280 = PCURVE('',#3606,#6281);
#6281 = DEFINITIONAL_REPRESENTATION('',(#6282),#6286);
#6282 = LINE('',#6283,#6284);
#6283 = CARTESIAN_POINT('',(0.,0.));
#6284 = VECTOR('',#6285,1.);
#6285 = DIRECTION('',(0.,-1.));
#6286 = ( GEOMETRIC_REPRESENTATION_CONTEXT(2) 
PARAMETRIC_REPRESENTATION_CONTEXT() REPRESENTATION_CONTEXT('2D SPACE',''
  ) );
#6287 = ORIENTED_EDGE('',*,*,#6288,.T.);
#6288 = EDGE_CURVE('',#6266,#6163,#6289,.T.);
#6289 = SURFACE_CURVE('',#6290,(#6294,#6301),.PCURVE_S1.);
#6290 = LINE('',#6291,#6292);
#6291 = CARTESIAN_POINT('',(-74.8,16.5,3.2));
#6292 = VECTOR('',#6293,1.);
#6293 = DIRECTION('',(1.,0.,-0.));
#6294 = PCURVE('',#3494,#6295);
#6295 = DEFINITIONAL_REPRESENTATION('',(#6296),#6300);
#6296 = LINE('',#6297,#6298);
#6297 = CARTESIAN_POINT('',(0.,-3.2));
#6298 = VECTOR('',#6299,1.);
#6299 = DIRECTION('',(1.,0.));
#6300 = ( GEOMETRIC_REPRESENTATION_CONTEXT(2) 
PARAMETRIC_REPRESENTATION_CONTEXT() REPRESENTATION_CONTEXT('2D SPACE',''
  ) );
#6301 = PCURVE('',#6302,#6307);
#6302 = CYLINDRICAL_SURFACE('',#6303,0.8);
#6303 = AXIS2_PLACEMENT_3D('',#6304,#6305,#6306);
#6304 = CARTESIAN_POINT('',(-74.8,17.3,3.2));
#6305 = DIRECTION('',(1.,0.,-0.));
#6306 = DIRECTION('',(0.,-1.,-0.));
#6307 = DEFINITIONAL_REPRESENTATION('',(#6308),#6312);
#6308 = LINE('',#6309,#6310);
#6309 = CARTESIAN_POINT('',(-0.,0.));
#6310 = VECTOR('',#6311,1.);
#6311 = DIRECTION('',(-0.,1.));
#6312 = ( GEOMETRIC_REPRESENTATION_CONTEXT(2) 
PARAMETRIC_REPRESENTATION_CONTEXT() REPRESENTATION_CONTEXT('2D SPACE',''
  ) );
#6313 = ORIENTED_EDGE('',*,*,#6191,.F.);
#6314 = ORIENTED_EDGE('',*,*,#3480,.F.);
#6315 = ADVANCED_FACE('',(#6316),#3552,.F.);
#6316 = FACE_BOUND('',#6317,.F.);
#6317 = EDGE_LOOP('',(#6318,#6319,#6347,#6368));
#6318 = ORIENTED_EDGE('',*,*,#6216,.T.);
#6319 = ORIENTED_EDGE('',*,*,#6320,.T.);
#6320 = EDGE_CURVE('',#6217,#6321,#6323,.T.);
#6321 = VERTEX_POINT('',#6322);
#6322 = CARTESIAN_POINT('',(16.25,76.487525100503,3.2));
#6323 = SURFACE_CURVE('',#6324,(#6328,#6335),.PCURVE_S1.);
#6324 = LINE('',#6325,#6326);
#6325 = CARTESIAN_POINT('',(16.25,74.8,3.2));
#6326 = VECTOR('',#6327,1.);
#6327 = DIRECTION('',(2.22044604925E-16,1.,0.));
#6328 = PCURVE('',#3552,#6329);
#6329 = DEFINITIONAL_REPRESENTATION('',(#6330),#6334);
#6330 = LINE('',#6331,#6332);
#6331 = CARTESIAN_POINT('',(0.,-3.2));
#6332 = VECTOR('',#6333,1.);
#6333 = DIRECTION('',(1.,0.));
#6334 = ( GEOMETRIC_REPRESENTATION_CONTEXT(2) 
PARAMETRIC_REPRESENTATION_CONTEXT() REPRESENTATION_CONTEXT('2D SPACE',''
  ) );
#6335 = PCURVE('',#6336,#6341);
#6336 = CYLINDRICAL_SURFACE('',#6337,0.8);
#6337 = AXIS2_PLACEMENT_3D('',#6338,#6339,#6340);
#6338 = CARTESIAN_POINT('',(15.45,74.8,3.2));
#6339 = DIRECTION('',(2.22044604925E-16,1.,0.));
#6340 = DIRECTION('',(1.,-2.22044604925E-16,-0.));
#6341 = DEFINITIONAL_REPRESENTATION('',(#6342),#6346);
#6342 = LINE('',#6343,#6344);
#6343 = CARTESIAN_POINT('',(-0.,0.));
#6344 = VECTOR('',#6345,1.);
#6345 = DIRECTION('',(-0.,1.));
#6346 = ( GEOMETRIC_REPRESENTATION_CONTEXT(2) 
PARAMETRIC_REPRESENTATION_CONTEXT() REPRESENTATION_CONTEXT('2D SPACE',''
  ) );
#6347 = ORIENTED_EDGE('',*,*,#6348,.F.);
#6348 = EDGE_CURVE('',#3512,#6321,#6349,.T.);
#6349 = SURFACE_CURVE('',#6350,(#6354,#6361),.PCURVE_S1.);
#6350 = LINE('',#6351,#6352);
#6351 = CARTESIAN_POINT('',(16.25,76.487525100503,0.));
#6352 = VECTOR('',#6353,1.);
#6353 = DIRECTION('',(0.,0.,1.));
#6354 = PCURVE('',#3552,#6355);
#6355 = DEFINITIONAL_REPRESENTATION('',(#6356),#6360);
#6356 = LINE('',#6357,#6358);
#6357 = CARTESIAN_POINT('',(1.687525100503,0.));
#6358 = VECTOR('',#6359,1.);
#6359 = DIRECTION('',(0.,-1.));
#6360 = ( GEOMETRIC_REPRESENTATION_CONTEXT(2) 
PARAMETRIC_REPRESENTATION_CONTEXT() REPRESENTATION_CONTEXT('2D SPACE',''
  ) );
#6361 = PCURVE('',#3665,#6362);
#6362 = DEFINITIONAL_REPRESENTATION('',(#6363),#6367);
#6363 = LINE('',#6364,#6365);
#6364 = CARTESIAN_POINT('',(-0.,0.));
#6365 = VECTOR('',#6366,1.);
#6366 = DIRECTION('',(-0.,-1.));
#6367 = ( GEOMETRIC_REPRESENTATION_CONTEXT(2) 
PARAMETRIC_REPRESENTATION_CONTEXT() REPRESENTATION_CONTEXT('2D SPACE',''
  ) );
#6368 = ORIENTED_EDGE('',*,*,#3538,.F.);
#6369 = ADVANCED_FACE('',(#6370),#3606,.T.);
#6370 = FACE_BOUND('',#6371,.T.);
#6371 = EDGE_LOOP('',(#6372,#6373,#6401,#6422));
#6372 = ORIENTED_EDGE('',*,*,#6265,.T.);
#6373 = ORIENTED_EDGE('',*,*,#6374,.T.);
#6374 = EDGE_CURVE('',#6266,#6375,#6377,.T.);
#6375 = VERTEX_POINT('',#6376);
#6376 = CARTESIAN_POINT('',(-74.8,59.5,3.2));
#6377 = SURFACE_CURVE('',#6378,(#6382,#6389),.PCURVE_S1.);
#6378 = LINE('',#6379,#6380);
#6379 = CARTESIAN_POINT('',(-74.8,16.5,3.2));
#6380 = VECTOR('',#6381,1.);
#6381 = DIRECTION('',(-0.,1.,0.));
#6382 = PCURVE('',#3606,#6383);
#6383 = DEFINITIONAL_REPRESENTATION('',(#6384),#6388);
#6384 = LINE('',#6385,#6386);
#6385 = CARTESIAN_POINT('',(0.,-3.2));
#6386 = VECTOR('',#6387,1.);
#6387 = DIRECTION('',(1.,0.));
#6388 = ( GEOMETRIC_REPRESENTATION_CONTEXT(2) 
PARAMETRIC_REPRESENTATION_CONTEXT() REPRESENTATION_CONTEXT('2D SPACE',''
  ) );
#6389 = PCURVE('',#6390,#6395);
#6390 = CYLINDRICAL_SURFACE('',#6391,0.8);
#6391 = AXIS2_PLACEMENT_3D('',#6392,#6393,#6394);
#6392 = CARTESIAN_POINT('',(-74.,16.5,3.2));
#6393 = DIRECTION('',(-0.,1.,0.));
#6394 = DIRECTION('',(-1.,-0.,0.));
#6395 = DEFINITIONAL_REPRESENTATION('',(#6396),#6400);
#6396 = LINE('',#6397,#6398);
#6397 = CARTESIAN_POINT('',(0.,0.));
#6398 = VECTOR('',#6399,1.);
#6399 = DIRECTION('',(0.,1.));
#6400 = ( GEOMETRIC_REPRESENTATION_CONTEXT(2) 
PARAMETRIC_REPRESENTATION_CONTEXT() REPRESENTATION_CONTEXT('2D SPACE',''
  ) );
#6401 = ORIENTED_EDGE('',*,*,#6402,.F.);
#6402 = EDGE_CURVE('',#3570,#6375,#6403,.T.);
#6403 = SURFACE_CURVE('',#6404,(#6408,#6415),.PCURVE_S1.);
#6404 = LINE('',#6405,#6406);
#6405 = CARTESIAN_POINT('',(-74.8,59.5,0.));
#6406 = VECTOR('',#6407,1.);
#6407 = DIRECTION('',(0.,0.,1.));
#6408 = PCURVE('',#3606,#6409);
#6409 = DEFINITIONAL_REPRESENTATION('',(#6410),#6414);
#6410 = LINE('',#6411,#6412);
#6411 = CARTESIAN_POINT('',(43.,0.));
#6412 = VECTOR('',#6413,1.);
#6413 = DIRECTION('',(0.,-1.));
#6414 = ( GEOMETRIC_REPRESENTATION_CONTEXT(2) 
PARAMETRIC_REPRESENTATION_CONTEXT() REPRESENTATION_CONTEXT('2D SPACE',''
  ) );
#6415 = PCURVE('',#3723,#6416);
#6416 = DEFINITIONAL_REPRESENTATION('',(#6417),#6421);
#6417 = LINE('',#6418,#6419);
#6418 = CARTESIAN_POINT('',(0.,0.));
#6419 = VECTOR('',#6420,1.);
#6420 = DIRECTION('',(0.,-1.));
#6421 = ( GEOMETRIC_REPRESENTATION_CONTEXT(2) 
PARAMETRIC_REPRESENTATION_CONTEXT() REPRESENTATION_CONTEXT('2D SPACE',''
  ) );
#6422 = ORIENTED_EDGE('',*,*,#3592,.F.);
#6423 = ADVANCED_FACE('',(#6424),#3665,.T.);
#6424 = FACE_BOUND('',#6425,.F.);
#6425 = EDGE_LOOP('',(#6426,#6427,#6456,#6477));
#6426 = ORIENTED_EDGE('',*,*,#6348,.T.);
#6427 = ORIENTED_EDGE('',*,*,#6428,.T.);
#6428 = EDGE_CURVE('',#6321,#6429,#6431,.T.);
#6429 = VERTEX_POINT('',#6430);
#6430 = CARTESIAN_POINT('',(9.75,76.487525100503,3.2));
#6431 = SURFACE_CURVE('',#6432,(#6437,#6444),.PCURVE_S1.);
#6432 = CIRCLE('',#6433,4.5);
#6433 = AXIS2_PLACEMENT_3D('',#6434,#6435,#6436);
#6434 = CARTESIAN_POINT('',(13.,79.6,3.2));
#6435 = DIRECTION('',(0.,0.,1.));
#6436 = DIRECTION('',(0.722222222222,-0.691661088777,0.));
#6437 = PCURVE('',#3665,#6438);
#6438 = DEFINITIONAL_REPRESENTATION('',(#6439),#6443);
#6439 = LINE('',#6440,#6441);
#6440 = CARTESIAN_POINT('',(-3.157967714489E-15,-3.2));
#6441 = VECTOR('',#6442,1.);
#6442 = DIRECTION('',(-1.,0.));
#6443 = ( GEOMETRIC_REPRESENTATION_CONTEXT(2) 
PARAMETRIC_REPRESENTATION_CONTEXT() REPRESENTATION_CONTEXT('2D SPACE',''
  ) );
#6444 = PCURVE('',#6445,#6450);
#6445 = TOROIDAL_SURFACE('',#6446,3.7,0.8);
#6446 = AXIS2_PLACEMENT_3D('',#6447,#6448,#6449);
#6447 = CARTESIAN_POINT('',(13.,79.6,3.2));
#6448 = DIRECTION('',(0.,0.,1.));
#6449 = DIRECTION('',(0.722222222222,-0.691661088777,0.));
#6450 = DEFINITIONAL_REPRESENTATION('',(#6451),#6455);
#6451 = LINE('',#6452,#6453);
#6452 = CARTESIAN_POINT('',(0.,0.));
#6453 = VECTOR('',#6454,1.);
#6454 = DIRECTION('',(1.,0.));
#6455 = ( GEOMETRIC_REPRESENTATION_CONTEXT(2) 
PARAMETRIC_REPRESENTATION_CONTEXT() REPRESENTATION_CONTEXT('2D SPACE',''
  ) );
#6456 = ORIENTED_EDGE('',*,*,#6457,.F.);
#6457 = EDGE_CURVE('',#3624,#6429,#6458,.T.);
#6458 = SURFACE_CURVE('',#6459,(#6463,#6470),.PCURVE_S1.);
#6459 = LINE('',#6460,#6461);
#6460 = CARTESIAN_POINT('',(9.75,76.487525100503,0.));
#6461 = VECTOR('',#6462,1.);
#6462 = DIRECTION('',(0.,0.,1.));
#6463 = PCURVE('',#3665,#6464);
#6464 = DEFINITIONAL_REPRESENTATION('',(#6465),#6469);
#6465 = LINE('',#6466,#6467);
#6466 = CARTESIAN_POINT('',(-4.669165646385,0.));
#6467 = VECTOR('',#6468,1.);
#6468 = DIRECTION('',(-0.,-1.));
#6469 = ( GEOMETRIC_REPRESENTATION_CONTEXT(2) 
PARAMETRIC_REPRESENTATION_CONTEXT() REPRESENTATION_CONTEXT('2D SPACE',''
  ) );
#6470 = PCURVE('',#3777,#6471);
#6471 = DEFINITIONAL_REPRESENTATION('',(#6472),#6476);
#6472 = LINE('',#6473,#6474);
#6473 = CARTESIAN_POINT('',(1.687525100503,0.));
#6474 = VECTOR('',#6475,1.);
#6475 = DIRECTION('',(0.,-1.));
#6476 = ( GEOMETRIC_REPRESENTATION_CONTEXT(2) 
PARAMETRIC_REPRESENTATION_CONTEXT() REPRESENTATION_CONTEXT('2D SPACE',''
  ) );
#6477 = ORIENTED_EDGE('',*,*,#3650,.F.);
#6478 = ADVANCED_FACE('',(#6479),#3723,.T.);
#6479 = FACE_BOUND('',#6480,.T.);
#6480 = EDGE_LOOP('',(#6481,#6482,#6510,#6531));
#6481 = ORIENTED_EDGE('',*,*,#6402,.T.);
#6482 = ORIENTED_EDGE('',*,*,#6483,.T.);
#6483 = EDGE_CURVE('',#6375,#6484,#6486,.T.);
#6484 = VERTEX_POINT('',#6485);
#6485 = CARTESIAN_POINT('',(-73.61130814466,59.5,3.2));
#6486 = SURFACE_CURVE('',#6487,(#6491,#6498),.PCURVE_S1.);
#6487 = LINE('',#6488,#6489);
#6488 = CARTESIAN_POINT('',(-74.8,59.5,3.2));
#6489 = VECTOR('',#6490,1.);
#6490 = DIRECTION('',(1.,0.,-0.));
#6491 = PCURVE('',#3723,#6492);
#6492 = DEFINITIONAL_REPRESENTATION('',(#6493),#6497);
#6493 = LINE('',#6494,#6495);
#6494 = CARTESIAN_POINT('',(0.,-3.2));
#6495 = VECTOR('',#6496,1.);
#6496 = DIRECTION('',(1.,0.));
#6497 = ( GEOMETRIC_REPRESENTATION_CONTEXT(2) 
PARAMETRIC_REPRESENTATION_CONTEXT() REPRESENTATION_CONTEXT('2D SPACE',''
  ) );
#6498 = PCURVE('',#6499,#6504);
#6499 = CYLINDRICAL_SURFACE('',#6500,0.8);
#6500 = AXIS2_PLACEMENT_3D('',#6501,#6502,#6503);
#6501 = CARTESIAN_POINT('',(-74.8,58.7,3.2));
#6502 = DIRECTION('',(1.,0.,-0.));
#6503 = DIRECTION('',(0.,1.,0.));
#6504 = DEFINITIONAL_REPRESENTATION('',(#6505),#6509);
#6505 = LINE('',#6506,#6507);
#6506 = CARTESIAN_POINT('',(0.,0.));
#6507 = VECTOR('',#6508,1.);
#6508 = DIRECTION('',(0.,1.));
#6509 = ( GEOMETRIC_REPRESENTATION_CONTEXT(2) 
PARAMETRIC_REPRESENTATION_CONTEXT() REPRESENTATION_CONTEXT('2D SPACE',''
  ) );
#6510 = ORIENTED_EDGE('',*,*,#6511,.F.);
#6511 = EDGE_CURVE('',#3683,#6484,#6512,.T.);
#6512 = SURFACE_CURVE('',#6513,(#6517,#6524),.PCURVE_S1.);
#6513 = LINE('',#6514,#6515);
#6514 = CARTESIAN_POINT('',(-73.61130814466,59.5,0.));
#6515 = VECTOR('',#6516,1.);
#6516 = DIRECTION('',(0.,0.,1.));
#6517 = PCURVE('',#3723,#6518);
#6518 = DEFINITIONAL_REPRESENTATION('',(#6519),#6523);
#6519 = LINE('',#6520,#6521);
#6520 = CARTESIAN_POINT('',(1.188691855334,0.));
#6521 = VECTOR('',#6522,1.);
#6522 = DIRECTION('',(0.,-1.));
#6523 = ( GEOMETRIC_REPRESENTATION_CONTEXT(2) 
PARAMETRIC_REPRESENTATION_CONTEXT() REPRESENTATION_CONTEXT('2D SPACE',''
  ) );
#6524 = PCURVE('',#3836,#6525);
#6525 = DEFINITIONAL_REPRESENTATION('',(#6526),#6530);
#6526 = LINE('',#6527,#6528);
#6527 = CARTESIAN_POINT('',(-0.,0.));
#6528 = VECTOR('',#6529,1.);
#6529 = DIRECTION('',(-0.,-1.));
#6530 = ( GEOMETRIC_REPRESENTATION_CONTEXT(2) 
PARAMETRIC_REPRESENTATION_CONTEXT() REPRESENTATION_CONTEXT('2D SPACE',''
  ) );
#6531 = ORIENTED_EDGE('',*,*,#3709,.F.);
#6532 = ADVANCED_FACE('',(#6533),#3777,.T.);
#6533 = FACE_BOUND('',#6534,.T.);
#6534 = EDGE_LOOP('',(#6535,#6558,#6584,#6585));
#6535 = ORIENTED_EDGE('',*,*,#6536,.T.);
#6536 = EDGE_CURVE('',#3739,#6537,#6539,.T.);
#6537 = VERTEX_POINT('',#6538);
#6538 = CARTESIAN_POINT('',(9.75,74.8,3.2));
#6539 = SURFACE_CURVE('',#6540,(#6544,#6551),.PCURVE_S1.);
#6540 = LINE('',#6541,#6542);
#6541 = CARTESIAN_POINT('',(9.75,74.8,0.));
#6542 = VECTOR('',#6543,1.);
#6543 = DIRECTION('',(0.,0.,1.));
#6544 = PCURVE('',#3777,#6545);
#6545 = DEFINITIONAL_REPRESENTATION('',(#6546),#6550);
#6546 = LINE('',#6547,#6548);
#6547 = CARTESIAN_POINT('',(0.,0.));
#6548 = VECTOR('',#6549,1.);
#6549 = DIRECTION('',(0.,-1.));
#6550 = ( GEOMETRIC_REPRESENTATION_CONTEXT(2) 
PARAMETRIC_REPRESENTATION_CONTEXT() REPRESENTATION_CONTEXT('2D SPACE',''
  ) );
#6551 = PCURVE('',#3890,#6552);
#6552 = DEFINITIONAL_REPRESENTATION('',(#6553),#6557);
#6553 = LINE('',#6554,#6555);
#6554 = CARTESIAN_POINT('',(43.5,0.));
#6555 = VECTOR('',#6556,1.);
#6556 = DIRECTION('',(0.,-1.));
#6557 = ( GEOMETRIC_REPRESENTATION_CONTEXT(2) 
PARAMETRIC_REPRESENTATION_CONTEXT() REPRESENTATION_CONTEXT('2D SPACE',''
  ) );
#6558 = ORIENTED_EDGE('',*,*,#6559,.T.);
#6559 = EDGE_CURVE('',#6537,#6429,#6560,.T.);
#6560 = SURFACE_CURVE('',#6561,(#6565,#6572),.PCURVE_S1.);
#6561 = LINE('',#6562,#6563);
#6562 = CARTESIAN_POINT('',(9.75,74.8,3.2));
#6563 = VECTOR('',#6564,1.);
#6564 = DIRECTION('',(2.22044604925E-16,1.,0.));
#6565 = PCURVE('',#3777,#6566);
#6566 = DEFINITIONAL_REPRESENTATION('',(#6567),#6571);
#6567 = LINE('',#6568,#6569);
#6568 = CARTESIAN_POINT('',(0.,-3.2));
#6569 = VECTOR('',#6570,1.);
#6570 = DIRECTION('',(1.,0.));
#6571 = ( GEOMETRIC_REPRESENTATION_CONTEXT(2) 
PARAMETRIC_REPRESENTATION_CONTEXT() REPRESENTATION_CONTEXT('2D SPACE',''
  ) );
#6572 = PCURVE('',#6573,#6578);
#6573 = CYLINDRICAL_SURFACE('',#6574,0.8);
#6574 = AXIS2_PLACEMENT_3D('',#6575,#6576,#6577);
#6575 = CARTESIAN_POINT('',(10.55,74.8,3.2));
#6576 = DIRECTION('',(2.22044604925E-16,1.,0.));
#6577 = DIRECTION('',(-1.,2.22044604925E-16,0.));
#6578 = DEFINITIONAL_REPRESENTATION('',(#6579),#6583);
#6579 = LINE('',#6580,#6581);
#6580 = CARTESIAN_POINT('',(0.,0.));
#6581 = VECTOR('',#6582,1.);
#6582 = DIRECTION('',(0.,1.));
#6583 = ( GEOMETRIC_REPRESENTATION_CONTEXT(2) 
PARAMETRIC_REPRESENTATION_CONTEXT() REPRESENTATION_CONTEXT('2D SPACE',''
  ) );
#6584 = ORIENTED_EDGE('',*,*,#6457,.F.);
#6585 = ORIENTED_EDGE('',*,*,#3763,.F.);
#6586 = ADVANCED_FACE('',(#6587),#3836,.F.);
#6587 = FACE_BOUND('',#6588,.T.);
#6588 = EDGE_LOOP('',(#6589,#6590,#6619,#6640));
#6589 = ORIENTED_EDGE('',*,*,#6511,.T.);
#6590 = ORIENTED_EDGE('',*,*,#6591,.T.);
#6591 = EDGE_CURVE('',#6484,#6592,#6594,.T.);
#6592 = VERTEX_POINT('',#6593);
#6593 = CARTESIAN_POINT('',(-73.61130814466,66.5,3.2));
#6594 = SURFACE_CURVE('',#6595,(#6600,#6607),.PCURVE_S1.);
#6595 = CIRCLE('',#6596,4.75);
#6596 = AXIS2_PLACEMENT_3D('',#6597,#6598,#6599);
#6597 = CARTESIAN_POINT('',(-70.4,63.,3.2));
#6598 = DIRECTION('',(0.,0.,1.));
#6599 = DIRECTION('',(-0.676064872561,-0.736842105263,0.));
#6600 = PCURVE('',#3836,#6601);
#6601 = DEFINITIONAL_REPRESENTATION('',(#6602),#6606);
#6602 = LINE('',#6603,#6604);
#6603 = CARTESIAN_POINT('',(-2.991758887411E-15,-3.2));
#6604 = VECTOR('',#6605,1.);
#6605 = DIRECTION('',(-1.,0.));
#6606 = ( GEOMETRIC_REPRESENTATION_CONTEXT(2) 
PARAMETRIC_REPRESENTATION_CONTEXT() REPRESENTATION_CONTEXT('2D SPACE',''
  ) );
#6607 = PCURVE('',#6608,#6613);
#6608 = TOROIDAL_SURFACE('',#6609,5.55,0.8);
#6609 = AXIS2_PLACEMENT_3D('',#6610,#6611,#6612);
#6610 = CARTESIAN_POINT('',(-70.4,63.,3.2));
#6611 = DIRECTION('',(-0.,-0.,-1.));
#6612 = DIRECTION('',(-0.676064872561,-0.736842105263,0.));
#6613 = DEFINITIONAL_REPRESENTATION('',(#6614),#6618);
#6614 = LINE('',#6615,#6616);
#6615 = CARTESIAN_POINT('',(-0.,3.14159265359));
#6616 = VECTOR('',#6617,1.);
#6617 = DIRECTION('',(-1.,0.));
#6618 = ( GEOMETRIC_REPRESENTATION_CONTEXT(2) 
PARAMETRIC_REPRESENTATION_CONTEXT() REPRESENTATION_CONTEXT('2D SPACE',''
  ) );
#6619 = ORIENTED_EDGE('',*,*,#6620,.F.);
#6620 = EDGE_CURVE('',#3795,#6592,#6621,.T.);
#6621 = SURFACE_CURVE('',#6622,(#6626,#6633),.PCURVE_S1.);
#6622 = LINE('',#6623,#6624);
#6623 = CARTESIAN_POINT('',(-73.61130814466,66.5,0.));
#6624 = VECTOR('',#6625,1.);
#6625 = DIRECTION('',(0.,0.,1.));
#6626 = PCURVE('',#3836,#6627);
#6627 = DEFINITIONAL_REPRESENTATION('',(#6628),#6632);
#6628 = LINE('',#6629,#6630);
#6629 = CARTESIAN_POINT('',(-4.62641051363,0.));
#6630 = VECTOR('',#6631,1.);
#6631 = DIRECTION('',(-0.,-1.));
#6632 = ( GEOMETRIC_REPRESENTATION_CONTEXT(2) 
PARAMETRIC_REPRESENTATION_CONTEXT() REPRESENTATION_CONTEXT('2D SPACE',''
  ) );
#6633 = PCURVE('',#3944,#6634);
#6634 = DEFINITIONAL_REPRESENTATION('',(#6635),#6639);
#6635 = LINE('',#6636,#6637);
#6636 = CARTESIAN_POINT('',(1.188691855334,0.));
#6637 = VECTOR('',#6638,1.);
#6638 = DIRECTION('',(0.,-1.));
#6639 = ( GEOMETRIC_REPRESENTATION_CONTEXT(2) 
PARAMETRIC_REPRESENTATION_CONTEXT() REPRESENTATION_CONTEXT('2D SPACE',''
  ) );
#6640 = ORIENTED_EDGE('',*,*,#3821,.F.);
#6641 = ADVANCED_FACE('',(#6642),#3890,.T.);
#6642 = FACE_BOUND('',#6643,.T.);
#6643 = EDGE_LOOP('',(#6644,#6667,#6693,#6694));
#6644 = ORIENTED_EDGE('',*,*,#6645,.T.);
#6645 = EDGE_CURVE('',#3852,#6646,#6648,.T.);
#6646 = VERTEX_POINT('',#6647);
#6647 = CARTESIAN_POINT('',(-33.75,74.8,3.2));
#6648 = SURFACE_CURVE('',#6649,(#6653,#6660),.PCURVE_S1.);
#6649 = LINE('',#6650,#6651);
#6650 = CARTESIAN_POINT('',(-33.75,74.8,0.));
#6651 = VECTOR('',#6652,1.);
#6652 = DIRECTION('',(0.,0.,1.));
#6653 = PCURVE('',#3890,#6654);
#6654 = DEFINITIONAL_REPRESENTATION('',(#6655),#6659);
#6655 = LINE('',#6656,#6657);
#6656 = CARTESIAN_POINT('',(0.,0.));
#6657 = VECTOR('',#6658,1.);
#6658 = DIRECTION('',(0.,-1.));
#6659 = ( GEOMETRIC_REPRESENTATION_CONTEXT(2) 
PARAMETRIC_REPRESENTATION_CONTEXT() REPRESENTATION_CONTEXT('2D SPACE',''
  ) );
#6660 = PCURVE('',#4002,#6661);
#6661 = DEFINITIONAL_REPRESENTATION('',(#6662),#6666);
#6662 = LINE('',#6663,#6664);
#6663 = CARTESIAN_POINT('',(0.,0.));
#6664 = VECTOR('',#6665,1.);
#6665 = DIRECTION('',(0.,-1.));
#6666 = ( GEOMETRIC_REPRESENTATION_CONTEXT(2) 
PARAMETRIC_REPRESENTATION_CONTEXT() REPRESENTATION_CONTEXT('2D SPACE',''
  ) );
#6667 = ORIENTED_EDGE('',*,*,#6668,.T.);
#6668 = EDGE_CURVE('',#6646,#6537,#6669,.T.);
#6669 = SURFACE_CURVE('',#6670,(#6674,#6681),.PCURVE_S1.);
#6670 = LINE('',#6671,#6672);
#6671 = CARTESIAN_POINT('',(-33.75,74.8,3.2));
#6672 = VECTOR('',#6673,1.);
#6673 = DIRECTION('',(1.,0.,-0.));
#6674 = PCURVE('',#3890,#6675);
#6675 = DEFINITIONAL_REPRESENTATION('',(#6676),#6680);
#6676 = LINE('',#6677,#6678);
#6677 = CARTESIAN_POINT('',(0.,-3.2));
#6678 = VECTOR('',#6679,1.);
#6679 = DIRECTION('',(1.,0.));
#6680 = ( GEOMETRIC_REPRESENTATION_CONTEXT(2) 
PARAMETRIC_REPRESENTATION_CONTEXT() REPRESENTATION_CONTEXT('2D SPACE',''
  ) );
#6681 = PCURVE('',#6682,#6687);
#6682 = CYLINDRICAL_SURFACE('',#6683,0.8);
#6683 = AXIS2_PLACEMENT_3D('',#6684,#6685,#6686);
#6684 = CARTESIAN_POINT('',(-33.75,74.,3.2));
#6685 = DIRECTION('',(1.,0.,-0.));
#6686 = DIRECTION('',(0.,1.,0.));
#6687 = DEFINITIONAL_REPRESENTATION('',(#6688),#6692);
#6688 = LINE('',#6689,#6690);
#6689 = CARTESIAN_POINT('',(0.,0.));
#6690 = VECTOR('',#6691,1.);
#6691 = DIRECTION('',(0.,1.));
#6692 = ( GEOMETRIC_REPRESENTATION_CONTEXT(2) 
PARAMETRIC_REPRESENTATION_CONTEXT() REPRESENTATION_CONTEXT('2D SPACE',''
  ) );
#6693 = ORIENTED_EDGE('',*,*,#6536,.F.);
#6694 = ORIENTED_EDGE('',*,*,#3876,.F.);
#6695 = ADVANCED_FACE('',(#6696),#3944,.F.);
#6696 = FACE_BOUND('',#6697,.F.);
#6697 = EDGE_LOOP('',(#6698,#6721,#6747,#6748));
#6698 = ORIENTED_EDGE('',*,*,#6699,.T.);
#6699 = EDGE_CURVE('',#3906,#6700,#6702,.T.);
#6700 = VERTEX_POINT('',#6701);
#6701 = CARTESIAN_POINT('',(-74.8,66.5,3.2));
#6702 = SURFACE_CURVE('',#6703,(#6707,#6714),.PCURVE_S1.);
#6703 = LINE('',#6704,#6705);
#6704 = CARTESIAN_POINT('',(-74.8,66.5,0.));
#6705 = VECTOR('',#6706,1.);
#6706 = DIRECTION('',(0.,0.,1.));
#6707 = PCURVE('',#3944,#6708);
#6708 = DEFINITIONAL_REPRESENTATION('',(#6709),#6713);
#6709 = LINE('',#6710,#6711);
#6710 = CARTESIAN_POINT('',(0.,0.));
#6711 = VECTOR('',#6712,1.);
#6712 = DIRECTION('',(0.,-1.));
#6713 = ( GEOMETRIC_REPRESENTATION_CONTEXT(2) 
PARAMETRIC_REPRESENTATION_CONTEXT() REPRESENTATION_CONTEXT('2D SPACE',''
  ) );
#6714 = PCURVE('',#4056,#6715);
#6715 = DEFINITIONAL_REPRESENTATION('',(#6716),#6720);
#6716 = LINE('',#6717,#6718);
#6717 = CARTESIAN_POINT('',(0.,0.));
#6718 = VECTOR('',#6719,1.);
#6719 = DIRECTION('',(0.,-1.));
#6720 = ( GEOMETRIC_REPRESENTATION_CONTEXT(2) 
PARAMETRIC_REPRESENTATION_CONTEXT() REPRESENTATION_CONTEXT('2D SPACE',''
  ) );
#6721 = ORIENTED_EDGE('',*,*,#6722,.T.);
#6722 = EDGE_CURVE('',#6700,#6592,#6723,.T.);
#6723 = SURFACE_CURVE('',#6724,(#6728,#6735),.PCURVE_S1.);
#6724 = LINE('',#6725,#6726);
#6725 = CARTESIAN_POINT('',(-74.8,66.5,3.2));
#6726 = VECTOR('',#6727,1.);
#6727 = DIRECTION('',(1.,0.,-0.));
#6728 = PCURVE('',#3944,#6729);
#6729 = DEFINITIONAL_REPRESENTATION('',(#6730),#6734);
#6730 = LINE('',#6731,#6732);
#6731 = CARTESIAN_POINT('',(0.,-3.2));
#6732 = VECTOR('',#6733,1.);
#6733 = DIRECTION('',(1.,0.));
#6734 = ( GEOMETRIC_REPRESENTATION_CONTEXT(2) 
PARAMETRIC_REPRESENTATION_CONTEXT() REPRESENTATION_CONTEXT('2D SPACE',''
  ) );
#6735 = PCURVE('',#6736,#6741);
#6736 = CYLINDRICAL_SURFACE('',#6737,0.8);
#6737 = AXIS2_PLACEMENT_3D('',#6738,#6739,#6740);
#6738 = CARTESIAN_POINT('',(-74.8,67.3,3.2));
#6739 = DIRECTION('',(1.,0.,-0.));
#6740 = DIRECTION('',(0.,-1.,-0.));
#6741 = DEFINITIONAL_REPRESENTATION('',(#6742),#6746);
#6742 = LINE('',#6743,#6744);
#6743 = CARTESIAN_POINT('',(-0.,0.));
#6744 = VECTOR('',#6745,1.);
#6745 = DIRECTION('',(-0.,1.));
#6746 = ( GEOMETRIC_REPRESENTATION_CONTEXT(2) 
PARAMETRIC_REPRESENTATION_CONTEXT() REPRESENTATION_CONTEXT('2D SPACE',''
  ) );
#6747 = ORIENTED_EDGE('',*,*,#6620,.F.);
#6748 = ORIENTED_EDGE('',*,*,#3930,.F.);
#6749 = ADVANCED_FACE('',(#6750),#4002,.F.);
#6750 = FACE_BOUND('',#6751,.F.);
#6751 = EDGE_LOOP('',(#6752,#6753,#6781,#6802));
#6752 = ORIENTED_EDGE('',*,*,#6645,.T.);
#6753 = ORIENTED_EDGE('',*,*,#6754,.T.);
#6754 = EDGE_CURVE('',#6646,#6755,#6757,.T.);
#6755 = VERTEX_POINT('',#6756);
#6756 = CARTESIAN_POINT('',(-33.75,76.487525100503,3.2));
#6757 = SURFACE_CURVE('',#6758,(#6762,#6769),.PCURVE_S1.);
#6758 = LINE('',#6759,#6760);
#6759 = CARTESIAN_POINT('',(-33.75,74.8,3.2));
#6760 = VECTOR('',#6761,1.);
#6761 = DIRECTION('',(2.22044604925E-16,1.,0.));
#6762 = PCURVE('',#4002,#6763);
#6763 = DEFINITIONAL_REPRESENTATION('',(#6764),#6768);
#6764 = LINE('',#6765,#6766);
#6765 = CARTESIAN_POINT('',(0.,-3.2));
#6766 = VECTOR('',#6767,1.);
#6767 = DIRECTION('',(1.,0.));
#6768 = ( GEOMETRIC_REPRESENTATION_CONTEXT(2) 
PARAMETRIC_REPRESENTATION_CONTEXT() REPRESENTATION_CONTEXT('2D SPACE',''
  ) );
#6769 = PCURVE('',#6770,#6775);
#6770 = CYLINDRICAL_SURFACE('',#6771,0.8);
#6771 = AXIS2_PLACEMENT_3D('',#6772,#6773,#6774);
#6772 = CARTESIAN_POINT('',(-34.55,74.8,3.2));
#6773 = DIRECTION('',(2.22044604925E-16,1.,0.));
#6774 = DIRECTION('',(1.,-2.22044604925E-16,-0.));
#6775 = DEFINITIONAL_REPRESENTATION('',(#6776),#6780);
#6776 = LINE('',#6777,#6778);
#6777 = CARTESIAN_POINT('',(-0.,0.));
#6778 = VECTOR('',#6779,1.);
#6779 = DIRECTION('',(-0.,1.));
#6780 = ( GEOMETRIC_REPRESENTATION_CONTEXT(2) 
PARAMETRIC_REPRESENTATION_CONTEXT() REPRESENTATION_CONTEXT('2D SPACE',''
  ) );
#6781 = ORIENTED_EDGE('',*,*,#6782,.F.);
#6782 = EDGE_CURVE('',#3962,#6755,#6783,.T.);
#6783 = SURFACE_CURVE('',#6784,(#6788,#6795),.PCURVE_S1.);
#6784 = LINE('',#6785,#6786);
#6785 = CARTESIAN_POINT('',(-33.75,76.487525100503,0.));
#6786 = VECTOR('',#6787,1.);
#6787 = DIRECTION('',(0.,0.,1.));
#6788 = PCURVE('',#4002,#6789);
#6789 = DEFINITIONAL_REPRESENTATION('',(#6790),#6794);
#6790 = LINE('',#6791,#6792);
#6791 = CARTESIAN_POINT('',(1.687525100503,0.));
#6792 = VECTOR('',#6793,1.);
#6793 = DIRECTION('',(0.,-1.));
#6794 = ( GEOMETRIC_REPRESENTATION_CONTEXT(2) 
PARAMETRIC_REPRESENTATION_CONTEXT() REPRESENTATION_CONTEXT('2D SPACE',''
  ) );
#6795 = PCURVE('',#4115,#6796);
#6796 = DEFINITIONAL_REPRESENTATION('',(#6797),#6801);
#6797 = LINE('',#6798,#6799);
#6798 = CARTESIAN_POINT('',(-0.,0.));
#6799 = VECTOR('',#6800,1.);
#6800 = DIRECTION('',(-0.,-1.));
#6801 = ( GEOMETRIC_REPRESENTATION_CONTEXT(2) 
PARAMETRIC_REPRESENTATION_CONTEXT() REPRESENTATION_CONTEXT('2D SPACE',''
  ) );
#6802 = ORIENTED_EDGE('',*,*,#3988,.F.);
#6803 = ADVANCED_FACE('',(#6804),#4056,.T.);
#6804 = FACE_BOUND('',#6805,.T.);
#6805 = EDGE_LOOP('',(#6806,#6807,#6835,#6856));
#6806 = ORIENTED_EDGE('',*,*,#6699,.T.);
#6807 = ORIENTED_EDGE('',*,*,#6808,.T.);
#6808 = EDGE_CURVE('',#6700,#6809,#6811,.T.);
#6809 = VERTEX_POINT('',#6810);
#6810 = CARTESIAN_POINT('',(-74.8,74.8,3.2));
#6811 = SURFACE_CURVE('',#6812,(#6816,#6823),.PCURVE_S1.);
#6812 = LINE('',#6813,#6814);
#6813 = CARTESIAN_POINT('',(-74.8,66.5,3.2));
#6814 = VECTOR('',#6815,1.);
#6815 = DIRECTION('',(-0.,1.,0.));
#6816 = PCURVE('',#4056,#6817);
#6817 = DEFINITIONAL_REPRESENTATION('',(#6818),#6822);
#6818 = LINE('',#6819,#6820);
#6819 = CARTESIAN_POINT('',(0.,-3.2));
#6820 = VECTOR('',#6821,1.);
#6821 = DIRECTION('',(1.,0.));
#6822 = ( GEOMETRIC_REPRESENTATION_CONTEXT(2) 
PARAMETRIC_REPRESENTATION_CONTEXT() REPRESENTATION_CONTEXT('2D SPACE',''
  ) );
#6823 = PCURVE('',#6824,#6829);
#6824 = CYLINDRICAL_SURFACE('',#6825,0.8);
#6825 = AXIS2_PLACEMENT_3D('',#6826,#6827,#6828);
#6826 = CARTESIAN_POINT('',(-74.,66.5,3.2));
#6827 = DIRECTION('',(-0.,1.,0.));
#6828 = DIRECTION('',(-1.,-0.,0.));
#6829 = DEFINITIONAL_REPRESENTATION('',(#6830),#6834);
#6830 = LINE('',#6831,#6832);
#6831 = CARTESIAN_POINT('',(0.,0.));
#6832 = VECTOR('',#6833,1.);
#6833 = DIRECTION('',(0.,1.));
#6834 = ( GEOMETRIC_REPRESENTATION_CONTEXT(2) 
PARAMETRIC_REPRESENTATION_CONTEXT() REPRESENTATION_CONTEXT('2D SPACE',''
  ) );
#6835 = ORIENTED_EDGE('',*,*,#6836,.F.);
#6836 = EDGE_CURVE('',#4020,#6809,#6837,.T.);
#6837 = SURFACE_CURVE('',#6838,(#6842,#6849),.PCURVE_S1.);
#6838 = LINE('',#6839,#6840);
#6839 = CARTESIAN_POINT('',(-74.8,74.8,0.));
#6840 = VECTOR('',#6841,1.);
#6841 = DIRECTION('',(0.,0.,1.));
#6842 = PCURVE('',#4056,#6843);
#6843 = DEFINITIONAL_REPRESENTATION('',(#6844),#6848);
#6844 = LINE('',#6845,#6846);
#6845 = CARTESIAN_POINT('',(8.3,0.));
#6846 = VECTOR('',#6847,1.);
#6847 = DIRECTION('',(0.,-1.));
#6848 = ( GEOMETRIC_REPRESENTATION_CONTEXT(2) 
PARAMETRIC_REPRESENTATION_CONTEXT() REPRESENTATION_CONTEXT('2D SPACE',''
  ) );
#6849 = PCURVE('',#4169,#6850);
#6850 = DEFINITIONAL_REPRESENTATION('',(#6851),#6855);
#6851 = LINE('',#6852,#6853);
#6852 = CARTESIAN_POINT('',(0.,0.));
#6853 = VECTOR('',#6854,1.);
#6854 = DIRECTION('',(0.,-1.));
#6855 = ( GEOMETRIC_REPRESENTATION_CONTEXT(2) 
PARAMETRIC_REPRESENTATION_CONTEXT() REPRESENTATION_CONTEXT('2D SPACE',''
  ) );
#6856 = ORIENTED_EDGE('',*,*,#4042,.F.);
#6857 = ADVANCED_FACE('',(#6858),#4115,.T.);
#6858 = FACE_BOUND('',#6859,.F.);
#6859 = EDGE_LOOP('',(#6860,#6861,#6890,#6911));
#6860 = ORIENTED_EDGE('',*,*,#6782,.T.);
#6861 = ORIENTED_EDGE('',*,*,#6862,.T.);
#6862 = EDGE_CURVE('',#6755,#6863,#6865,.T.);
#6863 = VERTEX_POINT('',#6864);
#6864 = CARTESIAN_POINT('',(-40.25,76.487525100503,3.2));
#6865 = SURFACE_CURVE('',#6866,(#6871,#6878),.PCURVE_S1.);
#6866 = CIRCLE('',#6867,4.5);
#6867 = AXIS2_PLACEMENT_3D('',#6868,#6869,#6870);
#6868 = CARTESIAN_POINT('',(-37.,79.6,3.2));
#6869 = DIRECTION('',(0.,0.,1.));
#6870 = DIRECTION('',(0.722222222222,-0.691661088777,0.));
#6871 = PCURVE('',#4115,#6872);
#6872 = DEFINITIONAL_REPRESENTATION('',(#6873),#6877);
#6873 = LINE('',#6874,#6875);
#6874 = CARTESIAN_POINT('',(-3.157967714489E-15,-3.2));
#6875 = VECTOR('',#6876,1.);
#6876 = DIRECTION('',(-1.,0.));
#6877 = ( GEOMETRIC_REPRESENTATION_CONTEXT(2) 
PARAMETRIC_REPRESENTATION_CONTEXT() REPRESENTATION_CONTEXT('2D SPACE',''
  ) );
#6878 = PCURVE('',#6879,#6884);
#6879 = TOROIDAL_SURFACE('',#6880,3.7,0.8);
#6880 = AXIS2_PLACEMENT_3D('',#6881,#6882,#6883);
#6881 = CARTESIAN_POINT('',(-37.,79.6,3.2));
#6882 = DIRECTION('',(0.,0.,1.));
#6883 = DIRECTION('',(0.722222222222,-0.691661088777,0.));
#6884 = DEFINITIONAL_REPRESENTATION('',(#6885),#6889);
#6885 = LINE('',#6886,#6887);
#6886 = CARTESIAN_POINT('',(0.,0.));
#6887 = VECTOR('',#6888,1.);
#6888 = DIRECTION('',(1.,0.));
#6889 = ( GEOMETRIC_REPRESENTATION_CONTEXT(2) 
PARAMETRIC_REPRESENTATION_CONTEXT() REPRESENTATION_CONTEXT('2D SPACE',''
  ) );
#6890 = ORIENTED_EDGE('',*,*,#6891,.F.);
#6891 = EDGE_CURVE('',#4074,#6863,#6892,.T.);
#6892 = SURFACE_CURVE('',#6893,(#6897,#6904),.PCURVE_S1.);
#6893 = LINE('',#6894,#6895);
#6894 = CARTESIAN_POINT('',(-40.25,76.487525100503,0.));
#6895 = VECTOR('',#6896,1.);
#6896 = DIRECTION('',(0.,0.,1.));
#6897 = PCURVE('',#4115,#6898);
#6898 = DEFINITIONAL_REPRESENTATION('',(#6899),#6903);
#6899 = LINE('',#6900,#6901);
#6900 = CARTESIAN_POINT('',(-4.669165646385,0.));
#6901 = VECTOR('',#6902,1.);
#6902 = DIRECTION('',(-0.,-1.));
#6903 = ( GEOMETRIC_REPRESENTATION_CONTEXT(2) 
PARAMETRIC_REPRESENTATION_CONTEXT() REPRESENTATION_CONTEXT('2D SPACE',''
  ) );
#6904 = PCURVE('',#4201,#6905);
#6905 = DEFINITIONAL_REPRESENTATION('',(#6906),#6910);
#6906 = LINE('',#6907,#6908);
#6907 = CARTESIAN_POINT('',(1.687525100503,0.));
#6908 = VECTOR('',#6909,1.);
#6909 = DIRECTION('',(0.,-1.));
#6910 = ( GEOMETRIC_REPRESENTATION_CONTEXT(2) 
PARAMETRIC_REPRESENTATION_CONTEXT() REPRESENTATION_CONTEXT('2D SPACE',''
  ) );
#6911 = ORIENTED_EDGE('',*,*,#4100,.F.);
#6912 = ADVANCED_FACE('',(#6913),#4169,.T.);
#6913 = FACE_BOUND('',#6914,.T.);
#6914 = EDGE_LOOP('',(#6915,#6916,#6944,#6965));
#6915 = ORIENTED_EDGE('',*,*,#6836,.T.);
#6916 = ORIENTED_EDGE('',*,*,#6917,.T.);
#6917 = EDGE_CURVE('',#6809,#6918,#6920,.T.);
#6918 = VERTEX_POINT('',#6919);
#6919 = CARTESIAN_POINT('',(-40.25,74.8,3.2));
#6920 = SURFACE_CURVE('',#6921,(#6925,#6932),.PCURVE_S1.);
#6921 = LINE('',#6922,#6923);
#6922 = CARTESIAN_POINT('',(-74.8,74.8,3.2));
#6923 = VECTOR('',#6924,1.);
#6924 = DIRECTION('',(1.,0.,-0.));
#6925 = PCURVE('',#4169,#6926);
#6926 = DEFINITIONAL_REPRESENTATION('',(#6927),#6931);
#6927 = LINE('',#6928,#6929);
#6928 = CARTESIAN_POINT('',(0.,-3.2));
#6929 = VECTOR('',#6930,1.);
#6930 = DIRECTION('',(1.,0.));
#6931 = ( GEOMETRIC_REPRESENTATION_CONTEXT(2) 
PARAMETRIC_REPRESENTATION_CONTEXT() REPRESENTATION_CONTEXT('2D SPACE',''
  ) );
#6932 = PCURVE('',#6933,#6938);
#6933 = CYLINDRICAL_SURFACE('',#6934,0.8);
#6934 = AXIS2_PLACEMENT_3D('',#6935,#6936,#6937);
#6935 = CARTESIAN_POINT('',(-74.8,74.,3.2));
#6936 = DIRECTION('',(1.,0.,-0.));
#6937 = DIRECTION('',(0.,1.,0.));
#6938 = DEFINITIONAL_REPRESENTATION('',(#6939),#6943);
#6939 = LINE('',#6940,#6941);
#6940 = CARTESIAN_POINT('',(0.,0.));
#6941 = VECTOR('',#6942,1.);
#6942 = DIRECTION('',(0.,1.));
#6943 = ( GEOMETRIC_REPRESENTATION_CONTEXT(2) 
PARAMETRIC_REPRESENTATION_CONTEXT() REPRESENTATION_CONTEXT('2D SPACE',''
  ) );
#6944 = ORIENTED_EDGE('',*,*,#6945,.F.);
#6945 = EDGE_CURVE('',#4133,#6918,#6946,.T.);
#6946 = SURFACE_CURVE('',#6947,(#6951,#6958),.PCURVE_S1.);
#6947 = LINE('',#6948,#6949);
#6948 = CARTESIAN_POINT('',(-40.25,74.8,0.));
#6949 = VECTOR('',#6950,1.);
#6950 = DIRECTION('',(0.,0.,1.));
#6951 = PCURVE('',#4169,#6952);
#6952 = DEFINITIONAL_REPRESENTATION('',(#6953),#6957);
#6953 = LINE('',#6954,#6955);
#6954 = CARTESIAN_POINT('',(34.55,0.));
#6955 = VECTOR('',#6956,1.);
#6956 = DIRECTION('',(0.,-1.));
#6957 = ( GEOMETRIC_REPRESENTATION_CONTEXT(2) 
PARAMETRIC_REPRESENTATION_CONTEXT() REPRESENTATION_CONTEXT('2D SPACE',''
  ) );
#6958 = PCURVE('',#4201,#6959);
#6959 = DEFINITIONAL_REPRESENTATION('',(#6960),#6964);
#6960 = LINE('',#6961,#6962);
#6961 = CARTESIAN_POINT('',(0.,0.));
#6962 = VECTOR('',#6963,1.);
#6963 = DIRECTION('',(0.,-1.));
#6964 = ( GEOMETRIC_REPRESENTATION_CONTEXT(2) 
PARAMETRIC_REPRESENTATION_CONTEXT() REPRESENTATION_CONTEXT('2D SPACE',''
  ) );
#6965 = ORIENTED_EDGE('',*,*,#4155,.F.);
#6966 = ADVANCED_FACE('',(#6967),#4201,.T.);
#6967 = FACE_BOUND('',#6968,.T.);
#6968 = EDGE_LOOP('',(#6969,#6970,#6996,#6997));
#6969 = ORIENTED_EDGE('',*,*,#6945,.T.);
#6970 = ORIENTED_EDGE('',*,*,#6971,.T.);
#6971 = EDGE_CURVE('',#6918,#6863,#6972,.T.);
#6972 = SURFACE_CURVE('',#6973,(#6977,#6984),.PCURVE_S1.);
#6973 = LINE('',#6974,#6975);
#6974 = CARTESIAN_POINT('',(-40.25,74.8,3.2));
#6975 = VECTOR('',#6976,1.);
#6976 = DIRECTION('',(2.22044604925E-16,1.,0.));
#6977 = PCURVE('',#4201,#6978);
#6978 = DEFINITIONAL_REPRESENTATION('',(#6979),#6983);
#6979 = LINE('',#6980,#6981);
#6980 = CARTESIAN_POINT('',(0.,-3.2));
#6981 = VECTOR('',#6982,1.);
#6982 = DIRECTION('',(1.,0.));
#6983 = ( GEOMETRIC_REPRESENTATION_CONTEXT(2) 
PARAMETRIC_REPRESENTATION_CONTEXT() REPRESENTATION_CONTEXT('2D SPACE',''
  ) );
#6984 = PCURVE('',#6985,#6990);
#6985 = CYLINDRICAL_SURFACE('',#6986,0.8);
#6986 = AXIS2_PLACEMENT_3D('',#6987,#6988,#6989);
#6987 = CARTESIAN_POINT('',(-39.45,74.8,3.2));
#6988 = DIRECTION('',(2.22044604925E-16,1.,0.));
#6989 = DIRECTION('',(-1.,2.22044604925E-16,0.));
#6990 = DEFINITIONAL_REPRESENTATION('',(#6991),#6995);
#6991 = LINE('',#6992,#6993);
#6992 = CARTESIAN_POINT('',(0.,0.));
#6993 = VECTOR('',#6994,1.);
#6994 = DIRECTION('',(0.,1.));
#6995 = ( GEOMETRIC_REPRESENTATION_CONTEXT(2) 
PARAMETRIC_REPRESENTATION_CONTEXT() REPRESENTATION_CONTEXT('2D SPACE',''
  ) );
#6996 = ORIENTED_EDGE('',*,*,#6891,.F.);
#6997 = ORIENTED_EDGE('',*,*,#4187,.F.);
#6998 = ADVANCED_FACE('',(#6999),#4317,.T.);
#6999 = FACE_BOUND('',#7000,.T.);
#7000 = EDGE_LOOP('',(#7001,#7024,#7025,#7026));
#7001 = ORIENTED_EDGE('',*,*,#7002,.F.);
#7002 = EDGE_CURVE('',#4447,#7003,#7005,.T.);
#7003 = VERTEX_POINT('',#7004);
#7004 = CARTESIAN_POINT('',(-25.5,-24.5,4.));
#7005 = SURFACE_CURVE('',#7006,(#7010,#7017),.PCURVE_S1.);
#7006 = LINE('',#7007,#7008);
#7007 = CARTESIAN_POINT('',(-75.8,-24.5,4.));
#7008 = VECTOR('',#7009,1.);
#7009 = DIRECTION('',(1.,0.,0.));
#7010 = PCURVE('',#4317,#7011);
#7011 = DEFINITIONAL_REPRESENTATION('',(#7012),#7016);
#7012 = LINE('',#7013,#7014);
#7013 = CARTESIAN_POINT('',(0.,0.707106781187));
#7014 = VECTOR('',#7015,1.);
#7015 = DIRECTION('',(1.,0.));
#7016 = ( GEOMETRIC_REPRESENTATION_CONTEXT(2) 
PARAMETRIC_REPRESENTATION_CONTEXT() REPRESENTATION_CONTEXT('2D SPACE',''
  ) );
#7017 = PCURVE('',#4491,#7018);
#7018 = DEFINITIONAL_REPRESENTATION('',(#7019),#7023);
#7019 = LINE('',#7020,#7021);
#7020 = CARTESIAN_POINT('',(-75.8,-24.5));
#7021 = VECTOR('',#7022,1.);
#7022 = DIRECTION('',(1.,0.));
#7023 = ( GEOMETRIC_REPRESENTATION_CONTEXT(2) 
PARAMETRIC_REPRESENTATION_CONTEXT() REPRESENTATION_CONTEXT('2D SPACE',''
  ) );
#7024 = ORIENTED_EDGE('',*,*,#4446,.T.);
#7025 = ORIENTED_EDGE('',*,*,#4301,.T.);
#7026 = ORIENTED_EDGE('',*,*,#7027,.F.);
#7027 = EDGE_CURVE('',#7003,#2812,#7028,.T.);
#7028 = SURFACE_CURVE('',#7029,(#7033,#7039),.PCURVE_S1.);
#7029 = LINE('',#7030,#7031);
#7030 = CARTESIAN_POINT('',(-25.16666666666,-24.83333333333,
    3.666666666667));
#7031 = VECTOR('',#7032,1.);
#7032 = DIRECTION('',(0.57735026919,-0.57735026919,-0.57735026919));
#7033 = PCURVE('',#4317,#7034);
#7034 = DEFINITIONAL_REPRESENTATION('',(#7035),#7038);
#7035 = B_SPLINE_CURVE_WITH_KNOTS('',1,(#7036,#7037),.UNSPECIFIED.,.F.,
  .F.,(2,2),(-0.57735026919,0.288675134595),.PIECEWISE_BEZIER_KNOTS.);
#7036 = CARTESIAN_POINT('',(50.3,0.707106781187));
#7037 = CARTESIAN_POINT('',(50.8,1.396025545234E-15));
#7038 = ( GEOMETRIC_REPRESENTATION_CONTEXT(2) 
PARAMETRIC_REPRESENTATION_CONTEXT() REPRESENTATION_CONTEXT('2D SPACE',''
  ) );
#7039 = PCURVE('',#7040,#7045);
#7040 = PLANE('',#7041);
#7041 = AXIS2_PLACEMENT_3D('',#7042,#7043,#7044);
#7042 = CARTESIAN_POINT('',(-25.5,-75.8,4.));
#7043 = DIRECTION('',(0.707106781187,0.,0.707106781187));
#7044 = DIRECTION('',(0.707106781187,0.,-0.707106781187));
#7045 = DEFINITIONAL_REPRESENTATION('',(#7046),#7049);
#7046 = B_SPLINE_CURVE_WITH_KNOTS('',1,(#7047,#7048),.UNSPECIFIED.,.F.,
  .F.,(2,2),(-0.57735026919,0.288675134595),.PIECEWISE_BEZIER_KNOTS.);
#7047 = CARTESIAN_POINT('',(4.330461781586E-15,51.3));
#7048 = CARTESIAN_POINT('',(0.707106781187,50.8));
#7049 = ( GEOMETRIC_REPRESENTATION_CONTEXT(2) 
PARAMETRIC_REPRESENTATION_CONTEXT() REPRESENTATION_CONTEXT('2D SPACE',''
  ) );
#7050 = ADVANCED_FACE('',(#7051),#4523,.T.);
#7051 = FACE_BOUND('',#7052,.T.);
#7052 = EDGE_LOOP('',(#7053,#7054,#7077,#7155));
#7053 = ORIENTED_EDGE('',*,*,#4503,.T.);
#7054 = ORIENTED_EDGE('',*,*,#7055,.T.);
#7055 = EDGE_CURVE('',#4476,#7056,#7058,.T.);
#7056 = VERTEX_POINT('',#7057);
#7057 = CARTESIAN_POINT('',(-73.9089172119,8.7,4.));
#7058 = SURFACE_CURVE('',#7059,(#7063,#7070),.PCURVE_S1.);
#7059 = LINE('',#7060,#7061);
#7060 = CARTESIAN_POINT('',(-74.8,8.7,4.));
#7061 = VECTOR('',#7062,1.);
#7062 = DIRECTION('',(1.,0.,-0.));
#7063 = PCURVE('',#4523,#7064);
#7064 = DEFINITIONAL_REPRESENTATION('',(#7065),#7069);
#7065 = LINE('',#7066,#7067);
#7066 = CARTESIAN_POINT('',(1.570796326795,0.));
#7067 = VECTOR('',#7068,1.);
#7068 = DIRECTION('',(0.,1.));
#7069 = ( GEOMETRIC_REPRESENTATION_CONTEXT(2) 
PARAMETRIC_REPRESENTATION_CONTEXT() REPRESENTATION_CONTEXT('2D SPACE',''
  ) );
#7070 = PCURVE('',#4491,#7071);
#7071 = DEFINITIONAL_REPRESENTATION('',(#7072),#7076);
#7072 = LINE('',#7073,#7074);
#7073 = CARTESIAN_POINT('',(-74.8,8.7));
#7074 = VECTOR('',#7075,1.);
#7075 = DIRECTION('',(1.,0.));
#7076 = ( GEOMETRIC_REPRESENTATION_CONTEXT(2) 
PARAMETRIC_REPRESENTATION_CONTEXT() REPRESENTATION_CONTEXT('2D SPACE',''
  ) );
#7077 = ORIENTED_EDGE('',*,*,#7078,.F.);
#7078 = EDGE_CURVE('',#6065,#7056,#7079,.T.);
#7079 = SURFACE_CURVE('',#7080,(#7103,#7129),.PCURVE_S1.);
#7080 = B_SPLINE_CURVE_WITH_KNOTS('',6,(#7081,#7082,#7083,#7084,#7085,
    #7086,#7087,#7088,#7089,#7090,#7091,#7092,#7093,#7094,#7095,#7096,
    #7097,#7098,#7099,#7100,#7101,#7102),.UNSPECIFIED.,.F.,.F.,(7,5,5,5,
    7),(0.,0.438656150921,0.691710076235,0.945880616356,1.),
  .UNSPECIFIED.);
#7081 = CARTESIAN_POINT('',(-73.61130814466,9.5,3.2));
#7082 = CARTESIAN_POINT('',(-73.61130814466,9.5,3.293405276145));
#7083 = CARTESIAN_POINT('',(-73.61640203254,9.486913150672,
    3.386838898387));
#7084 = CARTESIAN_POINT('',(-73.62659657614,9.460724913422,
    3.477756442724));
#7085 = CARTESIAN_POINT('',(-73.6415339678,9.422188986904,3.563769018385
    ));
#7086 = CARTESIAN_POINT('',(-73.66061165311,9.372567029385,
    3.642861474325));
#7087 = CARTESIAN_POINT('',(-73.69608019539,9.279409486195,
    3.754169941095));
#7088 = CARTESIAN_POINT('',(-73.71019572736,9.242173715418,
    3.792070669219));
#7089 = CARTESIAN_POINT('',(-73.72531569606,9.202084643816,
    3.826855294591));
#7090 = CARTESIAN_POINT('',(-73.74129595152,9.159471758807,
    3.858279045342));
#7091 = CARTESIAN_POINT('',(-73.75798920537,9.114682582215,
    3.886144415533));
#7092 = CARTESIAN_POINT('',(-73.79258834685,9.021257961225,
    3.934556668502));
#7093 = CARTESIAN_POINT('',(-73.81049919731,8.972606568039,
    3.955070628631));
#7094 = CARTESIAN_POINT('',(-73.828836328,8.922479535093,3.971683629202)
  );
#7095 = CARTESIAN_POINT('',(-73.84745463395,8.871247853932,
    3.984282674123));
#7096 = CARTESIAN_POINT('',(-73.86621248911,8.819289181045,
    3.992795828793));
#7097 = CARTESIAN_POINT('',(-73.88896809322,8.755847040761,
    3.998126567846));
#7098 = CARTESIAN_POINT('',(-73.89296289836,8.744694264649,
    3.998875656307));
#7099 = CARTESIAN_POINT('',(-73.89695652734,8.733529482027,
    3.999437727932));
#7100 = CARTESIAN_POINT('',(-73.90094766826,8.722356381948,
    3.999812556656));
#7101 = CARTESIAN_POINT('',(-73.90493499968,8.711178652863,
    4.000000000186));
#7102 = CARTESIAN_POINT('',(-73.9089171906,8.699999982622,4.));
#7103 = PCURVE('',#4523,#7104);
#7104 = DEFINITIONAL_REPRESENTATION('',(#7105),#7128);
#7105 = B_SPLINE_CURVE_WITH_KNOTS('',6,(#7106,#7107,#7108,#7109,#7110,
    #7111,#7112,#7113,#7114,#7115,#7116,#7117,#7118,#7119,#7120,#7121,
    #7122,#7123,#7124,#7125,#7126,#7127),.UNSPECIFIED.,.F.,.F.,(7,5,5,5,
    7),(0.,0.438656150921,0.691710076235,0.945880616356,1.),
  .UNSPECIFIED.);
#7106 = CARTESIAN_POINT('',(0.,1.188691855334));
#7107 = CARTESIAN_POINT('',(0.116756595182,1.188691855334));
#7108 = CARTESIAN_POINT('',(0.233547990945,1.183597967454));
#7109 = CARTESIAN_POINT('',(0.350063038724,1.173403423851));
#7110 = CARTESIAN_POINT('',(0.466173186959,1.158466032195));
#7111 = CARTESIAN_POINT('',(0.581798879995,1.139388346882));
#7112 = CARTESIAN_POINT('',(0.763233710874,1.103919804604));
#7113 = CARTESIAN_POINT('',(0.829437290616,1.089804272636));
#7114 = CARTESIAN_POINT('',(0.895469947343,1.074684303939));
#7115 = CARTESIAN_POINT('',(0.961343793357,1.058704048471));
#7116 = CARTESIAN_POINT('',(1.02707853116,1.042010794627));
#7117 = CARTESIAN_POINT('',(1.158607437468,1.007411653148));
#7118 = CARTESIAN_POINT('',(1.224400512152,0.989500802685));
#7119 = CARTESIAN_POINT('',(1.290103307147,0.971163671998));
#7120 = CARTESIAN_POINT('',(1.355744979441,0.952545366041));
#7121 = CARTESIAN_POINT('',(1.421356307683,0.933787510884));
#7122 = CARTESIAN_POINT('',(1.500938438437,0.911031906773));
#7123 = CARTESIAN_POINT('',(1.514908855687,0.907037101637));
#7124 = CARTESIAN_POINT('',(1.528879563392,0.903043472659));
#7125 = CARTESIAN_POINT('',(1.542850849741,0.899052331734));
#7126 = CARTESIAN_POINT('',(1.556823010402,0.895065000311));
#7127 = CARTESIAN_POINT('',(1.570796348518,0.891082809392));
#7128 = ( GEOMETRIC_REPRESENTATION_CONTEXT(2) 
PARAMETRIC_REPRESENTATION_CONTEXT() REPRESENTATION_CONTEXT('2D SPACE',''
  ) );
#7129 = PCURVE('',#6179,#7130);
#7130 = DEFINITIONAL_REPRESENTATION('',(#7131),#7154);
#7131 = B_SPLINE_CURVE_WITH_KNOTS('',6,(#7132,#7133,#7134,#7135,#7136,
    #7137,#7138,#7139,#7140,#7141,#7142,#7143,#7144,#7145,#7146,#7147,
    #7148,#7149,#7150,#7151,#7152,#7153),.UNSPECIFIED.,.F.,.F.,(7,5,5,5,
    7),(0.,0.438656150921,0.691710076235,0.945880616356,1.),
  .UNSPECIFIED.);
#7132 = CARTESIAN_POINT('',(3.730349362741E-14,3.14159265359));
#7133 = CARTESIAN_POINT('',(3.730349362741E-14,3.258349248772));
#7134 = CARTESIAN_POINT('',(-1.072320480795E-03,3.375140644535));
#7135 = CARTESIAN_POINT('',(-3.218914395416E-03,3.491655692314));
#7136 = CARTESIAN_POINT('',(-6.340479204777E-03,3.607765840549));
#7137 = CARTESIAN_POINT('',(-1.027044573161E-02,3.723391533585));
#7138 = CARTESIAN_POINT('',(-1.745538869094E-02,3.904826364463));
#7139 = CARTESIAN_POINT('',(-2.029304183845E-02,3.971029944205));
#7140 = CARTESIAN_POINT('',(-2.330548615704E-02,4.037062600933));
#7141 = CARTESIAN_POINT('',(-2.645753575833E-02,4.102936446946));
#7142 = CARTESIAN_POINT('',(-2.97149131007E-02,4.168671184749));
#7143 = CARTESIAN_POINT('',(-3.639180032469E-02,4.300200091058));
#7144 = CARTESIAN_POINT('',(-3.98119440655E-02,4.365993165741));
#7145 = CARTESIAN_POINT('',(-4.32742513701E-02,4.431695960737));
#7146 = CARTESIAN_POINT('',(-4.674902385358E-02,4.497337633031));
#7147 = CARTESIAN_POINT('',(-5.020926804787E-02,4.562948961273));
#7148 = CARTESIAN_POINT('',(-5.435946651756E-02,4.642531092027));
#7149 = CARTESIAN_POINT('',(-5.508627166032E-02,4.656501502161));
#7150 = CARTESIAN_POINT('',(-5.581109000939E-02,4.67047221275));
#7151 = CARTESIAN_POINT('',(-5.653369366082E-02,4.684443511943));
#7152 = CARTESIAN_POINT('',(-5.725386368551E-02,4.698415678221));
#7153 = CARTESIAN_POINT('',(-5.797139012921E-02,4.712388980385));
#7154 = ( GEOMETRIC_REPRESENTATION_CONTEXT(2) 
PARAMETRIC_REPRESENTATION_CONTEXT() REPRESENTATION_CONTEXT('2D SPACE',''
  ) );
#7155 = ORIENTED_EDGE('',*,*,#6064,.F.);
#7156 = ADVANCED_FACE('',(#7157,#7281,#7312,#7343,#7374),#4491,.T.);
#7157 = FACE_BOUND('',#7158,.T.);
#7158 = EDGE_LOOP('',(#7159,#7160,#7161,#7184,#7212,#7235,#7258,#7280));
#7159 = ORIENTED_EDGE('',*,*,#4475,.F.);
#7160 = ORIENTED_EDGE('',*,*,#7002,.T.);
#7161 = ORIENTED_EDGE('',*,*,#7162,.T.);
#7162 = EDGE_CURVE('',#7003,#7163,#7165,.T.);
#7163 = VERTEX_POINT('',#7164);
#7164 = CARTESIAN_POINT('',(-25.5,24.5,4.));
#7165 = SURFACE_CURVE('',#7166,(#7170,#7177),.PCURVE_S1.);
#7166 = LINE('',#7167,#7168);
#7167 = CARTESIAN_POINT('',(-25.5,-75.8,4.));
#7168 = VECTOR('',#7169,1.);
#7169 = DIRECTION('',(0.,1.,0.));
#7170 = PCURVE('',#4491,#7171);
#7171 = DEFINITIONAL_REPRESENTATION('',(#7172),#7176);
#7172 = LINE('',#7173,#7174);
#7173 = CARTESIAN_POINT('',(-25.5,-75.8));
#7174 = VECTOR('',#7175,1.);
#7175 = DIRECTION('',(0.,1.));
#7176 = ( GEOMETRIC_REPRESENTATION_CONTEXT(2) 
PARAMETRIC_REPRESENTATION_CONTEXT() REPRESENTATION_CONTEXT('2D SPACE',''
  ) );
#7177 = PCURVE('',#7040,#7178);
#7178 = DEFINITIONAL_REPRESENTATION('',(#7179),#7183);
#7179 = LINE('',#7180,#7181);
#7180 = CARTESIAN_POINT('',(0.,0.));
#7181 = VECTOR('',#7182,1.);
#7182 = DIRECTION('',(0.,1.));
#7183 = ( GEOMETRIC_REPRESENTATION_CONTEXT(2) 
PARAMETRIC_REPRESENTATION_CONTEXT() REPRESENTATION_CONTEXT('2D SPACE',''
  ) );
#7184 = ORIENTED_EDGE('',*,*,#7185,.F.);
#7185 = EDGE_CURVE('',#7186,#7163,#7188,.T.);
#7186 = VERTEX_POINT('',#7187);
#7187 = CARTESIAN_POINT('',(-74.,24.5,4.));
#7188 = SURFACE_CURVE('',#7189,(#7193,#7200),.PCURVE_S1.);
#7189 = LINE('',#7190,#7191);
#7190 = CARTESIAN_POINT('',(-75.8,24.5,4.));
#7191 = VECTOR('',#7192,1.);
#7192 = DIRECTION('',(1.,0.,0.));
#7193 = PCURVE('',#4491,#7194);
#7194 = DEFINITIONAL_REPRESENTATION('',(#7195),#7199);
#7195 = LINE('',#7196,#7197);
#7196 = CARTESIAN_POINT('',(-75.8,24.5));
#7197 = VECTOR('',#7198,1.);
#7198 = DIRECTION('',(1.,0.));
#7199 = ( GEOMETRIC_REPRESENTATION_CONTEXT(2) 
PARAMETRIC_REPRESENTATION_CONTEXT() REPRESENTATION_CONTEXT('2D SPACE',''
  ) );
#7200 = PCURVE('',#7201,#7206);
#7201 = PLANE('',#7202);
#7202 = AXIS2_PLACEMENT_3D('',#7203,#7204,#7205);
#7203 = CARTESIAN_POINT('',(-75.8,25.,3.5));
#7204 = DIRECTION('',(0.,0.707106781187,0.707106781187));
#7205 = DIRECTION('',(0.,-0.707106781187,0.707106781187));
#7206 = DEFINITIONAL_REPRESENTATION('',(#7207),#7211);
#7207 = LINE('',#7208,#7209);
#7208 = CARTESIAN_POINT('',(0.707106781187,0.));
#7209 = VECTOR('',#7210,1.);
#7210 = DIRECTION('',(0.,1.));
#7211 = ( GEOMETRIC_REPRESENTATION_CONTEXT(2) 
PARAMETRIC_REPRESENTATION_CONTEXT() REPRESENTATION_CONTEXT('2D SPACE',''
  ) );
#7212 = ORIENTED_EDGE('',*,*,#7213,.F.);
#7213 = EDGE_CURVE('',#7214,#7186,#7216,.T.);
#7214 = VERTEX_POINT('',#7215);
#7215 = CARTESIAN_POINT('',(-74.,17.3,4.));
#7216 = SURFACE_CURVE('',#7217,(#7221,#7228),.PCURVE_S1.);
#7217 = LINE('',#7218,#7219);
#7218 = CARTESIAN_POINT('',(-74.,16.5,4.));
#7219 = VECTOR('',#7220,1.);
#7220 = DIRECTION('',(-0.,1.,0.));
#7221 = PCURVE('',#4491,#7222);
#7222 = DEFINITIONAL_REPRESENTATION('',(#7223),#7227);
#7223 = LINE('',#7224,#7225);
#7224 = CARTESIAN_POINT('',(-74.,16.5));
#7225 = VECTOR('',#7226,1.);
#7226 = DIRECTION('',(0.,1.));
#7227 = ( GEOMETRIC_REPRESENTATION_CONTEXT(2) 
PARAMETRIC_REPRESENTATION_CONTEXT() REPRESENTATION_CONTEXT('2D SPACE',''
  ) );
#7228 = PCURVE('',#6390,#7229);
#7229 = DEFINITIONAL_REPRESENTATION('',(#7230),#7234);
#7230 = LINE('',#7231,#7232);
#7231 = CARTESIAN_POINT('',(1.570796326795,0.));
#7232 = VECTOR('',#7233,1.);
#7233 = DIRECTION('',(0.,1.));
#7234 = ( GEOMETRIC_REPRESENTATION_CONTEXT(2) 
PARAMETRIC_REPRESENTATION_CONTEXT() REPRESENTATION_CONTEXT('2D SPACE',''
  ) );
#7235 = ORIENTED_EDGE('',*,*,#7236,.T.);
#7236 = EDGE_CURVE('',#7214,#7237,#7239,.T.);
#7237 = VERTEX_POINT('',#7238);
#7238 = CARTESIAN_POINT('',(-73.9089172119,17.3,4.));
#7239 = SURFACE_CURVE('',#7240,(#7244,#7251),.PCURVE_S1.);
#7240 = LINE('',#7241,#7242);
#7241 = CARTESIAN_POINT('',(-74.8,17.3,4.));
#7242 = VECTOR('',#7243,1.);
#7243 = DIRECTION('',(1.,0.,-0.));
#7244 = PCURVE('',#4491,#7245);
#7245 = DEFINITIONAL_REPRESENTATION('',(#7246),#7250);
#7246 = LINE('',#7247,#7248);
#7247 = CARTESIAN_POINT('',(-74.8,17.3));
#7248 = VECTOR('',#7249,1.);
#7249 = DIRECTION('',(1.,0.));
#7250 = ( GEOMETRIC_REPRESENTATION_CONTEXT(2) 
PARAMETRIC_REPRESENTATION_CONTEXT() REPRESENTATION_CONTEXT('2D SPACE',''
  ) );
#7251 = PCURVE('',#6302,#7252);
#7252 = DEFINITIONAL_REPRESENTATION('',(#7253),#7257);
#7253 = LINE('',#7254,#7255);
#7254 = CARTESIAN_POINT('',(-1.570796326795,0.));
#7255 = VECTOR('',#7256,1.);
#7256 = DIRECTION('',(-0.,1.));
#7257 = ( GEOMETRIC_REPRESENTATION_CONTEXT(2) 
PARAMETRIC_REPRESENTATION_CONTEXT() REPRESENTATION_CONTEXT('2D SPACE',''
  ) );
#7258 = ORIENTED_EDGE('',*,*,#7259,.F.);
#7259 = EDGE_CURVE('',#7056,#7237,#7260,.T.);
#7260 = SURFACE_CURVE('',#7261,(#7266,#7273),.PCURVE_S1.);
#7261 = CIRCLE('',#7262,5.55);
#7262 = AXIS2_PLACEMENT_3D('',#7263,#7264,#7265);
#7263 = CARTESIAN_POINT('',(-70.4,13.,4.));
#7264 = DIRECTION('',(0.,0.,1.));
#7265 = DIRECTION('',(-0.676064872561,-0.736842105263,0.));
#7266 = PCURVE('',#4491,#7267);
#7267 = DEFINITIONAL_REPRESENTATION('',(#7268),#7272);
#7268 = CIRCLE('',#7269,5.55);
#7269 = AXIS2_PLACEMENT_2D('',#7270,#7271);
#7270 = CARTESIAN_POINT('',(-70.4,13.));
#7271 = DIRECTION('',(-0.676064872561,-0.736842105263));
#7272 = ( GEOMETRIC_REPRESENTATION_CONTEXT(2) 
PARAMETRIC_REPRESENTATION_CONTEXT() REPRESENTATION_CONTEXT('2D SPACE',''
  ) );
#7273 = PCURVE('',#6179,#7274);
#7274 = DEFINITIONAL_REPRESENTATION('',(#7275),#7279);
#7275 = LINE('',#7276,#7277);
#7276 = CARTESIAN_POINT('',(-0.,4.712388980385));
#7277 = VECTOR('',#7278,1.);
#7278 = DIRECTION('',(-1.,0.));
#7279 = ( GEOMETRIC_REPRESENTATION_CONTEXT(2) 
PARAMETRIC_REPRESENTATION_CONTEXT() REPRESENTATION_CONTEXT('2D SPACE',''
  ) );
#7280 = ORIENTED_EDGE('',*,*,#7055,.F.);
#7281 = FACE_BOUND('',#7282,.T.);
#7282 = EDGE_LOOP('',(#7283));
#7283 = ORIENTED_EDGE('',*,*,#7284,.F.);
#7284 = EDGE_CURVE('',#7285,#7285,#7287,.T.);
#7285 = VERTEX_POINT('',#7286);
#7286 = CARTESIAN_POINT('',(-48.4,-21.5,4.));
#7287 = SURFACE_CURVE('',#7288,(#7293,#7300),.PCURVE_S1.);
#7288 = CIRCLE('',#7289,1.6);
#7289 = AXIS2_PLACEMENT_3D('',#7290,#7291,#7292);
#7290 = CARTESIAN_POINT('',(-50.,-21.5,4.));
#7291 = DIRECTION('',(0.,0.,1.));
#7292 = DIRECTION('',(1.,0.,-0.));
#7293 = PCURVE('',#4491,#7294);
#7294 = DEFINITIONAL_REPRESENTATION('',(#7295),#7299);
#7295 = CIRCLE('',#7296,1.6);
#7296 = AXIS2_PLACEMENT_2D('',#7297,#7298);
#7297 = CARTESIAN_POINT('',(-50.,-21.5));
#7298 = DIRECTION('',(1.,0.));
#7299 = ( GEOMETRIC_REPRESENTATION_CONTEXT(2) 
PARAMETRIC_REPRESENTATION_CONTEXT() REPRESENTATION_CONTEXT('2D SPACE',''
  ) );
#7300 = PCURVE('',#7301,#7306);
#7301 = CYLINDRICAL_SURFACE('',#7302,1.6);
#7302 = AXIS2_PLACEMENT_3D('',#7303,#7304,#7305);
#7303 = CARTESIAN_POINT('',(-50.,-21.5,4.));
#7304 = DIRECTION('',(0.,0.,1.));
#7305 = DIRECTION('',(1.,0.,-0.));
#7306 = DEFINITIONAL_REPRESENTATION('',(#7307),#7311);
#7307 = LINE('',#7308,#7309);
#7308 = CARTESIAN_POINT('',(0.,0.));
#7309 = VECTOR('',#7310,1.);
#7310 = DIRECTION('',(1.,0.));
#7311 = ( GEOMETRIC_REPRESENTATION_CONTEXT(2) 
PARAMETRIC_REPRESENTATION_CONTEXT() REPRESENTATION_CONTEXT('2D SPACE',''
  ) );
#7312 = FACE_BOUND('',#7313,.T.);
#7313 = EDGE_LOOP('',(#7314));
#7314 = ORIENTED_EDGE('',*,*,#7315,.F.);
#7315 = EDGE_CURVE('',#7316,#7316,#7318,.T.);
#7316 = VERTEX_POINT('',#7317);
#7317 = CARTESIAN_POINT('',(-69.9,-3.918869757272E-16,4.));
#7318 = SURFACE_CURVE('',#7319,(#7324,#7331),.PCURVE_S1.);
#7319 = CIRCLE('',#7320,1.6);
#7320 = AXIS2_PLACEMENT_3D('',#7321,#7322,#7323);
#7321 = CARTESIAN_POINT('',(-71.5,0.,4.));
#7322 = DIRECTION('',(0.,0.,1.));
#7323 = DIRECTION('',(1.,0.,-0.));
#7324 = PCURVE('',#4491,#7325);
#7325 = DEFINITIONAL_REPRESENTATION('',(#7326),#7330);
#7326 = CIRCLE('',#7327,1.6);
#7327 = AXIS2_PLACEMENT_2D('',#7328,#7329);
#7328 = CARTESIAN_POINT('',(-71.5,0.));
#7329 = DIRECTION('',(1.,0.));
#7330 = ( GEOMETRIC_REPRESENTATION_CONTEXT(2) 
PARAMETRIC_REPRESENTATION_CONTEXT() REPRESENTATION_CONTEXT('2D SPACE',''
  ) );
#7331 = PCURVE('',#7332,#7337);
#7332 = CYLINDRICAL_SURFACE('',#7333,1.6);
#7333 = AXIS2_PLACEMENT_3D('',#7334,#7335,#7336);
#7334 = CARTESIAN_POINT('',(-71.5,0.,4.));
#7335 = DIRECTION('',(0.,0.,1.));
#7336 = DIRECTION('',(1.,0.,-0.));
#7337 = DEFINITIONAL_REPRESENTATION('',(#7338),#7342);
#7338 = LINE('',#7339,#7340);
#7339 = CARTESIAN_POINT('',(0.,0.));
#7340 = VECTOR('',#7341,1.);
#7341 = DIRECTION('',(1.,0.));
#7342 = ( GEOMETRIC_REPRESENTATION_CONTEXT(2) 
PARAMETRIC_REPRESENTATION_CONTEXT() REPRESENTATION_CONTEXT('2D SPACE',''
  ) );
#7343 = FACE_BOUND('',#7344,.T.);
#7344 = EDGE_LOOP('',(#7345));
#7345 = ORIENTED_EDGE('',*,*,#7346,.F.);
#7346 = EDGE_CURVE('',#7347,#7347,#7349,.T.);
#7347 = VERTEX_POINT('',#7348);
#7348 = CARTESIAN_POINT('',(-48.4,21.5,4.));
#7349 = SURFACE_CURVE('',#7350,(#7355,#7362),.PCURVE_S1.);
#7350 = CIRCLE('',#7351,1.6);
#7351 = AXIS2_PLACEMENT_3D('',#7352,#7353,#7354);
#7352 = CARTESIAN_POINT('',(-50.,21.5,4.));
#7353 = DIRECTION('',(0.,0.,1.));
#7354 = DIRECTION('',(1.,0.,-0.));
#7355 = PCURVE('',#4491,#7356);
#7356 = DEFINITIONAL_REPRESENTATION('',(#7357),#7361);
#7357 = CIRCLE('',#7358,1.6);
#7358 = AXIS2_PLACEMENT_2D('',#7359,#7360);
#7359 = CARTESIAN_POINT('',(-50.,21.5));
#7360 = DIRECTION('',(1.,0.));
#7361 = ( GEOMETRIC_REPRESENTATION_CONTEXT(2) 
PARAMETRIC_REPRESENTATION_CONTEXT() REPRESENTATION_CONTEXT('2D SPACE',''
  ) );
#7362 = PCURVE('',#7363,#7368);
#7363 = CYLINDRICAL_SURFACE('',#7364,1.6);
#7364 = AXIS2_PLACEMENT_3D('',#7365,#7366,#7367);
#7365 = CARTESIAN_POINT('',(-50.,21.5,4.));
#7366 = DIRECTION('',(0.,0.,1.));
#7367 = DIRECTION('',(1.,0.,-0.));
#7368 = DEFINITIONAL_REPRESENTATION('',(#7369),#7373);
#7369 = LINE('',#7370,#7371);
#7370 = CARTESIAN_POINT('',(0.,0.));
#7371 = VECTOR('',#7372,1.);
#7372 = DIRECTION('',(1.,0.));
#7373 = ( GEOMETRIC_REPRESENTATION_CONTEXT(2) 
PARAMETRIC_REPRESENTATION_CONTEXT() REPRESENTATION_CONTEXT('2D SPACE',''
  ) );
#7374 = FACE_BOUND('',#7375,.T.);
#7375 = EDGE_LOOP('',(#7376));
#7376 = ORIENTED_EDGE('',*,*,#7377,.F.);
#7377 = EDGE_CURVE('',#7378,#7378,#7380,.T.);
#7378 = VERTEX_POINT('',#7379);
#7379 = CARTESIAN_POINT('',(-26.9,-3.918869757272E-16,4.));
#7380 = SURFACE_CURVE('',#7381,(#7386,#7393),.PCURVE_S1.);
#7381 = CIRCLE('',#7382,1.6);
#7382 = AXIS2_PLACEMENT_3D('',#7383,#7384,#7385);
#7383 = CARTESIAN_POINT('',(-28.5,0.,4.));
#7384 = DIRECTION('',(0.,0.,1.));
#7385 = DIRECTION('',(1.,0.,-0.));
#7386 = PCURVE('',#4491,#7387);
#7387 = DEFINITIONAL_REPRESENTATION('',(#7388),#7392);
#7388 = CIRCLE('',#7389,1.6);
#7389 = AXIS2_PLACEMENT_2D('',#7390,#7391);
#7390 = CARTESIAN_POINT('',(-28.5,0.));
#7391 = DIRECTION('',(1.,0.));
#7392 = ( GEOMETRIC_REPRESENTATION_CONTEXT(2) 
PARAMETRIC_REPRESENTATION_CONTEXT() REPRESENTATION_CONTEXT('2D SPACE',''
  ) );
#7393 = PCURVE('',#7394,#7399);
#7394 = CYLINDRICAL_SURFACE('',#7395,1.6);
#7395 = AXIS2_PLACEMENT_3D('',#7396,#7397,#7398);
#7396 = CARTESIAN_POINT('',(-28.5,0.,4.));
#7397 = DIRECTION('',(0.,0.,1.));
#7398 = DIRECTION('',(1.,0.,-0.));
#7399 = DEFINITIONAL_REPRESENTATION('',(#7400),#7404);
#7400 = LINE('',#7401,#7402);
#7401 = CARTESIAN_POINT('',(0.,0.));
#7402 = VECTOR('',#7403,1.);
#7403 = DIRECTION('',(1.,0.));
#7404 = ( GEOMETRIC_REPRESENTATION_CONTEXT(2) 
PARAMETRIC_REPRESENTATION_CONTEXT() REPRESENTATION_CONTEXT('2D SPACE',''
  ) );
#7405 = ADVANCED_FACE('',(#7406),#4581,.T.);
#7406 = FACE_BOUND('',#7407,.T.);
#7407 = EDGE_LOOP('',(#7408,#7429,#7430,#7431));
#7408 = ORIENTED_EDGE('',*,*,#7409,.F.);
#7409 = EDGE_CURVE('',#4544,#7410,#7412,.T.);
#7410 = VERTEX_POINT('',#7411);
#7411 = CARTESIAN_POINT('',(-48.7,-71.5,5.6));
#7412 = SEAM_CURVE('',#7413,(#7417,#7423),.PCURVE_S1.);
#7413 = LINE('',#7414,#7415);
#7414 = CARTESIAN_POINT('',(-48.4,-71.5,5.3));
#7415 = VECTOR('',#7416,1.);
#7416 = DIRECTION('',(-0.707106781187,0.,0.707106781187));
#7417 = PCURVE('',#4581,#7418);
#7418 = DEFINITIONAL_REPRESENTATION('',(#7419),#7422);
#7419 = B_SPLINE_CURVE_WITH_KNOTS('',1,(#7420,#7421),.UNSPECIFIED.,.F.,
  .F.,(2,2),(0.,0.424264068712),.PIECEWISE_BEZIER_KNOTS.);
#7420 = CARTESIAN_POINT('',(0.,0.));
#7421 = CARTESIAN_POINT('',(0.,-0.3));
#7422 = ( GEOMETRIC_REPRESENTATION_CONTEXT(2) 
PARAMETRIC_REPRESENTATION_CONTEXT() REPRESENTATION_CONTEXT('2D SPACE',''
  ) );
#7423 = PCURVE('',#4581,#7424);
#7424 = DEFINITIONAL_REPRESENTATION('',(#7425),#7428);
#7425 = B_SPLINE_CURVE_WITH_KNOTS('',1,(#7426,#7427),.UNSPECIFIED.,.F.,
  .F.,(2,2),(0.,0.424264068712),.PIECEWISE_BEZIER_KNOTS.);
#7426 = CARTESIAN_POINT('',(-6.28318530718,0.));
#7427 = CARTESIAN_POINT('',(-6.28318530718,-0.3));
#7428 = ( GEOMETRIC_REPRESENTATION_CONTEXT(2) 
PARAMETRIC_REPRESENTATION_CONTEXT() REPRESENTATION_CONTEXT('2D SPACE',''
  ) );
#7429 = ORIENTED_EDGE('',*,*,#4566,.T.);
#7430 = ORIENTED_EDGE('',*,*,#7409,.T.);
#7431 = ORIENTED_EDGE('',*,*,#7432,.F.);
#7432 = EDGE_CURVE('',#7410,#7410,#7433,.T.);
#7433 = SURFACE_CURVE('',#7434,(#7439,#7446),.PCURVE_S1.);
#7434 = CIRCLE('',#7435,1.3);
#7435 = AXIS2_PLACEMENT_3D('',#7436,#7437,#7438);
#7436 = CARTESIAN_POINT('',(-50.,-71.5,5.6));
#7437 = DIRECTION('',(0.,0.,1.));
#7438 = DIRECTION('',(1.,0.,-0.));
#7439 = PCURVE('',#4581,#7440);
#7440 = DEFINITIONAL_REPRESENTATION('',(#7441),#7445);
#7441 = LINE('',#7442,#7443);
#7442 = CARTESIAN_POINT('',(-0.,-0.3));
#7443 = VECTOR('',#7444,1.);
#7444 = DIRECTION('',(-1.,-0.));
#7445 = ( GEOMETRIC_REPRESENTATION_CONTEXT(2) 
PARAMETRIC_REPRESENTATION_CONTEXT() REPRESENTATION_CONTEXT('2D SPACE',''
  ) );
#7446 = PCURVE('',#7447,#7452);
#7447 = PLANE('',#7448);
#7448 = AXIS2_PLACEMENT_3D('',#7449,#7450,#7451);
#7449 = CARTESIAN_POINT('',(-50.,-71.5,5.6));
#7450 = DIRECTION('',(0.,0.,1.));
#7451 = DIRECTION('',(1.,0.,-0.));
#7452 = DEFINITIONAL_REPRESENTATION('',(#7453),#7457);
#7453 = CIRCLE('',#7454,1.3);
#7454 = AXIS2_PLACEMENT_2D('',#7455,#7456);
#7455 = CARTESIAN_POINT('',(0.,0.));
#7456 = DIRECTION('',(1.,0.));
#7457 = ( GEOMETRIC_REPRESENTATION_CONTEXT(2) 
PARAMETRIC_REPRESENTATION_CONTEXT() REPRESENTATION_CONTEXT('2D SPACE',''
  ) );
#7458 = ADVANCED_FACE('',(#7459),#4636,.T.);
#7459 = FACE_BOUND('',#7460,.T.);
#7460 = EDGE_LOOP('',(#7461,#7482,#7483,#7484));
#7461 = ORIENTED_EDGE('',*,*,#7462,.F.);
#7462 = EDGE_CURVE('',#4599,#7463,#7465,.T.);
#7463 = VERTEX_POINT('',#7464);
#7464 = CARTESIAN_POINT('',(-70.2,-50.,5.6));
#7465 = SEAM_CURVE('',#7466,(#7470,#7476),.PCURVE_S1.);
#7466 = LINE('',#7467,#7468);
#7467 = CARTESIAN_POINT('',(-69.9,-50.,5.3));
#7468 = VECTOR('',#7469,1.);
#7469 = DIRECTION('',(-0.707106781187,0.,0.707106781187));
#7470 = PCURVE('',#4636,#7471);
#7471 = DEFINITIONAL_REPRESENTATION('',(#7472),#7475);
#7472 = B_SPLINE_CURVE_WITH_KNOTS('',1,(#7473,#7474),.UNSPECIFIED.,.F.,
  .F.,(2,2),(0.,0.424264068712),.PIECEWISE_BEZIER_KNOTS.);
#7473 = CARTESIAN_POINT('',(0.,0.));
#7474 = CARTESIAN_POINT('',(0.,-0.3));
#7475 = ( GEOMETRIC_REPRESENTATION_CONTEXT(2) 
PARAMETRIC_REPRESENTATION_CONTEXT() REPRESENTATION_CONTEXT('2D SPACE',''
  ) );
#7476 = PCURVE('',#4636,#7477);
#7477 = DEFINITIONAL_REPRESENTATION('',(#7478),#7481);
#7478 = B_SPLINE_CURVE_WITH_KNOTS('',1,(#7479,#7480),.UNSPECIFIED.,.F.,
  .F.,(2,2),(0.,0.424264068712),.PIECEWISE_BEZIER_KNOTS.);
#7479 = CARTESIAN_POINT('',(-6.28318530718,0.));
#7480 = CARTESIAN_POINT('',(-6.28318530718,-0.3));
#7481 = ( GEOMETRIC_REPRESENTATION_CONTEXT(2) 
PARAMETRIC_REPRESENTATION_CONTEXT() REPRESENTATION_CONTEXT('2D SPACE',''
  ) );
#7482 = ORIENTED_EDGE('',*,*,#4621,.T.);
#7483 = ORIENTED_EDGE('',*,*,#7462,.T.);
#7484 = ORIENTED_EDGE('',*,*,#7485,.F.);
#7485 = EDGE_CURVE('',#7463,#7463,#7486,.T.);
#7486 = SURFACE_CURVE('',#7487,(#7492,#7499),.PCURVE_S1.);
#7487 = CIRCLE('',#7488,1.3);
#7488 = AXIS2_PLACEMENT_3D('',#7489,#7490,#7491);
#7489 = CARTESIAN_POINT('',(-71.5,-50.,5.6));
#7490 = DIRECTION('',(0.,0.,1.));
#7491 = DIRECTION('',(1.,0.,-0.));
#7492 = PCURVE('',#4636,#7493);
#7493 = DEFINITIONAL_REPRESENTATION('',(#7494),#7498);
#7494 = LINE('',#7495,#7496);
#7495 = CARTESIAN_POINT('',(-0.,-0.3));
#7496 = VECTOR('',#7497,1.);
#7497 = DIRECTION('',(-1.,-0.));
#7498 = ( GEOMETRIC_REPRESENTATION_CONTEXT(2) 
PARAMETRIC_REPRESENTATION_CONTEXT() REPRESENTATION_CONTEXT('2D SPACE',''
  ) );
#7499 = PCURVE('',#7500,#7505);
#7500 = PLANE('',#7501);
#7501 = AXIS2_PLACEMENT_3D('',#7502,#7503,#7504);
#7502 = CARTESIAN_POINT('',(-71.5,-50.,5.6));
#7503 = DIRECTION('',(0.,0.,1.));
#7504 = DIRECTION('',(1.,0.,-0.));
#7505 = DEFINITIONAL_REPRESENTATION('',(#7506),#7510);
#7506 = CIRCLE('',#7507,1.3);
#7507 = AXIS2_PLACEMENT_2D('',#7508,#7509);
#7508 = CARTESIAN_POINT('',(0.,0.));
#7509 = DIRECTION('',(1.,0.));
#7510 = ( GEOMETRIC_REPRESENTATION_CONTEXT(2) 
PARAMETRIC_REPRESENTATION_CONTEXT() REPRESENTATION_CONTEXT('2D SPACE',''
  ) );
#7511 = ADVANCED_FACE('',(#7512),#4691,.T.);
#7512 = FACE_BOUND('',#7513,.T.);
#7513 = EDGE_LOOP('',(#7514,#7535,#7536,#7537));
#7514 = ORIENTED_EDGE('',*,*,#7515,.F.);
#7515 = EDGE_CURVE('',#4654,#7516,#7518,.T.);
#7516 = VERTEX_POINT('',#7517);
#7517 = CARTESIAN_POINT('',(-27.2,-50.,5.6));
#7518 = SEAM_CURVE('',#7519,(#7523,#7529),.PCURVE_S1.);
#7519 = LINE('',#7520,#7521);
#7520 = CARTESIAN_POINT('',(-26.9,-50.,5.3));
#7521 = VECTOR('',#7522,1.);
#7522 = DIRECTION('',(-0.707106781187,0.,0.707106781187));
#7523 = PCURVE('',#4691,#7524);
#7524 = DEFINITIONAL_REPRESENTATION('',(#7525),#7528);
#7525 = B_SPLINE_CURVE_WITH_KNOTS('',1,(#7526,#7527),.UNSPECIFIED.,.F.,
  .F.,(2,2),(0.,0.424264068712),.PIECEWISE_BEZIER_KNOTS.);
#7526 = CARTESIAN_POINT('',(0.,0.));
#7527 = CARTESIAN_POINT('',(0.,-0.3));
#7528 = ( GEOMETRIC_REPRESENTATION_CONTEXT(2) 
PARAMETRIC_REPRESENTATION_CONTEXT() REPRESENTATION_CONTEXT('2D SPACE',''
  ) );
#7529 = PCURVE('',#4691,#7530);
#7530 = DEFINITIONAL_REPRESENTATION('',(#7531),#7534);
#7531 = B_SPLINE_CURVE_WITH_KNOTS('',1,(#7532,#7533),.UNSPECIFIED.,.F.,
  .F.,(2,2),(0.,0.424264068712),.PIECEWISE_BEZIER_KNOTS.);
#7532 = CARTESIAN_POINT('',(-6.28318530718,0.));
#7533 = CARTESIAN_POINT('',(-6.28318530718,-0.3));
#7534 = ( GEOMETRIC_REPRESENTATION_CONTEXT(2) 
PARAMETRIC_REPRESENTATION_CONTEXT() REPRESENTATION_CONTEXT('2D SPACE',''
  ) );
#7535 = ORIENTED_EDGE('',*,*,#4676,.T.);
#7536 = ORIENTED_EDGE('',*,*,#7515,.T.);
#7537 = ORIENTED_EDGE('',*,*,#7538,.F.);
#7538 = EDGE_CURVE('',#7516,#7516,#7539,.T.);
#7539 = SURFACE_CURVE('',#7540,(#7545,#7552),.PCURVE_S1.);
#7540 = CIRCLE('',#7541,1.3);
#7541 = AXIS2_PLACEMENT_3D('',#7542,#7543,#7544);
#7542 = CARTESIAN_POINT('',(-28.5,-50.,5.6));
#7543 = DIRECTION('',(0.,0.,1.));
#7544 = DIRECTION('',(1.,0.,-0.));
#7545 = PCURVE('',#4691,#7546);
#7546 = DEFINITIONAL_REPRESENTATION('',(#7547),#7551);
#7547 = LINE('',#7548,#7549);
#7548 = CARTESIAN_POINT('',(-0.,-0.3));
#7549 = VECTOR('',#7550,1.);
#7550 = DIRECTION('',(-1.,-0.));
#7551 = ( GEOMETRIC_REPRESENTATION_CONTEXT(2) 
PARAMETRIC_REPRESENTATION_CONTEXT() REPRESENTATION_CONTEXT('2D SPACE',''
  ) );
#7552 = PCURVE('',#7553,#7558);
#7553 = PLANE('',#7554);
#7554 = AXIS2_PLACEMENT_3D('',#7555,#7556,#7557);
#7555 = CARTESIAN_POINT('',(-28.5,-50.,5.6));
#7556 = DIRECTION('',(0.,0.,1.));
#7557 = DIRECTION('',(1.,0.,-0.));
#7558 = DEFINITIONAL_REPRESENTATION('',(#7559),#7563);
#7559 = CIRCLE('',#7560,1.3);
#7560 = AXIS2_PLACEMENT_2D('',#7561,#7562);
#7561 = CARTESIAN_POINT('',(0.,0.));
#7562 = DIRECTION('',(1.,0.));
#7563 = ( GEOMETRIC_REPRESENTATION_CONTEXT(2) 
PARAMETRIC_REPRESENTATION_CONTEXT() REPRESENTATION_CONTEXT('2D SPACE',''
  ) );
#7564 = ADVANCED_FACE('',(#7565),#4746,.T.);
#7565 = FACE_BOUND('',#7566,.T.);
#7566 = EDGE_LOOP('',(#7567,#7588,#7589,#7590));
#7567 = ORIENTED_EDGE('',*,*,#7568,.F.);
#7568 = EDGE_CURVE('',#4709,#7569,#7571,.T.);
#7569 = VERTEX_POINT('',#7570);
#7570 = CARTESIAN_POINT('',(-48.7,-28.5,5.6));
#7571 = SEAM_CURVE('',#7572,(#7576,#7582),.PCURVE_S1.);
#7572 = LINE('',#7573,#7574);
#7573 = CARTESIAN_POINT('',(-48.4,-28.5,5.3));
#7574 = VECTOR('',#7575,1.);
#7575 = DIRECTION('',(-0.707106781187,0.,0.707106781187));
#7576 = PCURVE('',#4746,#7577);
#7577 = DEFINITIONAL_REPRESENTATION('',(#7578),#7581);
#7578 = B_SPLINE_CURVE_WITH_KNOTS('',1,(#7579,#7580),.UNSPECIFIED.,.F.,
  .F.,(2,2),(0.,0.424264068712),.PIECEWISE_BEZIER_KNOTS.);
#7579 = CARTESIAN_POINT('',(0.,0.));
#7580 = CARTESIAN_POINT('',(0.,-0.3));
#7581 = ( GEOMETRIC_REPRESENTATION_CONTEXT(2) 
PARAMETRIC_REPRESENTATION_CONTEXT() REPRESENTATION_CONTEXT('2D SPACE',''
  ) );
#7582 = PCURVE('',#4746,#7583);
#7583 = DEFINITIONAL_REPRESENTATION('',(#7584),#7587);
#7584 = B_SPLINE_CURVE_WITH_KNOTS('',1,(#7585,#7586),.UNSPECIFIED.,.F.,
  .F.,(2,2),(0.,0.424264068712),.PIECEWISE_BEZIER_KNOTS.);
#7585 = CARTESIAN_POINT('',(-6.28318530718,0.));
#7586 = CARTESIAN_POINT('',(-6.28318530718,-0.3));
#7587 = ( GEOMETRIC_REPRESENTATION_CONTEXT(2) 
PARAMETRIC_REPRESENTATION_CONTEXT() REPRESENTATION_CONTEXT('2D SPACE',''
  ) );
#7588 = ORIENTED_EDGE('',*,*,#4731,.T.);
#7589 = ORIENTED_EDGE('',*,*,#7568,.T.);
#7590 = ORIENTED_EDGE('',*,*,#7591,.F.);
#7591 = EDGE_CURVE('',#7569,#7569,#7592,.T.);
#7592 = SURFACE_CURVE('',#7593,(#7598,#7605),.PCURVE_S1.);
#7593 = CIRCLE('',#7594,1.3);
#7594 = AXIS2_PLACEMENT_3D('',#7595,#7596,#7597);
#7595 = CARTESIAN_POINT('',(-50.,-28.5,5.6));
#7596 = DIRECTION('',(0.,0.,1.));
#7597 = DIRECTION('',(1.,0.,-0.));
#7598 = PCURVE('',#4746,#7599);
#7599 = DEFINITIONAL_REPRESENTATION('',(#7600),#7604);
#7600 = LINE('',#7601,#7602);
#7601 = CARTESIAN_POINT('',(-0.,-0.3));
#7602 = VECTOR('',#7603,1.);
#7603 = DIRECTION('',(-1.,-0.));
#7604 = ( GEOMETRIC_REPRESENTATION_CONTEXT(2) 
PARAMETRIC_REPRESENTATION_CONTEXT() REPRESENTATION_CONTEXT('2D SPACE',''
  ) );
#7605 = PCURVE('',#7606,#7611);
#7606 = PLANE('',#7607);
#7607 = AXIS2_PLACEMENT_3D('',#7608,#7609,#7610);
#7608 = CARTESIAN_POINT('',(-50.,-28.5,5.6));
#7609 = DIRECTION('',(0.,0.,1.));
#7610 = DIRECTION('',(1.,0.,-0.));
#7611 = DEFINITIONAL_REPRESENTATION('',(#7612),#7616);
#7612 = CIRCLE('',#7613,1.3);
#7613 = AXIS2_PLACEMENT_2D('',#7614,#7615);
#7614 = CARTESIAN_POINT('',(0.,0.));
#7615 = DIRECTION('',(1.,0.));
#7616 = ( GEOMETRIC_REPRESENTATION_CONTEXT(2) 
PARAMETRIC_REPRESENTATION_CONTEXT() REPRESENTATION_CONTEXT('2D SPACE',''
  ) );
#7617 = ADVANCED_FACE('',(#7618),#4812,.T.);
#7618 = FACE_BOUND('',#7619,.F.);
#7619 = EDGE_LOOP('',(#7620,#7621,#7622,#7688));
#7620 = ORIENTED_EDGE('',*,*,#4790,.T.);
#7621 = ORIENTED_EDGE('',*,*,#4908,.T.);
#7622 = ORIENTED_EDGE('',*,*,#7623,.F.);
#7623 = EDGE_CURVE('',#5939,#4909,#7624,.T.);
#7624 = SURFACE_CURVE('',#7625,(#7644,#7666),.PCURVE_S1.);
#7625 = B_SPLINE_CURVE_WITH_KNOTS('',5,(#7626,#7627,#7628,#7629,#7630,
    #7631,#7632,#7633,#7634,#7635,#7636,#7637,#7638,#7639,#7640,#7641,
    #7642,#7643),.UNSPECIFIED.,.F.,.F.,(6,4,4,4,6),(0.,0.270202606834,
    0.542286145819,0.769516337309,1.),.UNSPECIFIED.);
#7626 = CARTESIAN_POINT('',(66.249999999999,76.487525100502,3.2));
#7627 = CARTESIAN_POINT('',(66.249999999999,76.487525100502,
    3.269441989729));
#7628 = CARTESIAN_POINT('',(66.242465288116,76.490551205681,
    3.33888903215));
#7629 = CARTESIAN_POINT('',(66.227393996908,76.496603569557,
    3.407147600517));
#7630 = CARTESIAN_POINT('',(66.205108580116,76.505584216386,
    3.473065500958));
#7631 = CARTESIAN_POINT('',(66.14705163561,76.529125759187,
    3.598671752898));
#7632 = CARTESIAN_POINT('',(66.111183794788,76.543726416188,
    3.658320721699));
#7633 = CARTESIAN_POINT('',(66.069157027919,76.560934372582,
    3.713587660271));
#7634 = CARTESIAN_POINT('',(66.021771579469,76.580497296549,
    3.763678633389));
#7635 = CARTESIAN_POINT('',(65.926596073271,76.620181827558,
    3.845061125742));
#7636 = CARTESIAN_POINT('',(65.880158604304,76.639680453239,
    3.878092030618));
#7637 = CARTESIAN_POINT('',(65.831107919051,76.660448079188,
    3.906788098112));
#7638 = CARTESIAN_POINT('',(65.779985587918,76.68229868818,
    3.930931710622));
#7639 = CARTESIAN_POINT('',(65.673914733796,76.72809841399,
    3.970132938121));
#7640 = CARTESIAN_POINT('',(65.618921712996,76.752073185413,
    3.985055570607));
#7641 = CARTESIAN_POINT('',(65.562906606784,76.776755325009,
    3.995025868493));
#7642 = CARTESIAN_POINT('',(65.506421758367,76.801928986816,
    4.000000012632));
#7643 = CARTESIAN_POINT('',(65.449999999827,76.827365873245,4.));
#7644 = PCURVE('',#4812,#7645);
#7645 = DEFINITIONAL_REPRESENTATION('',(#7646),#7665);
#7646 = B_SPLINE_CURVE_WITH_KNOTS('',5,(#7647,#7648,#7649,#7650,#7651,
    #7652,#7653,#7654,#7655,#7656,#7657,#7658,#7659,#7660,#7661,#7662,
    #7663,#7664),.UNSPECIFIED.,.F.,.F.,(6,4,4,4,6),(0.,0.270202606834,
    0.542286145819,0.769516337309,1.),.UNSPECIFIED.);
#7647 = CARTESIAN_POINT('',(0.,1.687525100502));
#7648 = CARTESIAN_POINT('',(-8.680248716115E-02,1.687525100502));
#7649 = CARTESIAN_POINT('',(-0.173611018246,1.690551205681));
#7650 = CARTESIAN_POINT('',(-0.260298065624,1.696603569557));
#7651 = CARTESIAN_POINT('',(-0.34678021076,1.705584216386));
#7652 = CARTESIAN_POINT('',(-0.519748503247,1.729125759187));
#7653 = CARTESIAN_POINT('',(-0.606240170582,1.743726416188));
#7654 = CARTESIAN_POINT('',(-0.692354446574,1.760934372582));
#7655 = CARTESIAN_POINT('',(-0.778064800973,1.780497296549));
#7656 = CARTESIAN_POINT('',(-0.934596981378,1.820181827558));
#7657 = CARTESIAN_POINT('',(-1.005547165867,1.839680453239));
#7658 = CARTESIAN_POINT('',(-1.076212501506,1.860448079188));
#7659 = CARTESIAN_POINT('',(-1.146615032828,1.88229868818));
#7660 = CARTESIAN_POINT('',(-1.287968768694,1.92809841399));
#7661 = CARTESIAN_POINT('',(-1.358913741875,1.952073185413));
#7662 = CARTESIAN_POINT('',(-1.429662886781,1.976755325009));
#7663 = CARTESIAN_POINT('',(-1.500269175259,2.001928986816));
#7664 = CARTESIAN_POINT('',(-1.570796326795,2.027365873245));
#7665 = ( GEOMETRIC_REPRESENTATION_CONTEXT(2) 
PARAMETRIC_REPRESENTATION_CONTEXT() REPRESENTATION_CONTEXT('2D SPACE',''
  ) );
#7666 = PCURVE('',#4948,#7667);
#7667 = DEFINITIONAL_REPRESENTATION('',(#7668),#7687);
#7668 = B_SPLINE_CURVE_WITH_KNOTS('',5,(#7669,#7670,#7671,#7672,#7673,
    #7674,#7675,#7676,#7677,#7678,#7679,#7680,#7681,#7682,#7683,#7684,
    #7685,#7686),.UNSPECIFIED.,.F.,.F.,(6,4,4,4,6),(0.,0.270202606834,
    0.542286145819,0.769516337309,1.),.UNSPECIFIED.);
#7669 = CARTESIAN_POINT('',(-1.86517468137E-14,0.));
#7670 = CARTESIAN_POINT('',(-1.86517468137E-14,8.680248716115E-02));
#7671 = CARTESIAN_POINT('',(-6.724952393089E-04,0.173611018246));
#7672 = CARTESIAN_POINT('',(-2.017342954539E-03,0.260298065624));
#7673 = CARTESIAN_POINT('',(-4.024649547534E-03,0.34678021076));
#7674 = CARTESIAN_POINT('',(-9.343352939545E-03,0.519748503247));
#7675 = CARTESIAN_POINT('',(-1.266402019539E-02,0.606240170582));
#7676 = CARTESIAN_POINT('',(-1.661671630598E-02,0.692354446574));
#7677 = CARTESIAN_POINT('',(-2.117384660728E-02,0.778064800973));
#7678 = CARTESIAN_POINT('',(-3.057796665596E-02,0.934596981378));
#7679 = CARTESIAN_POINT('',(-3.525350274704E-02,1.005547165867));
#7680 = CARTESIAN_POINT('',(-4.030348292304E-02,1.076212501506));
#7681 = CARTESIAN_POINT('',(-4.570266591195E-02,1.146615032828));
#7682 = CARTESIAN_POINT('',(-5.721786800157E-02,1.287968768694));
#7683 = CARTESIAN_POINT('',(-6.334306588369E-02,1.358913741875));
#7684 = CARTESIAN_POINT('',(-6.976190997803E-02,1.429662886781));
#7685 = CARTESIAN_POINT('',(-7.64345569235E-02,1.500269175259));
#7686 = CARTESIAN_POINT('',(-8.330939165489E-02,1.570796326795));
#7687 = ( GEOMETRIC_REPRESENTATION_CONTEXT(2) 
PARAMETRIC_REPRESENTATION_CONTEXT() REPRESENTATION_CONTEXT('2D SPACE',''
  ) );
#7688 = ORIENTED_EDGE('',*,*,#5938,.F.);
#7689 = ADVANCED_FACE('',(#7690),#4873,.F.);
#7690 = FACE_BOUND('',#7691,.F.);
#7691 = EDGE_LOOP('',(#7692,#7693,#7694,#7722));
#7692 = ORIENTED_EDGE('',*,*,#4855,.F.);
#7693 = ORIENTED_EDGE('',*,*,#5141,.T.);
#7694 = ORIENTED_EDGE('',*,*,#7695,.T.);
#7695 = EDGE_CURVE('',#5142,#7696,#7698,.T.);
#7696 = VERTEX_POINT('',#7697);
#7697 = CARTESIAN_POINT('',(25.,74.741619848713,3.5));
#7698 = SURFACE_CURVE('',#7699,(#7703,#7710),.PCURVE_S1.);
#7699 = LINE('',#7700,#7701);
#7700 = CARTESIAN_POINT('',(25.,-75.8,3.5));
#7701 = VECTOR('',#7702,1.);
#7702 = DIRECTION('',(0.,1.,0.));
#7703 = PCURVE('',#4873,#7704);
#7704 = DEFINITIONAL_REPRESENTATION('',(#7705),#7709);
#7705 = LINE('',#7706,#7707);
#7706 = CARTESIAN_POINT('',(0.,0.));
#7707 = VECTOR('',#7708,1.);
#7708 = DIRECTION('',(0.,-1.));
#7709 = ( GEOMETRIC_REPRESENTATION_CONTEXT(2) 
PARAMETRIC_REPRESENTATION_CONTEXT() REPRESENTATION_CONTEXT('2D SPACE',''
  ) );
#7710 = PCURVE('',#7711,#7716);
#7711 = PLANE('',#7712);
#7712 = AXIS2_PLACEMENT_3D('',#7713,#7714,#7715);
#7713 = CARTESIAN_POINT('',(24.5,-75.8,4.));
#7714 = DIRECTION('',(0.707106781187,0.,0.707106781187));
#7715 = DIRECTION('',(0.707106781187,0.,-0.707106781187));
#7716 = DEFINITIONAL_REPRESENTATION('',(#7717),#7721);
#7717 = LINE('',#7718,#7719);
#7718 = CARTESIAN_POINT('',(0.707106781187,0.));
#7719 = VECTOR('',#7720,1.);
#7720 = DIRECTION('',(0.,1.));
#7721 = ( GEOMETRIC_REPRESENTATION_CONTEXT(2) 
PARAMETRIC_REPRESENTATION_CONTEXT() REPRESENTATION_CONTEXT('2D SPACE',''
  ) );
#7722 = ORIENTED_EDGE('',*,*,#7723,.T.);
#7723 = EDGE_CURVE('',#7696,#4858,#7724,.T.);
#7724 = SURFACE_CURVE('',#7725,(#7730,#7737),.PCURVE_S1.);
#7725 = ELLIPSE('',#7726,1.131370849898,0.8);
#7726 = AXIS2_PLACEMENT_3D('',#7727,#7728,#7729);
#7727 = CARTESIAN_POINT('',(24.7,74.,3.2));
#7728 = DIRECTION('',(0.707106781187,0.,-0.707106781187));
#7729 = DIRECTION('',(0.707106781187,0.,0.707106781187));
#7730 = PCURVE('',#4873,#7731);
#7731 = DEFINITIONAL_REPRESENTATION('',(#7732),#7736);
#7732 = ELLIPSE('',#7733,1.131370849898,0.8);
#7733 = AXIS2_PLACEMENT_2D('',#7734,#7735);
#7734 = CARTESIAN_POINT('',(-0.424264068712,-149.8));
#7735 = DIRECTION('',(1.,0.));
#7736 = ( GEOMETRIC_REPRESENTATION_CONTEXT(2) 
PARAMETRIC_REPRESENTATION_CONTEXT() REPRESENTATION_CONTEXT('2D SPACE',''
  ) );
#7737 = PCURVE('',#5002,#7738);
#7738 = DEFINITIONAL_REPRESENTATION('',(#7739),#7748);
#7739 = B_SPLINE_CURVE_WITH_KNOTS('',7,(#7740,#7741,#7742,#7743,#7744,
    #7745,#7746,#7747),.UNSPECIFIED.,.F.,.F.,(8,8),(5.030212684312,
    6.28318530718),.PIECEWISE_BEZIER_KNOTS.);
#7740 = CARTESIAN_POINT('',(0.317823703927,8.7));
#7741 = CARTESIAN_POINT('',(0.496819792908,8.836025251057));
#7742 = CARTESIAN_POINT('',(0.675815881889,8.962705477037));
#7743 = CARTESIAN_POINT('',(0.854811970871,9.072923433714));
#7744 = CARTESIAN_POINT('',(1.033808059852,9.160289916058));
#7745 = CARTESIAN_POINT('',(1.212804148833,9.220096221523));
#7746 = CARTESIAN_POINT('',(1.391800237814,9.25));
#7747 = CARTESIAN_POINT('',(1.570796326795,9.25));
#7748 = ( GEOMETRIC_REPRESENTATION_CONTEXT(2) 
PARAMETRIC_REPRESENTATION_CONTEXT() REPRESENTATION_CONTEXT('2D SPACE',''
  ) );
#7749 = ADVANCED_FACE('',(#7750),#5002,.T.);
#7750 = FACE_BOUND('',#7751,.T.);
#7751 = EDGE_LOOP('',(#7752,#7753,#7787,#7815,#7842,#7843,#7844));
#7752 = ORIENTED_EDGE('',*,*,#6239,.F.);
#7753 = ORIENTED_EDGE('',*,*,#7754,.T.);
#7754 = EDGE_CURVE('',#6217,#7755,#7757,.T.);
#7755 = VERTEX_POINT('',#7756);
#7756 = CARTESIAN_POINT('',(15.45,74.,4.));
#7757 = SURFACE_CURVE('',#7758,(#7763,#7775),.PCURVE_S1.);
#7758 = ELLIPSE('',#7759,1.131370849898,0.8);
#7759 = AXIS2_PLACEMENT_3D('',#7760,#7761,#7762);
#7760 = CARTESIAN_POINT('',(15.45,74.,3.2));
#7761 = DIRECTION('',(0.707106781187,-0.707106781187,-0.));
#7762 = DIRECTION('',(0.707106781187,0.707106781187,0.));
#7763 = PCURVE('',#5002,#7764);
#7764 = DEFINITIONAL_REPRESENTATION('',(#7765),#7774);
#7765 = B_SPLINE_CURVE_WITH_KNOTS('',7,(#7766,#7767,#7768,#7769,#7770,
    #7771,#7772,#7773),.UNSPECIFIED.,.F.,.F.,(8,8),(0.,1.570795851824),
  .PIECEWISE_BEZIER_KNOTS.);
#7766 = CARTESIAN_POINT('',(0.,0.));
#7767 = CARTESIAN_POINT('',(0.224399407403,0.));
#7768 = CARTESIAN_POINT('',(0.448798814807,-4.699890966394E-02));
#7769 = CARTESIAN_POINT('',(0.67319822221,-0.140989911043));
#7770 = CARTESIAN_POINT('',(0.897597629614,-0.276202375833));
#7771 = CARTESIAN_POINT('',(1.121997037017,-0.440961319454));
#7772 = CARTESIAN_POINT('',(1.346396444421,-0.620480094101));
#7773 = CARTESIAN_POINT('',(1.570795851824,-0.799999620023));
#7774 = ( GEOMETRIC_REPRESENTATION_CONTEXT(2) 
PARAMETRIC_REPRESENTATION_CONTEXT() REPRESENTATION_CONTEXT('2D SPACE',''
  ) );
#7775 = PCURVE('',#6336,#7776);
#7776 = DEFINITIONAL_REPRESENTATION('',(#7777),#7786);
#7777 = B_SPLINE_CURVE_WITH_KNOTS('',7,(#7778,#7779,#7780,#7781,#7782,
    #7783,#7784,#7785),.UNSPECIFIED.,.F.,.F.,(8,8),(0.,1.570795851824),
  .PIECEWISE_BEZIER_KNOTS.);
#7778 = CARTESIAN_POINT('',(0.,0.));
#7779 = CARTESIAN_POINT('',(-0.224399407403,0.));
#7780 = CARTESIAN_POINT('',(-0.448798814807,-4.699890966389E-02));
#7781 = CARTESIAN_POINT('',(-0.67319822221,-0.140989911043));
#7782 = CARTESIAN_POINT('',(-0.897597629614,-0.276202375833));
#7783 = CARTESIAN_POINT('',(-1.121997037017,-0.440961319454));
#7784 = CARTESIAN_POINT('',(-1.346396444421,-0.620480094101));
#7785 = CARTESIAN_POINT('',(-1.570795851824,-0.799999620023));
#7786 = ( GEOMETRIC_REPRESENTATION_CONTEXT(2) 
PARAMETRIC_REPRESENTATION_CONTEXT() REPRESENTATION_CONTEXT('2D SPACE',''
  ) );
#7787 = ORIENTED_EDGE('',*,*,#7788,.T.);
#7788 = EDGE_CURVE('',#7755,#7789,#7791,.T.);
#7789 = VERTEX_POINT('',#7790);
#7790 = CARTESIAN_POINT('',(24.5,74.,4.));
#7791 = SURFACE_CURVE('',#7792,(#7796,#7803),.PCURVE_S1.);
#7792 = LINE('',#7793,#7794);
#7793 = CARTESIAN_POINT('',(16.25,74.,4.));
#7794 = VECTOR('',#7795,1.);
#7795 = DIRECTION('',(1.,0.,-0.));
#7796 = PCURVE('',#5002,#7797);
#7797 = DEFINITIONAL_REPRESENTATION('',(#7798),#7802);
#7798 = LINE('',#7799,#7800);
#7799 = CARTESIAN_POINT('',(1.570796326795,0.));
#7800 = VECTOR('',#7801,1.);
#7801 = DIRECTION('',(0.,1.));
#7802 = ( GEOMETRIC_REPRESENTATION_CONTEXT(2) 
PARAMETRIC_REPRESENTATION_CONTEXT() REPRESENTATION_CONTEXT('2D SPACE',''
  ) );
#7803 = PCURVE('',#7804,#7809);
#7804 = PLANE('',#7805);
#7805 = AXIS2_PLACEMENT_3D('',#7806,#7807,#7808);
#7806 = CARTESIAN_POINT('',(0.,0.,4.));
#7807 = DIRECTION('',(0.,0.,1.));
#7808 = DIRECTION('',(1.,0.,-0.));
#7809 = DEFINITIONAL_REPRESENTATION('',(#7810),#7814);
#7810 = LINE('',#7811,#7812);
#7811 = CARTESIAN_POINT('',(16.25,74.));
#7812 = VECTOR('',#7813,1.);
#7813 = DIRECTION('',(1.,0.));
#7814 = ( GEOMETRIC_REPRESENTATION_CONTEXT(2) 
PARAMETRIC_REPRESENTATION_CONTEXT() REPRESENTATION_CONTEXT('2D SPACE',''
  ) );
#7815 = ORIENTED_EDGE('',*,*,#7816,.F.);
#7816 = EDGE_CURVE('',#7696,#7789,#7817,.T.);
#7817 = SURFACE_CURVE('',#7818,(#7823,#7835),.PCURVE_S1.);
#7818 = ELLIPSE('',#7819,1.131370849898,0.8);
#7819 = AXIS2_PLACEMENT_3D('',#7820,#7821,#7822);
#7820 = CARTESIAN_POINT('',(25.3,74.,3.2));
#7821 = DIRECTION('',(0.707106781187,0.,0.707106781187));
#7822 = DIRECTION('',(0.707106781187,0.,-0.707106781187));
#7823 = PCURVE('',#5002,#7824);
#7824 = DEFINITIONAL_REPRESENTATION('',(#7825),#7834);
#7825 = B_SPLINE_CURVE_WITH_KNOTS('',7,(#7826,#7827,#7828,#7829,#7830,
    #7831,#7832,#7833),.UNSPECIFIED.,.F.,.F.,(8,8),(1.888620030722,
    3.14159265359),.PIECEWISE_BEZIER_KNOTS.);
#7826 = CARTESIAN_POINT('',(0.317823703927,8.8));
#7827 = CARTESIAN_POINT('',(0.496819792908,8.663974748943));
#7828 = CARTESIAN_POINT('',(0.675815881889,8.537294522961));
#7829 = CARTESIAN_POINT('',(0.854811970871,8.427076566291));
#7830 = CARTESIAN_POINT('',(1.033808059852,8.339710083941));
#7831 = CARTESIAN_POINT('',(1.212804148833,8.279903778478));
#7832 = CARTESIAN_POINT('',(1.391800237814,8.25));
#7833 = CARTESIAN_POINT('',(1.570796326795,8.25));
#7834 = ( GEOMETRIC_REPRESENTATION_CONTEXT(2) 
PARAMETRIC_REPRESENTATION_CONTEXT() REPRESENTATION_CONTEXT('2D SPACE',''
  ) );
#7835 = PCURVE('',#7711,#7836);
#7836 = DEFINITIONAL_REPRESENTATION('',(#7837),#7841);
#7837 = ELLIPSE('',#7838,1.131370849898,0.8);
#7838 = AXIS2_PLACEMENT_2D('',#7839,#7840);
#7839 = CARTESIAN_POINT('',(1.131370849898,149.8));
#7840 = DIRECTION('',(1.,0.));
#7841 = ( GEOMETRIC_REPRESENTATION_CONTEXT(2) 
PARAMETRIC_REPRESENTATION_CONTEXT() REPRESENTATION_CONTEXT('2D SPACE',''
  ) );
#7842 = ORIENTED_EDGE('',*,*,#7723,.T.);
#7843 = ORIENTED_EDGE('',*,*,#4988,.T.);
#7844 = ORIENTED_EDGE('',*,*,#7845,.F.);
#7845 = EDGE_CURVE('',#6113,#4961,#7846,.T.);
#7846 = SURFACE_CURVE('',#7847,(#7852,#7864),.PCURVE_S1.);
#7847 = ELLIPSE('',#7848,1.131370849898,0.8);
#7848 = AXIS2_PLACEMENT_3D('',#7849,#7850,#7851);
#7849 = CARTESIAN_POINT('',(60.55,74.,3.2));
#7850 = DIRECTION('',(0.707106781187,0.707106781187,0.));
#7851 = DIRECTION('',(-0.707106781187,0.707106781187,0.));
#7852 = PCURVE('',#5002,#7853);
#7853 = DEFINITIONAL_REPRESENTATION('',(#7854),#7863);
#7854 = B_SPLINE_CURVE_WITH_KNOTS('',7,(#7855,#7856,#7857,#7858,#7859,
    #7860,#7861,#7862),.UNSPECIFIED.,.F.,.F.,(8,8),(0.,1.570795851824),
  .PIECEWISE_BEZIER_KNOTS.);
#7855 = CARTESIAN_POINT('',(0.,43.5));
#7856 = CARTESIAN_POINT('',(0.224399407403,43.5));
#7857 = CARTESIAN_POINT('',(0.448798814807,43.546998909664));
#7858 = CARTESIAN_POINT('',(0.67319822221,43.640989911051));
#7859 = CARTESIAN_POINT('',(0.897597629614,43.776202375832));
#7860 = CARTESIAN_POINT('',(1.121997037017,43.940961319453));
#7861 = CARTESIAN_POINT('',(1.346396444421,44.120480094101));
#7862 = CARTESIAN_POINT('',(1.570795851824,44.299999620023));
#7863 = ( GEOMETRIC_REPRESENTATION_CONTEXT(2) 
PARAMETRIC_REPRESENTATION_CONTEXT() REPRESENTATION_CONTEXT('2D SPACE',''
  ) );
#7864 = PCURVE('',#4976,#7865);
#7865 = DEFINITIONAL_REPRESENTATION('',(#7866),#7875);
#7866 = B_SPLINE_CURVE_WITH_KNOTS('',7,(#7867,#7868,#7869,#7870,#7871,
    #7872,#7873,#7874),.UNSPECIFIED.,.F.,.F.,(8,8),(0.,1.570795851824),
  .PIECEWISE_BEZIER_KNOTS.);
#7867 = CARTESIAN_POINT('',(0.,0.));
#7868 = CARTESIAN_POINT('',(0.224399407403,0.));
#7869 = CARTESIAN_POINT('',(0.448798814807,-4.699890966389E-02));
#7870 = CARTESIAN_POINT('',(0.67319822221,-0.140989911043));
#7871 = CARTESIAN_POINT('',(0.897597629614,-0.276202375833));
#7872 = CARTESIAN_POINT('',(1.121997037017,-0.440961319454));
#7873 = CARTESIAN_POINT('',(1.346396444421,-0.620480094101));
#7874 = CARTESIAN_POINT('',(1.570795851824,-0.799999620023));
#7875 = ( GEOMETRIC_REPRESENTATION_CONTEXT(2) 
PARAMETRIC_REPRESENTATION_CONTEXT() REPRESENTATION_CONTEXT('2D SPACE',''
  ) );
#7876 = ADVANCED_FACE('',(#7877),#4976,.T.);
#7877 = FACE_BOUND('',#7878,.T.);
#7878 = EDGE_LOOP('',(#7879,#7880,#7881,#7947));
#7879 = ORIENTED_EDGE('',*,*,#7845,.T.);
#7880 = ORIENTED_EDGE('',*,*,#4960,.T.);
#7881 = ORIENTED_EDGE('',*,*,#7882,.F.);
#7882 = EDGE_CURVE('',#6015,#4932,#7883,.T.);
#7883 = SURFACE_CURVE('',#7884,(#7903,#7925),.PCURVE_S1.);
#7884 = B_SPLINE_CURVE_WITH_KNOTS('',5,(#7885,#7886,#7887,#7888,#7889,
    #7890,#7891,#7892,#7893,#7894,#7895,#7896,#7897,#7898,#7899,#7900,
    #7901,#7902),.UNSPECIFIED.,.F.,.F.,(6,4,4,4,6),(0.,0.270202609755,
    0.542286148785,0.769516340316,1.),.UNSPECIFIED.);
#7885 = CARTESIAN_POINT('',(59.75,76.487525100503,3.2));
#7886 = CARTESIAN_POINT('',(59.75,76.487525100503,3.269441990481));
#7887 = CARTESIAN_POINT('',(59.757534712049,76.490551205746,
    3.338889033655));
#7888 = CARTESIAN_POINT('',(59.772606003581,76.496603569754,
    3.407147602736));
#7889 = CARTESIAN_POINT('',(59.79489142085,76.505584216775,
    3.473065503816));
#7890 = CARTESIAN_POINT('',(59.852948366253,76.529125759945,
    3.598671756156));
#7891 = CARTESIAN_POINT('',(59.888816207354,76.543726417064,
    3.658320724789));
#7892 = CARTESIAN_POINT('',(59.930842974482,76.560934373568,
    3.713587663164));
#7893 = CARTESIAN_POINT('',(59.978228423164,76.580497297638,
    3.76367863606));
#7894 = CARTESIAN_POINT('',(60.07340392974,76.62018182882,3.845061127967
    ));
#7895 = CARTESIAN_POINT('',(60.119841398861,76.639680454575,
    3.878092032625));
#7896 = CARTESIAN_POINT('',(60.168892084247,76.66044808059,3.90678809989
    ));
#7897 = CARTESIAN_POINT('',(60.220014415493,76.682298689641,
    3.930931712162));
#7898 = CARTESIAN_POINT('',(60.326085269095,76.728098415251,
    3.970132938906));
#7899 = CARTESIAN_POINT('',(60.381078288838,76.752073186752,
    3.985055571002));
#7900 = CARTESIAN_POINT('',(60.437093395625,76.776755324804,
    3.995025868627));
#7901 = CARTESIAN_POINT('',(60.493578241482,76.801928988033,
    4.000000012634));
#7902 = CARTESIAN_POINT('',(60.550000000632,76.827365872839,4.));
#7903 = PCURVE('',#4976,#7904);
#7904 = DEFINITIONAL_REPRESENTATION('',(#7905),#7924);
#7905 = B_SPLINE_CURVE_WITH_KNOTS('',5,(#7906,#7907,#7908,#7909,#7910,
    #7911,#7912,#7913,#7914,#7915,#7916,#7917,#7918,#7919,#7920,#7921,
    #7922,#7923),.UNSPECIFIED.,.F.,.F.,(6,4,4,4,6),(0.,0.270202609755,
    0.542286148785,0.769516340316,1.),.UNSPECIFIED.);
#7906 = CARTESIAN_POINT('',(0.,1.687525100503));
#7907 = CARTESIAN_POINT('',(8.680248810165E-02,1.687525100503));
#7908 = CARTESIAN_POINT('',(0.173611020127,1.690551205746));
#7909 = CARTESIAN_POINT('',(0.260298068442,1.696603569754));
#7910 = CARTESIAN_POINT('',(0.346780214509,1.705584216775));
#7911 = CARTESIAN_POINT('',(0.51974850792,1.729125759945));
#7912 = CARTESIAN_POINT('',(0.606240175256,1.743726417064));
#7913 = CARTESIAN_POINT('',(0.692354451247,1.760934373568));
#7914 = CARTESIAN_POINT('',(0.778064805644,1.780497297638));
#7915 = CARTESIAN_POINT('',(0.934596986047,1.82018182882));
#7916 = CARTESIAN_POINT('',(1.005547170535,1.839680454575));
#7917 = CARTESIAN_POINT('',(1.076212506173,1.86044808059));
#7918 = CARTESIAN_POINT('',(1.146615037496,1.882298689641));
#7919 = CARTESIAN_POINT('',(1.287968772424,1.928098415251));
#7920 = CARTESIAN_POINT('',(1.358913744698,1.952073186752));
#7921 = CARTESIAN_POINT('',(1.42966288859,1.976755324804));
#7922 = CARTESIAN_POINT('',(1.500269176274,2.001928988033));
#7923 = CARTESIAN_POINT('',(1.570796326795,2.027365872839));
#7924 = ( GEOMETRIC_REPRESENTATION_CONTEXT(2) 
PARAMETRIC_REPRESENTATION_CONTEXT() REPRESENTATION_CONTEXT('2D SPACE',''
  ) );
#7925 = PCURVE('',#4948,#7926);
#7926 = DEFINITIONAL_REPRESENTATION('',(#7927),#7946);
#7927 = B_SPLINE_CURVE_WITH_KNOTS('',5,(#7928,#7929,#7930,#7931,#7932,
    #7933,#7934,#7935,#7936,#7937,#7938,#7939,#7940,#7941,#7942,#7943,
    #7944,#7945),.UNSPECIFIED.,.F.,.F.,(6,4,4,4,6),(0.,0.270202609755,
    0.542286148785,0.769516340316,1.),.UNSPECIFIED.);
#7928 = CARTESIAN_POINT('',(4.669165646385,0.));
#7929 = CARTESIAN_POINT('',(4.669165646385,8.680248810165E-02));
#7930 = CARTESIAN_POINT('',(4.66983814164,0.173611020127));
#7931 = CARTESIAN_POINT('',(4.671182989384,0.260298068442));
#7932 = CARTESIAN_POINT('',(4.67319029602,0.346780214509));
#7933 = CARTESIAN_POINT('',(4.678508999497,0.51974850792));
#7934 = CARTESIAN_POINT('',(4.681829666781,0.606240175256));
#7935 = CARTESIAN_POINT('',(4.68578236292,0.692354451247));
#7936 = CARTESIAN_POINT('',(4.690339493248,0.778064805644));
#7937 = CARTESIAN_POINT('',(4.699743613344,0.934596986047));
#7938 = CARTESIAN_POINT('',(4.704419149456,1.005547170535));
#7939 = CARTESIAN_POINT('',(4.709469129652,1.076212506173));
#7940 = CARTESIAN_POINT('',(4.71486831266,1.146615037496));
#7941 = CARTESIAN_POINT('',(4.726383514709,1.287968772424));
#7942 = CARTESIAN_POINT('',(4.732508712381,1.358913744698));
#7943 = CARTESIAN_POINT('',(4.738927556881,1.42966288859));
#7944 = CARTESIAN_POINT('',(4.745600203061,1.500269176274));
#7945 = CARTESIAN_POINT('',(4.752475038206,1.570796326795));
#7946 = ( GEOMETRIC_REPRESENTATION_CONTEXT(2) 
PARAMETRIC_REPRESENTATION_CONTEXT() REPRESENTATION_CONTEXT('2D SPACE',''
  ) );
#7947 = ORIENTED_EDGE('',*,*,#6135,.F.);
#7948 = ADVANCED_FACE('',(#7949),#4948,.T.);
#7949 = FACE_BOUND('',#7950,.T.);
#7950 = EDGE_LOOP('',(#7951,#7952,#7953,#7954));
#7951 = ORIENTED_EDGE('',*,*,#7623,.F.);
#7952 = ORIENTED_EDGE('',*,*,#6014,.T.);
#7953 = ORIENTED_EDGE('',*,*,#7882,.T.);
#7954 = ORIENTED_EDGE('',*,*,#4931,.F.);
#7955 = ADVANCED_FACE('',(#7956),#5033,.T.);
#7956 = FACE_BOUND('',#7957,.T.);
#7957 = EDGE_LOOP('',(#7958,#7981,#8008,#8009));
#7958 = ORIENTED_EDGE('',*,*,#7959,.T.);
#7959 = EDGE_CURVE('',#5017,#7960,#7962,.T.);
#7960 = VERTEX_POINT('',#7961);
#7961 = CARTESIAN_POINT('',(51.6,28.5,5.3));
#7962 = SEAM_CURVE('',#7963,(#7967,#7974),.PCURVE_S1.);
#7963 = LINE('',#7964,#7965);
#7964 = CARTESIAN_POINT('',(51.6,28.5,4.));
#7965 = VECTOR('',#7966,1.);
#7966 = DIRECTION('',(0.,0.,1.));
#7967 = PCURVE('',#5033,#7968);
#7968 = DEFINITIONAL_REPRESENTATION('',(#7969),#7973);
#7969 = LINE('',#7970,#7971);
#7970 = CARTESIAN_POINT('',(6.28318530718,-0.));
#7971 = VECTOR('',#7972,1.);
#7972 = DIRECTION('',(0.,1.));
#7973 = ( GEOMETRIC_REPRESENTATION_CONTEXT(2) 
PARAMETRIC_REPRESENTATION_CONTEXT() REPRESENTATION_CONTEXT('2D SPACE',''
  ) );
#7974 = PCURVE('',#5033,#7975);
#7975 = DEFINITIONAL_REPRESENTATION('',(#7976),#7980);
#7976 = LINE('',#7977,#7978);
#7977 = CARTESIAN_POINT('',(0.,-0.));
#7978 = VECTOR('',#7979,1.);
#7979 = DIRECTION('',(0.,1.));
#7980 = ( GEOMETRIC_REPRESENTATION_CONTEXT(2) 
PARAMETRIC_REPRESENTATION_CONTEXT() REPRESENTATION_CONTEXT('2D SPACE',''
  ) );
#7981 = ORIENTED_EDGE('',*,*,#7982,.F.);
#7982 = EDGE_CURVE('',#7960,#7960,#7983,.T.);
#7983 = SURFACE_CURVE('',#7984,(#7989,#7996),.PCURVE_S1.);
#7984 = CIRCLE('',#7985,1.6);
#7985 = AXIS2_PLACEMENT_3D('',#7986,#7987,#7988);
#7986 = CARTESIAN_POINT('',(50.,28.5,5.3));
#7987 = DIRECTION('',(0.,0.,1.));
#7988 = DIRECTION('',(1.,0.,-0.));
#7989 = PCURVE('',#5033,#7990);
#7990 = DEFINITIONAL_REPRESENTATION('',(#7991),#7995);
#7991 = LINE('',#7992,#7993);
#7992 = CARTESIAN_POINT('',(0.,1.3));
#7993 = VECTOR('',#7994,1.);
#7994 = DIRECTION('',(1.,0.));
#7995 = ( GEOMETRIC_REPRESENTATION_CONTEXT(2) 
PARAMETRIC_REPRESENTATION_CONTEXT() REPRESENTATION_CONTEXT('2D SPACE',''
  ) );
#7996 = PCURVE('',#7997,#8002);
#7997 = CONICAL_SURFACE('',#7998,1.6,0.785398163397);
#7998 = AXIS2_PLACEMENT_3D('',#7999,#8000,#8001);
#7999 = CARTESIAN_POINT('',(50.,28.5,5.3));
#8000 = DIRECTION('',(-0.,-0.,-1.));
#8001 = DIRECTION('',(1.,0.,0.));
#8002 = DEFINITIONAL_REPRESENTATION('',(#8003),#8007);
#8003 = LINE('',#8004,#8005);
#8004 = CARTESIAN_POINT('',(-0.,-0.));
#8005 = VECTOR('',#8006,1.);
#8006 = DIRECTION('',(-1.,-0.));
#8007 = ( GEOMETRIC_REPRESENTATION_CONTEXT(2) 
PARAMETRIC_REPRESENTATION_CONTEXT() REPRESENTATION_CONTEXT('2D SPACE',''
  ) );
#8008 = ORIENTED_EDGE('',*,*,#7959,.F.);
#8009 = ORIENTED_EDGE('',*,*,#5016,.T.);
#8010 = ADVANCED_FACE('',(#8011),#5064,.T.);
#8011 = FACE_BOUND('',#8012,.T.);
#8012 = EDGE_LOOP('',(#8013,#8036,#8063,#8064));
#8013 = ORIENTED_EDGE('',*,*,#8014,.T.);
#8014 = EDGE_CURVE('',#5048,#8015,#8017,.T.);
#8015 = VERTEX_POINT('',#8016);
#8016 = CARTESIAN_POINT('',(30.1,50.,5.3));
#8017 = SEAM_CURVE('',#8018,(#8022,#8029),.PCURVE_S1.);
#8018 = LINE('',#8019,#8020);
#8019 = CARTESIAN_POINT('',(30.1,50.,4.));
#8020 = VECTOR('',#8021,1.);
#8021 = DIRECTION('',(0.,0.,1.));
#8022 = PCURVE('',#5064,#8023);
#8023 = DEFINITIONAL_REPRESENTATION('',(#8024),#8028);
#8024 = LINE('',#8025,#8026);
#8025 = CARTESIAN_POINT('',(6.28318530718,-0.));
#8026 = VECTOR('',#8027,1.);
#8027 = DIRECTION('',(0.,1.));
#8028 = ( GEOMETRIC_REPRESENTATION_CONTEXT(2) 
PARAMETRIC_REPRESENTATION_CONTEXT() REPRESENTATION_CONTEXT('2D SPACE',''
  ) );
#8029 = PCURVE('',#5064,#8030);
#8030 = DEFINITIONAL_REPRESENTATION('',(#8031),#8035);
#8031 = LINE('',#8032,#8033);
#8032 = CARTESIAN_POINT('',(0.,-0.));
#8033 = VECTOR('',#8034,1.);
#8034 = DIRECTION('',(0.,1.));
#8035 = ( GEOMETRIC_REPRESENTATION_CONTEXT(2) 
PARAMETRIC_REPRESENTATION_CONTEXT() REPRESENTATION_CONTEXT('2D SPACE',''
  ) );
#8036 = ORIENTED_EDGE('',*,*,#8037,.F.);
#8037 = EDGE_CURVE('',#8015,#8015,#8038,.T.);
#8038 = SURFACE_CURVE('',#8039,(#8044,#8051),.PCURVE_S1.);
#8039 = CIRCLE('',#8040,1.6);
#8040 = AXIS2_PLACEMENT_3D('',#8041,#8042,#8043);
#8041 = CARTESIAN_POINT('',(28.5,50.,5.3));
#8042 = DIRECTION('',(0.,0.,1.));
#8043 = DIRECTION('',(1.,0.,-0.));
#8044 = PCURVE('',#5064,#8045);
#8045 = DEFINITIONAL_REPRESENTATION('',(#8046),#8050);
#8046 = LINE('',#8047,#8048);
#8047 = CARTESIAN_POINT('',(0.,1.3));
#8048 = VECTOR('',#8049,1.);
#8049 = DIRECTION('',(1.,0.));
#8050 = ( GEOMETRIC_REPRESENTATION_CONTEXT(2) 
PARAMETRIC_REPRESENTATION_CONTEXT() REPRESENTATION_CONTEXT('2D SPACE',''
  ) );
#8051 = PCURVE('',#8052,#8057);
#8052 = CONICAL_SURFACE('',#8053,1.6,0.785398163397);
#8053 = AXIS2_PLACEMENT_3D('',#8054,#8055,#8056);
#8054 = CARTESIAN_POINT('',(28.5,50.,5.3));
#8055 = DIRECTION('',(-0.,-0.,-1.));
#8056 = DIRECTION('',(1.,0.,0.));
#8057 = DEFINITIONAL_REPRESENTATION('',(#8058),#8062);
#8058 = LINE('',#8059,#8060);
#8059 = CARTESIAN_POINT('',(-0.,-0.));
#8060 = VECTOR('',#8061,1.);
#8061 = DIRECTION('',(-1.,-0.));
#8062 = ( GEOMETRIC_REPRESENTATION_CONTEXT(2) 
PARAMETRIC_REPRESENTATION_CONTEXT() REPRESENTATION_CONTEXT('2D SPACE',''
  ) );
#8063 = ORIENTED_EDGE('',*,*,#8014,.F.);
#8064 = ORIENTED_EDGE('',*,*,#5047,.T.);
#8065 = ADVANCED_FACE('',(#8066),#5095,.T.);
#8066 = FACE_BOUND('',#8067,.T.);
#8067 = EDGE_LOOP('',(#8068,#8091,#8118,#8119));
#8068 = ORIENTED_EDGE('',*,*,#8069,.T.);
#8069 = EDGE_CURVE('',#5079,#8070,#8072,.T.);
#8070 = VERTEX_POINT('',#8071);
#8071 = CARTESIAN_POINT('',(73.1,50.,5.3));
#8072 = SEAM_CURVE('',#8073,(#8077,#8084),.PCURVE_S1.);
#8073 = LINE('',#8074,#8075);
#8074 = CARTESIAN_POINT('',(73.1,50.,4.));
#8075 = VECTOR('',#8076,1.);
#8076 = DIRECTION('',(0.,0.,1.));
#8077 = PCURVE('',#5095,#8078);
#8078 = DEFINITIONAL_REPRESENTATION('',(#8079),#8083);
#8079 = LINE('',#8080,#8081);
#8080 = CARTESIAN_POINT('',(6.28318530718,-0.));
#8081 = VECTOR('',#8082,1.);
#8082 = DIRECTION('',(0.,1.));
#8083 = ( GEOMETRIC_REPRESENTATION_CONTEXT(2) 
PARAMETRIC_REPRESENTATION_CONTEXT() REPRESENTATION_CONTEXT('2D SPACE',''
  ) );
#8084 = PCURVE('',#5095,#8085);
#8085 = DEFINITIONAL_REPRESENTATION('',(#8086),#8090);
#8086 = LINE('',#8087,#8088);
#8087 = CARTESIAN_POINT('',(0.,-0.));
#8088 = VECTOR('',#8089,1.);
#8089 = DIRECTION('',(0.,1.));
#8090 = ( GEOMETRIC_REPRESENTATION_CONTEXT(2) 
PARAMETRIC_REPRESENTATION_CONTEXT() REPRESENTATION_CONTEXT('2D SPACE',''
  ) );
#8091 = ORIENTED_EDGE('',*,*,#8092,.F.);
#8092 = EDGE_CURVE('',#8070,#8070,#8093,.T.);
#8093 = SURFACE_CURVE('',#8094,(#8099,#8106),.PCURVE_S1.);
#8094 = CIRCLE('',#8095,1.6);
#8095 = AXIS2_PLACEMENT_3D('',#8096,#8097,#8098);
#8096 = CARTESIAN_POINT('',(71.5,50.,5.3));
#8097 = DIRECTION('',(0.,0.,1.));
#8098 = DIRECTION('',(1.,0.,-0.));
#8099 = PCURVE('',#5095,#8100);
#8100 = DEFINITIONAL_REPRESENTATION('',(#8101),#8105);
#8101 = LINE('',#8102,#8103);
#8102 = CARTESIAN_POINT('',(0.,1.3));
#8103 = VECTOR('',#8104,1.);
#8104 = DIRECTION('',(1.,0.));
#8105 = ( GEOMETRIC_REPRESENTATION_CONTEXT(2) 
PARAMETRIC_REPRESENTATION_CONTEXT() REPRESENTATION_CONTEXT('2D SPACE',''
  ) );
#8106 = PCURVE('',#8107,#8112);
#8107 = CONICAL_SURFACE('',#8108,1.6,0.785398163397);
#8108 = AXIS2_PLACEMENT_3D('',#8109,#8110,#8111);
#8109 = CARTESIAN_POINT('',(71.5,50.,5.3));
#8110 = DIRECTION('',(-0.,-0.,-1.));
#8111 = DIRECTION('',(1.,0.,0.));
#8112 = DEFINITIONAL_REPRESENTATION('',(#8113),#8117);
#8113 = LINE('',#8114,#8115);
#8114 = CARTESIAN_POINT('',(-0.,-0.));
#8115 = VECTOR('',#8116,1.);
#8116 = DIRECTION('',(-1.,-0.));
#8117 = ( GEOMETRIC_REPRESENTATION_CONTEXT(2) 
PARAMETRIC_REPRESENTATION_CONTEXT() REPRESENTATION_CONTEXT('2D SPACE',''
  ) );
#8118 = ORIENTED_EDGE('',*,*,#8069,.F.);
#8119 = ORIENTED_EDGE('',*,*,#5078,.T.);
#8120 = ADVANCED_FACE('',(#8121),#5126,.T.);
#8121 = FACE_BOUND('',#8122,.T.);
#8122 = EDGE_LOOP('',(#8123,#8146,#8173,#8174));
#8123 = ORIENTED_EDGE('',*,*,#8124,.T.);
#8124 = EDGE_CURVE('',#5110,#8125,#8127,.T.);
#8125 = VERTEX_POINT('',#8126);
#8126 = CARTESIAN_POINT('',(51.6,71.5,5.3));
#8127 = SEAM_CURVE('',#8128,(#8132,#8139),.PCURVE_S1.);
#8128 = LINE('',#8129,#8130);
#8129 = CARTESIAN_POINT('',(51.6,71.5,4.));
#8130 = VECTOR('',#8131,1.);
#8131 = DIRECTION('',(0.,0.,1.));
#8132 = PCURVE('',#5126,#8133);
#8133 = DEFINITIONAL_REPRESENTATION('',(#8134),#8138);
#8134 = LINE('',#8135,#8136);
#8135 = CARTESIAN_POINT('',(6.28318530718,-0.));
#8136 = VECTOR('',#8137,1.);
#8137 = DIRECTION('',(0.,1.));
#8138 = ( GEOMETRIC_REPRESENTATION_CONTEXT(2) 
PARAMETRIC_REPRESENTATION_CONTEXT() REPRESENTATION_CONTEXT('2D SPACE',''
  ) );
#8139 = PCURVE('',#5126,#8140);
#8140 = DEFINITIONAL_REPRESENTATION('',(#8141),#8145);
#8141 = LINE('',#8142,#8143);
#8142 = CARTESIAN_POINT('',(0.,-0.));
#8143 = VECTOR('',#8144,1.);
#8144 = DIRECTION('',(0.,1.));
#8145 = ( GEOMETRIC_REPRESENTATION_CONTEXT(2) 
PARAMETRIC_REPRESENTATION_CONTEXT() REPRESENTATION_CONTEXT('2D SPACE',''
  ) );
#8146 = ORIENTED_EDGE('',*,*,#8147,.F.);
#8147 = EDGE_CURVE('',#8125,#8125,#8148,.T.);
#8148 = SURFACE_CURVE('',#8149,(#8154,#8161),.PCURVE_S1.);
#8149 = CIRCLE('',#8150,1.6);
#8150 = AXIS2_PLACEMENT_3D('',#8151,#8152,#8153);
#8151 = CARTESIAN_POINT('',(50.,71.5,5.3));
#8152 = DIRECTION('',(0.,0.,1.));
#8153 = DIRECTION('',(1.,0.,-0.));
#8154 = PCURVE('',#5126,#8155);
#8155 = DEFINITIONAL_REPRESENTATION('',(#8156),#8160);
#8156 = LINE('',#8157,#8158);
#8157 = CARTESIAN_POINT('',(0.,1.3));
#8158 = VECTOR('',#8159,1.);
#8159 = DIRECTION('',(1.,0.));
#8160 = ( GEOMETRIC_REPRESENTATION_CONTEXT(2) 
PARAMETRIC_REPRESENTATION_CONTEXT() REPRESENTATION_CONTEXT('2D SPACE',''
  ) );
#8161 = PCURVE('',#8162,#8167);
#8162 = CONICAL_SURFACE('',#8163,1.6,0.785398163397);
#8163 = AXIS2_PLACEMENT_3D('',#8164,#8165,#8166);
#8164 = CARTESIAN_POINT('',(50.,71.5,5.3));
#8165 = DIRECTION('',(-0.,-0.,-1.));
#8166 = DIRECTION('',(1.,0.,0.));
#8167 = DEFINITIONAL_REPRESENTATION('',(#8168),#8172);
#8168 = LINE('',#8169,#8170);
#8169 = CARTESIAN_POINT('',(-0.,-0.));
#8170 = VECTOR('',#8171,1.);
#8171 = DIRECTION('',(-1.,-0.));
#8172 = ( GEOMETRIC_REPRESENTATION_CONTEXT(2) 
PARAMETRIC_REPRESENTATION_CONTEXT() REPRESENTATION_CONTEXT('2D SPACE',''
  ) );
#8173 = ORIENTED_EDGE('',*,*,#8124,.F.);
#8174 = ORIENTED_EDGE('',*,*,#5109,.T.);
#8175 = ADVANCED_FACE('',(#8176),#5204,.F.);
#8176 = FACE_BOUND('',#8177,.F.);
#8177 = EDGE_LOOP('',(#8178,#8179,#8180,#8206));
#8178 = ORIENTED_EDGE('',*,*,#5240,.F.);
#8179 = ORIENTED_EDGE('',*,*,#5413,.T.);
#8180 = ORIENTED_EDGE('',*,*,#8181,.T.);
#8181 = EDGE_CURVE('',#2540,#5142,#8182,.T.);
#8182 = SURFACE_CURVE('',#8183,(#8187,#8194),.PCURVE_S1.);
#8183 = LINE('',#8184,#8185);
#8184 = CARTESIAN_POINT('',(25.,-75.8,3.5));
#8185 = VECTOR('',#8186,1.);
#8186 = DIRECTION('',(0.,1.,0.));
#8187 = PCURVE('',#5204,#8188);
#8188 = DEFINITIONAL_REPRESENTATION('',(#8189),#8193);
#8189 = LINE('',#8190,#8191);
#8190 = CARTESIAN_POINT('',(0.,0.));
#8191 = VECTOR('',#8192,1.);
#8192 = DIRECTION('',(0.,-1.));
#8193 = ( GEOMETRIC_REPRESENTATION_CONTEXT(2) 
PARAMETRIC_REPRESENTATION_CONTEXT() REPRESENTATION_CONTEXT('2D SPACE',''
  ) );
#8194 = PCURVE('',#8195,#8200);
#8195 = PLANE('',#8196);
#8196 = AXIS2_PLACEMENT_3D('',#8197,#8198,#8199);
#8197 = CARTESIAN_POINT('',(24.5,-75.8,4.));
#8198 = DIRECTION('',(0.707106781187,0.,0.707106781187));
#8199 = DIRECTION('',(0.707106781187,0.,-0.707106781187));
#8200 = DEFINITIONAL_REPRESENTATION('',(#8201),#8205);
#8201 = LINE('',#8202,#8203);
#8202 = CARTESIAN_POINT('',(0.707106781187,0.));
#8203 = VECTOR('',#8204,1.);
#8204 = DIRECTION('',(0.,1.));
#8205 = ( GEOMETRIC_REPRESENTATION_CONTEXT(2) 
PARAMETRIC_REPRESENTATION_CONTEXT() REPRESENTATION_CONTEXT('2D SPACE',''
  ) );
#8206 = ORIENTED_EDGE('',*,*,#5189,.T.);
#8207 = ADVANCED_FACE('',(#8208),#5305,.T.);
#8208 = FACE_BOUND('',#8209,.T.);
#8209 = EDGE_LOOP('',(#8210,#8233,#8260,#8261));
#8210 = ORIENTED_EDGE('',*,*,#8211,.T.);
#8211 = EDGE_CURVE('',#5289,#8212,#8214,.T.);
#8212 = VERTEX_POINT('',#8213);
#8213 = CARTESIAN_POINT('',(51.6,-21.5,5.3));
#8214 = SEAM_CURVE('',#8215,(#8219,#8226),.PCURVE_S1.);
#8215 = LINE('',#8216,#8217);
#8216 = CARTESIAN_POINT('',(51.6,-21.5,4.));
#8217 = VECTOR('',#8218,1.);
#8218 = DIRECTION('',(0.,0.,1.));
#8219 = PCURVE('',#5305,#8220);
#8220 = DEFINITIONAL_REPRESENTATION('',(#8221),#8225);
#8221 = LINE('',#8222,#8223);
#8222 = CARTESIAN_POINT('',(6.28318530718,-0.));
#8223 = VECTOR('',#8224,1.);
#8224 = DIRECTION('',(0.,1.));
#8225 = ( GEOMETRIC_REPRESENTATION_CONTEXT(2) 
PARAMETRIC_REPRESENTATION_CONTEXT() REPRESENTATION_CONTEXT('2D SPACE',''
  ) );
#8226 = PCURVE('',#5305,#8227);
#8227 = DEFINITIONAL_REPRESENTATION('',(#8228),#8232);
#8228 = LINE('',#8229,#8230);
#8229 = CARTESIAN_POINT('',(0.,-0.));
#8230 = VECTOR('',#8231,1.);
#8231 = DIRECTION('',(0.,1.));
#8232 = ( GEOMETRIC_REPRESENTATION_CONTEXT(2) 
PARAMETRIC_REPRESENTATION_CONTEXT() REPRESENTATION_CONTEXT('2D SPACE',''
  ) );
#8233 = ORIENTED_EDGE('',*,*,#8234,.F.);
#8234 = EDGE_CURVE('',#8212,#8212,#8235,.T.);
#8235 = SURFACE_CURVE('',#8236,(#8241,#8248),.PCURVE_S1.);
#8236 = CIRCLE('',#8237,1.6);
#8237 = AXIS2_PLACEMENT_3D('',#8238,#8239,#8240);
#8238 = CARTESIAN_POINT('',(50.,-21.5,5.3));
#8239 = DIRECTION('',(0.,0.,1.));
#8240 = DIRECTION('',(1.,0.,-0.));
#8241 = PCURVE('',#5305,#8242);
#8242 = DEFINITIONAL_REPRESENTATION('',(#8243),#8247);
#8243 = LINE('',#8244,#8245);
#8244 = CARTESIAN_POINT('',(0.,1.3));
#8245 = VECTOR('',#8246,1.);
#8246 = DIRECTION('',(1.,0.));
#8247 = ( GEOMETRIC_REPRESENTATION_CONTEXT(2) 
PARAMETRIC_REPRESENTATION_CONTEXT() REPRESENTATION_CONTEXT('2D SPACE',''
  ) );
#8248 = PCURVE('',#8249,#8254);
#8249 = CONICAL_SURFACE('',#8250,1.6,0.785398163397);
#8250 = AXIS2_PLACEMENT_3D('',#8251,#8252,#8253);
#8251 = CARTESIAN_POINT('',(50.,-21.5,5.3));
#8252 = DIRECTION('',(-0.,-0.,-1.));
#8253 = DIRECTION('',(1.,0.,0.));
#8254 = DEFINITIONAL_REPRESENTATION('',(#8255),#8259);
#8255 = LINE('',#8256,#8257);
#8256 = CARTESIAN_POINT('',(-0.,-0.));
#8257 = VECTOR('',#8258,1.);
#8258 = DIRECTION('',(-1.,-0.));
#8259 = ( GEOMETRIC_REPRESENTATION_CONTEXT(2) 
PARAMETRIC_REPRESENTATION_CONTEXT() REPRESENTATION_CONTEXT('2D SPACE',''
  ) );
#8260 = ORIENTED_EDGE('',*,*,#8211,.F.);
#8261 = ORIENTED_EDGE('',*,*,#5288,.T.);
#8262 = ADVANCED_FACE('',(#8263),#5336,.T.);
#8263 = FACE_BOUND('',#8264,.T.);
#8264 = EDGE_LOOP('',(#8265,#8288,#8315,#8316));
#8265 = ORIENTED_EDGE('',*,*,#8266,.T.);
#8266 = EDGE_CURVE('',#5320,#8267,#8269,.T.);
#8267 = VERTEX_POINT('',#8268);
#8268 = CARTESIAN_POINT('',(30.1,0.,5.3));
#8269 = SEAM_CURVE('',#8270,(#8274,#8281),.PCURVE_S1.);
#8270 = LINE('',#8271,#8272);
#8271 = CARTESIAN_POINT('',(30.1,-3.918869757272E-16,4.));
#8272 = VECTOR('',#8273,1.);
#8273 = DIRECTION('',(0.,0.,1.));
#8274 = PCURVE('',#5336,#8275);
#8275 = DEFINITIONAL_REPRESENTATION('',(#8276),#8280);
#8276 = LINE('',#8277,#8278);
#8277 = CARTESIAN_POINT('',(6.28318530718,-0.));
#8278 = VECTOR('',#8279,1.);
#8279 = DIRECTION('',(0.,1.));
#8280 = ( GEOMETRIC_REPRESENTATION_CONTEXT(2) 
PARAMETRIC_REPRESENTATION_CONTEXT() REPRESENTATION_CONTEXT('2D SPACE',''
  ) );
#8281 = PCURVE('',#5336,#8282);
#8282 = DEFINITIONAL_REPRESENTATION('',(#8283),#8287);
#8283 = LINE('',#8284,#8285);
#8284 = CARTESIAN_POINT('',(0.,-0.));
#8285 = VECTOR('',#8286,1.);
#8286 = DIRECTION('',(0.,1.));
#8287 = ( GEOMETRIC_REPRESENTATION_CONTEXT(2) 
PARAMETRIC_REPRESENTATION_CONTEXT() REPRESENTATION_CONTEXT('2D SPACE',''
  ) );
#8288 = ORIENTED_EDGE('',*,*,#8289,.F.);
#8289 = EDGE_CURVE('',#8267,#8267,#8290,.T.);
#8290 = SURFACE_CURVE('',#8291,(#8296,#8303),.PCURVE_S1.);
#8291 = CIRCLE('',#8292,1.6);
#8292 = AXIS2_PLACEMENT_3D('',#8293,#8294,#8295);
#8293 = CARTESIAN_POINT('',(28.5,0.,5.3));
#8294 = DIRECTION('',(0.,0.,1.));
#8295 = DIRECTION('',(1.,0.,-0.));
#8296 = PCURVE('',#5336,#8297);
#8297 = DEFINITIONAL_REPRESENTATION('',(#8298),#8302);
#8298 = LINE('',#8299,#8300);
#8299 = CARTESIAN_POINT('',(0.,1.3));
#8300 = VECTOR('',#8301,1.);
#8301 = DIRECTION('',(1.,0.));
#8302 = ( GEOMETRIC_REPRESENTATION_CONTEXT(2) 
PARAMETRIC_REPRESENTATION_CONTEXT() REPRESENTATION_CONTEXT('2D SPACE',''
  ) );
#8303 = PCURVE('',#8304,#8309);
#8304 = CONICAL_SURFACE('',#8305,1.6,0.785398163397);
#8305 = AXIS2_PLACEMENT_3D('',#8306,#8307,#8308);
#8306 = CARTESIAN_POINT('',(28.5,0.,5.3));
#8307 = DIRECTION('',(-0.,-0.,-1.));
#8308 = DIRECTION('',(1.,0.,0.));
#8309 = DEFINITIONAL_REPRESENTATION('',(#8310),#8314);
#8310 = LINE('',#8311,#8312);
#8311 = CARTESIAN_POINT('',(-0.,-0.));
#8312 = VECTOR('',#8313,1.);
#8313 = DIRECTION('',(-1.,-0.));
#8314 = ( GEOMETRIC_REPRESENTATION_CONTEXT(2) 
PARAMETRIC_REPRESENTATION_CONTEXT() REPRESENTATION_CONTEXT('2D SPACE',''
  ) );
#8315 = ORIENTED_EDGE('',*,*,#8266,.F.);
#8316 = ORIENTED_EDGE('',*,*,#5319,.T.);
#8317 = ADVANCED_FACE('',(#8318),#5367,.T.);
#8318 = FACE_BOUND('',#8319,.T.);
#8319 = EDGE_LOOP('',(#8320,#8343,#8370,#8371));
#8320 = ORIENTED_EDGE('',*,*,#8321,.T.);
#8321 = EDGE_CURVE('',#5351,#8322,#8324,.T.);
#8322 = VERTEX_POINT('',#8323);
#8323 = CARTESIAN_POINT('',(73.1,0.,5.3));
#8324 = SEAM_CURVE('',#8325,(#8329,#8336),.PCURVE_S1.);
#8325 = LINE('',#8326,#8327);
#8326 = CARTESIAN_POINT('',(73.1,-3.918869757272E-16,4.));
#8327 = VECTOR('',#8328,1.);
#8328 = DIRECTION('',(0.,0.,1.));
#8329 = PCURVE('',#5367,#8330);
#8330 = DEFINITIONAL_REPRESENTATION('',(#8331),#8335);
#8331 = LINE('',#8332,#8333);
#8332 = CARTESIAN_POINT('',(6.28318530718,-0.));
#8333 = VECTOR('',#8334,1.);
#8334 = DIRECTION('',(0.,1.));
#8335 = ( GEOMETRIC_REPRESENTATION_CONTEXT(2) 
PARAMETRIC_REPRESENTATION_CONTEXT() REPRESENTATION_CONTEXT('2D SPACE',''
  ) );
#8336 = PCURVE('',#5367,#8337);
#8337 = DEFINITIONAL_REPRESENTATION('',(#8338),#8342);
#8338 = LINE('',#8339,#8340);
#8339 = CARTESIAN_POINT('',(0.,-0.));
#8340 = VECTOR('',#8341,1.);
#8341 = DIRECTION('',(0.,1.));
#8342 = ( GEOMETRIC_REPRESENTATION_CONTEXT(2) 
PARAMETRIC_REPRESENTATION_CONTEXT() REPRESENTATION_CONTEXT('2D SPACE',''
  ) );
#8343 = ORIENTED_EDGE('',*,*,#8344,.F.);
#8344 = EDGE_CURVE('',#8322,#8322,#8345,.T.);
#8345 = SURFACE_CURVE('',#8346,(#8351,#8358),.PCURVE_S1.);
#8346 = CIRCLE('',#8347,1.6);
#8347 = AXIS2_PLACEMENT_3D('',#8348,#8349,#8350);
#8348 = CARTESIAN_POINT('',(71.5,0.,5.3));
#8349 = DIRECTION('',(0.,0.,1.));
#8350 = DIRECTION('',(1.,0.,-0.));
#8351 = PCURVE('',#5367,#8352);
#8352 = DEFINITIONAL_REPRESENTATION('',(#8353),#8357);
#8353 = LINE('',#8354,#8355);
#8354 = CARTESIAN_POINT('',(0.,1.3));
#8355 = VECTOR('',#8356,1.);
#8356 = DIRECTION('',(1.,0.));
#8357 = ( GEOMETRIC_REPRESENTATION_CONTEXT(2) 
PARAMETRIC_REPRESENTATION_CONTEXT() REPRESENTATION_CONTEXT('2D SPACE',''
  ) );
#8358 = PCURVE('',#8359,#8364);
#8359 = CONICAL_SURFACE('',#8360,1.6,0.785398163397);
#8360 = AXIS2_PLACEMENT_3D('',#8361,#8362,#8363);
#8361 = CARTESIAN_POINT('',(71.5,0.,5.3));
#8362 = DIRECTION('',(-0.,-0.,-1.));
#8363 = DIRECTION('',(1.,0.,0.));
#8364 = DEFINITIONAL_REPRESENTATION('',(#8365),#8369);
#8365 = LINE('',#8366,#8367);
#8366 = CARTESIAN_POINT('',(-0.,-0.));
#8367 = VECTOR('',#8368,1.);
#8368 = DIRECTION('',(-1.,-0.));
#8369 = ( GEOMETRIC_REPRESENTATION_CONTEXT(2) 
PARAMETRIC_REPRESENTATION_CONTEXT() REPRESENTATION_CONTEXT('2D SPACE',''
  ) );
#8370 = ORIENTED_EDGE('',*,*,#8321,.F.);
#8371 = ORIENTED_EDGE('',*,*,#5350,.T.);
#8372 = ADVANCED_FACE('',(#8373),#5398,.T.);
#8373 = FACE_BOUND('',#8374,.T.);
#8374 = EDGE_LOOP('',(#8375,#8398,#8425,#8426));
#8375 = ORIENTED_EDGE('',*,*,#8376,.T.);
#8376 = EDGE_CURVE('',#5382,#8377,#8379,.T.);
#8377 = VERTEX_POINT('',#8378);
#8378 = CARTESIAN_POINT('',(51.6,21.5,5.3));
#8379 = SEAM_CURVE('',#8380,(#8384,#8391),.PCURVE_S1.);
#8380 = LINE('',#8381,#8382);
#8381 = CARTESIAN_POINT('',(51.6,21.5,4.));
#8382 = VECTOR('',#8383,1.);
#8383 = DIRECTION('',(0.,0.,1.));
#8384 = PCURVE('',#5398,#8385);
#8385 = DEFINITIONAL_REPRESENTATION('',(#8386),#8390);
#8386 = LINE('',#8387,#8388);
#8387 = CARTESIAN_POINT('',(6.28318530718,-0.));
#8388 = VECTOR('',#8389,1.);
#8389 = DIRECTION('',(0.,1.));
#8390 = ( GEOMETRIC_REPRESENTATION_CONTEXT(2) 
PARAMETRIC_REPRESENTATION_CONTEXT() REPRESENTATION_CONTEXT('2D SPACE',''
  ) );
#8391 = PCURVE('',#5398,#8392);
#8392 = DEFINITIONAL_REPRESENTATION('',(#8393),#8397);
#8393 = LINE('',#8394,#8395);
#8394 = CARTESIAN_POINT('',(0.,-0.));
#8395 = VECTOR('',#8396,1.);
#8396 = DIRECTION('',(0.,1.));
#8397 = ( GEOMETRIC_REPRESENTATION_CONTEXT(2) 
PARAMETRIC_REPRESENTATION_CONTEXT() REPRESENTATION_CONTEXT('2D SPACE',''
  ) );
#8398 = ORIENTED_EDGE('',*,*,#8399,.F.);
#8399 = EDGE_CURVE('',#8377,#8377,#8400,.T.);
#8400 = SURFACE_CURVE('',#8401,(#8406,#8413),.PCURVE_S1.);
#8401 = CIRCLE('',#8402,1.6);
#8402 = AXIS2_PLACEMENT_3D('',#8403,#8404,#8405);
#8403 = CARTESIAN_POINT('',(50.,21.5,5.3));
#8404 = DIRECTION('',(0.,0.,1.));
#8405 = DIRECTION('',(1.,0.,-0.));
#8406 = PCURVE('',#5398,#8407);
#8407 = DEFINITIONAL_REPRESENTATION('',(#8408),#8412);
#8408 = LINE('',#8409,#8410);
#8409 = CARTESIAN_POINT('',(0.,1.3));
#8410 = VECTOR('',#8411,1.);
#8411 = DIRECTION('',(1.,0.));
#8412 = ( GEOMETRIC_REPRESENTATION_CONTEXT(2) 
PARAMETRIC_REPRESENTATION_CONTEXT() REPRESENTATION_CONTEXT('2D SPACE',''
  ) );
#8413 = PCURVE('',#8414,#8419);
#8414 = CONICAL_SURFACE('',#8415,1.6,0.785398163397);
#8415 = AXIS2_PLACEMENT_3D('',#8416,#8417,#8418);
#8416 = CARTESIAN_POINT('',(50.,21.5,5.3));
#8417 = DIRECTION('',(-0.,-0.,-1.));
#8418 = DIRECTION('',(1.,0.,0.));
#8419 = DEFINITIONAL_REPRESENTATION('',(#8420),#8424);
#8420 = LINE('',#8421,#8422);
#8421 = CARTESIAN_POINT('',(-0.,-0.));
#8422 = VECTOR('',#8423,1.);
#8423 = DIRECTION('',(-1.,-0.));
#8424 = ( GEOMETRIC_REPRESENTATION_CONTEXT(2) 
PARAMETRIC_REPRESENTATION_CONTEXT() REPRESENTATION_CONTEXT('2D SPACE',''
  ) );
#8425 = ORIENTED_EDGE('',*,*,#8376,.F.);
#8426 = ORIENTED_EDGE('',*,*,#5381,.T.);
#8427 = ADVANCED_FACE('',(#8428),#5503,.T.);
#8428 = FACE_BOUND('',#8429,.T.);
#8429 = EDGE_LOOP('',(#8430,#8451,#8452,#8453));
#8430 = ORIENTED_EDGE('',*,*,#8431,.F.);
#8431 = EDGE_CURVE('',#5466,#8432,#8434,.T.);
#8432 = VERTEX_POINT('',#8433);
#8433 = CARTESIAN_POINT('',(29.8,-50.,5.6));
#8434 = SEAM_CURVE('',#8435,(#8439,#8445),.PCURVE_S1.);
#8435 = LINE('',#8436,#8437);
#8436 = CARTESIAN_POINT('',(30.1,-50.,5.3));
#8437 = VECTOR('',#8438,1.);
#8438 = DIRECTION('',(-0.707106781187,0.,0.707106781187));
#8439 = PCURVE('',#5503,#8440);
#8440 = DEFINITIONAL_REPRESENTATION('',(#8441),#8444);
#8441 = B_SPLINE_CURVE_WITH_KNOTS('',1,(#8442,#8443),.UNSPECIFIED.,.F.,
  .F.,(2,2),(0.,0.424264068712),.PIECEWISE_BEZIER_KNOTS.);
#8442 = CARTESIAN_POINT('',(0.,0.));
#8443 = CARTESIAN_POINT('',(0.,-0.3));
#8444 = ( GEOMETRIC_REPRESENTATION_CONTEXT(2) 
PARAMETRIC_REPRESENTATION_CONTEXT() REPRESENTATION_CONTEXT('2D SPACE',''
  ) );
#8445 = PCURVE('',#5503,#8446);
#8446 = DEFINITIONAL_REPRESENTATION('',(#8447),#8450);
#8447 = B_SPLINE_CURVE_WITH_KNOTS('',1,(#8448,#8449),.UNSPECIFIED.,.F.,
  .F.,(2,2),(0.,0.424264068712),.PIECEWISE_BEZIER_KNOTS.);
#8448 = CARTESIAN_POINT('',(-6.28318530718,0.));
#8449 = CARTESIAN_POINT('',(-6.28318530718,-0.3));
#8450 = ( GEOMETRIC_REPRESENTATION_CONTEXT(2) 
PARAMETRIC_REPRESENTATION_CONTEXT() REPRESENTATION_CONTEXT('2D SPACE',''
  ) );
#8451 = ORIENTED_EDGE('',*,*,#5488,.T.);
#8452 = ORIENTED_EDGE('',*,*,#8431,.T.);
#8453 = ORIENTED_EDGE('',*,*,#8454,.F.);
#8454 = EDGE_CURVE('',#8432,#8432,#8455,.T.);
#8455 = SURFACE_CURVE('',#8456,(#8461,#8468),.PCURVE_S1.);
#8456 = CIRCLE('',#8457,1.3);
#8457 = AXIS2_PLACEMENT_3D('',#8458,#8459,#8460);
#8458 = CARTESIAN_POINT('',(28.5,-50.,5.6));
#8459 = DIRECTION('',(0.,0.,1.));
#8460 = DIRECTION('',(1.,0.,-0.));
#8461 = PCURVE('',#5503,#8462);
#8462 = DEFINITIONAL_REPRESENTATION('',(#8463),#8467);
#8463 = LINE('',#8464,#8465);
#8464 = CARTESIAN_POINT('',(-0.,-0.3));
#8465 = VECTOR('',#8466,1.);
#8466 = DIRECTION('',(-1.,-0.));
#8467 = ( GEOMETRIC_REPRESENTATION_CONTEXT(2) 
PARAMETRIC_REPRESENTATION_CONTEXT() REPRESENTATION_CONTEXT('2D SPACE',''
  ) );
#8468 = PCURVE('',#8469,#8474);
#8469 = PLANE('',#8470);
#8470 = AXIS2_PLACEMENT_3D('',#8471,#8472,#8473);
#8471 = CARTESIAN_POINT('',(28.5,-50.,5.6));
#8472 = DIRECTION('',(0.,0.,1.));
#8473 = DIRECTION('',(1.,0.,-0.));
#8474 = DEFINITIONAL_REPRESENTATION('',(#8475),#8479);
#8475 = CIRCLE('',#8476,1.3);
#8476 = AXIS2_PLACEMENT_2D('',#8477,#8478);
#8477 = CARTESIAN_POINT('',(0.,0.));
#8478 = DIRECTION('',(1.,0.));
#8479 = ( GEOMETRIC_REPRESENTATION_CONTEXT(2) 
PARAMETRIC_REPRESENTATION_CONTEXT() REPRESENTATION_CONTEXT('2D SPACE',''
  ) );
#8480 = ADVANCED_FACE('',(#8481),#5558,.T.);
#8481 = FACE_BOUND('',#8482,.T.);
#8482 = EDGE_LOOP('',(#8483,#8504,#8505,#8506));
#8483 = ORIENTED_EDGE('',*,*,#8484,.F.);
#8484 = EDGE_CURVE('',#5521,#8485,#8487,.T.);
#8485 = VERTEX_POINT('',#8486);
#8486 = CARTESIAN_POINT('',(51.3,-71.5,5.6));
#8487 = SEAM_CURVE('',#8488,(#8492,#8498),.PCURVE_S1.);
#8488 = LINE('',#8489,#8490);
#8489 = CARTESIAN_POINT('',(51.6,-71.5,5.3));
#8490 = VECTOR('',#8491,1.);
#8491 = DIRECTION('',(-0.707106781187,0.,0.707106781187));
#8492 = PCURVE('',#5558,#8493);
#8493 = DEFINITIONAL_REPRESENTATION('',(#8494),#8497);
#8494 = B_SPLINE_CURVE_WITH_KNOTS('',1,(#8495,#8496),.UNSPECIFIED.,.F.,
  .F.,(2,2),(0.,0.424264068712),.PIECEWISE_BEZIER_KNOTS.);
#8495 = CARTESIAN_POINT('',(0.,0.));
#8496 = CARTESIAN_POINT('',(0.,-0.3));
#8497 = ( GEOMETRIC_REPRESENTATION_CONTEXT(2) 
PARAMETRIC_REPRESENTATION_CONTEXT() REPRESENTATION_CONTEXT('2D SPACE',''
  ) );
#8498 = PCURVE('',#5558,#8499);
#8499 = DEFINITIONAL_REPRESENTATION('',(#8500),#8503);
#8500 = B_SPLINE_CURVE_WITH_KNOTS('',1,(#8501,#8502),.UNSPECIFIED.,.F.,
  .F.,(2,2),(0.,0.424264068712),.PIECEWISE_BEZIER_KNOTS.);
#8501 = CARTESIAN_POINT('',(-6.28318530718,0.));
#8502 = CARTESIAN_POINT('',(-6.28318530718,-0.3));
#8503 = ( GEOMETRIC_REPRESENTATION_CONTEXT(2) 
PARAMETRIC_REPRESENTATION_CONTEXT() REPRESENTATION_CONTEXT('2D SPACE',''
  ) );
#8504 = ORIENTED_EDGE('',*,*,#5543,.T.);
#8505 = ORIENTED_EDGE('',*,*,#8484,.T.);
#8506 = ORIENTED_EDGE('',*,*,#8507,.F.);
#8507 = EDGE_CURVE('',#8485,#8485,#8508,.T.);
#8508 = SURFACE_CURVE('',#8509,(#8514,#8521),.PCURVE_S1.);
#8509 = CIRCLE('',#8510,1.3);
#8510 = AXIS2_PLACEMENT_3D('',#8511,#8512,#8513);
#8511 = CARTESIAN_POINT('',(50.,-71.5,5.6));
#8512 = DIRECTION('',(0.,0.,1.));
#8513 = DIRECTION('',(1.,0.,-0.));
#8514 = PCURVE('',#5558,#8515);
#8515 = DEFINITIONAL_REPRESENTATION('',(#8516),#8520);
#8516 = LINE('',#8517,#8518);
#8517 = CARTESIAN_POINT('',(-0.,-0.3));
#8518 = VECTOR('',#8519,1.);
#8519 = DIRECTION('',(-1.,-0.));
#8520 = ( GEOMETRIC_REPRESENTATION_CONTEXT(2) 
PARAMETRIC_REPRESENTATION_CONTEXT() REPRESENTATION_CONTEXT('2D SPACE',''
  ) );
#8521 = PCURVE('',#8522,#8527);
#8522 = PLANE('',#8523);
#8523 = AXIS2_PLACEMENT_3D('',#8524,#8525,#8526);
#8524 = CARTESIAN_POINT('',(50.,-71.5,5.6));
#8525 = DIRECTION('',(0.,0.,1.));
#8526 = DIRECTION('',(1.,0.,-0.));
#8527 = DEFINITIONAL_REPRESENTATION('',(#8528),#8532);
#8528 = CIRCLE('',#8529,1.3);
#8529 = AXIS2_PLACEMENT_2D('',#8530,#8531);
#8530 = CARTESIAN_POINT('',(0.,0.));
#8531 = DIRECTION('',(1.,0.));
#8532 = ( GEOMETRIC_REPRESENTATION_CONTEXT(2) 
PARAMETRIC_REPRESENTATION_CONTEXT() REPRESENTATION_CONTEXT('2D SPACE',''
  ) );
#8533 = ADVANCED_FACE('',(#8534),#5613,.T.);
#8534 = FACE_BOUND('',#8535,.T.);
#8535 = EDGE_LOOP('',(#8536,#8557,#8558,#8559));
#8536 = ORIENTED_EDGE('',*,*,#8537,.F.);
#8537 = EDGE_CURVE('',#5576,#8538,#8540,.T.);
#8538 = VERTEX_POINT('',#8539);
#8539 = CARTESIAN_POINT('',(72.8,-50.,5.6));
#8540 = SEAM_CURVE('',#8541,(#8545,#8551),.PCURVE_S1.);
#8541 = LINE('',#8542,#8543);
#8542 = CARTESIAN_POINT('',(73.1,-50.,5.3));
#8543 = VECTOR('',#8544,1.);
#8544 = DIRECTION('',(-0.707106781187,0.,0.707106781187));
#8545 = PCURVE('',#5613,#8546);
#8546 = DEFINITIONAL_REPRESENTATION('',(#8547),#8550);
#8547 = B_SPLINE_CURVE_WITH_KNOTS('',1,(#8548,#8549),.UNSPECIFIED.,.F.,
  .F.,(2,2),(0.,0.424264068712),.PIECEWISE_BEZIER_KNOTS.);
#8548 = CARTESIAN_POINT('',(0.,0.));
#8549 = CARTESIAN_POINT('',(0.,-0.3));
#8550 = ( GEOMETRIC_REPRESENTATION_CONTEXT(2) 
PARAMETRIC_REPRESENTATION_CONTEXT() REPRESENTATION_CONTEXT('2D SPACE',''
  ) );
#8551 = PCURVE('',#5613,#8552);
#8552 = DEFINITIONAL_REPRESENTATION('',(#8553),#8556);
#8553 = B_SPLINE_CURVE_WITH_KNOTS('',1,(#8554,#8555),.UNSPECIFIED.,.F.,
  .F.,(2,2),(0.,0.424264068712),.PIECEWISE_BEZIER_KNOTS.);
#8554 = CARTESIAN_POINT('',(-6.28318530718,0.));
#8555 = CARTESIAN_POINT('',(-6.28318530718,-0.3));
#8556 = ( GEOMETRIC_REPRESENTATION_CONTEXT(2) 
PARAMETRIC_REPRESENTATION_CONTEXT() REPRESENTATION_CONTEXT('2D SPACE',''
  ) );
#8557 = ORIENTED_EDGE('',*,*,#5598,.T.);
#8558 = ORIENTED_EDGE('',*,*,#8537,.T.);
#8559 = ORIENTED_EDGE('',*,*,#8560,.F.);
#8560 = EDGE_CURVE('',#8538,#8538,#8561,.T.);
#8561 = SURFACE_CURVE('',#8562,(#8567,#8574),.PCURVE_S1.);
#8562 = CIRCLE('',#8563,1.3);
#8563 = AXIS2_PLACEMENT_3D('',#8564,#8565,#8566);
#8564 = CARTESIAN_POINT('',(71.5,-50.,5.6));
#8565 = DIRECTION('',(0.,0.,1.));
#8566 = DIRECTION('',(1.,0.,-0.));
#8567 = PCURVE('',#5613,#8568);
#8568 = DEFINITIONAL_REPRESENTATION('',(#8569),#8573);
#8569 = LINE('',#8570,#8571);
#8570 = CARTESIAN_POINT('',(-0.,-0.3));
#8571 = VECTOR('',#8572,1.);
#8572 = DIRECTION('',(-1.,-0.));
#8573 = ( GEOMETRIC_REPRESENTATION_CONTEXT(2) 
PARAMETRIC_REPRESENTATION_CONTEXT() REPRESENTATION_CONTEXT('2D SPACE',''
  ) );
#8574 = PCURVE('',#8575,#8580);
#8575 = PLANE('',#8576);
#8576 = AXIS2_PLACEMENT_3D('',#8577,#8578,#8579);
#8577 = CARTESIAN_POINT('',(71.5,-50.,5.6));
#8578 = DIRECTION('',(0.,0.,1.));
#8579 = DIRECTION('',(1.,0.,-0.));
#8580 = DEFINITIONAL_REPRESENTATION('',(#8581),#8585);
#8581 = CIRCLE('',#8582,1.3);
#8582 = AXIS2_PLACEMENT_2D('',#8583,#8584);
#8583 = CARTESIAN_POINT('',(0.,0.));
#8584 = DIRECTION('',(1.,0.));
#8585 = ( GEOMETRIC_REPRESENTATION_CONTEXT(2) 
PARAMETRIC_REPRESENTATION_CONTEXT() REPRESENTATION_CONTEXT('2D SPACE',''
  ) );
#8586 = ADVANCED_FACE('',(#8587),#5668,.T.);
#8587 = FACE_BOUND('',#8588,.T.);
#8588 = EDGE_LOOP('',(#8589,#8610,#8611,#8612));
#8589 = ORIENTED_EDGE('',*,*,#8590,.F.);
#8590 = EDGE_CURVE('',#5631,#8591,#8593,.T.);
#8591 = VERTEX_POINT('',#8592);
#8592 = CARTESIAN_POINT('',(51.3,-28.5,5.6));
#8593 = SEAM_CURVE('',#8594,(#8598,#8604),.PCURVE_S1.);
#8594 = LINE('',#8595,#8596);
#8595 = CARTESIAN_POINT('',(51.6,-28.5,5.3));
#8596 = VECTOR('',#8597,1.);
#8597 = DIRECTION('',(-0.707106781187,0.,0.707106781187));
#8598 = PCURVE('',#5668,#8599);
#8599 = DEFINITIONAL_REPRESENTATION('',(#8600),#8603);
#8600 = B_SPLINE_CURVE_WITH_KNOTS('',1,(#8601,#8602),.UNSPECIFIED.,.F.,
  .F.,(2,2),(0.,0.424264068712),.PIECEWISE_BEZIER_KNOTS.);
#8601 = CARTESIAN_POINT('',(0.,0.));
#8602 = CARTESIAN_POINT('',(0.,-0.3));
#8603 = ( GEOMETRIC_REPRESENTATION_CONTEXT(2) 
PARAMETRIC_REPRESENTATION_CONTEXT() REPRESENTATION_CONTEXT('2D SPACE',''
  ) );
#8604 = PCURVE('',#5668,#8605);
#8605 = DEFINITIONAL_REPRESENTATION('',(#8606),#8609);
#8606 = B_SPLINE_CURVE_WITH_KNOTS('',1,(#8607,#8608),.UNSPECIFIED.,.F.,
  .F.,(2,2),(0.,0.424264068712),.PIECEWISE_BEZIER_KNOTS.);
#8607 = CARTESIAN_POINT('',(-6.28318530718,0.));
#8608 = CARTESIAN_POINT('',(-6.28318530718,-0.3));
#8609 = ( GEOMETRIC_REPRESENTATION_CONTEXT(2) 
PARAMETRIC_REPRESENTATION_CONTEXT() REPRESENTATION_CONTEXT('2D SPACE',''
  ) );
#8610 = ORIENTED_EDGE('',*,*,#5653,.T.);
#8611 = ORIENTED_EDGE('',*,*,#8590,.T.);
#8612 = ORIENTED_EDGE('',*,*,#8613,.F.);
#8613 = EDGE_CURVE('',#8591,#8591,#8614,.T.);
#8614 = SURFACE_CURVE('',#8615,(#8620,#8627),.PCURVE_S1.);
#8615 = CIRCLE('',#8616,1.3);
#8616 = AXIS2_PLACEMENT_3D('',#8617,#8618,#8619);
#8617 = CARTESIAN_POINT('',(50.,-28.5,5.6));
#8618 = DIRECTION('',(0.,0.,1.));
#8619 = DIRECTION('',(1.,0.,-0.));
#8620 = PCURVE('',#5668,#8621);
#8621 = DEFINITIONAL_REPRESENTATION('',(#8622),#8626);
#8622 = LINE('',#8623,#8624);
#8623 = CARTESIAN_POINT('',(-0.,-0.3));
#8624 = VECTOR('',#8625,1.);
#8625 = DIRECTION('',(-1.,-0.));
#8626 = ( GEOMETRIC_REPRESENTATION_CONTEXT(2) 
PARAMETRIC_REPRESENTATION_CONTEXT() REPRESENTATION_CONTEXT('2D SPACE',''
  ) );
#8627 = PCURVE('',#8628,#8633);
#8628 = PLANE('',#8629);
#8629 = AXIS2_PLACEMENT_3D('',#8630,#8631,#8632);
#8630 = CARTESIAN_POINT('',(50.,-28.5,5.6));
#8631 = DIRECTION('',(0.,0.,1.));
#8632 = DIRECTION('',(1.,0.,-0.));
#8633 = DEFINITIONAL_REPRESENTATION('',(#8634),#8638);
#8634 = CIRCLE('',#8635,1.3);
#8635 = AXIS2_PLACEMENT_2D('',#8636,#8637);
#8636 = CARTESIAN_POINT('',(0.,0.));
#8637 = DIRECTION('',(1.,0.));
#8638 = ( GEOMETRIC_REPRESENTATION_CONTEXT(2) 
PARAMETRIC_REPRESENTATION_CONTEXT() REPRESENTATION_CONTEXT('2D SPACE',''
  ) );
#8639 = ADVANCED_FACE('',(#8640),#5699,.T.);
#8640 = FACE_BOUND('',#8641,.T.);
#8641 = EDGE_LOOP('',(#8642,#8668,#8669,#8690));
#8642 = ORIENTED_EDGE('',*,*,#8643,.T.);
#8643 = EDGE_CURVE('',#8644,#2812,#8646,.T.);
#8644 = VERTEX_POINT('',#8645);
#8645 = CARTESIAN_POINT('',(-24.5,-24.5,4.));
#8646 = SURFACE_CURVE('',#8647,(#8651,#8657),.PCURVE_S1.);
#8647 = LINE('',#8648,#8649);
#8648 = CARTESIAN_POINT('',(-41.93333333333,-41.93333333333,
    -13.43333333333));
#8649 = VECTOR('',#8650,1.);
#8650 = DIRECTION('',(-0.57735026919,-0.57735026919,-0.57735026919));
#8651 = PCURVE('',#5699,#8652);
#8652 = DEFINITIONAL_REPRESENTATION('',(#8653),#8656);
#8653 = B_SPLINE_CURVE_WITH_KNOTS('',1,(#8654,#8655),.UNSPECIFIED.,.F.,
  .F.,(2,2),(-30.19541907861,-29.32939367483),.PIECEWISE_BEZIER_KNOTS.);
#8654 = CARTESIAN_POINT('',(51.3,0.707106781187));
#8655 = CARTESIAN_POINT('',(50.8,-7.561851700532E-16));
#8656 = ( GEOMETRIC_REPRESENTATION_CONTEXT(2) 
PARAMETRIC_REPRESENTATION_CONTEXT() REPRESENTATION_CONTEXT('2D SPACE',''
  ) );
#8657 = PCURVE('',#8658,#8663);
#8658 = PLANE('',#8659);
#8659 = AXIS2_PLACEMENT_3D('',#8660,#8661,#8662);
#8660 = CARTESIAN_POINT('',(-25.,-75.8,3.5));
#8661 = DIRECTION('',(0.707106781187,0.,-0.707106781187));
#8662 = DIRECTION('',(0.707106781187,0.,0.707106781187));
#8663 = DEFINITIONAL_REPRESENTATION('',(#8664),#8667);
#8664 = B_SPLINE_CURVE_WITH_KNOTS('',1,(#8665,#8666),.UNSPECIFIED.,.F.,
  .F.,(2,2),(-30.19541907861,-29.32939367483),.PIECEWISE_BEZIER_KNOTS.);
#8665 = CARTESIAN_POINT('',(0.707106781187,-51.3));
#8666 = CARTESIAN_POINT('',(9.012465276775E-15,-50.8));
#8667 = ( GEOMETRIC_REPRESENTATION_CONTEXT(2) 
PARAMETRIC_REPRESENTATION_CONTEXT() REPRESENTATION_CONTEXT('2D SPACE',''
  ) );
#8668 = ORIENTED_EDGE('',*,*,#5685,.T.);
#8669 = ORIENTED_EDGE('',*,*,#8670,.F.);
#8670 = EDGE_CURVE('',#8671,#2540,#8673,.T.);
#8671 = VERTEX_POINT('',#8672);
#8672 = CARTESIAN_POINT('',(24.5,-24.5,4.));
#8673 = SURFACE_CURVE('',#8674,(#8678,#8684),.PCURVE_S1.);
#8674 = LINE('',#8675,#8676);
#8675 = CARTESIAN_POINT('',(16.5,-16.5,12.));
#8676 = VECTOR('',#8677,1.);
#8677 = DIRECTION('',(0.57735026919,-0.57735026919,-0.57735026919));
#8678 = PCURVE('',#5699,#8679);
#8679 = DEFINITIONAL_REPRESENTATION('',(#8680),#8683);
#8680 = B_SPLINE_CURVE_WITH_KNOTS('',1,(#8681,#8682),.UNSPECIFIED.,.F.,
  .F.,(2,2),(13.856406460551,14.722431864335),.PIECEWISE_BEZIER_KNOTS.);
#8681 = CARTESIAN_POINT('',(100.3,0.707106781187));
#8682 = CARTESIAN_POINT('',(100.8,-3.905319313799E-15));
#8683 = ( GEOMETRIC_REPRESENTATION_CONTEXT(2) 
PARAMETRIC_REPRESENTATION_CONTEXT() REPRESENTATION_CONTEXT('2D SPACE',''
  ) );
#8684 = PCURVE('',#8195,#8685);
#8685 = DEFINITIONAL_REPRESENTATION('',(#8686),#8689);
#8686 = B_SPLINE_CURVE_WITH_KNOTS('',1,(#8687,#8688),.UNSPECIFIED.,.F.,
  .F.,(2,2),(13.856406460551,14.722431864335),.PIECEWISE_BEZIER_KNOTS.);
#8687 = CARTESIAN_POINT('',(4.070656203407E-15,51.3));
#8688 = CARTESIAN_POINT('',(0.707106781187,50.8));
#8689 = ( GEOMETRIC_REPRESENTATION_CONTEXT(2) 
PARAMETRIC_REPRESENTATION_CONTEXT() REPRESENTATION_CONTEXT('2D SPACE',''
  ) );
#8690 = ORIENTED_EDGE('',*,*,#8691,.F.);
#8691 = EDGE_CURVE('',#8644,#8671,#8692,.T.);
#8692 = SURFACE_CURVE('',#8693,(#8697,#8704),.PCURVE_S1.);
#8693 = LINE('',#8694,#8695);
#8694 = CARTESIAN_POINT('',(-75.8,-24.5,4.));
#8695 = VECTOR('',#8696,1.);
#8696 = DIRECTION('',(1.,0.,0.));
#8697 = PCURVE('',#5699,#8698);
#8698 = DEFINITIONAL_REPRESENTATION('',(#8699),#8703);
#8699 = LINE('',#8700,#8701);
#8700 = CARTESIAN_POINT('',(0.,0.707106781187));
#8701 = VECTOR('',#8702,1.);
#8702 = DIRECTION('',(1.,0.));
#8703 = ( GEOMETRIC_REPRESENTATION_CONTEXT(2) 
PARAMETRIC_REPRESENTATION_CONTEXT() REPRESENTATION_CONTEXT('2D SPACE',''
  ) );
#8704 = PCURVE('',#8705,#8710);
#8705 = PLANE('',#8706);
#8706 = AXIS2_PLACEMENT_3D('',#8707,#8708,#8709);
#8707 = CARTESIAN_POINT('',(0.,0.,4.));
#8708 = DIRECTION('',(0.,0.,1.));
#8709 = DIRECTION('',(1.,0.,-0.));
#8710 = DEFINITIONAL_REPRESENTATION('',(#8711),#8715);
#8711 = LINE('',#8712,#8713);
#8712 = CARTESIAN_POINT('',(-75.8,-24.5));
#8713 = VECTOR('',#8714,1.);
#8714 = DIRECTION('',(1.,0.));
#8715 = ( GEOMETRIC_REPRESENTATION_CONTEXT(2) 
PARAMETRIC_REPRESENTATION_CONTEXT() REPRESENTATION_CONTEXT('2D SPACE',''
  ) );
#8716 = ADVANCED_FACE('',(#8717),#5755,.T.);
#8717 = FACE_BOUND('',#8718,.T.);
#8718 = EDGE_LOOP('',(#8719,#8740,#8741,#8742));
#8719 = ORIENTED_EDGE('',*,*,#8720,.F.);
#8720 = EDGE_CURVE('',#5718,#8721,#8723,.T.);
#8721 = VERTEX_POINT('',#8722);
#8722 = CARTESIAN_POINT('',(-20.2,-50.,5.6));
#8723 = SEAM_CURVE('',#8724,(#8728,#8734),.PCURVE_S1.);
#8724 = LINE('',#8725,#8726);
#8725 = CARTESIAN_POINT('',(-19.9,-50.,5.3));
#8726 = VECTOR('',#8727,1.);
#8727 = DIRECTION('',(-0.707106781187,0.,0.707106781187));
#8728 = PCURVE('',#5755,#8729);
#8729 = DEFINITIONAL_REPRESENTATION('',(#8730),#8733);
#8730 = B_SPLINE_CURVE_WITH_KNOTS('',1,(#8731,#8732),.UNSPECIFIED.,.F.,
  .F.,(2,2),(0.,0.424264068712),.PIECEWISE_BEZIER_KNOTS.);
#8731 = CARTESIAN_POINT('',(0.,0.));
#8732 = CARTESIAN_POINT('',(0.,-0.3));
#8733 = ( GEOMETRIC_REPRESENTATION_CONTEXT(2) 
PARAMETRIC_REPRESENTATION_CONTEXT() REPRESENTATION_CONTEXT('2D SPACE',''
  ) );
#8734 = PCURVE('',#5755,#8735);
#8735 = DEFINITIONAL_REPRESENTATION('',(#8736),#8739);
#8736 = B_SPLINE_CURVE_WITH_KNOTS('',1,(#8737,#8738),.UNSPECIFIED.,.F.,
  .F.,(2,2),(0.,0.424264068712),.PIECEWISE_BEZIER_KNOTS.);
#8737 = CARTESIAN_POINT('',(-6.28318530718,0.));
#8738 = CARTESIAN_POINT('',(-6.28318530718,-0.3));
#8739 = ( GEOMETRIC_REPRESENTATION_CONTEXT(2) 
PARAMETRIC_REPRESENTATION_CONTEXT() REPRESENTATION_CONTEXT('2D SPACE',''
  ) );
#8740 = ORIENTED_EDGE('',*,*,#5740,.T.);
#8741 = ORIENTED_EDGE('',*,*,#8720,.T.);
#8742 = ORIENTED_EDGE('',*,*,#8743,.F.);
#8743 = EDGE_CURVE('',#8721,#8721,#8744,.T.);
#8744 = SURFACE_CURVE('',#8745,(#8750,#8757),.PCURVE_S1.);
#8745 = CIRCLE('',#8746,1.3);
#8746 = AXIS2_PLACEMENT_3D('',#8747,#8748,#8749);
#8747 = CARTESIAN_POINT('',(-21.5,-50.,5.6));
#8748 = DIRECTION('',(0.,0.,1.));
#8749 = DIRECTION('',(1.,0.,-0.));
#8750 = PCURVE('',#5755,#8751);
#8751 = DEFINITIONAL_REPRESENTATION('',(#8752),#8756);
#8752 = LINE('',#8753,#8754);
#8753 = CARTESIAN_POINT('',(-0.,-0.3));
#8754 = VECTOR('',#8755,1.);
#8755 = DIRECTION('',(-1.,-0.));
#8756 = ( GEOMETRIC_REPRESENTATION_CONTEXT(2) 
PARAMETRIC_REPRESENTATION_CONTEXT() REPRESENTATION_CONTEXT('2D SPACE',''
  ) );
#8757 = PCURVE('',#8758,#8763);
#8758 = PLANE('',#8759);
#8759 = AXIS2_PLACEMENT_3D('',#8760,#8761,#8762);
#8760 = CARTESIAN_POINT('',(-21.5,-50.,5.6));
#8761 = DIRECTION('',(0.,0.,1.));
#8762 = DIRECTION('',(1.,0.,-0.));
#8763 = DEFINITIONAL_REPRESENTATION('',(#8764),#8768);
#8764 = CIRCLE('',#8765,1.3);
#8765 = AXIS2_PLACEMENT_2D('',#8766,#8767);
#8766 = CARTESIAN_POINT('',(0.,0.));
#8767 = DIRECTION('',(1.,0.));
#8768 = ( GEOMETRIC_REPRESENTATION_CONTEXT(2) 
PARAMETRIC_REPRESENTATION_CONTEXT() REPRESENTATION_CONTEXT('2D SPACE',''
  ) );
#8769 = ADVANCED_FACE('',(#8770),#5810,.T.);
#8770 = FACE_BOUND('',#8771,.T.);
#8771 = EDGE_LOOP('',(#8772,#8793,#8794,#8795));
#8772 = ORIENTED_EDGE('',*,*,#8773,.F.);
#8773 = EDGE_CURVE('',#5773,#8774,#8776,.T.);
#8774 = VERTEX_POINT('',#8775);
#8775 = CARTESIAN_POINT('',(1.3,-71.5,5.6));
#8776 = SEAM_CURVE('',#8777,(#8781,#8787),.PCURVE_S1.);
#8777 = LINE('',#8778,#8779);
#8778 = CARTESIAN_POINT('',(1.6,-71.5,5.3));
#8779 = VECTOR('',#8780,1.);
#8780 = DIRECTION('',(-0.707106781187,0.,0.707106781187));
#8781 = PCURVE('',#5810,#8782);
#8782 = DEFINITIONAL_REPRESENTATION('',(#8783),#8786);
#8783 = B_SPLINE_CURVE_WITH_KNOTS('',1,(#8784,#8785),.UNSPECIFIED.,.F.,
  .F.,(2,2),(0.,0.424264068712),.PIECEWISE_BEZIER_KNOTS.);
#8784 = CARTESIAN_POINT('',(0.,0.));
#8785 = CARTESIAN_POINT('',(0.,-0.3));
#8786 = ( GEOMETRIC_REPRESENTATION_CONTEXT(2) 
PARAMETRIC_REPRESENTATION_CONTEXT() REPRESENTATION_CONTEXT('2D SPACE',''
  ) );
#8787 = PCURVE('',#5810,#8788);
#8788 = DEFINITIONAL_REPRESENTATION('',(#8789),#8792);
#8789 = B_SPLINE_CURVE_WITH_KNOTS('',1,(#8790,#8791),.UNSPECIFIED.,.F.,
  .F.,(2,2),(0.,0.424264068712),.PIECEWISE_BEZIER_KNOTS.);
#8790 = CARTESIAN_POINT('',(-6.28318530718,0.));
#8791 = CARTESIAN_POINT('',(-6.28318530718,-0.3));
#8792 = ( GEOMETRIC_REPRESENTATION_CONTEXT(2) 
PARAMETRIC_REPRESENTATION_CONTEXT() REPRESENTATION_CONTEXT('2D SPACE',''
  ) );
#8793 = ORIENTED_EDGE('',*,*,#5795,.T.);
#8794 = ORIENTED_EDGE('',*,*,#8773,.T.);
#8795 = ORIENTED_EDGE('',*,*,#8796,.F.);
#8796 = EDGE_CURVE('',#8774,#8774,#8797,.T.);
#8797 = SURFACE_CURVE('',#8798,(#8803,#8810),.PCURVE_S1.);
#8798 = CIRCLE('',#8799,1.3);
#8799 = AXIS2_PLACEMENT_3D('',#8800,#8801,#8802);
#8800 = CARTESIAN_POINT('',(0.,-71.5,5.6));
#8801 = DIRECTION('',(0.,0.,1.));
#8802 = DIRECTION('',(1.,0.,-0.));
#8803 = PCURVE('',#5810,#8804);
#8804 = DEFINITIONAL_REPRESENTATION('',(#8805),#8809);
#8805 = LINE('',#8806,#8807);
#8806 = CARTESIAN_POINT('',(-0.,-0.3));
#8807 = VECTOR('',#8808,1.);
#8808 = DIRECTION('',(-1.,-0.));
#8809 = ( GEOMETRIC_REPRESENTATION_CONTEXT(2) 
PARAMETRIC_REPRESENTATION_CONTEXT() REPRESENTATION_CONTEXT('2D SPACE',''
  ) );
#8810 = PCURVE('',#8811,#8816);
#8811 = PLANE('',#8812);
#8812 = AXIS2_PLACEMENT_3D('',#8813,#8814,#8815);
#8813 = CARTESIAN_POINT('',(0.,-71.5,5.6));
#8814 = DIRECTION('',(0.,0.,1.));
#8815 = DIRECTION('',(1.,0.,-0.));
#8816 = DEFINITIONAL_REPRESENTATION('',(#8817),#8821);
#8817 = CIRCLE('',#8818,1.3);
#8818 = AXIS2_PLACEMENT_2D('',#8819,#8820);
#8819 = CARTESIAN_POINT('',(0.,0.));
#8820 = DIRECTION('',(1.,0.));
#8821 = ( GEOMETRIC_REPRESENTATION_CONTEXT(2) 
PARAMETRIC_REPRESENTATION_CONTEXT() REPRESENTATION_CONTEXT('2D SPACE',''
  ) );
#8822 = ADVANCED_FACE('',(#8823),#5865,.T.);
#8823 = FACE_BOUND('',#8824,.T.);
#8824 = EDGE_LOOP('',(#8825,#8846,#8847,#8848));
#8825 = ORIENTED_EDGE('',*,*,#8826,.F.);
#8826 = EDGE_CURVE('',#5828,#8827,#8829,.T.);
#8827 = VERTEX_POINT('',#8828);
#8828 = CARTESIAN_POINT('',(22.8,-50.,5.6));
#8829 = SEAM_CURVE('',#8830,(#8834,#8840),.PCURVE_S1.);
#8830 = LINE('',#8831,#8832);
#8831 = CARTESIAN_POINT('',(23.1,-50.,5.3));
#8832 = VECTOR('',#8833,1.);
#8833 = DIRECTION('',(-0.707106781187,0.,0.707106781187));
#8834 = PCURVE('',#5865,#8835);
#8835 = DEFINITIONAL_REPRESENTATION('',(#8836),#8839);
#8836 = B_SPLINE_CURVE_WITH_KNOTS('',1,(#8837,#8838),.UNSPECIFIED.,.F.,
  .F.,(2,2),(0.,0.424264068712),.PIECEWISE_BEZIER_KNOTS.);
#8837 = CARTESIAN_POINT('',(0.,0.));
#8838 = CARTESIAN_POINT('',(0.,-0.3));
#8839 = ( GEOMETRIC_REPRESENTATION_CONTEXT(2) 
PARAMETRIC_REPRESENTATION_CONTEXT() REPRESENTATION_CONTEXT('2D SPACE',''
  ) );
#8840 = PCURVE('',#5865,#8841);
#8841 = DEFINITIONAL_REPRESENTATION('',(#8842),#8845);
#8842 = B_SPLINE_CURVE_WITH_KNOTS('',1,(#8843,#8844),.UNSPECIFIED.,.F.,
  .F.,(2,2),(0.,0.424264068712),.PIECEWISE_BEZIER_KNOTS.);
#8843 = CARTESIAN_POINT('',(-6.28318530718,0.));
#8844 = CARTESIAN_POINT('',(-6.28318530718,-0.3));
#8845 = ( GEOMETRIC_REPRESENTATION_CONTEXT(2) 
PARAMETRIC_REPRESENTATION_CONTEXT() REPRESENTATION_CONTEXT('2D SPACE',''
  ) );
#8846 = ORIENTED_EDGE('',*,*,#5850,.T.);
#8847 = ORIENTED_EDGE('',*,*,#8826,.T.);
#8848 = ORIENTED_EDGE('',*,*,#8849,.F.);
#8849 = EDGE_CURVE('',#8827,#8827,#8850,.T.);
#8850 = SURFACE_CURVE('',#8851,(#8856,#8863),.PCURVE_S1.);
#8851 = CIRCLE('',#8852,1.3);
#8852 = AXIS2_PLACEMENT_3D('',#8853,#8854,#8855);
#8853 = CARTESIAN_POINT('',(21.5,-50.,5.6));
#8854 = DIRECTION('',(0.,0.,1.));
#8855 = DIRECTION('',(1.,0.,-0.));
#8856 = PCURVE('',#5865,#8857);
#8857 = DEFINITIONAL_REPRESENTATION('',(#8858),#8862);
#8858 = LINE('',#8859,#8860);
#8859 = CARTESIAN_POINT('',(-0.,-0.3));
#8860 = VECTOR('',#8861,1.);
#8861 = DIRECTION('',(-1.,-0.));
#8862 = ( GEOMETRIC_REPRESENTATION_CONTEXT(2) 
PARAMETRIC_REPRESENTATION_CONTEXT() REPRESENTATION_CONTEXT('2D SPACE',''
  ) );
#8863 = PCURVE('',#8864,#8869);
#8864 = PLANE('',#8865);
#8865 = AXIS2_PLACEMENT_3D('',#8866,#8867,#8868);
#8866 = CARTESIAN_POINT('',(21.5,-50.,5.6));
#8867 = DIRECTION('',(0.,0.,1.));
#8868 = DIRECTION('',(1.,0.,-0.));
#8869 = DEFINITIONAL_REPRESENTATION('',(#8870),#8874);
#8870 = CIRCLE('',#8871,1.3);
#8871 = AXIS2_PLACEMENT_2D('',#8872,#8873);
#8872 = CARTESIAN_POINT('',(0.,0.));
#8873 = DIRECTION('',(1.,0.));
#8874 = ( GEOMETRIC_REPRESENTATION_CONTEXT(2) 
PARAMETRIC_REPRESENTATION_CONTEXT() REPRESENTATION_CONTEXT('2D SPACE',''
  ) );
#8875 = ADVANCED_FACE('',(#8876),#5920,.T.);
#8876 = FACE_BOUND('',#8877,.T.);
#8877 = EDGE_LOOP('',(#8878,#8899,#8900,#8901));
#8878 = ORIENTED_EDGE('',*,*,#8879,.F.);
#8879 = EDGE_CURVE('',#5883,#8880,#8882,.T.);
#8880 = VERTEX_POINT('',#8881);
#8881 = CARTESIAN_POINT('',(1.3,-28.5,5.6));
#8882 = SEAM_CURVE('',#8883,(#8887,#8893),.PCURVE_S1.);
#8883 = LINE('',#8884,#8885);
#8884 = CARTESIAN_POINT('',(1.6,-28.5,5.3));
#8885 = VECTOR('',#8886,1.);
#8886 = DIRECTION('',(-0.707106781187,0.,0.707106781187));
#8887 = PCURVE('',#5920,#8888);
#8888 = DEFINITIONAL_REPRESENTATION('',(#8889),#8892);
#8889 = B_SPLINE_CURVE_WITH_KNOTS('',1,(#8890,#8891),.UNSPECIFIED.,.F.,
  .F.,(2,2),(0.,0.424264068712),.PIECEWISE_BEZIER_KNOTS.);
#8890 = CARTESIAN_POINT('',(0.,0.));
#8891 = CARTESIAN_POINT('',(0.,-0.3));
#8892 = ( GEOMETRIC_REPRESENTATION_CONTEXT(2) 
PARAMETRIC_REPRESENTATION_CONTEXT() REPRESENTATION_CONTEXT('2D SPACE',''
  ) );
#8893 = PCURVE('',#5920,#8894);
#8894 = DEFINITIONAL_REPRESENTATION('',(#8895),#8898);
#8895 = B_SPLINE_CURVE_WITH_KNOTS('',1,(#8896,#8897),.UNSPECIFIED.,.F.,
  .F.,(2,2),(0.,0.424264068712),.PIECEWISE_BEZIER_KNOTS.);
#8896 = CARTESIAN_POINT('',(-6.28318530718,0.));
#8897 = CARTESIAN_POINT('',(-6.28318530718,-0.3));
#8898 = ( GEOMETRIC_REPRESENTATION_CONTEXT(2) 
PARAMETRIC_REPRESENTATION_CONTEXT() REPRESENTATION_CONTEXT('2D SPACE',''
  ) );
#8899 = ORIENTED_EDGE('',*,*,#5905,.T.);
#8900 = ORIENTED_EDGE('',*,*,#8879,.T.);
#8901 = ORIENTED_EDGE('',*,*,#8902,.F.);
#8902 = EDGE_CURVE('',#8880,#8880,#8903,.T.);
#8903 = SURFACE_CURVE('',#8904,(#8909,#8916),.PCURVE_S1.);
#8904 = CIRCLE('',#8905,1.3);
#8905 = AXIS2_PLACEMENT_3D('',#8906,#8907,#8908);
#8906 = CARTESIAN_POINT('',(0.,-28.5,5.6));
#8907 = DIRECTION('',(0.,0.,1.));
#8908 = DIRECTION('',(1.,0.,-0.));
#8909 = PCURVE('',#5920,#8910);
#8910 = DEFINITIONAL_REPRESENTATION('',(#8911),#8915);
#8911 = LINE('',#8912,#8913);
#8912 = CARTESIAN_POINT('',(-0.,-0.3));
#8913 = VECTOR('',#8914,1.);
#8914 = DIRECTION('',(-1.,-0.));
#8915 = ( GEOMETRIC_REPRESENTATION_CONTEXT(2) 
PARAMETRIC_REPRESENTATION_CONTEXT() REPRESENTATION_CONTEXT('2D SPACE',''
  ) );
#8916 = PCURVE('',#8917,#8922);
#8917 = PLANE('',#8918);
#8918 = AXIS2_PLACEMENT_3D('',#8919,#8920,#8921);
#8919 = CARTESIAN_POINT('',(0.,-28.5,5.6));
#8920 = DIRECTION('',(0.,0.,1.));
#8921 = DIRECTION('',(1.,0.,-0.));
#8922 = DEFINITIONAL_REPRESENTATION('',(#8923),#8927);
#8923 = CIRCLE('',#8924,1.3);
#8924 = AXIS2_PLACEMENT_2D('',#8925,#8926);
#8925 = CARTESIAN_POINT('',(0.,0.));
#8926 = DIRECTION('',(1.,0.));
#8927 = ( GEOMETRIC_REPRESENTATION_CONTEXT(2) 
PARAMETRIC_REPRESENTATION_CONTEXT() REPRESENTATION_CONTEXT('2D SPACE',''
  ) );
#8928 = ADVANCED_FACE('',(#8929),#6179,.T.);
#8929 = FACE_BOUND('',#8930,.F.);
#8930 = EDGE_LOOP('',(#8931,#8932,#8933,#9011));
#8931 = ORIENTED_EDGE('',*,*,#7078,.F.);
#8932 = ORIENTED_EDGE('',*,*,#6162,.T.);
#8933 = ORIENTED_EDGE('',*,*,#8934,.T.);
#8934 = EDGE_CURVE('',#6163,#7237,#8935,.T.);
#8935 = SURFACE_CURVE('',#8936,(#8959,#8985),.PCURVE_S1.);
#8936 = B_SPLINE_CURVE_WITH_KNOTS('',6,(#8937,#8938,#8939,#8940,#8941,
    #8942,#8943,#8944,#8945,#8946,#8947,#8948,#8949,#8950,#8951,#8952,
    #8953,#8954,#8955,#8956,#8957,#8958),.UNSPECIFIED.,.F.,.F.,(7,5,5,5,
    7),(0.,0.438656153223,0.691710079932,0.945880621455,1.),
  .UNSPECIFIED.);
#8937 = CARTESIAN_POINT('',(-73.61130814466,16.5,3.2));
#8938 = CARTESIAN_POINT('',(-73.61130814466,16.5,3.29340527612));
#8939 = CARTESIAN_POINT('',(-73.61640203254,16.513086849321,
    3.386838898337));
#8940 = CARTESIAN_POINT('',(-73.62659657614,16.539275086557,
    3.477756442651));
#8941 = CARTESIAN_POINT('',(-73.64153396778,16.577811013055,
    3.563769018293));
#8942 = CARTESIAN_POINT('',(-73.66061165309,16.627432970548,
    3.642861474219));
#8943 = CARTESIAN_POINT('',(-73.69608019535,16.720590513703,
    3.754169940988));
#8944 = CARTESIAN_POINT('',(-73.71019572732,16.757826284473,
    3.792070669119));
#8945 = CARTESIAN_POINT('',(-73.72531569601,16.797915356068,
    3.826855294498));
#8946 = CARTESIAN_POINT('',(-73.74129595148,16.840528241071,
    3.858279045257));
#8947 = CARTESIAN_POINT('',(-73.75798920532,16.885317417658,
    3.886144415456));
#8948 = CARTESIAN_POINT('',(-73.7925883468,16.978742038639,
    3.934556668442));
#8949 = CARTESIAN_POINT('',(-73.81049919726,17.027393431822,
    3.95507062858));
#8950 = CARTESIAN_POINT('',(-73.82883632795,17.077520464764,
    3.971683629161));
#8951 = CARTESIAN_POINT('',(-73.8474546339,17.128752145922,
    3.984282674091));
#8952 = CARTESIAN_POINT('',(-73.86621248906,17.180710818809,
    3.992795828771));
#8953 = CARTESIAN_POINT('',(-73.88896809277,17.24415295798,
    3.998126567742));
#8954 = CARTESIAN_POINT('',(-73.89296290518,17.25530572961,
    3.998875656151));
#8955 = CARTESIAN_POINT('',(-73.89695653066,17.266470512513,
    3.99943772776));
#8956 = CARTESIAN_POINT('',(-73.90094765736,17.277643617609,
    3.999812556504));
#8957 = CARTESIAN_POINT('',(-73.90493498234,17.288821348257,
    4.000000000091));
#8958 = CARTESIAN_POINT('',(-73.90891721159,17.300000000251,4.));
#8959 = PCURVE('',#6179,#8960);
#8960 = DEFINITIONAL_REPRESENTATION('',(#8961),#8984);
#8961 = B_SPLINE_CURVE_WITH_KNOTS('',6,(#8962,#8963,#8964,#8965,#8966,
    #8967,#8968,#8969,#8970,#8971,#8972,#8973,#8974,#8975,#8976,#8977,
    #8978,#8979,#8980,#8981,#8982,#8983),.UNSPECIFIED.,.F.,.F.,(7,5,5,5,
    7),(0.,0.438656153223,0.691710079932,0.945880621455,1.),
  .UNSPECIFIED.);
#8962 = CARTESIAN_POINT('',(-4.62641051363,3.14159265359));
#8963 = CARTESIAN_POINT('',(-4.62641051363,3.25834924874));
#8964 = CARTESIAN_POINT('',(-4.62533819315,3.375140644472));
#8965 = CARTESIAN_POINT('',(-4.623191599237,3.49165569222));
#8966 = CARTESIAN_POINT('',(-4.620070034429,3.607765840424));
#8967 = CARTESIAN_POINT('',(-4.616140067904,3.723391533429));
#8968 = CARTESIAN_POINT('',(-4.608955124947,3.904826364278));
#8969 = CARTESIAN_POINT('',(-4.6061174718,3.97102994402));
#8970 = CARTESIAN_POINT('',(-4.603105027482,4.037062600748));
#8971 = CARTESIAN_POINT('',(-4.599952977881,4.102936446761));
#8972 = CARTESIAN_POINT('',(-4.596695600539,4.168671184564));
#8973 = CARTESIAN_POINT('',(-4.590018713315,4.300200090873));
#8974 = CARTESIAN_POINT('',(-4.586598569575,4.365993165556));
#8975 = CARTESIAN_POINT('',(-4.58313626227,4.431695960552));
#8976 = CARTESIAN_POINT('',(-4.579661489787,4.497337632846));
#8977 = CARTESIAN_POINT('',(-4.576201245592,4.562948961088));
#8978 = CARTESIAN_POINT('',(-4.572051047195,4.642531090448));
#8979 = CARTESIAN_POINT('',(-4.571324243579,4.656501501991));
#8980 = CARTESIAN_POINT('',(-4.570599424711,4.670472210091));
#8981 = CARTESIAN_POINT('',(-4.569876818501,4.6844435029));
#8982 = CARTESIAN_POINT('',(-4.569156647397,4.698415665597));
#8983 = CARTESIAN_POINT('',(-4.568439128382,4.712388980385));
#8984 = ( GEOMETRIC_REPRESENTATION_CONTEXT(2) 
PARAMETRIC_REPRESENTATION_CONTEXT() REPRESENTATION_CONTEXT('2D SPACE',''
  ) );
#8985 = PCURVE('',#6302,#8986);
#8986 = DEFINITIONAL_REPRESENTATION('',(#8987),#9010);
#8987 = B_SPLINE_CURVE_WITH_KNOTS('',6,(#8988,#8989,#8990,#8991,#8992,
    #8993,#8994,#8995,#8996,#8997,#8998,#8999,#9000,#9001,#9002,#9003,
    #9004,#9005,#9006,#9007,#9008,#9009),.UNSPECIFIED.,.F.,.F.,(7,5,5,5,
    7),(0.,0.438656153223,0.691710079932,0.945880621455,1.),
  .UNSPECIFIED.);
#8988 = CARTESIAN_POINT('',(0.,1.188691855334));
#8989 = CARTESIAN_POINT('',(-0.11675659515,1.188691855334));
#8990 = CARTESIAN_POINT('',(-0.233547990883,1.183597967456));
#8991 = CARTESIAN_POINT('',(-0.35006303863,1.17340342386));
#8992 = CARTESIAN_POINT('',(-0.466173186834,1.158466032211));
#8993 = CARTESIAN_POINT('',(-0.58179887984,1.139388346908));
#8994 = CARTESIAN_POINT('',(-0.763233710688,1.103919804643));
#8995 = CARTESIAN_POINT('',(-0.82943729043,1.089804272677));
#8996 = CARTESIAN_POINT('',(-0.895469947158,1.074684303982));
#8997 = CARTESIAN_POINT('',(-0.961343793171,1.058704048517));
#8998 = CARTESIAN_POINT('',(-1.027078530974,1.042010794675));
#8999 = CARTESIAN_POINT('',(-1.158607437283,1.007411653198));
#9000 = CARTESIAN_POINT('',(-1.224400511967,0.989500802736));
#9001 = CARTESIAN_POINT('',(-1.290103306962,0.97116367205));
#9002 = CARTESIAN_POINT('',(-1.355744979256,0.952545366094));
#9003 = CARTESIAN_POINT('',(-1.421356307498,0.933787510937));
#9004 = CARTESIAN_POINT('',(-1.500938436858,0.911031907224));
#9005 = CARTESIAN_POINT('',(-1.514908848402,0.907037094814));
#9006 = CARTESIAN_POINT('',(-1.528879556501,0.903043469332));
#9007 = CARTESIAN_POINT('',(-1.54285084931,0.899052342637));
#9008 = CARTESIAN_POINT('',(-1.556823012007,0.89506501766));
#9009 = CARTESIAN_POINT('',(-1.570796326795,0.891082788403));
#9010 = ( GEOMETRIC_REPRESENTATION_CONTEXT(2) 
PARAMETRIC_REPRESENTATION_CONTEXT() REPRESENTATION_CONTEXT('2D SPACE',''
  ) );
#9011 = ORIENTED_EDGE('',*,*,#7259,.F.);
#9012 = ADVANCED_FACE('',(#9013),#6302,.T.);
#9013 = FACE_BOUND('',#9014,.F.);
#9014 = EDGE_LOOP('',(#9015,#9047,#9048,#9049));
#9015 = ORIENTED_EDGE('',*,*,#9016,.T.);
#9016 = EDGE_CURVE('',#6266,#7214,#9017,.T.);
#9017 = SURFACE_CURVE('',#9018,(#9023,#9035),.PCURVE_S1.);
#9018 = ELLIPSE('',#9019,1.131370849898,0.8);
#9019 = AXIS2_PLACEMENT_3D('',#9020,#9021,#9022);
#9020 = CARTESIAN_POINT('',(-74.,17.3,3.2));
#9021 = DIRECTION('',(-0.707106781187,0.707106781187,0.));
#9022 = DIRECTION('',(0.707106781187,0.707106781187,0.));
#9023 = PCURVE('',#6302,#9024);
#9024 = DEFINITIONAL_REPRESENTATION('',(#9025),#9034);
#9025 = B_SPLINE_CURVE_WITH_KNOTS('',7,(#9026,#9027,#9028,#9029,#9030,
    #9031,#9032,#9033),.UNSPECIFIED.,.F.,.F.,(8,8),(3.14159265359,
    4.712388505414),.PIECEWISE_BEZIER_KNOTS.);
#9026 = CARTESIAN_POINT('',(0.,0.));
#9027 = CARTESIAN_POINT('',(-0.224399407403,-2.198480128057E-17));
#9028 = CARTESIAN_POINT('',(-0.448798814807,4.699890966387E-02));
#9029 = CARTESIAN_POINT('',(-0.67319822221,0.140989911043));
#9030 = CARTESIAN_POINT('',(-0.897597629614,0.276202375833));
#9031 = CARTESIAN_POINT('',(-1.121997037017,0.440961319454));
#9032 = CARTESIAN_POINT('',(-1.346396444421,0.620480094101));
#9033 = CARTESIAN_POINT('',(-1.570795851824,0.799999620023));
#9034 = ( GEOMETRIC_REPRESENTATION_CONTEXT(2) 
PARAMETRIC_REPRESENTATION_CONTEXT() REPRESENTATION_CONTEXT('2D SPACE',''
  ) );
#9035 = PCURVE('',#6390,#9036);
#9036 = DEFINITIONAL_REPRESENTATION('',(#9037),#9046);
#9037 = B_SPLINE_CURVE_WITH_KNOTS('',7,(#9038,#9039,#9040,#9041,#9042,
    #9043,#9044,#9045),.UNSPECIFIED.,.F.,.F.,(8,8),(3.14159265359,
    4.712388505414),.PIECEWISE_BEZIER_KNOTS.);
#9038 = CARTESIAN_POINT('',(0.,0.));
#9039 = CARTESIAN_POINT('',(0.224399407403,-2.198480128057E-17));
#9040 = CARTESIAN_POINT('',(0.448798814807,4.699890966396E-02));
#9041 = CARTESIAN_POINT('',(0.673198222211,0.140989911043));
#9042 = CARTESIAN_POINT('',(0.897597629613,0.276202375833));
#9043 = CARTESIAN_POINT('',(1.121997037017,0.440961319454));
#9044 = CARTESIAN_POINT('',(1.346396444421,0.620480094101));
#9045 = CARTESIAN_POINT('',(1.570795851824,0.799999620023));
#9046 = ( GEOMETRIC_REPRESENTATION_CONTEXT(2) 
PARAMETRIC_REPRESENTATION_CONTEXT() REPRESENTATION_CONTEXT('2D SPACE',''
  ) );
#9047 = ORIENTED_EDGE('',*,*,#7236,.T.);
#9048 = ORIENTED_EDGE('',*,*,#8934,.F.);
#9049 = ORIENTED_EDGE('',*,*,#6288,.F.);
#9050 = ADVANCED_FACE('',(#9051),#6336,.T.);
#9051 = FACE_BOUND('',#9052,.F.);
#9052 = EDGE_LOOP('',(#9053,#9054,#9077,#9143));
#9053 = ORIENTED_EDGE('',*,*,#7754,.T.);
#9054 = ORIENTED_EDGE('',*,*,#9055,.T.);
#9055 = EDGE_CURVE('',#7755,#9056,#9058,.T.);
#9056 = VERTEX_POINT('',#9057);
#9057 = CARTESIAN_POINT('',(15.45,76.827365873398,4.));
#9058 = SURFACE_CURVE('',#9059,(#9063,#9070),.PCURVE_S1.);
#9059 = LINE('',#9060,#9061);
#9060 = CARTESIAN_POINT('',(15.45,74.8,4.));
#9061 = VECTOR('',#9062,1.);
#9062 = DIRECTION('',(2.22044604925E-16,1.,0.));
#9063 = PCURVE('',#6336,#9064);
#9064 = DEFINITIONAL_REPRESENTATION('',(#9065),#9069);
#9065 = LINE('',#9066,#9067);
#9066 = CARTESIAN_POINT('',(-1.570796326795,0.));
#9067 = VECTOR('',#9068,1.);
#9068 = DIRECTION('',(-0.,1.));
#9069 = ( GEOMETRIC_REPRESENTATION_CONTEXT(2) 
PARAMETRIC_REPRESENTATION_CONTEXT() REPRESENTATION_CONTEXT('2D SPACE',''
  ) );
#9070 = PCURVE('',#7804,#9071);
#9071 = DEFINITIONAL_REPRESENTATION('',(#9072),#9076);
#9072 = LINE('',#9073,#9074);
#9073 = CARTESIAN_POINT('',(15.45,74.8));
#9074 = VECTOR('',#9075,1.);
#9075 = DIRECTION('',(2.22044604925E-16,1.));
#9076 = ( GEOMETRIC_REPRESENTATION_CONTEXT(2) 
PARAMETRIC_REPRESENTATION_CONTEXT() REPRESENTATION_CONTEXT('2D SPACE',''
  ) );
#9077 = ORIENTED_EDGE('',*,*,#9078,.F.);
#9078 = EDGE_CURVE('',#6321,#9056,#9079,.T.);
#9079 = SURFACE_CURVE('',#9080,(#9099,#9121),.PCURVE_S1.);
#9080 = B_SPLINE_CURVE_WITH_KNOTS('',5,(#9081,#9082,#9083,#9084,#9085,
    #9086,#9087,#9088,#9089,#9090,#9091,#9092,#9093,#9094,#9095,#9096,
    #9097,#9098),.UNSPECIFIED.,.F.,.F.,(6,4,4,4,6),(0.,0.270202610146,
    0.542286149189,0.769516340731,1.),.UNSPECIFIED.);
#9081 = CARTESIAN_POINT('',(16.25,76.487525100503,3.2));
#9082 = CARTESIAN_POINT('',(16.25,76.487525100503,3.26944199058));
#9083 = CARTESIAN_POINT('',(16.242465287929,76.490551205754,
    3.338889033853));
#9084 = CARTESIAN_POINT('',(16.227393996355,76.49660356978,
    3.407147603028));
#9085 = CARTESIAN_POINT('',(16.205108579023,76.505584216826,
    3.473065504191));
#9086 = CARTESIAN_POINT('',(16.147051633502,76.529125760045,
    3.598671756584));
#9087 = CARTESIAN_POINT('',(16.111183792364,76.543726417179,
    3.658320725196));
#9088 = CARTESIAN_POINT('',(16.069157025203,76.560934373698,
    3.713587663545));
#9089 = CARTESIAN_POINT('',(16.021771576489,76.580497297781,
    3.763678636412));
#9090 = CARTESIAN_POINT('',(15.926596069863,76.620181828987,
    3.84506112826));
#9091 = CARTESIAN_POINT('',(15.880158600722,76.639680454751,
    3.87809203289));
#9092 = CARTESIAN_POINT('',(15.831107915319,76.660448080775,
    3.906788100124));
#9093 = CARTESIAN_POINT('',(15.779985584058,76.682298689834,
    3.930931712365));
#9094 = CARTESIAN_POINT('',(15.67391473053,76.728098415414,
    3.970132939007));
#9095 = CARTESIAN_POINT('',(15.618921710501,76.752073186513,
    3.985055571051));
#9096 = CARTESIAN_POINT('',(15.562906605106,76.776755325756,
    3.995025868641));
#9097 = CARTESIAN_POINT('',(15.506421757529,76.801928987194,
    4.000000012632));
#9098 = CARTESIAN_POINT('',(15.449999999827,76.827365873245,4.));
#9099 = PCURVE('',#6336,#9100);
#9100 = DEFINITIONAL_REPRESENTATION('',(#9101),#9120);
#9101 = B_SPLINE_CURVE_WITH_KNOTS('',5,(#9102,#9103,#9104,#9105,#9106,
    #9107,#9108,#9109,#9110,#9111,#9112,#9113,#9114,#9115,#9116,#9117,
    #9118,#9119),.UNSPECIFIED.,.F.,.F.,(6,4,4,4,6),(0.,0.270202610146,
    0.542286149189,0.769516340731,1.),.UNSPECIFIED.);
#9102 = CARTESIAN_POINT('',(0.,1.687525100503));
#9103 = CARTESIAN_POINT('',(-8.680248822539E-02,1.687525100503));
#9104 = CARTESIAN_POINT('',(-0.173611020375,1.690551205754));
#9105 = CARTESIAN_POINT('',(-0.260298068813,1.69660356978));
#9106 = CARTESIAN_POINT('',(-0.346780215002,1.705584216826));
#9107 = CARTESIAN_POINT('',(-0.519748508535,1.729125760045));
#9108 = CARTESIAN_POINT('',(-0.606240175871,1.743726417179));
#9109 = CARTESIAN_POINT('',(-0.692354451862,1.760934373698));
#9110 = CARTESIAN_POINT('',(-0.778064806259,1.780497297781));
#9111 = CARTESIAN_POINT('',(-0.934596986661,1.820181828987));
#9112 = CARTESIAN_POINT('',(-1.005547171149,1.839680454751));
#9113 = CARTESIAN_POINT('',(-1.076212506787,1.860448080775));
#9114 = CARTESIAN_POINT('',(-1.14661503811,1.882298689834));
#9115 = CARTESIAN_POINT('',(-1.287968772907,1.928098415414));
#9116 = CARTESIAN_POINT('',(-1.358913745027,1.952073186513));
#9117 = CARTESIAN_POINT('',(-1.429662888878,1.976755325756));
#9118 = CARTESIAN_POINT('',(-1.500269176307,2.001928987194));
#9119 = CARTESIAN_POINT('',(-1.570796326795,2.027365873245));
#9120 = ( GEOMETRIC_REPRESENTATION_CONTEXT(2) 
PARAMETRIC_REPRESENTATION_CONTEXT() REPRESENTATION_CONTEXT('2D SPACE',''
  ) );
#9121 = PCURVE('',#6445,#9122);
#9122 = DEFINITIONAL_REPRESENTATION('',(#9123),#9142);
#9123 = B_SPLINE_CURVE_WITH_KNOTS('',5,(#9124,#9125,#9126,#9127,#9128,
    #9129,#9130,#9131,#9132,#9133,#9134,#9135,#9136,#9137,#9138,#9139,
    #9140,#9141),.UNSPECIFIED.,.F.,.F.,(6,4,4,4,6),(0.,0.270202610146,
    0.542286149189,0.769516340731,1.),.UNSPECIFIED.);
#9124 = CARTESIAN_POINT('',(-2.57571741713E-14,0.));
#9125 = CARTESIAN_POINT('',(-2.57571741713E-14,8.680248822539E-02));
#9126 = CARTESIAN_POINT('',(-6.724952565156E-04,0.173611020375));
#9127 = CARTESIAN_POINT('',(-2.017343003932E-03,0.260298068813));
#9128 = CARTESIAN_POINT('',(-4.024649646189E-03,0.346780215002));
#9129 = CARTESIAN_POINT('',(-9.34335313455E-03,0.519748508535));
#9130 = CARTESIAN_POINT('',(-1.266402042229E-02,0.606240175871));
#9131 = CARTESIAN_POINT('',(-1.661671656409E-02,0.692354451862));
#9132 = CARTESIAN_POINT('',(-2.117384689572E-02,0.778064806259));
#9133 = CARTESIAN_POINT('',(-3.057796699806E-02,0.934596986661));
#9134 = CARTESIAN_POINT('',(-3.525350311282E-02,1.005547171149));
#9135 = CARTESIAN_POINT('',(-4.030348331158E-02,1.076212506787));
#9136 = CARTESIAN_POINT('',(-4.570266632219E-02,1.14661503811));
#9137 = CARTESIAN_POINT('',(-5.721786836553E-02,1.287968772907));
#9138 = CARTESIAN_POINT('',(-6.334306616981E-02,1.358913745027));
#9139 = CARTESIAN_POINT('',(-6.976191017637E-02,1.429662888878));
#9140 = CARTESIAN_POINT('',(-7.643455702578E-02,1.500269176307));
#9141 = CARTESIAN_POINT('',(-8.33093916551E-02,1.570796326795));
#9142 = ( GEOMETRIC_REPRESENTATION_CONTEXT(2) 
PARAMETRIC_REPRESENTATION_CONTEXT() REPRESENTATION_CONTEXT('2D SPACE',''
  ) );
#9143 = ORIENTED_EDGE('',*,*,#6320,.F.);
#9144 = ADVANCED_FACE('',(#9145),#6390,.T.);
#9145 = FACE_BOUND('',#9146,.T.);
#9146 = EDGE_LOOP('',(#9147,#9148,#9149,#9150,#9179,#9213,#9241));
#9147 = ORIENTED_EDGE('',*,*,#6374,.F.);
#9148 = ORIENTED_EDGE('',*,*,#9016,.T.);
#9149 = ORIENTED_EDGE('',*,*,#7213,.T.);
#9150 = ORIENTED_EDGE('',*,*,#9151,.F.);
#9151 = EDGE_CURVE('',#9152,#7186,#9154,.T.);
#9152 = VERTEX_POINT('',#9153);
#9153 = CARTESIAN_POINT('',(-74.7416198487,25.,3.5));
#9154 = SURFACE_CURVE('',#9155,(#9160,#9172),.PCURVE_S1.);
#9155 = ELLIPSE('',#9156,1.131370849898,0.8);
#9156 = AXIS2_PLACEMENT_3D('',#9157,#9158,#9159);
#9157 = CARTESIAN_POINT('',(-74.,25.3,3.2));
#9158 = DIRECTION('',(0.,0.707106781187,0.707106781187));
#9159 = DIRECTION('',(-0.,0.707106781187,-0.707106781187));
#9160 = PCURVE('',#6390,#9161);
#9161 = DEFINITIONAL_REPRESENTATION('',(#9162),#9171);
#9162 = B_SPLINE_CURVE_WITH_KNOTS('',7,(#9163,#9164,#9165,#9166,#9167,
    #9168,#9169,#9170),.UNSPECIFIED.,.F.,.F.,(8,8),(1.888620030723,
    3.14159265359),.PIECEWISE_BEZIER_KNOTS.);
#9163 = CARTESIAN_POINT('',(0.317823703928,8.55));
#9164 = CARTESIAN_POINT('',(0.496819792909,8.413974748943));
#9165 = CARTESIAN_POINT('',(0.67581588189,8.287294522963));
#9166 = CARTESIAN_POINT('',(0.85481197087,8.177076566284));
#9167 = CARTESIAN_POINT('',(1.033808059853,8.089710083947));
#9168 = CARTESIAN_POINT('',(1.212804148833,8.029903778475));
#9169 = CARTESIAN_POINT('',(1.391800237814,8.));
#9170 = CARTESIAN_POINT('',(1.570796326795,8.));
#9171 = ( GEOMETRIC_REPRESENTATION_CONTEXT(2) 
PARAMETRIC_REPRESENTATION_CONTEXT() REPRESENTATION_CONTEXT('2D SPACE',''
  ) );
#9172 = PCURVE('',#7201,#9173);
#9173 = DEFINITIONAL_REPRESENTATION('',(#9174),#9178);
#9174 = ELLIPSE('',#9175,1.131370849898,0.8);
#9175 = AXIS2_PLACEMENT_2D('',#9176,#9177);
#9176 = CARTESIAN_POINT('',(-0.424264068712,1.8));
#9177 = DIRECTION('',(-1.,0.));
#9178 = ( GEOMETRIC_REPRESENTATION_CONTEXT(2) 
PARAMETRIC_REPRESENTATION_CONTEXT() REPRESENTATION_CONTEXT('2D SPACE',''
  ) );
#9179 = ORIENTED_EDGE('',*,*,#9180,.F.);
#9180 = EDGE_CURVE('',#9181,#9152,#9183,.T.);
#9181 = VERTEX_POINT('',#9182);
#9182 = CARTESIAN_POINT('',(-74.,25.5,4.));
#9183 = SURFACE_CURVE('',#9184,(#9189,#9201),.PCURVE_S1.);
#9184 = ELLIPSE('',#9185,1.131370849898,0.8);
#9185 = AXIS2_PLACEMENT_3D('',#9186,#9187,#9188);
#9186 = CARTESIAN_POINT('',(-74.,24.7,3.2));
#9187 = DIRECTION('',(0.,-0.707106781187,0.707106781187));
#9188 = DIRECTION('',(0.,0.707106781187,0.707106781187));
#9189 = PCURVE('',#6390,#9190);
#9190 = DEFINITIONAL_REPRESENTATION('',(#9191),#9200);
#9191 = B_SPLINE_CURVE_WITH_KNOTS('',7,(#9192,#9193,#9194,#9195,#9196,
    #9197,#9198,#9199),.UNSPECIFIED.,.F.,.F.,(8,8),(1.014653635757E-17,
    1.252972622867),.PIECEWISE_BEZIER_KNOTS.);
#9192 = CARTESIAN_POINT('',(1.570796326795,9.));
#9193 = CARTESIAN_POINT('',(1.391800237814,9.));
#9194 = CARTESIAN_POINT('',(1.212804148833,8.970096221521));
#9195 = CARTESIAN_POINT('',(1.033808059852,8.910289916061));
#9196 = CARTESIAN_POINT('',(0.854811970871,8.822923433709));
#9197 = CARTESIAN_POINT('',(0.67581588189,8.71270547704));
#9198 = CARTESIAN_POINT('',(0.496819792909,8.586025251057));
#9199 = CARTESIAN_POINT('',(0.317823703928,8.45));
#9200 = ( GEOMETRIC_REPRESENTATION_CONTEXT(2) 
PARAMETRIC_REPRESENTATION_CONTEXT() REPRESENTATION_CONTEXT('2D SPACE',''
  ) );
#9201 = PCURVE('',#9202,#9207);
#9202 = PLANE('',#9203);
#9203 = AXIS2_PLACEMENT_3D('',#9204,#9205,#9206);
#9204 = CARTESIAN_POINT('',(-75.8,25.,3.5));
#9205 = DIRECTION('',(0.,-0.707106781187,0.707106781187));
#9206 = DIRECTION('',(1.,0.,0.));
#9207 = DEFINITIONAL_REPRESENTATION('',(#9208),#9212);
#9208 = ELLIPSE('',#9209,1.131370849898,0.8);
#9209 = AXIS2_PLACEMENT_2D('',#9210,#9211);
#9210 = CARTESIAN_POINT('',(1.8,-0.424264068712));
#9211 = DIRECTION('',(0.,1.));
#9212 = ( GEOMETRIC_REPRESENTATION_CONTEXT(2) 
PARAMETRIC_REPRESENTATION_CONTEXT() REPRESENTATION_CONTEXT('2D SPACE',''
  ) );
#9213 = ORIENTED_EDGE('',*,*,#9214,.T.);
#9214 = EDGE_CURVE('',#9181,#9215,#9217,.T.);
#9215 = VERTEX_POINT('',#9216);
#9216 = CARTESIAN_POINT('',(-74.,58.7,4.));
#9217 = SURFACE_CURVE('',#9218,(#9222,#9229),.PCURVE_S1.);
#9218 = LINE('',#9219,#9220);
#9219 = CARTESIAN_POINT('',(-74.,16.5,4.));
#9220 = VECTOR('',#9221,1.);
#9221 = DIRECTION('',(-0.,1.,0.));
#9222 = PCURVE('',#6390,#9223);
#9223 = DEFINITIONAL_REPRESENTATION('',(#9224),#9228);
#9224 = LINE('',#9225,#9226);
#9225 = CARTESIAN_POINT('',(1.570796326795,0.));
#9226 = VECTOR('',#9227,1.);
#9227 = DIRECTION('',(0.,1.));
#9228 = ( GEOMETRIC_REPRESENTATION_CONTEXT(2) 
PARAMETRIC_REPRESENTATION_CONTEXT() REPRESENTATION_CONTEXT('2D SPACE',''
  ) );
#9229 = PCURVE('',#9230,#9235);
#9230 = PLANE('',#9231);
#9231 = AXIS2_PLACEMENT_3D('',#9232,#9233,#9234);
#9232 = CARTESIAN_POINT('',(0.,0.,4.));
#9233 = DIRECTION('',(0.,0.,1.));
#9234 = DIRECTION('',(1.,0.,-0.));
#9235 = DEFINITIONAL_REPRESENTATION('',(#9236),#9240);
#9236 = LINE('',#9237,#9238);
#9237 = CARTESIAN_POINT('',(-74.,16.5));
#9238 = VECTOR('',#9239,1.);
#9239 = DIRECTION('',(0.,1.));
#9240 = ( GEOMETRIC_REPRESENTATION_CONTEXT(2) 
PARAMETRIC_REPRESENTATION_CONTEXT() REPRESENTATION_CONTEXT('2D SPACE',''
  ) );
#9241 = ORIENTED_EDGE('',*,*,#9242,.F.);
#9242 = EDGE_CURVE('',#6375,#9215,#9243,.T.);
#9243 = SURFACE_CURVE('',#9244,(#9249,#9261),.PCURVE_S1.);
#9244 = ELLIPSE('',#9245,1.131370849898,0.8);
#9245 = AXIS2_PLACEMENT_3D('',#9246,#9247,#9248);
#9246 = CARTESIAN_POINT('',(-74.,58.7,3.2));
#9247 = DIRECTION('',(0.707106781187,0.707106781187,0.));
#9248 = DIRECTION('',(0.707106781187,-0.707106781187,-0.));
#9249 = PCURVE('',#6390,#9250);
#9250 = DEFINITIONAL_REPRESENTATION('',(#9251),#9260);
#9251 = B_SPLINE_CURVE_WITH_KNOTS('',7,(#9252,#9253,#9254,#9255,#9256,
    #9257,#9258,#9259),.UNSPECIFIED.,.F.,.F.,(8,8),(3.14159265359,
    4.712388505414),.PIECEWISE_BEZIER_KNOTS.);
#9252 = CARTESIAN_POINT('',(0.,43.));
#9253 = CARTESIAN_POINT('',(0.224399407403,43.));
#9254 = CARTESIAN_POINT('',(0.448798814807,42.953001090343));
#9255 = CARTESIAN_POINT('',(0.673198222211,42.859010088939));
#9256 = CARTESIAN_POINT('',(0.897597629613,42.723797624191));
#9257 = CARTESIAN_POINT('',(1.121997037017,42.559038680539));
#9258 = CARTESIAN_POINT('',(1.346396444421,42.379519905899));
#9259 = CARTESIAN_POINT('',(1.570795851824,42.200000379977));
#9260 = ( GEOMETRIC_REPRESENTATION_CONTEXT(2) 
PARAMETRIC_REPRESENTATION_CONTEXT() REPRESENTATION_CONTEXT('2D SPACE',''
  ) );
#9261 = PCURVE('',#6499,#9262);
#9262 = DEFINITIONAL_REPRESENTATION('',(#9263),#9272);
#9263 = B_SPLINE_CURVE_WITH_KNOTS('',7,(#9264,#9265,#9266,#9267,#9268,
    #9269,#9270,#9271),.UNSPECIFIED.,.F.,.F.,(8,8),(3.14159265359,
    4.712388505414),.PIECEWISE_BEZIER_KNOTS.);
#9264 = CARTESIAN_POINT('',(0.,0.));
#9265 = CARTESIAN_POINT('',(0.224399407403,-2.198480128057E-17));
#9266 = CARTESIAN_POINT('',(0.448798814807,4.699890966387E-02));
#9267 = CARTESIAN_POINT('',(0.67319822221,0.140989911043));
#9268 = CARTESIAN_POINT('',(0.897597629614,0.276202375833));
#9269 = CARTESIAN_POINT('',(1.121997037017,0.440961319454));
#9270 = CARTESIAN_POINT('',(1.346396444421,0.620480094101));
#9271 = CARTESIAN_POINT('',(1.570795851824,0.799999620023));
#9272 = ( GEOMETRIC_REPRESENTATION_CONTEXT(2) 
PARAMETRIC_REPRESENTATION_CONTEXT() REPRESENTATION_CONTEXT('2D SPACE',''
  ) );
#9273 = ADVANCED_FACE('',(#9274),#6445,.T.);
#9274 = FACE_BOUND('',#9275,.T.);
#9275 = EDGE_LOOP('',(#9276,#9277,#9278,#9346));
#9276 = ORIENTED_EDGE('',*,*,#9078,.F.);
#9277 = ORIENTED_EDGE('',*,*,#6428,.T.);
#9278 = ORIENTED_EDGE('',*,*,#9279,.T.);
#9279 = EDGE_CURVE('',#6429,#9280,#9282,.T.);
#9280 = VERTEX_POINT('',#9281);
#9281 = CARTESIAN_POINT('',(10.55,76.827365873398,4.));
#9282 = SURFACE_CURVE('',#9283,(#9302,#9324),.PCURVE_S1.);
#9283 = B_SPLINE_CURVE_WITH_KNOTS('',5,(#9284,#9285,#9286,#9287,#9288,
    #9289,#9290,#9291,#9292,#9293,#9294,#9295,#9296,#9297,#9298,#9299,
    #9300,#9301),.UNSPECIFIED.,.F.,.F.,(6,4,4,4,6),(0.,0.27020261026,
    0.542286149303,0.769516340846,1.),.UNSPECIFIED.);
#9284 = CARTESIAN_POINT('',(9.75,76.487525100503,3.2));
#9285 = CARTESIAN_POINT('',(9.75,76.487525100503,3.26944199061));
#9286 = CARTESIAN_POINT('',(9.757534712077,76.490551205756,
    3.338889033912));
#9287 = CARTESIAN_POINT('',(9.772606003664,76.496603569788,
    3.407147603115));
#9288 = CARTESIAN_POINT('',(9.794891421015,76.505584216841,
    3.473065504303));
#9289 = CARTESIAN_POINT('',(9.852948366571,76.529125760074,
    3.598671756712));
#9290 = CARTESIAN_POINT('',(9.88881620772,76.543726417213,3.658320725317
    ));
#9291 = CARTESIAN_POINT('',(9.930842974891,76.560934373737,
    3.713587663658));
#9292 = CARTESIAN_POINT('',(9.978228423614,76.580497297824,
    3.763678636516));
#9293 = CARTESIAN_POINT('',(10.073403930254,76.620181829036,
    3.845061128347));
#9294 = CARTESIAN_POINT('',(10.119841399402,76.639680454803,
    3.878092032968));
#9295 = CARTESIAN_POINT('',(10.168892084811,76.66044808083,
    3.906788100194));
#9296 = CARTESIAN_POINT('',(10.220014416076,76.682298689891,
    3.930931712425));
#9297 = CARTESIAN_POINT('',(10.326085269584,76.728098415464,
    3.970132939038));
#9298 = CARTESIAN_POINT('',(10.381078289506,76.752073186629,
    3.985055571067));
#9299 = CARTESIAN_POINT('',(10.437093395149,76.776755325597,
    3.995025868646));
#9300 = CARTESIAN_POINT('',(10.493578242309,76.801928987396,
    4.000000012633));
#9301 = CARTESIAN_POINT('',(10.550000000271,76.827365873158,4.));
#9302 = PCURVE('',#6445,#9303);
#9303 = DEFINITIONAL_REPRESENTATION('',(#9304),#9323);
#9304 = B_SPLINE_CURVE_WITH_KNOTS('',5,(#9305,#9306,#9307,#9308,#9309,
    #9310,#9311,#9312,#9313,#9314,#9315,#9316,#9317,#9318,#9319,#9320,
    #9321,#9322),.UNSPECIFIED.,.F.,.F.,(6,4,4,4,6),(0.,0.27020261026,
    0.542286149303,0.769516340846,1.),.UNSPECIFIED.);
#9305 = CARTESIAN_POINT('',(4.669165646385,0.));
#9306 = CARTESIAN_POINT('',(4.669165646385,8.680248826221E-02));
#9307 = CARTESIAN_POINT('',(4.669838141643,0.173611020449));
#9308 = CARTESIAN_POINT('',(4.671182989391,0.260298068923));
#9309 = CARTESIAN_POINT('',(4.673190296035,0.346780215149));
#9310 = CARTESIAN_POINT('',(4.678508999527,0.519748508718));
#9311 = CARTESIAN_POINT('',(4.681829666816,0.606240176054));
#9312 = CARTESIAN_POINT('',(4.685782362958,0.692354452045));
#9313 = CARTESIAN_POINT('',(4.690339493291,0.778064806442));
#9314 = CARTESIAN_POINT('',(4.699743613395,0.934596986844));
#9315 = CARTESIAN_POINT('',(4.704419149511,1.005547171332));
#9316 = CARTESIAN_POINT('',(4.70946912971,1.07621250697));
#9317 = CARTESIAN_POINT('',(4.714868312722,1.146615038292));
#9318 = CARTESIAN_POINT('',(4.726383514764,1.287968773054));
#9319 = CARTESIAN_POINT('',(4.732508712535,1.358913745144));
#9320 = CARTESIAN_POINT('',(4.738927556642,1.429662888941));
#9321 = CARTESIAN_POINT('',(4.745600203342,1.500269176362));
#9322 = CARTESIAN_POINT('',(4.752475038076,1.570796326795));
#9323 = ( GEOMETRIC_REPRESENTATION_CONTEXT(2) 
PARAMETRIC_REPRESENTATION_CONTEXT() REPRESENTATION_CONTEXT('2D SPACE',''
  ) );
#9324 = PCURVE('',#6573,#9325);
#9325 = DEFINITIONAL_REPRESENTATION('',(#9326),#9345);
#9326 = B_SPLINE_CURVE_WITH_KNOTS('',5,(#9327,#9328,#9329,#9330,#9331,
    #9332,#9333,#9334,#9335,#9336,#9337,#9338,#9339,#9340,#9341,#9342,
    #9343,#9344),.UNSPECIFIED.,.F.,.F.,(6,4,4,4,6),(0.,0.27020261026,
    0.542286149303,0.769516340846,1.),.UNSPECIFIED.);
#9327 = CARTESIAN_POINT('',(0.,1.687525100503));
#9328 = CARTESIAN_POINT('',(8.680248826221E-02,1.687525100503));
#9329 = CARTESIAN_POINT('',(0.173611020449,1.690551205756));
#9330 = CARTESIAN_POINT('',(0.260298068923,1.696603569788));
#9331 = CARTESIAN_POINT('',(0.346780215149,1.705584216841));
#9332 = CARTESIAN_POINT('',(0.519748508718,1.729125760074));
#9333 = CARTESIAN_POINT('',(0.606240176054,1.743726417213));
#9334 = CARTESIAN_POINT('',(0.692354452045,1.760934373737));
#9335 = CARTESIAN_POINT('',(0.778064806442,1.780497297824));
#9336 = CARTESIAN_POINT('',(0.934596986844,1.820181829036));
#9337 = CARTESIAN_POINT('',(1.005547171332,1.839680454803));
#9338 = CARTESIAN_POINT('',(1.07621250697,1.86044808083));
#9339 = CARTESIAN_POINT('',(1.146615038292,1.882298689891));
#9340 = CARTESIAN_POINT('',(1.287968773054,1.928098415464));
#9341 = CARTESIAN_POINT('',(1.358913745144,1.952073186629));
#9342 = CARTESIAN_POINT('',(1.429662888941,1.976755325597));
#9343 = CARTESIAN_POINT('',(1.500269176362,2.001928987396));
#9344 = CARTESIAN_POINT('',(1.570796326795,2.027365873158));
#9345 = ( GEOMETRIC_REPRESENTATION_CONTEXT(2) 
PARAMETRIC_REPRESENTATION_CONTEXT() REPRESENTATION_CONTEXT('2D SPACE',''
  ) );
#9346 = ORIENTED_EDGE('',*,*,#9347,.F.);
#9347 = EDGE_CURVE('',#9056,#9280,#9348,.T.);
#9348 = SURFACE_CURVE('',#9349,(#9354,#9361),.PCURVE_S1.);
#9349 = CIRCLE('',#9350,3.7);
#9350 = AXIS2_PLACEMENT_3D('',#9351,#9352,#9353);
#9351 = CARTESIAN_POINT('',(13.,79.6,4.));
#9352 = DIRECTION('',(0.,0.,1.));
#9353 = DIRECTION('',(0.722222222222,-0.691661088777,0.));
#9354 = PCURVE('',#6445,#9355);
#9355 = DEFINITIONAL_REPRESENTATION('',(#9356),#9360);
#9356 = LINE('',#9357,#9358);
#9357 = CARTESIAN_POINT('',(0.,1.570796326795));
#9358 = VECTOR('',#9359,1.);
#9359 = DIRECTION('',(1.,0.));
#9360 = ( GEOMETRIC_REPRESENTATION_CONTEXT(2) 
PARAMETRIC_REPRESENTATION_CONTEXT() REPRESENTATION_CONTEXT('2D SPACE',''
  ) );
#9361 = PCURVE('',#7804,#9362);
#9362 = DEFINITIONAL_REPRESENTATION('',(#9363),#9367);
#9363 = CIRCLE('',#9364,3.7);
#9364 = AXIS2_PLACEMENT_2D('',#9365,#9366);
#9365 = CARTESIAN_POINT('',(13.,79.6));
#9366 = DIRECTION('',(0.722222222222,-0.691661088777));
#9367 = ( GEOMETRIC_REPRESENTATION_CONTEXT(2) 
PARAMETRIC_REPRESENTATION_CONTEXT() REPRESENTATION_CONTEXT('2D SPACE',''
  ) );
#9368 = ADVANCED_FACE('',(#9369),#6499,.T.);
#9369 = FACE_BOUND('',#9370,.T.);
#9370 = EDGE_LOOP('',(#9371,#9372,#9395,#9473));
#9371 = ORIENTED_EDGE('',*,*,#9242,.T.);
#9372 = ORIENTED_EDGE('',*,*,#9373,.T.);
#9373 = EDGE_CURVE('',#9215,#9374,#9376,.T.);
#9374 = VERTEX_POINT('',#9375);
#9375 = CARTESIAN_POINT('',(-73.9089172119,58.7,4.));
#9376 = SURFACE_CURVE('',#9377,(#9381,#9388),.PCURVE_S1.);
#9377 = LINE('',#9378,#9379);
#9378 = CARTESIAN_POINT('',(-74.8,58.7,4.));
#9379 = VECTOR('',#9380,1.);
#9380 = DIRECTION('',(1.,0.,-0.));
#9381 = PCURVE('',#6499,#9382);
#9382 = DEFINITIONAL_REPRESENTATION('',(#9383),#9387);
#9383 = LINE('',#9384,#9385);
#9384 = CARTESIAN_POINT('',(1.570796326795,0.));
#9385 = VECTOR('',#9386,1.);
#9386 = DIRECTION('',(0.,1.));
#9387 = ( GEOMETRIC_REPRESENTATION_CONTEXT(2) 
PARAMETRIC_REPRESENTATION_CONTEXT() REPRESENTATION_CONTEXT('2D SPACE',''
  ) );
#9388 = PCURVE('',#9230,#9389);
#9389 = DEFINITIONAL_REPRESENTATION('',(#9390),#9394);
#9390 = LINE('',#9391,#9392);
#9391 = CARTESIAN_POINT('',(-74.8,58.7));
#9392 = VECTOR('',#9393,1.);
#9393 = DIRECTION('',(1.,0.));
#9394 = ( GEOMETRIC_REPRESENTATION_CONTEXT(2) 
PARAMETRIC_REPRESENTATION_CONTEXT() REPRESENTATION_CONTEXT('2D SPACE',''
  ) );
#9395 = ORIENTED_EDGE('',*,*,#9396,.F.);
#9396 = EDGE_CURVE('',#6484,#9374,#9397,.T.);
#9397 = SURFACE_CURVE('',#9398,(#9421,#9447),.PCURVE_S1.);
#9398 = B_SPLINE_CURVE_WITH_KNOTS('',6,(#9399,#9400,#9401,#9402,#9403,
    #9404,#9405,#9406,#9407,#9408,#9409,#9410,#9411,#9412,#9413,#9414,
    #9415,#9416,#9417,#9418,#9419,#9420),.UNSPECIFIED.,.F.,.F.,(7,5,5,5,
    7),(0.,0.438656155425,0.691710082161,0.945880623697,1.),
  .UNSPECIFIED.);
#9399 = CARTESIAN_POINT('',(-73.61130814466,59.5,3.2));
#9400 = CARTESIAN_POINT('',(-73.61130814466,59.5,3.293405276588));
#9401 = CARTESIAN_POINT('',(-73.61640203259,59.486913150546,
    3.386838899273));
#9402 = CARTESIAN_POINT('',(-73.62659657629,59.460724913051,
    3.477756444018));
#9403 = CARTESIAN_POINT('',(-73.64153396808,59.422188986172,
    3.563769020016));
#9404 = CARTESIAN_POINT('',(-73.66061165357,59.372567028208,
    3.642861476201));
#9405 = CARTESIAN_POINT('',(-73.69608019608,59.27940948438,
    3.754169942992));
#9406 = CARTESIAN_POINT('',(-73.71019572809,59.24217371348,
    3.792070670994));
#9407 = CARTESIAN_POINT('',(-73.72531569683,59.202084641764,
    3.826855296234));
#9408 = CARTESIAN_POINT('',(-73.74129595233,59.159471756653,
    3.858279046846));
#9409 = CARTESIAN_POINT('',(-73.7579892062,59.114682579969,
    3.886144416891));
#9410 = CARTESIAN_POINT('',(-73.79258834773,59.021257958821,
    3.934556669553));
#9411 = CARTESIAN_POINT('',(-73.81049919822,58.972606565569,
    3.955070629523));
#9412 = CARTESIAN_POINT('',(-73.82883632892,58.922479532569,
    3.97168362993));
#9413 = CARTESIAN_POINT('',(-73.84745463488,58.871247851367,
    3.984282674683));
#9414 = CARTESIAN_POINT('',(-73.86621249005,58.81928917845,
    3.992795829183));
#9415 = CARTESIAN_POINT('',(-73.8889680936,58.755847039719,
    3.998126567897));
#9416 = CARTESIAN_POINT('',(-73.89296290594,58.744694268629,
    3.998875656244));
#9417 = CARTESIAN_POINT('',(-73.89695653122,58.733529486155,
    3.999437727806));
#9418 = CARTESIAN_POINT('',(-73.90094765756,58.722356381377,
    3.99981255652));
#9419 = CARTESIAN_POINT('',(-73.90493498229,58.71117865113,
    4.000000000091));
#9420 = CARTESIAN_POINT('',(-73.9089172119,58.7,4.));
#9421 = PCURVE('',#6499,#9422);
#9422 = DEFINITIONAL_REPRESENTATION('',(#9423),#9446);
#9423 = B_SPLINE_CURVE_WITH_KNOTS('',6,(#9424,#9425,#9426,#9427,#9428,
    #9429,#9430,#9431,#9432,#9433,#9434,#9435,#9436,#9437,#9438,#9439,
    #9440,#9441,#9442,#9443,#9444,#9445),.UNSPECIFIED.,.F.,.F.,(7,5,5,5,
    7),(0.,0.438656155425,0.691710082161,0.945880623697,1.),
  .UNSPECIFIED.);
#9424 = CARTESIAN_POINT('',(0.,1.188691855333));
#9425 = CARTESIAN_POINT('',(0.116756595735,1.188691855333));
#9426 = CARTESIAN_POINT('',(0.233547992053,1.183597967407));
#9427 = CARTESIAN_POINT('',(0.350063040382,1.173403423705));
#9428 = CARTESIAN_POINT('',(0.466173189161,1.158466031912));
#9429 = CARTESIAN_POINT('',(0.581798882737,1.13938834643));
#9430 = CARTESIAN_POINT('',(0.763233714148,1.103919803916));
#9431 = CARTESIAN_POINT('',(0.829437293889,1.089804271904));
#9432 = CARTESIAN_POINT('',(0.895469950616,1.074684303167));
#9433 = CARTESIAN_POINT('',(0.961343796629,1.058704047665));
#9434 = CARTESIAN_POINT('',(1.027078534433,1.042010793791));
#9435 = CARTESIAN_POINT('',(1.158607440741,1.007411652262));
#9436 = CARTESIAN_POINT('',(1.224400515423,0.989500801779));
#9437 = CARTESIAN_POINT('',(1.290103310418,0.971163671078));
#9438 = CARTESIAN_POINT('',(1.355744982712,0.952545365111));
#9439 = CARTESIAN_POINT('',(1.421356310956,0.933787509949));
#9440 = CARTESIAN_POINT('',(1.50093843974,0.9110319064));
#9441 = CARTESIAN_POINT('',(1.514908850708,0.907037094054));
#9442 = CARTESIAN_POINT('',(1.528879558229,0.903043468778));
#9443 = CARTESIAN_POINT('',(1.542850850453,0.899052342433));
#9444 = CARTESIAN_POINT('',(1.556823012568,0.895065017701));
#9445 = CARTESIAN_POINT('',(1.570796326795,0.891082788096));
#9446 = ( GEOMETRIC_REPRESENTATION_CONTEXT(2) 
PARAMETRIC_REPRESENTATION_CONTEXT() REPRESENTATION_CONTEXT('2D SPACE',''
  ) );
#9447 = PCURVE('',#6608,#9448);
#9448 = DEFINITIONAL_REPRESENTATION('',(#9449),#9472);
#9449 = B_SPLINE_CURVE_WITH_KNOTS('',6,(#9450,#9451,#9452,#9453,#9454,
    #9455,#9456,#9457,#9458,#9459,#9460,#9461,#9462,#9463,#9464,#9465,
    #9466,#9467,#9468,#9469,#9470,#9471),.UNSPECIFIED.,.F.,.F.,(7,5,5,5,
    7),(0.,0.438656155425,0.691710082161,0.945880623697,1.),
  .UNSPECIFIED.);
#9450 = CARTESIAN_POINT('',(1.50990331349E-13,3.14159265359));
#9451 = CARTESIAN_POINT('',(1.50990331349E-13,3.258349249325));
#9452 = CARTESIAN_POINT('',(-1.072320491406E-03,3.375140645643));
#9453 = CARTESIAN_POINT('',(-3.218914425514E-03,3.491655693972));
#9454 = CARTESIAN_POINT('',(-6.340479264169E-03,3.607765842751));
#9455 = CARTESIAN_POINT('',(-1.02704458248E-02,3.723391536326));
#9456 = CARTESIAN_POINT('',(-1.745538882948E-02,3.904826367738));
#9457 = CARTESIAN_POINT('',(-2.029304198474E-02,3.971029947479));
#9458 = CARTESIAN_POINT('',(-2.330548630997E-02,4.037062604206));
#9459 = CARTESIAN_POINT('',(-2.645753591678E-02,4.102936450219));
#9460 = CARTESIAN_POINT('',(-2.971491326357E-02,4.168671188023));
#9461 = CARTESIAN_POINT('',(-3.639180049414E-02,4.300200094331));
#9462 = CARTESIAN_POINT('',(-3.98119442371E-02,4.365993169013));
#9463 = CARTESIAN_POINT('',(-4.327425154284E-02,4.431695964008));
#9464 = CARTESIAN_POINT('',(-4.674902402651E-02,4.497337636302));
#9465 = CARTESIAN_POINT('',(-5.020926822014E-02,4.562948964546));
#9466 = CARTESIAN_POINT('',(-5.435946658516E-02,4.64253109333));
#9467 = CARTESIAN_POINT('',(-5.508627014707E-02,4.656501504298));
#9468 = CARTESIAN_POINT('',(-5.581108899508E-02,4.670472211818));
#9469 = CARTESIAN_POINT('',(-5.65336952168E-02,4.684443504043));
#9470 = CARTESIAN_POINT('',(-5.72538663088E-02,4.698415666158));
#9471 = CARTESIAN_POINT('',(-5.797138517658E-02,4.712388980385));
#9472 = ( GEOMETRIC_REPRESENTATION_CONTEXT(2) 
PARAMETRIC_REPRESENTATION_CONTEXT() REPRESENTATION_CONTEXT('2D SPACE',''
  ) );
#9473 = ORIENTED_EDGE('',*,*,#6483,.F.);
#9474 = ADVANCED_FACE('',(#9475),#6573,.T.);
#9475 = FACE_BOUND('',#9476,.T.);
#9476 = EDGE_LOOP('',(#9477,#9511,#9532,#9533));
#9477 = ORIENTED_EDGE('',*,*,#9478,.T.);
#9478 = EDGE_CURVE('',#6537,#9479,#9481,.T.);
#9479 = VERTEX_POINT('',#9480);
#9480 = CARTESIAN_POINT('',(10.55,74.,4.));
#9481 = SURFACE_CURVE('',#9482,(#9487,#9499),.PCURVE_S1.);
#9482 = ELLIPSE('',#9483,1.131370849898,0.8);
#9483 = AXIS2_PLACEMENT_3D('',#9484,#9485,#9486);
#9484 = CARTESIAN_POINT('',(10.55,74.,3.2));
#9485 = DIRECTION('',(0.707106781187,0.707106781187,0.));
#9486 = DIRECTION('',(-0.707106781187,0.707106781187,0.));
#9487 = PCURVE('',#6573,#9488);
#9488 = DEFINITIONAL_REPRESENTATION('',(#9489),#9498);
#9489 = B_SPLINE_CURVE_WITH_KNOTS('',7,(#9490,#9491,#9492,#9493,#9494,
    #9495,#9496,#9497),.UNSPECIFIED.,.F.,.F.,(8,8),(0.,1.570795851824),
  .PIECEWISE_BEZIER_KNOTS.);
#9490 = CARTESIAN_POINT('',(0.,0.));
#9491 = CARTESIAN_POINT('',(0.224399407403,0.));
#9492 = CARTESIAN_POINT('',(0.448798814807,-4.699890966389E-02));
#9493 = CARTESIAN_POINT('',(0.673198222211,-0.140989911043));
#9494 = CARTESIAN_POINT('',(0.897597629613,-0.276202375833));
#9495 = CARTESIAN_POINT('',(1.121997037017,-0.440961319454));
#9496 = CARTESIAN_POINT('',(1.346396444421,-0.620480094101));
#9497 = CARTESIAN_POINT('',(1.570795851824,-0.799999620023));
#9498 = ( GEOMETRIC_REPRESENTATION_CONTEXT(2) 
PARAMETRIC_REPRESENTATION_CONTEXT() REPRESENTATION_CONTEXT('2D SPACE',''
  ) );
#9499 = PCURVE('',#6682,#9500);
#9500 = DEFINITIONAL_REPRESENTATION('',(#9501),#9510);
#9501 = B_SPLINE_CURVE_WITH_KNOTS('',7,(#9502,#9503,#9504,#9505,#9506,
    #9507,#9508,#9509),.UNSPECIFIED.,.F.,.F.,(8,8),(0.,1.570795851824),
  .PIECEWISE_BEZIER_KNOTS.);
#9502 = CARTESIAN_POINT('',(0.,43.5));
#9503 = CARTESIAN_POINT('',(0.224399407403,43.5));
#9504 = CARTESIAN_POINT('',(0.448798814807,43.546998909662));
#9505 = CARTESIAN_POINT('',(0.67319822221,43.640989911048));
#9506 = CARTESIAN_POINT('',(0.897597629614,43.776202375835));
#9507 = CARTESIAN_POINT('',(1.121997037017,43.940961319455));
#9508 = CARTESIAN_POINT('',(1.346396444421,44.120480094101));
#9509 = CARTESIAN_POINT('',(1.570795851824,44.299999620023));
#9510 = ( GEOMETRIC_REPRESENTATION_CONTEXT(2) 
PARAMETRIC_REPRESENTATION_CONTEXT() REPRESENTATION_CONTEXT('2D SPACE',''
  ) );
#9511 = ORIENTED_EDGE('',*,*,#9512,.T.);
#9512 = EDGE_CURVE('',#9479,#9280,#9513,.T.);
#9513 = SURFACE_CURVE('',#9514,(#9518,#9525),.PCURVE_S1.);
#9514 = LINE('',#9515,#9516);
#9515 = CARTESIAN_POINT('',(10.55,74.8,4.));
#9516 = VECTOR('',#9517,1.);
#9517 = DIRECTION('',(2.22044604925E-16,1.,0.));
#9518 = PCURVE('',#6573,#9519);
#9519 = DEFINITIONAL_REPRESENTATION('',(#9520),#9524);
#9520 = LINE('',#9521,#9522);
#9521 = CARTESIAN_POINT('',(1.570796326795,0.));
#9522 = VECTOR('',#9523,1.);
#9523 = DIRECTION('',(0.,1.));
#9524 = ( GEOMETRIC_REPRESENTATION_CONTEXT(2) 
PARAMETRIC_REPRESENTATION_CONTEXT() REPRESENTATION_CONTEXT('2D SPACE',''
  ) );
#9525 = PCURVE('',#7804,#9526);
#9526 = DEFINITIONAL_REPRESENTATION('',(#9527),#9531);
#9527 = LINE('',#9528,#9529);
#9528 = CARTESIAN_POINT('',(10.55,74.8));
#9529 = VECTOR('',#9530,1.);
#9530 = DIRECTION('',(2.22044604925E-16,1.));
#9531 = ( GEOMETRIC_REPRESENTATION_CONTEXT(2) 
PARAMETRIC_REPRESENTATION_CONTEXT() REPRESENTATION_CONTEXT('2D SPACE',''
  ) );
#9532 = ORIENTED_EDGE('',*,*,#9279,.F.);
#9533 = ORIENTED_EDGE('',*,*,#6559,.F.);
#9534 = ADVANCED_FACE('',(#9535),#6608,.T.);
#9535 = FACE_BOUND('',#9536,.F.);
#9536 = EDGE_LOOP('',(#9537,#9538,#9539,#9619));
#9537 = ORIENTED_EDGE('',*,*,#9396,.F.);
#9538 = ORIENTED_EDGE('',*,*,#6591,.T.);
#9539 = ORIENTED_EDGE('',*,*,#9540,.T.);
#9540 = EDGE_CURVE('',#6592,#9541,#9543,.T.);
#9541 = VERTEX_POINT('',#9542);
#9542 = CARTESIAN_POINT('',(-73.9089172119,67.3,4.));
#9543 = SURFACE_CURVE('',#9544,(#9567,#9593),.PCURVE_S1.);
#9544 = B_SPLINE_CURVE_WITH_KNOTS('',6,(#9545,#9546,#9547,#9548,#9549,
    #9550,#9551,#9552,#9553,#9554,#9555,#9556,#9557,#9558,#9559,#9560,
    #9561,#9562,#9563,#9564,#9565,#9566),.UNSPECIFIED.,.F.,.F.,(7,5,5,5,
    7),(0.,0.438656158275,0.691710085045,0.945880626595,1.),
  .UNSPECIFIED.);
#9545 = CARTESIAN_POINT('',(-73.61130814466,66.499999999999,3.2));
#9546 = CARTESIAN_POINT('',(-73.61130814466,66.499999999999,
    3.293405277195));
#9547 = CARTESIAN_POINT('',(-73.61640203265,66.513086849626,
    3.386838900488));
#9548 = CARTESIAN_POINT('',(-73.62659657649,66.539275087457,
    3.477756445789));
#9549 = CARTESIAN_POINT('',(-73.64153396847,66.57781101483,
    3.563769022251));
#9550 = CARTESIAN_POINT('',(-73.66061165419,66.627432973403,
    3.64286147877));
#9551 = CARTESIAN_POINT('',(-73.69608019702,66.720590518105,
    3.75416994559));
#9552 = CARTESIAN_POINT('',(-73.71019572909,66.757826289175,
    3.792070673424));
#9553 = CARTESIAN_POINT('',(-73.72531569789,66.797915361046,
    3.826855298484));
#9554 = CARTESIAN_POINT('',(-73.74129595343,66.840528246298,
    3.858279048906));
#9555 = CARTESIAN_POINT('',(-73.75798920735,66.885317423107,
    3.88614441875));
#9556 = CARTESIAN_POINT('',(-73.79258834895,66.978742044471,
    3.934556670993));
#9557 = CARTESIAN_POINT('',(-73.81049919946,67.027393437814,
    3.955070630744));
#9558 = CARTESIAN_POINT('',(-73.82883633018,67.077520470887,
    3.971683630927));
#9559 = CARTESIAN_POINT('',(-73.84745463616,67.128752152146,
    3.98428267545));
#9560 = CARTESIAN_POINT('',(-73.86621249133,67.180710825103,
    3.992795829718));
#9561 = CARTESIAN_POINT('',(-73.88896809466,67.244152963264,
    3.998126568097));
#9562 = CARTESIAN_POINT('',(-73.89296290684,67.255305733729,
    3.998875656364));
#9563 = CARTESIAN_POINT('',(-73.89695653188,67.266470515619,
    3.999437727866));
#9564 = CARTESIAN_POINT('',(-73.90094765794,67.277643619853,
    3.99981255654));
#9565 = CARTESIAN_POINT('',(-73.90493498243,67.288821349526,
    4.000000000091));
#9566 = CARTESIAN_POINT('',(-73.90891721202,67.299999999904,4.));
#9567 = PCURVE('',#6608,#9568);
#9568 = DEFINITIONAL_REPRESENTATION('',(#9569),#9592);
#9569 = B_SPLINE_CURVE_WITH_KNOTS('',6,(#9570,#9571,#9572,#9573,#9574,
    #9575,#9576,#9577,#9578,#9579,#9580,#9581,#9582,#9583,#9584,#9585,
    #9586,#9587,#9588,#9589,#9590,#9591),.UNSPECIFIED.,.F.,.F.,(7,5,5,5,
    7),(0.,0.438656158275,0.691710085045,0.945880626595,1.),
  .UNSPECIFIED.);
#9570 = CARTESIAN_POINT('',(-4.626410513631,3.14159265359));
#9571 = CARTESIAN_POINT('',(-4.626410513631,3.258349250084));
#9572 = CARTESIAN_POINT('',(-4.625338193124,3.375140647161));
#9573 = CARTESIAN_POINT('',(-4.623191599164,3.491655696243));
#9574 = CARTESIAN_POINT('',(-4.620070034285,3.607765845768));
#9575 = CARTESIAN_POINT('',(-4.616140067678,3.723391540081));
#9576 = CARTESIAN_POINT('',(-4.608955124611,3.904826372222));
#9577 = CARTESIAN_POINT('',(-4.606117471445,3.971029951962));
#9578 = CARTESIAN_POINT('',(-4.603105027111,4.037062608688));
#9579 = CARTESIAN_POINT('',(-4.599952977497,4.102936454702));
#9580 = CARTESIAN_POINT('',(-4.596695600144,4.168671192506));
#9581 = CARTESIAN_POINT('',(-4.590018712904,4.300200098813));
#9582 = CARTESIAN_POINT('',(-4.586598569158,4.365993173493));
#9583 = CARTESIAN_POINT('',(-4.583136261851,4.431695968487));
#9584 = CARTESIAN_POINT('',(-4.579661489367,4.497337640782));
#9585 = CARTESIAN_POINT('',(-4.576201245174,4.562948969027));
#9586 = CARTESIAN_POINT('',(-4.572051046851,4.642531097067));
#9587 = CARTESIAN_POINT('',(-4.571324243337,4.656501507288));
#9588 = CARTESIAN_POINT('',(-4.570599424525,4.67047221406));
#9589 = CARTESIAN_POINT('',(-4.569876818326,4.684443505534));
#9590 = CARTESIAN_POINT('',(-4.569156647266,4.6984156669));
#9591 = CARTESIAN_POINT('',(-4.568439128481,4.712388980385));
#9592 = ( GEOMETRIC_REPRESENTATION_CONTEXT(2) 
PARAMETRIC_REPRESENTATION_CONTEXT() REPRESENTATION_CONTEXT('2D SPACE',''
  ) );
#9593 = PCURVE('',#6736,#9594);
#9594 = DEFINITIONAL_REPRESENTATION('',(#9595),#9618);
#9595 = B_SPLINE_CURVE_WITH_KNOTS('',6,(#9596,#9597,#9598,#9599,#9600,
    #9601,#9602,#9603,#9604,#9605,#9606,#9607,#9608,#9609,#9610,#9611,
    #9612,#9613,#9614,#9615,#9616,#9617),.UNSPECIFIED.,.F.,.F.,(7,5,5,5,
    7),(0.,0.438656158275,0.691710085045,0.945880626595,1.),
  .UNSPECIFIED.);
#9596 = CARTESIAN_POINT('',(0.,1.188691855333));
#9597 = CARTESIAN_POINT('',(-0.116756596494,1.188691855333));
#9598 = CARTESIAN_POINT('',(-0.233547993571,1.183597967343));
#9599 = CARTESIAN_POINT('',(-0.350063042653,1.173403423504));
#9600 = CARTESIAN_POINT('',(-0.466173192178,1.158466031525));
#9601 = CARTESIAN_POINT('',(-0.581798886491,1.13938834581));
#9602 = CARTESIAN_POINT('',(-0.763233718632,1.103919802973));
#9603 = CARTESIAN_POINT('',(-0.829437298372,1.089804270901));
#9604 = CARTESIAN_POINT('',(-0.895469955098,1.07468430211));
#9605 = CARTESIAN_POINT('',(-0.961343801112,1.058704046561));
#9606 = CARTESIAN_POINT('',(-1.027078538916,1.042010792646));
#9607 = CARTESIAN_POINT('',(-1.158607445223,1.007411651049));
#9608 = CARTESIAN_POINT('',(-1.224400519903,0.989500800539));
#9609 = CARTESIAN_POINT('',(-1.290103314897,0.971163669817));
#9610 = CARTESIAN_POINT('',(-1.355744987192,0.952545363837));
#9611 = CARTESIAN_POINT('',(-1.421356315438,0.933787508667));
#9612 = CARTESIAN_POINT('',(-1.500938443477,0.911031905332));
#9613 = CARTESIAN_POINT('',(-1.514908853699,0.90703709316));
#9614 = CARTESIAN_POINT('',(-1.52887956047,0.903043468115));
#9615 = CARTESIAN_POINT('',(-1.542850851944,0.899052342054));
#9616 = CARTESIAN_POINT('',(-1.55682301331,0.895065017567));
#9617 = CARTESIAN_POINT('',(-1.570796326795,0.891082787978));
#9618 = ( GEOMETRIC_REPRESENTATION_CONTEXT(2) 
PARAMETRIC_REPRESENTATION_CONTEXT() REPRESENTATION_CONTEXT('2D SPACE',''
  ) );
#9619 = ORIENTED_EDGE('',*,*,#9620,.F.);
#9620 = EDGE_CURVE('',#9374,#9541,#9621,.T.);
#9621 = SURFACE_CURVE('',#9622,(#9627,#9634),.PCURVE_S1.);
#9622 = CIRCLE('',#9623,5.55);
#9623 = AXIS2_PLACEMENT_3D('',#9624,#9625,#9626);
#9624 = CARTESIAN_POINT('',(-70.4,63.,4.));
#9625 = DIRECTION('',(0.,0.,1.));
#9626 = DIRECTION('',(-0.676064872561,-0.736842105263,0.));
#9627 = PCURVE('',#6608,#9628);
#9628 = DEFINITIONAL_REPRESENTATION('',(#9629),#9633);
#9629 = LINE('',#9630,#9631);
#9630 = CARTESIAN_POINT('',(-0.,4.712388980385));
#9631 = VECTOR('',#9632,1.);
#9632 = DIRECTION('',(-1.,0.));
#9633 = ( GEOMETRIC_REPRESENTATION_CONTEXT(2) 
PARAMETRIC_REPRESENTATION_CONTEXT() REPRESENTATION_CONTEXT('2D SPACE',''
  ) );
#9634 = PCURVE('',#9230,#9635);
#9635 = DEFINITIONAL_REPRESENTATION('',(#9636),#9640);
#9636 = CIRCLE('',#9637,5.55);
#9637 = AXIS2_PLACEMENT_2D('',#9638,#9639);
#9638 = CARTESIAN_POINT('',(-70.4,63.));
#9639 = DIRECTION('',(-0.676064872561,-0.736842105263));
#9640 = ( GEOMETRIC_REPRESENTATION_CONTEXT(2) 
PARAMETRIC_REPRESENTATION_CONTEXT() REPRESENTATION_CONTEXT('2D SPACE',''
  ) );
#9641 = ADVANCED_FACE('',(#9642),#6682,.T.);
#9642 = FACE_BOUND('',#9643,.T.);
#9643 = EDGE_LOOP('',(#9644,#9645,#9679,#9702,#9736,#9770,#9791));
#9644 = ORIENTED_EDGE('',*,*,#6668,.F.);
#9645 = ORIENTED_EDGE('',*,*,#9646,.T.);
#9646 = EDGE_CURVE('',#6646,#9647,#9649,.T.);
#9647 = VERTEX_POINT('',#9648);
#9648 = CARTESIAN_POINT('',(-34.55,74.,4.));
#9649 = SURFACE_CURVE('',#9650,(#9655,#9667),.PCURVE_S1.);
#9650 = ELLIPSE('',#9651,1.131370849898,0.8);
#9651 = AXIS2_PLACEMENT_3D('',#9652,#9653,#9654);
#9652 = CARTESIAN_POINT('',(-34.55,74.,3.2));
#9653 = DIRECTION('',(0.707106781187,-0.707106781187,-0.));
#9654 = DIRECTION('',(0.707106781187,0.707106781187,0.));
#9655 = PCURVE('',#6682,#9656);
#9656 = DEFINITIONAL_REPRESENTATION('',(#9657),#9666);
#9657 = B_SPLINE_CURVE_WITH_KNOTS('',7,(#9658,#9659,#9660,#9661,#9662,
    #9663,#9664,#9665),.UNSPECIFIED.,.F.,.F.,(8,8),(0.,1.570795851824),
  .PIECEWISE_BEZIER_KNOTS.);
#9658 = CARTESIAN_POINT('',(0.,0.));
#9659 = CARTESIAN_POINT('',(0.224399407403,0.));
#9660 = CARTESIAN_POINT('',(0.448798814807,-4.699890966396E-02));
#9661 = CARTESIAN_POINT('',(0.67319822221,-0.140989911043));
#9662 = CARTESIAN_POINT('',(0.897597629614,-0.276202375834));
#9663 = CARTESIAN_POINT('',(1.121997037017,-0.440961319454));
#9664 = CARTESIAN_POINT('',(1.346396444421,-0.620480094101));
#9665 = CARTESIAN_POINT('',(1.570795851824,-0.799999620023));
#9666 = ( GEOMETRIC_REPRESENTATION_CONTEXT(2) 
PARAMETRIC_REPRESENTATION_CONTEXT() REPRESENTATION_CONTEXT('2D SPACE',''
  ) );
#9667 = PCURVE('',#6770,#9668);
#9668 = DEFINITIONAL_REPRESENTATION('',(#9669),#9678);
#9669 = B_SPLINE_CURVE_WITH_KNOTS('',7,(#9670,#9671,#9672,#9673,#9674,
    #9675,#9676,#9677),.UNSPECIFIED.,.F.,.F.,(8,8),(0.,1.570795851824),
  .PIECEWISE_BEZIER_KNOTS.);
#9670 = CARTESIAN_POINT('',(0.,0.));
#9671 = CARTESIAN_POINT('',(-0.224399407403,0.));
#9672 = CARTESIAN_POINT('',(-0.448798814807,-4.699890966389E-02));
#9673 = CARTESIAN_POINT('',(-0.67319822221,-0.140989911043));
#9674 = CARTESIAN_POINT('',(-0.897597629614,-0.276202375833));
#9675 = CARTESIAN_POINT('',(-1.121997037017,-0.440961319454));
#9676 = CARTESIAN_POINT('',(-1.346396444421,-0.620480094101));
#9677 = CARTESIAN_POINT('',(-1.570795851824,-0.799999620023));
#9678 = ( GEOMETRIC_REPRESENTATION_CONTEXT(2) 
PARAMETRIC_REPRESENTATION_CONTEXT() REPRESENTATION_CONTEXT('2D SPACE',''
  ) );
#9679 = ORIENTED_EDGE('',*,*,#9680,.T.);
#9680 = EDGE_CURVE('',#9647,#9681,#9683,.T.);
#9681 = VERTEX_POINT('',#9682);
#9682 = CARTESIAN_POINT('',(-25.5,74.,4.));
#9683 = SURFACE_CURVE('',#9684,(#9688,#9695),.PCURVE_S1.);
#9684 = LINE('',#9685,#9686);
#9685 = CARTESIAN_POINT('',(-33.75,74.,4.));
#9686 = VECTOR('',#9687,1.);
#9687 = DIRECTION('',(1.,0.,-0.));
#9688 = PCURVE('',#6682,#9689);
#9689 = DEFINITIONAL_REPRESENTATION('',(#9690),#9694);
#9690 = LINE('',#9691,#9692);
#9691 = CARTESIAN_POINT('',(1.570796326795,0.));
#9692 = VECTOR('',#9693,1.);
#9693 = DIRECTION('',(0.,1.));
#9694 = ( GEOMETRIC_REPRESENTATION_CONTEXT(2) 
PARAMETRIC_REPRESENTATION_CONTEXT() REPRESENTATION_CONTEXT('2D SPACE',''
  ) );
#9695 = PCURVE('',#9230,#9696);
#9696 = DEFINITIONAL_REPRESENTATION('',(#9697),#9701);
#9697 = LINE('',#9698,#9699);
#9698 = CARTESIAN_POINT('',(-33.75,74.));
#9699 = VECTOR('',#9700,1.);
#9700 = DIRECTION('',(1.,0.));
#9701 = ( GEOMETRIC_REPRESENTATION_CONTEXT(2) 
PARAMETRIC_REPRESENTATION_CONTEXT() REPRESENTATION_CONTEXT('2D SPACE',''
  ) );
#9702 = ORIENTED_EDGE('',*,*,#9703,.F.);
#9703 = EDGE_CURVE('',#9704,#9681,#9706,.T.);
#9704 = VERTEX_POINT('',#9705);
#9705 = CARTESIAN_POINT('',(-25.,74.741619848713,3.5));
#9706 = SURFACE_CURVE('',#9707,(#9712,#9724),.PCURVE_S1.);
#9707 = ELLIPSE('',#9708,1.131370849898,0.8);
#9708 = AXIS2_PLACEMENT_3D('',#9709,#9710,#9711);
#9709 = CARTESIAN_POINT('',(-24.7,74.,3.2));
#9710 = DIRECTION('',(0.707106781187,0.,0.707106781187));
#9711 = DIRECTION('',(0.707106781187,0.,-0.707106781187));
#9712 = PCURVE('',#6682,#9713);
#9713 = DEFINITIONAL_REPRESENTATION('',(#9714),#9723);
#9714 = B_SPLINE_CURVE_WITH_KNOTS('',7,(#9715,#9716,#9717,#9718,#9719,
    #9720,#9721,#9722),.UNSPECIFIED.,.F.,.F.,(8,8),(1.888620030722,
    3.14159265359),.PIECEWISE_BEZIER_KNOTS.);
#9715 = CARTESIAN_POINT('',(0.317823703927,8.8));
#9716 = CARTESIAN_POINT('',(0.496819792908,8.663974748943));
#9717 = CARTESIAN_POINT('',(0.675815881889,8.537294522961));
#9718 = CARTESIAN_POINT('',(0.854811970871,8.427076566294));
#9719 = CARTESIAN_POINT('',(1.033808059852,8.339710083938));
#9720 = CARTESIAN_POINT('',(1.212804148833,8.279903778479));
#9721 = CARTESIAN_POINT('',(1.391800237814,8.25));
#9722 = CARTESIAN_POINT('',(1.570796326795,8.25));
#9723 = ( GEOMETRIC_REPRESENTATION_CONTEXT(2) 
PARAMETRIC_REPRESENTATION_CONTEXT() REPRESENTATION_CONTEXT('2D SPACE',''
  ) );
#9724 = PCURVE('',#9725,#9730);
#9725 = PLANE('',#9726);
#9726 = AXIS2_PLACEMENT_3D('',#9727,#9728,#9729);
#9727 = CARTESIAN_POINT('',(-25.5,-75.8,4.));
#9728 = DIRECTION('',(0.707106781187,0.,0.707106781187));
#9729 = DIRECTION('',(0.707106781187,0.,-0.707106781187));
#9730 = DEFINITIONAL_REPRESENTATION('',(#9731),#9735);
#9731 = ELLIPSE('',#9732,1.131370849898,0.8);
#9732 = AXIS2_PLACEMENT_2D('',#9733,#9734);
#9733 = CARTESIAN_POINT('',(1.131370849898,149.8));
#9734 = DIRECTION('',(1.,0.));
#9735 = ( GEOMETRIC_REPRESENTATION_CONTEXT(2) 
PARAMETRIC_REPRESENTATION_CONTEXT() REPRESENTATION_CONTEXT('2D SPACE',''
  ) );
#9736 = ORIENTED_EDGE('',*,*,#9737,.T.);
#9737 = EDGE_CURVE('',#9704,#9738,#9740,.T.);
#9738 = VERTEX_POINT('',#9739);
#9739 = CARTESIAN_POINT('',(-24.5,74.,4.));
#9740 = SURFACE_CURVE('',#9741,(#9746,#9758),.PCURVE_S1.);
#9741 = ELLIPSE('',#9742,1.131370849898,0.8);
#9742 = AXIS2_PLACEMENT_3D('',#9743,#9744,#9745);
#9743 = CARTESIAN_POINT('',(-25.3,74.,3.2));
#9744 = DIRECTION('',(0.707106781187,0.,-0.707106781187));
#9745 = DIRECTION('',(0.707106781187,0.,0.707106781187));
#9746 = PCURVE('',#6682,#9747);
#9747 = DEFINITIONAL_REPRESENTATION('',(#9748),#9757);
#9748 = B_SPLINE_CURVE_WITH_KNOTS('',7,(#9749,#9750,#9751,#9752,#9753,
    #9754,#9755,#9756),.UNSPECIFIED.,.F.,.F.,(8,8),(5.030212684312,
    6.28318530718),.PIECEWISE_BEZIER_KNOTS.);
#9749 = CARTESIAN_POINT('',(0.317823703927,8.7));
#9750 = CARTESIAN_POINT('',(0.496819792908,8.836025251057));
#9751 = CARTESIAN_POINT('',(0.67581588189,8.962705477039));
#9752 = CARTESIAN_POINT('',(0.85481197087,9.072923433711));
#9753 = CARTESIAN_POINT('',(1.033808059852,9.160289916062));
#9754 = CARTESIAN_POINT('',(1.212804148833,9.220096221522));
#9755 = CARTESIAN_POINT('',(1.391800237814,9.25));
#9756 = CARTESIAN_POINT('',(1.570796326795,9.25));
#9757 = ( GEOMETRIC_REPRESENTATION_CONTEXT(2) 
PARAMETRIC_REPRESENTATION_CONTEXT() REPRESENTATION_CONTEXT('2D SPACE',''
  ) );
#9758 = PCURVE('',#9759,#9764);
#9759 = PLANE('',#9760);
#9760 = AXIS2_PLACEMENT_3D('',#9761,#9762,#9763);
#9761 = CARTESIAN_POINT('',(-25.,-75.8,3.5));
#9762 = DIRECTION('',(0.707106781187,0.,-0.707106781187));
#9763 = DIRECTION('',(0.707106781187,0.,0.707106781187));
#9764 = DEFINITIONAL_REPRESENTATION('',(#9765),#9769);
#9765 = ELLIPSE('',#9766,1.131370849898,0.8);
#9766 = AXIS2_PLACEMENT_2D('',#9767,#9768);
#9767 = CARTESIAN_POINT('',(-0.424264068712,-149.8));
#9768 = DIRECTION('',(1.,0.));
#9769 = ( GEOMETRIC_REPRESENTATION_CONTEXT(2) 
PARAMETRIC_REPRESENTATION_CONTEXT() REPRESENTATION_CONTEXT('2D SPACE',''
  ) );
#9770 = ORIENTED_EDGE('',*,*,#9771,.T.);
#9771 = EDGE_CURVE('',#9738,#9479,#9772,.T.);
#9772 = SURFACE_CURVE('',#9773,(#9777,#9784),.PCURVE_S1.);
#9773 = LINE('',#9774,#9775);
#9774 = CARTESIAN_POINT('',(-33.75,74.,4.));
#9775 = VECTOR('',#9776,1.);
#9776 = DIRECTION('',(1.,0.,-0.));
#9777 = PCURVE('',#6682,#9778);
#9778 = DEFINITIONAL_REPRESENTATION('',(#9779),#9783);
#9779 = LINE('',#9780,#9781);
#9780 = CARTESIAN_POINT('',(1.570796326795,0.));
#9781 = VECTOR('',#9782,1.);
#9782 = DIRECTION('',(0.,1.));
#9783 = ( GEOMETRIC_REPRESENTATION_CONTEXT(2) 
PARAMETRIC_REPRESENTATION_CONTEXT() REPRESENTATION_CONTEXT('2D SPACE',''
  ) );
#9784 = PCURVE('',#7804,#9785);
#9785 = DEFINITIONAL_REPRESENTATION('',(#9786),#9790);
#9786 = LINE('',#9787,#9788);
#9787 = CARTESIAN_POINT('',(-33.75,74.));
#9788 = VECTOR('',#9789,1.);
#9789 = DIRECTION('',(1.,0.));
#9790 = ( GEOMETRIC_REPRESENTATION_CONTEXT(2) 
PARAMETRIC_REPRESENTATION_CONTEXT() REPRESENTATION_CONTEXT('2D SPACE',''
  ) );
#9791 = ORIENTED_EDGE('',*,*,#9478,.F.);
#9792 = ADVANCED_FACE('',(#9793),#6736,.T.);
#9793 = FACE_BOUND('',#9794,.F.);
#9794 = EDGE_LOOP('',(#9795,#9829,#9850,#9851));
#9795 = ORIENTED_EDGE('',*,*,#9796,.T.);
#9796 = EDGE_CURVE('',#6700,#9797,#9799,.T.);
#9797 = VERTEX_POINT('',#9798);
#9798 = CARTESIAN_POINT('',(-74.,67.3,4.));
#9799 = SURFACE_CURVE('',#9800,(#9805,#9817),.PCURVE_S1.);
#9800 = ELLIPSE('',#9801,1.131370849898,0.8);
#9801 = AXIS2_PLACEMENT_3D('',#9802,#9803,#9804);
#9802 = CARTESIAN_POINT('',(-74.,67.3,3.2));
#9803 = DIRECTION('',(-0.707106781187,0.707106781187,0.));
#9804 = DIRECTION('',(0.707106781187,0.707106781187,0.));
#9805 = PCURVE('',#6736,#9806);
#9806 = DEFINITIONAL_REPRESENTATION('',(#9807),#9816);
#9807 = B_SPLINE_CURVE_WITH_KNOTS('',7,(#9808,#9809,#9810,#9811,#9812,
    #9813,#9814,#9815),.UNSPECIFIED.,.F.,.F.,(8,8),(3.14159265359,
    4.712388505414),.PIECEWISE_BEZIER_KNOTS.);
#9808 = CARTESIAN_POINT('',(0.,0.));
#9809 = CARTESIAN_POINT('',(-0.224399407403,-2.198480128057E-17));
#9810 = CARTESIAN_POINT('',(-0.448798814807,4.699890966387E-02));
#9811 = CARTESIAN_POINT('',(-0.67319822221,0.140989911043));
#9812 = CARTESIAN_POINT('',(-0.897597629614,0.276202375833));
#9813 = CARTESIAN_POINT('',(-1.121997037017,0.440961319454));
#9814 = CARTESIAN_POINT('',(-1.346396444421,0.620480094101));
#9815 = CARTESIAN_POINT('',(-1.570795851824,0.799999620023));
#9816 = ( GEOMETRIC_REPRESENTATION_CONTEXT(2) 
PARAMETRIC_REPRESENTATION_CONTEXT() REPRESENTATION_CONTEXT('2D SPACE',''
  ) );
#9817 = PCURVE('',#6824,#9818);
#9818 = DEFINITIONAL_REPRESENTATION('',(#9819),#9828);
#9819 = B_SPLINE_CURVE_WITH_KNOTS('',7,(#9820,#9821,#9822,#9823,#9824,
    #9825,#9826,#9827),.UNSPECIFIED.,.F.,.F.,(8,8),(3.14159265359,
    4.712388505414),.PIECEWISE_BEZIER_KNOTS.);
#9820 = CARTESIAN_POINT('',(0.,0.));
#9821 = CARTESIAN_POINT('',(0.224399407403,-2.198480128057E-17));
#9822 = CARTESIAN_POINT('',(0.448798814807,4.699890966394E-02));
#9823 = CARTESIAN_POINT('',(0.673198222211,0.140989911043));
#9824 = CARTESIAN_POINT('',(0.897597629613,0.276202375833));
#9825 = CARTESIAN_POINT('',(1.121997037017,0.440961319454));
#9826 = CARTESIAN_POINT('',(1.346396444421,0.620480094101));
#9827 = CARTESIAN_POINT('',(1.570795851824,0.799999620023));
#9828 = ( GEOMETRIC_REPRESENTATION_CONTEXT(2) 
PARAMETRIC_REPRESENTATION_CONTEXT() REPRESENTATION_CONTEXT('2D SPACE',''
  ) );
#9829 = ORIENTED_EDGE('',*,*,#9830,.T.);
#9830 = EDGE_CURVE('',#9797,#9541,#9831,.T.);
#9831 = SURFACE_CURVE('',#9832,(#9836,#9843),.PCURVE_S1.);
#9832 = LINE('',#9833,#9834);
#9833 = CARTESIAN_POINT('',(-74.8,67.3,4.));
#9834 = VECTOR('',#9835,1.);
#9835 = DIRECTION('',(1.,0.,-0.));
#9836 = PCURVE('',#6736,#9837);
#9837 = DEFINITIONAL_REPRESENTATION('',(#9838),#9842);
#9838 = LINE('',#9839,#9840);
#9839 = CARTESIAN_POINT('',(-1.570796326795,0.));
#9840 = VECTOR('',#9841,1.);
#9841 = DIRECTION('',(-0.,1.));
#9842 = ( GEOMETRIC_REPRESENTATION_CONTEXT(2) 
PARAMETRIC_REPRESENTATION_CONTEXT() REPRESENTATION_CONTEXT('2D SPACE',''
  ) );
#9843 = PCURVE('',#9230,#9844);
#9844 = DEFINITIONAL_REPRESENTATION('',(#9845),#9849);
#9845 = LINE('',#9846,#9847);
#9846 = CARTESIAN_POINT('',(-74.8,67.3));
#9847 = VECTOR('',#9848,1.);
#9848 = DIRECTION('',(1.,0.));
#9849 = ( GEOMETRIC_REPRESENTATION_CONTEXT(2) 
PARAMETRIC_REPRESENTATION_CONTEXT() REPRESENTATION_CONTEXT('2D SPACE',''
  ) );
#9850 = ORIENTED_EDGE('',*,*,#9540,.F.);
#9851 = ORIENTED_EDGE('',*,*,#6722,.F.);
#9852 = ADVANCED_FACE('',(#9853),#6770,.T.);
#9853 = FACE_BOUND('',#9854,.F.);
#9854 = EDGE_LOOP('',(#9855,#9856,#9879,#9945));
#9855 = ORIENTED_EDGE('',*,*,#9646,.T.);
#9856 = ORIENTED_EDGE('',*,*,#9857,.T.);
#9857 = EDGE_CURVE('',#9647,#9858,#9860,.T.);
#9858 = VERTEX_POINT('',#9859);
#9859 = CARTESIAN_POINT('',(-34.55,76.827365873398,4.));
#9860 = SURFACE_CURVE('',#9861,(#9865,#9872),.PCURVE_S1.);
#9861 = LINE('',#9862,#9863);
#9862 = CARTESIAN_POINT('',(-34.55,74.8,4.));
#9863 = VECTOR('',#9864,1.);
#9864 = DIRECTION('',(2.22044604925E-16,1.,0.));
#9865 = PCURVE('',#6770,#9866);
#9866 = DEFINITIONAL_REPRESENTATION('',(#9867),#9871);
#9867 = LINE('',#9868,#9869);
#9868 = CARTESIAN_POINT('',(-1.570796326795,0.));
#9869 = VECTOR('',#9870,1.);
#9870 = DIRECTION('',(-0.,1.));
#9871 = ( GEOMETRIC_REPRESENTATION_CONTEXT(2) 
PARAMETRIC_REPRESENTATION_CONTEXT() REPRESENTATION_CONTEXT('2D SPACE',''
  ) );
#9872 = PCURVE('',#9230,#9873);
#9873 = DEFINITIONAL_REPRESENTATION('',(#9874),#9878);
#9874 = LINE('',#9875,#9876);
#9875 = CARTESIAN_POINT('',(-34.55,74.8));
#9876 = VECTOR('',#9877,1.);
#9877 = DIRECTION('',(2.22044604925E-16,1.));
#9878 = ( GEOMETRIC_REPRESENTATION_CONTEXT(2) 
PARAMETRIC_REPRESENTATION_CONTEXT() REPRESENTATION_CONTEXT('2D SPACE',''
  ) );
#9879 = ORIENTED_EDGE('',*,*,#9880,.F.);
#9880 = EDGE_CURVE('',#6755,#9858,#9881,.T.);
#9881 = SURFACE_CURVE('',#9882,(#9901,#9923),.PCURVE_S1.);
#9882 = B_SPLINE_CURVE_WITH_KNOTS('',5,(#9883,#9884,#9885,#9886,#9887,
    #9888,#9889,#9890,#9891,#9892,#9893,#9894,#9895,#9896,#9897,#9898,
    #9899,#9900),.UNSPECIFIED.,.F.,.F.,(6,4,4,4,6),(0.,0.270202612805,
    0.542286151897,0.769516343481,1.),.UNSPECIFIED.);
#9883 = CARTESIAN_POINT('',(-33.75,76.487525100503,3.2));
#9884 = CARTESIAN_POINT('',(-33.75,76.487525100503,3.269441991263));
#9885 = CARTESIAN_POINT('',(-33.75753471222,76.490551205812,
    3.338889035219));
#9886 = CARTESIAN_POINT('',(-33.77260600408,76.496603569959,
    3.407147605041));
#9887 = CARTESIAN_POINT('',(-33.79489142185,76.505584217179,
    3.473065506783));
#9888 = CARTESIAN_POINT('',(-33.85294836818,76.529125760732,
    3.598671759539));
#9889 = CARTESIAN_POINT('',(-33.88881620958,76.543726417973,3.658320728)
  );
#9890 = CARTESIAN_POINT('',(-33.93084297697,76.560934374593,
    3.713587666169));
#9891 = CARTESIAN_POINT('',(-33.9782284259,76.58049729877,3.763678638835
    ));
#9892 = CARTESIAN_POINT('',(-34.07340393286,76.620181830132,
    3.845061130278));
#9893 = CARTESIAN_POINT('',(-34.11984140214,76.639680455963,
    3.878092034711));
#9894 = CARTESIAN_POINT('',(-34.16889208767,76.660448082047,
    3.906788101738));
#9895 = CARTESIAN_POINT('',(-34.22001441903,76.682298691159,
    3.930931713762));
#9896 = CARTESIAN_POINT('',(-34.32608527208,76.728098416555,
    3.970132939717));
#9897 = CARTESIAN_POINT('',(-34.38107829164,76.752073187253,
    3.985055571406));
#9898 = CARTESIAN_POINT('',(-34.43709339588,76.776755326688,
    3.995025868758));
#9899 = CARTESIAN_POINT('',(-34.49357824348,76.801928987158,
    4.000000012632));
#9900 = CARTESIAN_POINT('',(-34.54999999999,76.827365873401,4.));
#9901 = PCURVE('',#6770,#9902);
#9902 = DEFINITIONAL_REPRESENTATION('',(#9903),#9922);
#9903 = B_SPLINE_CURVE_WITH_KNOTS('',5,(#9904,#9905,#9906,#9907,#9908,
    #9909,#9910,#9911,#9912,#9913,#9914,#9915,#9916,#9917,#9918,#9919,
    #9920,#9921),.UNSPECIFIED.,.F.,.F.,(6,4,4,4,6),(0.,0.270202612805,
    0.542286151897,0.769516343481,1.),.UNSPECIFIED.);
#9904 = CARTESIAN_POINT('',(0.,1.687525100503));
#9905 = CARTESIAN_POINT('',(-8.680248907859E-02,1.687525100503));
#9906 = CARTESIAN_POINT('',(-0.173611022082,1.690551205812));
#9907 = CARTESIAN_POINT('',(-0.260298071369,1.696603569959));
#9908 = CARTESIAN_POINT('',(-0.346780218402,1.705584217179));
#9909 = CARTESIAN_POINT('',(-0.519748512774,1.729125760732));
#9910 = CARTESIAN_POINT('',(-0.606240180111,1.743726417973));
#9911 = CARTESIAN_POINT('',(-0.692354456101,1.760934374593));
#9912 = CARTESIAN_POINT('',(-0.778064810497,1.78049729877));
#9913 = CARTESIAN_POINT('',(-0.934596990896,1.820181830132));
#9914 = CARTESIAN_POINT('',(-1.005547175383,1.839680455963));
#9915 = CARTESIAN_POINT('',(-1.076212511021,1.860448082047));
#9916 = CARTESIAN_POINT('',(-1.146615042344,1.882298691159));
#9917 = CARTESIAN_POINT('',(-1.287968776282,1.928098416555));
#9918 = CARTESIAN_POINT('',(-1.358913747538,1.952073187253));
#9919 = CARTESIAN_POINT('',(-1.429662890575,1.976755326688));
#9920 = CARTESIAN_POINT('',(-1.500269177112,2.001928987158));
#9921 = CARTESIAN_POINT('',(-1.570796326795,2.027365873401));
#9922 = ( GEOMETRIC_REPRESENTATION_CONTEXT(2) 
PARAMETRIC_REPRESENTATION_CONTEXT() REPRESENTATION_CONTEXT('2D SPACE',''
  ) );
#9923 = PCURVE('',#6879,#9924);
#9924 = DEFINITIONAL_REPRESENTATION('',(#9925),#9944);
#9925 = B_SPLINE_CURVE_WITH_KNOTS('',5,(#9926,#9927,#9928,#9929,#9930,
    #9931,#9932,#9933,#9934,#9935,#9936,#9937,#9938,#9939,#9940,#9941,
    #9942,#9943),.UNSPECIFIED.,.F.,.F.,(6,4,4,4,6),(0.,0.270202612805,
    0.542286151897,0.769516343481,1.),.UNSPECIFIED.);
#9926 = CARTESIAN_POINT('',(-2.57571741713E-14,0.));
#9927 = CARTESIAN_POINT('',(-2.57571741713E-14,8.680248907859E-02));
#9928 = CARTESIAN_POINT('',(-6.724952703072E-04,0.173611022082));
#9929 = CARTESIAN_POINT('',(-2.017343043514E-03,0.260298071369));
#9930 = CARTESIAN_POINT('',(-4.024649725274E-03,0.346780218402));
#9931 = CARTESIAN_POINT('',(-9.343353290879E-03,0.519748512774));
#9932 = CARTESIAN_POINT('',(-1.266402060417E-02,0.606240180111));
#9933 = CARTESIAN_POINT('',(-1.6616716771E-02,0.692354456101));
#9934 = CARTESIAN_POINT('',(-2.117384712695E-02,0.778064810497));
#9935 = CARTESIAN_POINT('',(-3.057796727231E-02,0.934596990896));
#9936 = CARTESIAN_POINT('',(-3.525350340605E-02,1.005547175383));
#9937 = CARTESIAN_POINT('',(-4.030348362306E-02,1.076212511021));
#9938 = CARTESIAN_POINT('',(-4.570266665107E-02,1.146615042344));
#9939 = CARTESIAN_POINT('',(-5.721786865708E-02,1.287968776282));
#9940 = CARTESIAN_POINT('',(-6.334306645313E-02,1.358913747538));
#9941 = CARTESIAN_POINT('',(-6.976191020411E-02,1.429662890575));
#9942 = CARTESIAN_POINT('',(-7.643455723762E-02,1.500269177112));
#9943 = CARTESIAN_POINT('',(-8.330939159171E-02,1.570796326795));
#9944 = ( GEOMETRIC_REPRESENTATION_CONTEXT(2) 
PARAMETRIC_REPRESENTATION_CONTEXT() REPRESENTATION_CONTEXT('2D SPACE',''
  ) );
#9945 = ORIENTED_EDGE('',*,*,#6754,.F.);
#9946 = ADVANCED_FACE('',(#9947),#6824,.T.);
#9947 = FACE_BOUND('',#9948,.T.);
#9948 = EDGE_LOOP('',(#9949,#9950,#9973,#10005));
#9949 = ORIENTED_EDGE('',*,*,#9796,.T.);
#9950 = ORIENTED_EDGE('',*,*,#9951,.T.);
#9951 = EDGE_CURVE('',#9797,#9952,#9954,.T.);
#9952 = VERTEX_POINT('',#9953);
#9953 = CARTESIAN_POINT('',(-74.,74.,4.));
#9954 = SURFACE_CURVE('',#9955,(#9959,#9966),.PCURVE_S1.);
#9955 = LINE('',#9956,#9957);
#9956 = CARTESIAN_POINT('',(-74.,66.5,4.));
#9957 = VECTOR('',#9958,1.);
#9958 = DIRECTION('',(-0.,1.,0.));
#9959 = PCURVE('',#6824,#9960);
#9960 = DEFINITIONAL_REPRESENTATION('',(#9961),#9965);
#9961 = LINE('',#9962,#9963);
#9962 = CARTESIAN_POINT('',(1.570796326795,0.));
#9963 = VECTOR('',#9964,1.);
#9964 = DIRECTION('',(0.,1.));
#9965 = ( GEOMETRIC_REPRESENTATION_CONTEXT(2) 
PARAMETRIC_REPRESENTATION_CONTEXT() REPRESENTATION_CONTEXT('2D SPACE',''
  ) );
#9966 = PCURVE('',#9230,#9967);
#9967 = DEFINITIONAL_REPRESENTATION('',(#9968),#9972);
#9968 = LINE('',#9969,#9970);
#9969 = CARTESIAN_POINT('',(-74.,66.5));
#9970 = VECTOR('',#9971,1.);
#9971 = DIRECTION('',(0.,1.));
#9972 = ( GEOMETRIC_REPRESENTATION_CONTEXT(2) 
PARAMETRIC_REPRESENTATION_CONTEXT() REPRESENTATION_CONTEXT('2D SPACE',''
  ) );
#9973 = ORIENTED_EDGE('',*,*,#9974,.F.);
#9974 = EDGE_CURVE('',#6809,#9952,#9975,.T.);
#9975 = SURFACE_CURVE('',#9976,(#9981,#9993),.PCURVE_S1.);
#9976 = ELLIPSE('',#9977,1.131370849898,0.8);
#9977 = AXIS2_PLACEMENT_3D('',#9978,#9979,#9980);
#9978 = CARTESIAN_POINT('',(-74.,74.,3.2));
#9979 = DIRECTION('',(0.707106781187,0.707106781187,0.));
#9980 = DIRECTION('',(0.707106781187,-0.707106781187,-0.));
#9981 = PCURVE('',#6824,#9982);
#9982 = DEFINITIONAL_REPRESENTATION('',(#9983),#9992);
#9983 = B_SPLINE_CURVE_WITH_KNOTS('',7,(#9984,#9985,#9986,#9987,#9988,
    #9989,#9990,#9991),.UNSPECIFIED.,.F.,.F.,(8,8),(3.14159265359,
    4.712388137448),.PIECEWISE_BEZIER_KNOTS.);
#9984 = CARTESIAN_POINT('',(0.,8.3));
#9985 = CARTESIAN_POINT('',(0.224399354837,8.3));
#9986 = CARTESIAN_POINT('',(0.448798709674,8.253001112357));
#9987 = CARTESIAN_POINT('',(0.673198064511,8.159010155007));
#9988 = CARTESIAN_POINT('',(0.897597419347,8.02379775087));
#9989 = CARTESIAN_POINT('',(1.121996774184,7.859038873519));
#9990 = CARTESIAN_POINT('',(1.346396129021,7.679520158219));
#9991 = CARTESIAN_POINT('',(1.570795483858,7.50000067435));
#9992 = ( GEOMETRIC_REPRESENTATION_CONTEXT(2) 
PARAMETRIC_REPRESENTATION_CONTEXT() REPRESENTATION_CONTEXT('2D SPACE',''
  ) );
#9993 = PCURVE('',#6933,#9994);
#9994 = DEFINITIONAL_REPRESENTATION('',(#9995),#10004);
#9995 = B_SPLINE_CURVE_WITH_KNOTS('',7,(#9996,#9997,#9998,#9999,#10000,
    #10001,#10002,#10003),.UNSPECIFIED.,.F.,.F.,(8,8),(3.14159265359,
    4.712388137448),.PIECEWISE_BEZIER_KNOTS.);
#9996 = CARTESIAN_POINT('',(0.,0.));
#9997 = CARTESIAN_POINT('',(0.224399354837,-2.198479613053E-17));
#9998 = CARTESIAN_POINT('',(0.448798709674,4.699888764351E-02));
#9999 = CARTESIAN_POINT('',(0.673198064511,0.140989844994));
#10000 = CARTESIAN_POINT('',(0.897597419347,0.276202249131));
#10001 = CARTESIAN_POINT('',(1.121996774184,0.44096112648));
#10002 = CARTESIAN_POINT('',(1.346396129021,0.620479841781));
#10003 = CARTESIAN_POINT('',(1.570795483858,0.79999932565));
#10004 = ( GEOMETRIC_REPRESENTATION_CONTEXT(2) 
PARAMETRIC_REPRESENTATION_CONTEXT() REPRESENTATION_CONTEXT('2D SPACE',''
  ) );
#10005 = ORIENTED_EDGE('',*,*,#6808,.F.);
#10006 = ADVANCED_FACE('',(#10007),#6879,.T.);
#10007 = FACE_BOUND('',#10008,.T.);
#10008 = EDGE_LOOP('',(#10009,#10010,#10011,#10079));
#10009 = ORIENTED_EDGE('',*,*,#9880,.F.);
#10010 = ORIENTED_EDGE('',*,*,#6862,.T.);
#10011 = ORIENTED_EDGE('',*,*,#10012,.T.);
#10012 = EDGE_CURVE('',#6863,#10013,#10015,.T.);
#10013 = VERTEX_POINT('',#10014);
#10014 = CARTESIAN_POINT('',(-39.45,76.827365873398,4.));
#10015 = SURFACE_CURVE('',#10016,(#10035,#10057),.PCURVE_S1.);
#10016 = B_SPLINE_CURVE_WITH_KNOTS('',5,(#10017,#10018,#10019,#10020,
    #10021,#10022,#10023,#10024,#10025,#10026,#10027,#10028,#10029,
    #10030,#10031,#10032,#10033,#10034),.UNSPECIFIED.,.F.,.F.,(6,4,4,4,6
    ),(0.,0.270202612707,0.542286151798,0.769516343381,1.),
  .UNSPECIFIED.);
#10017 = CARTESIAN_POINT('',(-40.25,76.487525100503,3.2));
#10018 = CARTESIAN_POINT('',(-40.25,76.487525100503,3.269441991238));
#10019 = CARTESIAN_POINT('',(-40.24246528778,76.49055120581,
    3.338889035168));
#10020 = CARTESIAN_POINT('',(-40.22739399592,76.496603569953,
    3.407147604967));
#10021 = CARTESIAN_POINT('',(-40.20510857817,76.505584217166,
    3.473065506687));
#10022 = CARTESIAN_POINT('',(-40.14705163187,76.529125760707,
    3.59867175943));
#10023 = CARTESIAN_POINT('',(-40.11118379049,76.543726417943,
    3.658320727896));
#10024 = CARTESIAN_POINT('',(-40.0691570231,76.56093437456,
    3.713587666072));
#10025 = CARTESIAN_POINT('',(-40.02177157418,76.580497298733,
    3.763678638745));
#10026 = CARTESIAN_POINT('',(-39.92659606723,76.62018183009,
    3.845061130204));
#10027 = CARTESIAN_POINT('',(-39.88015859795,76.639680455918,
    3.878092034644));
#10028 = CARTESIAN_POINT('',(-39.83110791243,76.660448082,3.906788101678
    ));
#10029 = CARTESIAN_POINT('',(-39.77998558107,76.68229869111,
    3.930931713711));
#10030 = CARTESIAN_POINT('',(-39.67391472801,76.728098416512,
    3.970132939691));
#10031 = CARTESIAN_POINT('',(-39.6189217084,76.752073187195,
    3.985055571393));
#10032 = CARTESIAN_POINT('',(-39.56290660423,76.776755326726,
    3.995025868753));
#10033 = CARTESIAN_POINT('',(-39.50642175647,76.801928987086,
    4.000000012631));
#10034 = CARTESIAN_POINT('',(-39.45000000003,76.827365873429,4.));
#10035 = PCURVE('',#6879,#10036);
#10036 = DEFINITIONAL_REPRESENTATION('',(#10037),#10056);
#10037 = B_SPLINE_CURVE_WITH_KNOTS('',5,(#10038,#10039,#10040,#10041,
    #10042,#10043,#10044,#10045,#10046,#10047,#10048,#10049,#10050,
    #10051,#10052,#10053,#10054,#10055),.UNSPECIFIED.,.F.,.F.,(6,4,4,4,6
    ),(0.,0.270202612707,0.542286151798,0.769516343381,1.),
  .UNSPECIFIED.);
#10038 = CARTESIAN_POINT('',(4.669165646385,0.));
#10039 = CARTESIAN_POINT('',(4.669165646385,8.680248904704E-02));
#10040 = CARTESIAN_POINT('',(4.669838141655,0.173611022019));
#10041 = CARTESIAN_POINT('',(4.671182989427,0.260298071275));
#10042 = CARTESIAN_POINT('',(4.673190296108,0.346780218277));
#10043 = CARTESIAN_POINT('',(4.67850899967,0.519748512618));
#10044 = CARTESIAN_POINT('',(4.681829666983,0.606240179954));
#10045 = CARTESIAN_POINT('',(4.685782363149,0.692354455945));
#10046 = CARTESIAN_POINT('',(4.690339493504,0.77806481034));
#10047 = CARTESIAN_POINT('',(4.699743613647,0.93459699074));
#10048 = CARTESIAN_POINT('',(4.70441914978,1.005547175227));
#10049 = CARTESIAN_POINT('',(4.709469129997,1.076212510864));
#10050 = CARTESIAN_POINT('',(4.714868313024,1.146615042188));
#10051 = CARTESIAN_POINT('',(4.726383515032,1.287968776156));
#10052 = CARTESIAN_POINT('',(4.73250871284,1.358913747442));
#10053 = CARTESIAN_POINT('',(4.73892755656,1.429662890516));
#10054 = CARTESIAN_POINT('',(4.745600203643,1.500269177075));
#10055 = CARTESIAN_POINT('',(4.752475037965,1.570796326795));
#10056 = ( GEOMETRIC_REPRESENTATION_CONTEXT(2) 
PARAMETRIC_REPRESENTATION_CONTEXT() REPRESENTATION_CONTEXT('2D SPACE',''
  ) );
#10057 = PCURVE('',#6985,#10058);
#10058 = DEFINITIONAL_REPRESENTATION('',(#10059),#10078);
#10059 = B_SPLINE_CURVE_WITH_KNOTS('',5,(#10060,#10061,#10062,#10063,
    #10064,#10065,#10066,#10067,#10068,#10069,#10070,#10071,#10072,
    #10073,#10074,#10075,#10076,#10077),.UNSPECIFIED.,.F.,.F.,(6,4,4,4,6
    ),(0.,0.270202612707,0.542286151798,0.769516343381,1.),
  .UNSPECIFIED.);
#10060 = CARTESIAN_POINT('',(0.,1.687525100503));
#10061 = CARTESIAN_POINT('',(8.680248904704E-02,1.687525100503));
#10062 = CARTESIAN_POINT('',(0.173611022019,1.69055120581));
#10063 = CARTESIAN_POINT('',(0.260298071275,1.696603569953));
#10064 = CARTESIAN_POINT('',(0.346780218277,1.705584217166));
#10065 = CARTESIAN_POINT('',(0.519748512618,1.729125760707));
#10066 = CARTESIAN_POINT('',(0.606240179954,1.743726417943));
#10067 = CARTESIAN_POINT('',(0.692354455945,1.76093437456));
#10068 = CARTESIAN_POINT('',(0.77806481034,1.780497298733));
#10069 = CARTESIAN_POINT('',(0.93459699074,1.82018183009));
#10070 = CARTESIAN_POINT('',(1.005547175227,1.839680455918));
#10071 = CARTESIAN_POINT('',(1.076212510864,1.860448082));
#10072 = CARTESIAN_POINT('',(1.146615042188,1.88229869111));
#10073 = CARTESIAN_POINT('',(1.287968776156,1.928098416512));
#10074 = CARTESIAN_POINT('',(1.358913747442,1.952073187195));
#10075 = CARTESIAN_POINT('',(1.429662890516,1.976755326726));
#10076 = CARTESIAN_POINT('',(1.500269177075,2.001928987086));
#10077 = CARTESIAN_POINT('',(1.570796326795,2.027365873429));
#10078 = ( GEOMETRIC_REPRESENTATION_CONTEXT(2) 
PARAMETRIC_REPRESENTATION_CONTEXT() REPRESENTATION_CONTEXT('2D SPACE',''
  ) );
#10079 = ORIENTED_EDGE('',*,*,#10080,.F.);
#10080 = EDGE_CURVE('',#9858,#10013,#10081,.T.);
#10081 = SURFACE_CURVE('',#10082,(#10087,#10094),.PCURVE_S1.);
#10082 = CIRCLE('',#10083,3.7);
#10083 = AXIS2_PLACEMENT_3D('',#10084,#10085,#10086);
#10084 = CARTESIAN_POINT('',(-37.,79.6,4.));
#10085 = DIRECTION('',(0.,0.,1.));
#10086 = DIRECTION('',(0.722222222222,-0.691661088777,0.));
#10087 = PCURVE('',#6879,#10088);
#10088 = DEFINITIONAL_REPRESENTATION('',(#10089),#10093);
#10089 = LINE('',#10090,#10091);
#10090 = CARTESIAN_POINT('',(0.,1.570796326795));
#10091 = VECTOR('',#10092,1.);
#10092 = DIRECTION('',(1.,0.));
#10093 = ( GEOMETRIC_REPRESENTATION_CONTEXT(2) 
PARAMETRIC_REPRESENTATION_CONTEXT() REPRESENTATION_CONTEXT('2D SPACE',''
  ) );
#10094 = PCURVE('',#9230,#10095);
#10095 = DEFINITIONAL_REPRESENTATION('',(#10096),#10100);
#10096 = CIRCLE('',#10097,3.7);
#10097 = AXIS2_PLACEMENT_2D('',#10098,#10099);
#10098 = CARTESIAN_POINT('',(-37.,79.6));
#10099 = DIRECTION('',(0.722222222222,-0.691661088777));
#10100 = ( GEOMETRIC_REPRESENTATION_CONTEXT(2) 
PARAMETRIC_REPRESENTATION_CONTEXT() REPRESENTATION_CONTEXT('2D SPACE',''
  ) );
#10101 = ADVANCED_FACE('',(#10102),#6933,.T.);
#10102 = FACE_BOUND('',#10103,.T.);
#10103 = EDGE_LOOP('',(#10104,#10105,#10128,#10160));
#10104 = ORIENTED_EDGE('',*,*,#9974,.T.);
#10105 = ORIENTED_EDGE('',*,*,#10106,.T.);
#10106 = EDGE_CURVE('',#9952,#10107,#10109,.T.);
#10107 = VERTEX_POINT('',#10108);
#10108 = CARTESIAN_POINT('',(-39.45,74.,4.));
#10109 = SURFACE_CURVE('',#10110,(#10114,#10121),.PCURVE_S1.);
#10110 = LINE('',#10111,#10112);
#10111 = CARTESIAN_POINT('',(-74.8,74.,4.));
#10112 = VECTOR('',#10113,1.);
#10113 = DIRECTION('',(1.,0.,-0.));
#10114 = PCURVE('',#6933,#10115);
#10115 = DEFINITIONAL_REPRESENTATION('',(#10116),#10120);
#10116 = LINE('',#10117,#10118);
#10117 = CARTESIAN_POINT('',(1.570796326795,0.));
#10118 = VECTOR('',#10119,1.);
#10119 = DIRECTION('',(0.,1.));
#10120 = ( GEOMETRIC_REPRESENTATION_CONTEXT(2) 
PARAMETRIC_REPRESENTATION_CONTEXT() REPRESENTATION_CONTEXT('2D SPACE',''
  ) );
#10121 = PCURVE('',#9230,#10122);
#10122 = DEFINITIONAL_REPRESENTATION('',(#10123),#10127);
#10123 = LINE('',#10124,#10125);
#10124 = CARTESIAN_POINT('',(-74.8,74.));
#10125 = VECTOR('',#10126,1.);
#10126 = DIRECTION('',(1.,0.));
#10127 = ( GEOMETRIC_REPRESENTATION_CONTEXT(2) 
PARAMETRIC_REPRESENTATION_CONTEXT() REPRESENTATION_CONTEXT('2D SPACE',''
  ) );
#10128 = ORIENTED_EDGE('',*,*,#10129,.F.);
#10129 = EDGE_CURVE('',#6918,#10107,#10130,.T.);
#10130 = SURFACE_CURVE('',#10131,(#10136,#10148),.PCURVE_S1.);
#10131 = ELLIPSE('',#10132,1.131370849898,0.8);
#10132 = AXIS2_PLACEMENT_3D('',#10133,#10134,#10135);
#10133 = CARTESIAN_POINT('',(-39.45,74.,3.2));
#10134 = DIRECTION('',(0.707106781187,0.707106781187,0.));
#10135 = DIRECTION('',(-0.707106781187,0.707106781187,0.));
#10136 = PCURVE('',#6933,#10137);
#10137 = DEFINITIONAL_REPRESENTATION('',(#10138),#10147);
#10138 = B_SPLINE_CURVE_WITH_KNOTS('',7,(#10139,#10140,#10141,#10142,
    #10143,#10144,#10145,#10146),.UNSPECIFIED.,.F.,.F.,(8,8),(0.,
    1.570795851824),.PIECEWISE_BEZIER_KNOTS.);
#10139 = CARTESIAN_POINT('',(0.,34.55));
#10140 = CARTESIAN_POINT('',(0.224399407403,34.55));
#10141 = CARTESIAN_POINT('',(0.448798814807,34.596998909669));
#10142 = CARTESIAN_POINT('',(0.67319822221,34.690989911026));
#10143 = CARTESIAN_POINT('',(0.897597629614,34.82620237586));
#10144 = CARTESIAN_POINT('',(1.121997037017,34.990961319447));
#10145 = CARTESIAN_POINT('',(1.346396444421,35.170480094101));
#10146 = CARTESIAN_POINT('',(1.570795851824,35.349999620023));
#10147 = ( GEOMETRIC_REPRESENTATION_CONTEXT(2) 
PARAMETRIC_REPRESENTATION_CONTEXT() REPRESENTATION_CONTEXT('2D SPACE',''
  ) );
#10148 = PCURVE('',#6985,#10149);
#10149 = DEFINITIONAL_REPRESENTATION('',(#10150),#10159);
#10150 = B_SPLINE_CURVE_WITH_KNOTS('',7,(#10151,#10152,#10153,#10154,
    #10155,#10156,#10157,#10158),.UNSPECIFIED.,.F.,.F.,(8,8),(0.,
    1.570795851824),.PIECEWISE_BEZIER_KNOTS.);
#10151 = CARTESIAN_POINT('',(0.,0.));
#10152 = CARTESIAN_POINT('',(0.224399407403,0.));
#10153 = CARTESIAN_POINT('',(0.448798814807,-4.699890966389E-02));
#10154 = CARTESIAN_POINT('',(0.67319822221,-0.140989911043));
#10155 = CARTESIAN_POINT('',(0.897597629614,-0.276202375833));
#10156 = CARTESIAN_POINT('',(1.121997037017,-0.440961319454));
#10157 = CARTESIAN_POINT('',(1.346396444421,-0.620480094101));
#10158 = CARTESIAN_POINT('',(1.570795851824,-0.799999620023));
#10159 = ( GEOMETRIC_REPRESENTATION_CONTEXT(2) 
PARAMETRIC_REPRESENTATION_CONTEXT() REPRESENTATION_CONTEXT('2D SPACE',''
  ) );
#10160 = ORIENTED_EDGE('',*,*,#6917,.F.);
#10161 = ADVANCED_FACE('',(#10162),#6985,.T.);
#10162 = FACE_BOUND('',#10163,.T.);
#10163 = EDGE_LOOP('',(#10164,#10165,#10186,#10187));
#10164 = ORIENTED_EDGE('',*,*,#10129,.T.);
#10165 = ORIENTED_EDGE('',*,*,#10166,.T.);
#10166 = EDGE_CURVE('',#10107,#10013,#10167,.T.);
#10167 = SURFACE_CURVE('',#10168,(#10172,#10179),.PCURVE_S1.);
#10168 = LINE('',#10169,#10170);
#10169 = CARTESIAN_POINT('',(-39.45,74.8,4.));
#10170 = VECTOR('',#10171,1.);
#10171 = DIRECTION('',(2.22044604925E-16,1.,0.));
#10172 = PCURVE('',#6985,#10173);
#10173 = DEFINITIONAL_REPRESENTATION('',(#10174),#10178);
#10174 = LINE('',#10175,#10176);
#10175 = CARTESIAN_POINT('',(1.570796326795,0.));
#10176 = VECTOR('',#10177,1.);
#10177 = DIRECTION('',(0.,1.));
#10178 = ( GEOMETRIC_REPRESENTATION_CONTEXT(2) 
PARAMETRIC_REPRESENTATION_CONTEXT() REPRESENTATION_CONTEXT('2D SPACE',''
  ) );
#10179 = PCURVE('',#9230,#10180);
#10180 = DEFINITIONAL_REPRESENTATION('',(#10181),#10185);
#10181 = LINE('',#10182,#10183);
#10182 = CARTESIAN_POINT('',(-39.45,74.8));
#10183 = VECTOR('',#10184,1.);
#10184 = DIRECTION('',(2.22044604925E-16,1.));
#10185 = ( GEOMETRIC_REPRESENTATION_CONTEXT(2) 
PARAMETRIC_REPRESENTATION_CONTEXT() REPRESENTATION_CONTEXT('2D SPACE',''
  ) );
#10186 = ORIENTED_EDGE('',*,*,#10012,.F.);
#10187 = ORIENTED_EDGE('',*,*,#6971,.F.);
#10188 = ADVANCED_FACE('',(#10189),#7040,.T.);
#10189 = FACE_BOUND('',#10190,.T.);
#10190 = EDGE_LOOP('',(#10191,#10192,#10193,#10216));
#10191 = ORIENTED_EDGE('',*,*,#7162,.F.);
#10192 = ORIENTED_EDGE('',*,*,#7027,.T.);
#10193 = ORIENTED_EDGE('',*,*,#10194,.T.);
#10194 = EDGE_CURVE('',#2812,#10195,#10197,.T.);
#10195 = VERTEX_POINT('',#10196);
#10196 = CARTESIAN_POINT('',(-25.,25.,3.5));
#10197 = SURFACE_CURVE('',#10198,(#10202,#10209),.PCURVE_S1.);
#10198 = LINE('',#10199,#10200);
#10199 = CARTESIAN_POINT('',(-25.,-75.8,3.5));
#10200 = VECTOR('',#10201,1.);
#10201 = DIRECTION('',(0.,1.,0.));
#10202 = PCURVE('',#7040,#10203);
#10203 = DEFINITIONAL_REPRESENTATION('',(#10204),#10208);
#10204 = LINE('',#10205,#10206);
#10205 = CARTESIAN_POINT('',(0.707106781187,0.));
#10206 = VECTOR('',#10207,1.);
#10207 = DIRECTION('',(0.,1.));
#10208 = ( GEOMETRIC_REPRESENTATION_CONTEXT(2) 
PARAMETRIC_REPRESENTATION_CONTEXT() REPRESENTATION_CONTEXT('2D SPACE',''
  ) );
#10209 = PCURVE('',#8658,#10210);
#10210 = DEFINITIONAL_REPRESENTATION('',(#10211),#10215);
#10211 = LINE('',#10212,#10213);
#10212 = CARTESIAN_POINT('',(0.,0.));
#10213 = VECTOR('',#10214,1.);
#10214 = DIRECTION('',(0.,-1.));
#10215 = ( GEOMETRIC_REPRESENTATION_CONTEXT(2) 
PARAMETRIC_REPRESENTATION_CONTEXT() REPRESENTATION_CONTEXT('2D SPACE',''
  ) );
#10216 = ORIENTED_EDGE('',*,*,#10217,.T.);
#10217 = EDGE_CURVE('',#10195,#7163,#10218,.T.);
#10218 = SURFACE_CURVE('',#10219,(#10223,#10229),.PCURVE_S1.);
#10219 = LINE('',#10220,#10221);
#10220 = CARTESIAN_POINT('',(-50.43333333333,-0.433333333333,
    28.933333333333));
#10221 = VECTOR('',#10222,1.);
#10222 = DIRECTION('',(-0.57735026919,-0.57735026919,0.57735026919));
#10223 = PCURVE('',#7040,#10224);
#10224 = DEFINITIONAL_REPRESENTATION('',(#10225),#10228);
#10225 = B_SPLINE_CURVE_WITH_KNOTS('',1,(#10226,#10227),.UNSPECIFIED.,
  .F.,.F.,(2,2),(-44.05182553916,-43.18580013538),
  .PIECEWISE_BEZIER_KNOTS.);
#10226 = CARTESIAN_POINT('',(0.707106781187,100.8));
#10227 = CARTESIAN_POINT('',(5.182295491259E-15,100.3));
#10228 = ( GEOMETRIC_REPRESENTATION_CONTEXT(2) 
PARAMETRIC_REPRESENTATION_CONTEXT() REPRESENTATION_CONTEXT('2D SPACE',''
  ) );
#10229 = PCURVE('',#7201,#10230);
#10230 = DEFINITIONAL_REPRESENTATION('',(#10231),#10234);
#10231 = B_SPLINE_CURVE_WITH_KNOTS('',1,(#10232,#10233),.UNSPECIFIED.,
  .F.,.F.,(2,2),(-44.05182553916,-43.18580013538),
  .PIECEWISE_BEZIER_KNOTS.);
#10232 = CARTESIAN_POINT('',(-3.095707658766E-15,50.8));
#10233 = CARTESIAN_POINT('',(0.707106781187,50.3));
#10234 = ( GEOMETRIC_REPRESENTATION_CONTEXT(2) 
PARAMETRIC_REPRESENTATION_CONTEXT() REPRESENTATION_CONTEXT('2D SPACE',''
  ) );
#10235 = ADVANCED_FACE('',(#10236),#7201,.T.);
#10236 = FACE_BOUND('',#10237,.T.);
#10237 = EDGE_LOOP('',(#10238,#10239,#10260,#10261));
#10238 = ORIENTED_EDGE('',*,*,#10217,.F.);
#10239 = ORIENTED_EDGE('',*,*,#10240,.F.);
#10240 = EDGE_CURVE('',#9152,#10195,#10241,.T.);
#10241 = SURFACE_CURVE('',#10242,(#10246,#10253),.PCURVE_S1.);
#10242 = LINE('',#10243,#10244);
#10243 = CARTESIAN_POINT('',(-75.8,25.,3.5));
#10244 = VECTOR('',#10245,1.);
#10245 = DIRECTION('',(1.,0.,0.));
#10246 = PCURVE('',#7201,#10247);
#10247 = DEFINITIONAL_REPRESENTATION('',(#10248),#10252);
#10248 = LINE('',#10249,#10250);
#10249 = CARTESIAN_POINT('',(0.,0.));
#10250 = VECTOR('',#10251,1.);
#10251 = DIRECTION('',(0.,1.));
#10252 = ( GEOMETRIC_REPRESENTATION_CONTEXT(2) 
PARAMETRIC_REPRESENTATION_CONTEXT() REPRESENTATION_CONTEXT('2D SPACE',''
  ) );
#10253 = PCURVE('',#9202,#10254);
#10254 = DEFINITIONAL_REPRESENTATION('',(#10255),#10259);
#10255 = LINE('',#10256,#10257);
#10256 = CARTESIAN_POINT('',(0.,0.));
#10257 = VECTOR('',#10258,1.);
#10258 = DIRECTION('',(1.,0.));
#10259 = ( GEOMETRIC_REPRESENTATION_CONTEXT(2) 
PARAMETRIC_REPRESENTATION_CONTEXT() REPRESENTATION_CONTEXT('2D SPACE',''
  ) );
#10260 = ORIENTED_EDGE('',*,*,#9151,.T.);
#10261 = ORIENTED_EDGE('',*,*,#7185,.T.);
#10262 = ADVANCED_FACE('',(#10263),#7301,.T.);
#10263 = FACE_BOUND('',#10264,.T.);
#10264 = EDGE_LOOP('',(#10265,#10288,#10315,#10316));
#10265 = ORIENTED_EDGE('',*,*,#10266,.T.);
#10266 = EDGE_CURVE('',#7285,#10267,#10269,.T.);
#10267 = VERTEX_POINT('',#10268);
#10268 = CARTESIAN_POINT('',(-48.4,-21.5,5.3));
#10269 = SEAM_CURVE('',#10270,(#10274,#10281),.PCURVE_S1.);
#10270 = LINE('',#10271,#10272);
#10271 = CARTESIAN_POINT('',(-48.4,-21.5,4.));
#10272 = VECTOR('',#10273,1.);
#10273 = DIRECTION('',(0.,0.,1.));
#10274 = PCURVE('',#7301,#10275);
#10275 = DEFINITIONAL_REPRESENTATION('',(#10276),#10280);
#10276 = LINE('',#10277,#10278);
#10277 = CARTESIAN_POINT('',(6.28318530718,-0.));
#10278 = VECTOR('',#10279,1.);
#10279 = DIRECTION('',(0.,1.));
#10280 = ( GEOMETRIC_REPRESENTATION_CONTEXT(2) 
PARAMETRIC_REPRESENTATION_CONTEXT() REPRESENTATION_CONTEXT('2D SPACE',''
  ) );
#10281 = PCURVE('',#7301,#10282);
#10282 = DEFINITIONAL_REPRESENTATION('',(#10283),#10287);
#10283 = LINE('',#10284,#10285);
#10284 = CARTESIAN_POINT('',(0.,-0.));
#10285 = VECTOR('',#10286,1.);
#10286 = DIRECTION('',(0.,1.));
#10287 = ( GEOMETRIC_REPRESENTATION_CONTEXT(2) 
PARAMETRIC_REPRESENTATION_CONTEXT() REPRESENTATION_CONTEXT('2D SPACE',''
  ) );
#10288 = ORIENTED_EDGE('',*,*,#10289,.F.);
#10289 = EDGE_CURVE('',#10267,#10267,#10290,.T.);
#10290 = SURFACE_CURVE('',#10291,(#10296,#10303),.PCURVE_S1.);
#10291 = CIRCLE('',#10292,1.6);
#10292 = AXIS2_PLACEMENT_3D('',#10293,#10294,#10295);
#10293 = CARTESIAN_POINT('',(-50.,-21.5,5.3));
#10294 = DIRECTION('',(0.,0.,1.));
#10295 = DIRECTION('',(1.,0.,-0.));
#10296 = PCURVE('',#7301,#10297);
#10297 = DEFINITIONAL_REPRESENTATION('',(#10298),#10302);
#10298 = LINE('',#10299,#10300);
#10299 = CARTESIAN_POINT('',(0.,1.3));
#10300 = VECTOR('',#10301,1.);
#10301 = DIRECTION('',(1.,0.));
#10302 = ( GEOMETRIC_REPRESENTATION_CONTEXT(2) 
PARAMETRIC_REPRESENTATION_CONTEXT() REPRESENTATION_CONTEXT('2D SPACE',''
  ) );
#10303 = PCURVE('',#10304,#10309);
#10304 = CONICAL_SURFACE('',#10305,1.6,0.785398163397);
#10305 = AXIS2_PLACEMENT_3D('',#10306,#10307,#10308);
#10306 = CARTESIAN_POINT('',(-50.,-21.5,5.3));
#10307 = DIRECTION('',(-0.,-0.,-1.));
#10308 = DIRECTION('',(1.,0.,0.));
#10309 = DEFINITIONAL_REPRESENTATION('',(#10310),#10314);
#10310 = LINE('',#10311,#10312);
#10311 = CARTESIAN_POINT('',(-0.,-0.));
#10312 = VECTOR('',#10313,1.);
#10313 = DIRECTION('',(-1.,-0.));
#10314 = ( GEOMETRIC_REPRESENTATION_CONTEXT(2) 
PARAMETRIC_REPRESENTATION_CONTEXT() REPRESENTATION_CONTEXT('2D SPACE',''
  ) );
#10315 = ORIENTED_EDGE('',*,*,#10266,.F.);
#10316 = ORIENTED_EDGE('',*,*,#7284,.T.);
#10317 = ADVANCED_FACE('',(#10318),#7332,.T.);
#10318 = FACE_BOUND('',#10319,.T.);
#10319 = EDGE_LOOP('',(#10320,#10343,#10370,#10371));
#10320 = ORIENTED_EDGE('',*,*,#10321,.T.);
#10321 = EDGE_CURVE('',#7316,#10322,#10324,.T.);
#10322 = VERTEX_POINT('',#10323);
#10323 = CARTESIAN_POINT('',(-69.9,0.,5.3));
#10324 = SEAM_CURVE('',#10325,(#10329,#10336),.PCURVE_S1.);
#10325 = LINE('',#10326,#10327);
#10326 = CARTESIAN_POINT('',(-69.9,-3.918869757272E-16,4.));
#10327 = VECTOR('',#10328,1.);
#10328 = DIRECTION('',(0.,0.,1.));
#10329 = PCURVE('',#7332,#10330);
#10330 = DEFINITIONAL_REPRESENTATION('',(#10331),#10335);
#10331 = LINE('',#10332,#10333);
#10332 = CARTESIAN_POINT('',(6.28318530718,-0.));
#10333 = VECTOR('',#10334,1.);
#10334 = DIRECTION('',(0.,1.));
#10335 = ( GEOMETRIC_REPRESENTATION_CONTEXT(2) 
PARAMETRIC_REPRESENTATION_CONTEXT() REPRESENTATION_CONTEXT('2D SPACE',''
  ) );
#10336 = PCURVE('',#7332,#10337);
#10337 = DEFINITIONAL_REPRESENTATION('',(#10338),#10342);
#10338 = LINE('',#10339,#10340);
#10339 = CARTESIAN_POINT('',(0.,-0.));
#10340 = VECTOR('',#10341,1.);
#10341 = DIRECTION('',(0.,1.));
#10342 = ( GEOMETRIC_REPRESENTATION_CONTEXT(2) 
PARAMETRIC_REPRESENTATION_CONTEXT() REPRESENTATION_CONTEXT('2D SPACE',''
  ) );
#10343 = ORIENTED_EDGE('',*,*,#10344,.F.);
#10344 = EDGE_CURVE('',#10322,#10322,#10345,.T.);
#10345 = SURFACE_CURVE('',#10346,(#10351,#10358),.PCURVE_S1.);
#10346 = CIRCLE('',#10347,1.6);
#10347 = AXIS2_PLACEMENT_3D('',#10348,#10349,#10350);
#10348 = CARTESIAN_POINT('',(-71.5,0.,5.3));
#10349 = DIRECTION('',(0.,0.,1.));
#10350 = DIRECTION('',(1.,0.,-0.));
#10351 = PCURVE('',#7332,#10352);
#10352 = DEFINITIONAL_REPRESENTATION('',(#10353),#10357);
#10353 = LINE('',#10354,#10355);
#10354 = CARTESIAN_POINT('',(0.,1.3));
#10355 = VECTOR('',#10356,1.);
#10356 = DIRECTION('',(1.,0.));
#10357 = ( GEOMETRIC_REPRESENTATION_CONTEXT(2) 
PARAMETRIC_REPRESENTATION_CONTEXT() REPRESENTATION_CONTEXT('2D SPACE',''
  ) );
#10358 = PCURVE('',#10359,#10364);
#10359 = CONICAL_SURFACE('',#10360,1.6,0.785398163397);
#10360 = AXIS2_PLACEMENT_3D('',#10361,#10362,#10363);
#10361 = CARTESIAN_POINT('',(-71.5,0.,5.3));
#10362 = DIRECTION('',(-0.,-0.,-1.));
#10363 = DIRECTION('',(1.,0.,0.));
#10364 = DEFINITIONAL_REPRESENTATION('',(#10365),#10369);
#10365 = LINE('',#10366,#10367);
#10366 = CARTESIAN_POINT('',(-0.,-0.));
#10367 = VECTOR('',#10368,1.);
#10368 = DIRECTION('',(-1.,-0.));
#10369 = ( GEOMETRIC_REPRESENTATION_CONTEXT(2) 
PARAMETRIC_REPRESENTATION_CONTEXT() REPRESENTATION_CONTEXT('2D SPACE',''
  ) );
#10370 = ORIENTED_EDGE('',*,*,#10321,.F.);
#10371 = ORIENTED_EDGE('',*,*,#7315,.T.);
#10372 = ADVANCED_FACE('',(#10373),#7363,.T.);
#10373 = FACE_BOUND('',#10374,.T.);
#10374 = EDGE_LOOP('',(#10375,#10398,#10425,#10426));
#10375 = ORIENTED_EDGE('',*,*,#10376,.T.);
#10376 = EDGE_CURVE('',#7347,#10377,#10379,.T.);
#10377 = VERTEX_POINT('',#10378);
#10378 = CARTESIAN_POINT('',(-48.4,21.5,5.3));
#10379 = SEAM_CURVE('',#10380,(#10384,#10391),.PCURVE_S1.);
#10380 = LINE('',#10381,#10382);
#10381 = CARTESIAN_POINT('',(-48.4,21.5,4.));
#10382 = VECTOR('',#10383,1.);
#10383 = DIRECTION('',(0.,0.,1.));
#10384 = PCURVE('',#7363,#10385);
#10385 = DEFINITIONAL_REPRESENTATION('',(#10386),#10390);
#10386 = LINE('',#10387,#10388);
#10387 = CARTESIAN_POINT('',(6.28318530718,-0.));
#10388 = VECTOR('',#10389,1.);
#10389 = DIRECTION('',(0.,1.));
#10390 = ( GEOMETRIC_REPRESENTATION_CONTEXT(2) 
PARAMETRIC_REPRESENTATION_CONTEXT() REPRESENTATION_CONTEXT('2D SPACE',''
  ) );
#10391 = PCURVE('',#7363,#10392);
#10392 = DEFINITIONAL_REPRESENTATION('',(#10393),#10397);
#10393 = LINE('',#10394,#10395);
#10394 = CARTESIAN_POINT('',(0.,-0.));
#10395 = VECTOR('',#10396,1.);
#10396 = DIRECTION('',(0.,1.));
#10397 = ( GEOMETRIC_REPRESENTATION_CONTEXT(2) 
PARAMETRIC_REPRESENTATION_CONTEXT() REPRESENTATION_CONTEXT('2D SPACE',''
  ) );
#10398 = ORIENTED_EDGE('',*,*,#10399,.F.);
#10399 = EDGE_CURVE('',#10377,#10377,#10400,.T.);
#10400 = SURFACE_CURVE('',#10401,(#10406,#10413),.PCURVE_S1.);
#10401 = CIRCLE('',#10402,1.6);
#10402 = AXIS2_PLACEMENT_3D('',#10403,#10404,#10405);
#10403 = CARTESIAN_POINT('',(-50.,21.5,5.3));
#10404 = DIRECTION('',(0.,0.,1.));
#10405 = DIRECTION('',(1.,0.,-0.));
#10406 = PCURVE('',#7363,#10407);
#10407 = DEFINITIONAL_REPRESENTATION('',(#10408),#10412);
#10408 = LINE('',#10409,#10410);
#10409 = CARTESIAN_POINT('',(0.,1.3));
#10410 = VECTOR('',#10411,1.);
#10411 = DIRECTION('',(1.,0.));
#10412 = ( GEOMETRIC_REPRESENTATION_CONTEXT(2) 
PARAMETRIC_REPRESENTATION_CONTEXT() REPRESENTATION_CONTEXT('2D SPACE',''
  ) );
#10413 = PCURVE('',#10414,#10419);
#10414 = CONICAL_SURFACE('',#10415,1.6,0.785398163397);
#10415 = AXIS2_PLACEMENT_3D('',#10416,#10417,#10418);
#10416 = CARTESIAN_POINT('',(-50.,21.5,5.3));
#10417 = DIRECTION('',(-0.,-0.,-1.));
#10418 = DIRECTION('',(1.,0.,0.));
#10419 = DEFINITIONAL_REPRESENTATION('',(#10420),#10424);
#10420 = LINE('',#10421,#10422);
#10421 = CARTESIAN_POINT('',(-0.,-0.));
#10422 = VECTOR('',#10423,1.);
#10423 = DIRECTION('',(-1.,-0.));
#10424 = ( GEOMETRIC_REPRESENTATION_CONTEXT(2) 
PARAMETRIC_REPRESENTATION_CONTEXT() REPRESENTATION_CONTEXT('2D SPACE',''
  ) );
#10425 = ORIENTED_EDGE('',*,*,#10376,.F.);
#10426 = ORIENTED_EDGE('',*,*,#7346,.T.);
#10427 = ADVANCED_FACE('',(#10428),#7394,.T.);
#10428 = FACE_BOUND('',#10429,.T.);
#10429 = EDGE_LOOP('',(#10430,#10453,#10480,#10481));
#10430 = ORIENTED_EDGE('',*,*,#10431,.T.);
#10431 = EDGE_CURVE('',#7378,#10432,#10434,.T.);
#10432 = VERTEX_POINT('',#10433);
#10433 = CARTESIAN_POINT('',(-26.9,0.,5.3));
#10434 = SEAM_CURVE('',#10435,(#10439,#10446),.PCURVE_S1.);
#10435 = LINE('',#10436,#10437);
#10436 = CARTESIAN_POINT('',(-26.9,-3.918869757272E-16,4.));
#10437 = VECTOR('',#10438,1.);
#10438 = DIRECTION('',(0.,0.,1.));
#10439 = PCURVE('',#7394,#10440);
#10440 = DEFINITIONAL_REPRESENTATION('',(#10441),#10445);
#10441 = LINE('',#10442,#10443);
#10442 = CARTESIAN_POINT('',(6.28318530718,-0.));
#10443 = VECTOR('',#10444,1.);
#10444 = DIRECTION('',(0.,1.));
#10445 = ( GEOMETRIC_REPRESENTATION_CONTEXT(2) 
PARAMETRIC_REPRESENTATION_CONTEXT() REPRESENTATION_CONTEXT('2D SPACE',''
  ) );
#10446 = PCURVE('',#7394,#10447);
#10447 = DEFINITIONAL_REPRESENTATION('',(#10448),#10452);
#10448 = LINE('',#10449,#10450);
#10449 = CARTESIAN_POINT('',(0.,-0.));
#10450 = VECTOR('',#10451,1.);
#10451 = DIRECTION('',(0.,1.));
#10452 = ( GEOMETRIC_REPRESENTATION_CONTEXT(2) 
PARAMETRIC_REPRESENTATION_CONTEXT() REPRESENTATION_CONTEXT('2D SPACE',''
  ) );
#10453 = ORIENTED_EDGE('',*,*,#10454,.F.);
#10454 = EDGE_CURVE('',#10432,#10432,#10455,.T.);
#10455 = SURFACE_CURVE('',#10456,(#10461,#10468),.PCURVE_S1.);
#10456 = CIRCLE('',#10457,1.6);
#10457 = AXIS2_PLACEMENT_3D('',#10458,#10459,#10460);
#10458 = CARTESIAN_POINT('',(-28.5,0.,5.3));
#10459 = DIRECTION('',(0.,0.,1.));
#10460 = DIRECTION('',(1.,0.,-0.));
#10461 = PCURVE('',#7394,#10462);
#10462 = DEFINITIONAL_REPRESENTATION('',(#10463),#10467);
#10463 = LINE('',#10464,#10465);
#10464 = CARTESIAN_POINT('',(0.,1.3));
#10465 = VECTOR('',#10466,1.);
#10466 = DIRECTION('',(1.,0.));
#10467 = ( GEOMETRIC_REPRESENTATION_CONTEXT(2) 
PARAMETRIC_REPRESENTATION_CONTEXT() REPRESENTATION_CONTEXT('2D SPACE',''
  ) );
#10468 = PCURVE('',#10469,#10474);
#10469 = CONICAL_SURFACE('',#10470,1.6,0.785398163397);
#10470 = AXIS2_PLACEMENT_3D('',#10471,#10472,#10473);
#10471 = CARTESIAN_POINT('',(-28.5,0.,5.3));
#10472 = DIRECTION('',(-0.,-0.,-1.));
#10473 = DIRECTION('',(1.,0.,0.));
#10474 = DEFINITIONAL_REPRESENTATION('',(#10475),#10479);
#10475 = LINE('',#10476,#10477);
#10476 = CARTESIAN_POINT('',(-0.,-0.));
#10477 = VECTOR('',#10478,1.);
#10478 = DIRECTION('',(-1.,-0.));
#10479 = ( GEOMETRIC_REPRESENTATION_CONTEXT(2) 
PARAMETRIC_REPRESENTATION_CONTEXT() REPRESENTATION_CONTEXT('2D SPACE',''
  ) );
#10480 = ORIENTED_EDGE('',*,*,#10431,.F.);
#10481 = ORIENTED_EDGE('',*,*,#7377,.T.);
#10482 = ADVANCED_FACE('',(#10483),#7447,.T.);
#10483 = FACE_BOUND('',#10484,.T.);
#10484 = EDGE_LOOP('',(#10485));
#10485 = ORIENTED_EDGE('',*,*,#7432,.T.);
#10486 = ADVANCED_FACE('',(#10487),#7500,.T.);
#10487 = FACE_BOUND('',#10488,.T.);
#10488 = EDGE_LOOP('',(#10489));
#10489 = ORIENTED_EDGE('',*,*,#7485,.T.);
#10490 = ADVANCED_FACE('',(#10491),#7553,.T.);
#10491 = FACE_BOUND('',#10492,.T.);
#10492 = EDGE_LOOP('',(#10493));
#10493 = ORIENTED_EDGE('',*,*,#7538,.T.);
#10494 = ADVANCED_FACE('',(#10495),#7606,.T.);
#10495 = FACE_BOUND('',#10496,.T.);
#10496 = EDGE_LOOP('',(#10497));
#10497 = ORIENTED_EDGE('',*,*,#7591,.T.);
#10498 = ADVANCED_FACE('',(#10499),#7711,.T.);
#10499 = FACE_BOUND('',#10500,.T.);
#10500 = EDGE_LOOP('',(#10501,#10524,#10548,#10549));
#10501 = ORIENTED_EDGE('',*,*,#10502,.F.);
#10502 = EDGE_CURVE('',#10503,#7789,#10505,.T.);
#10503 = VERTEX_POINT('',#10504);
#10504 = CARTESIAN_POINT('',(24.5,25.5,4.));
#10505 = SURFACE_CURVE('',#10506,(#10510,#10517),.PCURVE_S1.);
#10506 = LINE('',#10507,#10508);
#10507 = CARTESIAN_POINT('',(24.5,-75.8,4.));
#10508 = VECTOR('',#10509,1.);
#10509 = DIRECTION('',(0.,1.,0.));
#10510 = PCURVE('',#7711,#10511);
#10511 = DEFINITIONAL_REPRESENTATION('',(#10512),#10516);
#10512 = LINE('',#10513,#10514);
#10513 = CARTESIAN_POINT('',(0.,0.));
#10514 = VECTOR('',#10515,1.);
#10515 = DIRECTION('',(0.,1.));
#10516 = ( GEOMETRIC_REPRESENTATION_CONTEXT(2) 
PARAMETRIC_REPRESENTATION_CONTEXT() REPRESENTATION_CONTEXT('2D SPACE',''
  ) );
#10517 = PCURVE('',#7804,#10518);
#10518 = DEFINITIONAL_REPRESENTATION('',(#10519),#10523);
#10519 = LINE('',#10520,#10521);
#10520 = CARTESIAN_POINT('',(24.5,-75.8));
#10521 = VECTOR('',#10522,1.);
#10522 = DIRECTION('',(0.,1.));
#10523 = ( GEOMETRIC_REPRESENTATION_CONTEXT(2) 
PARAMETRIC_REPRESENTATION_CONTEXT() REPRESENTATION_CONTEXT('2D SPACE',''
  ) );
#10524 = ORIENTED_EDGE('',*,*,#10525,.T.);
#10525 = EDGE_CURVE('',#10503,#5142,#10526,.T.);
#10526 = SURFACE_CURVE('',#10527,(#10531,#10537),.PCURVE_S1.);
#10527 = LINE('',#10528,#10529);
#10528 = CARTESIAN_POINT('',(24.833333333333,25.166666666667,
    3.666666666667));
#10529 = VECTOR('',#10530,1.);
#10530 = DIRECTION('',(0.57735026919,-0.57735026919,-0.57735026919));
#10531 = PCURVE('',#7711,#10532);
#10532 = DEFINITIONAL_REPRESENTATION('',(#10533),#10536);
#10533 = B_SPLINE_CURVE_WITH_KNOTS('',1,(#10534,#10535),.UNSPECIFIED.,
  .F.,.F.,(2,2),(-0.57735026919,0.288675134595),
  .PIECEWISE_BEZIER_KNOTS.);
#10534 = CARTESIAN_POINT('',(1.691835273631E-16,101.3));
#10535 = CARTESIAN_POINT('',(0.707106781187,100.8));
#10536 = ( GEOMETRIC_REPRESENTATION_CONTEXT(2) 
PARAMETRIC_REPRESENTATION_CONTEXT() REPRESENTATION_CONTEXT('2D SPACE',''
  ) );
#10537 = PCURVE('',#10538,#10543);
#10538 = PLANE('',#10539);
#10539 = AXIS2_PLACEMENT_3D('',#10540,#10541,#10542);
#10540 = CARTESIAN_POINT('',(-75.8,25.,3.5));
#10541 = DIRECTION('',(0.,-0.707106781187,0.707106781187));
#10542 = DIRECTION('',(1.,0.,0.));
#10543 = DEFINITIONAL_REPRESENTATION('',(#10544),#10547);
#10544 = B_SPLINE_CURVE_WITH_KNOTS('',1,(#10545,#10546),.UNSPECIFIED.,
  .F.,.F.,(2,2),(-0.57735026919,0.288675134595),
  .PIECEWISE_BEZIER_KNOTS.);
#10545 = CARTESIAN_POINT('',(100.3,0.707106781187));
#10546 = CARTESIAN_POINT('',(100.8,3.283017482881E-15));
#10547 = ( GEOMETRIC_REPRESENTATION_CONTEXT(2) 
PARAMETRIC_REPRESENTATION_CONTEXT() REPRESENTATION_CONTEXT('2D SPACE',''
  ) );
#10548 = ORIENTED_EDGE('',*,*,#7695,.T.);
#10549 = ORIENTED_EDGE('',*,*,#7816,.T.);
#10550 = ADVANCED_FACE('',(#10551,#10603,#10634,#10665,#10696),#7804,.T.
  );
#10551 = FACE_BOUND('',#10552,.T.);
#10552 = EDGE_LOOP('',(#10553,#10576,#10597,#10598,#10599,#10600,#10601,
    #10602));
#10553 = ORIENTED_EDGE('',*,*,#10554,.F.);
#10554 = EDGE_CURVE('',#10555,#9738,#10557,.T.);
#10555 = VERTEX_POINT('',#10556);
#10556 = CARTESIAN_POINT('',(-24.5,25.5,4.));
#10557 = SURFACE_CURVE('',#10558,(#10562,#10569),.PCURVE_S1.);
#10558 = LINE('',#10559,#10560);
#10559 = CARTESIAN_POINT('',(-24.5,-75.8,4.));
#10560 = VECTOR('',#10561,1.);
#10561 = DIRECTION('',(0.,1.,0.));
#10562 = PCURVE('',#7804,#10563);
#10563 = DEFINITIONAL_REPRESENTATION('',(#10564),#10568);
#10564 = LINE('',#10565,#10566);
#10565 = CARTESIAN_POINT('',(-24.5,-75.8));
#10566 = VECTOR('',#10567,1.);
#10567 = DIRECTION('',(0.,1.));
#10568 = ( GEOMETRIC_REPRESENTATION_CONTEXT(2) 
PARAMETRIC_REPRESENTATION_CONTEXT() REPRESENTATION_CONTEXT('2D SPACE',''
  ) );
#10569 = PCURVE('',#9759,#10570);
#10570 = DEFINITIONAL_REPRESENTATION('',(#10571),#10575);
#10571 = LINE('',#10572,#10573);
#10572 = CARTESIAN_POINT('',(0.707106781187,0.));
#10573 = VECTOR('',#10574,1.);
#10574 = DIRECTION('',(0.,-1.));
#10575 = ( GEOMETRIC_REPRESENTATION_CONTEXT(2) 
PARAMETRIC_REPRESENTATION_CONTEXT() REPRESENTATION_CONTEXT('2D SPACE',''
  ) );
#10576 = ORIENTED_EDGE('',*,*,#10577,.T.);
#10577 = EDGE_CURVE('',#10555,#10503,#10578,.T.);
#10578 = SURFACE_CURVE('',#10579,(#10583,#10590),.PCURVE_S1.);
#10579 = LINE('',#10580,#10581);
#10580 = CARTESIAN_POINT('',(-75.8,25.5,4.));
#10581 = VECTOR('',#10582,1.);
#10582 = DIRECTION('',(1.,0.,0.));
#10583 = PCURVE('',#7804,#10584);
#10584 = DEFINITIONAL_REPRESENTATION('',(#10585),#10589);
#10585 = LINE('',#10586,#10587);
#10586 = CARTESIAN_POINT('',(-75.8,25.5));
#10587 = VECTOR('',#10588,1.);
#10588 = DIRECTION('',(1.,0.));
#10589 = ( GEOMETRIC_REPRESENTATION_CONTEXT(2) 
PARAMETRIC_REPRESENTATION_CONTEXT() REPRESENTATION_CONTEXT('2D SPACE',''
  ) );
#10590 = PCURVE('',#10538,#10591);
#10591 = DEFINITIONAL_REPRESENTATION('',(#10592),#10596);
#10592 = LINE('',#10593,#10594);
#10593 = CARTESIAN_POINT('',(0.,0.707106781187));
#10594 = VECTOR('',#10595,1.);
#10595 = DIRECTION('',(1.,0.));
#10596 = ( GEOMETRIC_REPRESENTATION_CONTEXT(2) 
PARAMETRIC_REPRESENTATION_CONTEXT() REPRESENTATION_CONTEXT('2D SPACE',''
  ) );
#10597 = ORIENTED_EDGE('',*,*,#10502,.T.);
#10598 = ORIENTED_EDGE('',*,*,#7788,.F.);
#10599 = ORIENTED_EDGE('',*,*,#9055,.T.);
#10600 = ORIENTED_EDGE('',*,*,#9347,.T.);
#10601 = ORIENTED_EDGE('',*,*,#9512,.F.);
#10602 = ORIENTED_EDGE('',*,*,#9771,.F.);
#10603 = FACE_BOUND('',#10604,.T.);
#10604 = EDGE_LOOP('',(#10605));
#10605 = ORIENTED_EDGE('',*,*,#10606,.F.);
#10606 = EDGE_CURVE('',#10607,#10607,#10609,.T.);
#10607 = VERTEX_POINT('',#10608);
#10608 = CARTESIAN_POINT('',(1.6,28.5,4.));
#10609 = SURFACE_CURVE('',#10610,(#10615,#10622),.PCURVE_S1.);
#10610 = CIRCLE('',#10611,1.6);
#10611 = AXIS2_PLACEMENT_3D('',#10612,#10613,#10614);
#10612 = CARTESIAN_POINT('',(0.,28.5,4.));
#10613 = DIRECTION('',(0.,0.,1.));
#10614 = DIRECTION('',(1.,0.,-0.));
#10615 = PCURVE('',#7804,#10616);
#10616 = DEFINITIONAL_REPRESENTATION('',(#10617),#10621);
#10617 = CIRCLE('',#10618,1.6);
#10618 = AXIS2_PLACEMENT_2D('',#10619,#10620);
#10619 = CARTESIAN_POINT('',(0.,28.5));
#10620 = DIRECTION('',(1.,0.));
#10621 = ( GEOMETRIC_REPRESENTATION_CONTEXT(2) 
PARAMETRIC_REPRESENTATION_CONTEXT() REPRESENTATION_CONTEXT('2D SPACE',''
  ) );
#10622 = PCURVE('',#10623,#10628);
#10623 = CYLINDRICAL_SURFACE('',#10624,1.6);
#10624 = AXIS2_PLACEMENT_3D('',#10625,#10626,#10627);
#10625 = CARTESIAN_POINT('',(0.,28.5,4.));
#10626 = DIRECTION('',(0.,0.,1.));
#10627 = DIRECTION('',(1.,0.,-0.));
#10628 = DEFINITIONAL_REPRESENTATION('',(#10629),#10633);
#10629 = LINE('',#10630,#10631);
#10630 = CARTESIAN_POINT('',(0.,0.));
#10631 = VECTOR('',#10632,1.);
#10632 = DIRECTION('',(1.,0.));
#10633 = ( GEOMETRIC_REPRESENTATION_CONTEXT(2) 
PARAMETRIC_REPRESENTATION_CONTEXT() REPRESENTATION_CONTEXT('2D SPACE',''
  ) );
#10634 = FACE_BOUND('',#10635,.T.);
#10635 = EDGE_LOOP('',(#10636));
#10636 = ORIENTED_EDGE('',*,*,#10637,.F.);
#10637 = EDGE_CURVE('',#10638,#10638,#10640,.T.);
#10638 = VERTEX_POINT('',#10639);
#10639 = CARTESIAN_POINT('',(-19.9,50.,4.));
#10640 = SURFACE_CURVE('',#10641,(#10646,#10653),.PCURVE_S1.);
#10641 = CIRCLE('',#10642,1.6);
#10642 = AXIS2_PLACEMENT_3D('',#10643,#10644,#10645);
#10643 = CARTESIAN_POINT('',(-21.5,50.,4.));
#10644 = DIRECTION('',(0.,0.,1.));
#10645 = DIRECTION('',(1.,0.,-0.));
#10646 = PCURVE('',#7804,#10647);
#10647 = DEFINITIONAL_REPRESENTATION('',(#10648),#10652);
#10648 = CIRCLE('',#10649,1.6);
#10649 = AXIS2_PLACEMENT_2D('',#10650,#10651);
#10650 = CARTESIAN_POINT('',(-21.5,50.));
#10651 = DIRECTION('',(1.,0.));
#10652 = ( GEOMETRIC_REPRESENTATION_CONTEXT(2) 
PARAMETRIC_REPRESENTATION_CONTEXT() REPRESENTATION_CONTEXT('2D SPACE',''
  ) );
#10653 = PCURVE('',#10654,#10659);
#10654 = CYLINDRICAL_SURFACE('',#10655,1.6);
#10655 = AXIS2_PLACEMENT_3D('',#10656,#10657,#10658);
#10656 = CARTESIAN_POINT('',(-21.5,50.,4.));
#10657 = DIRECTION('',(0.,0.,1.));
#10658 = DIRECTION('',(1.,0.,-0.));
#10659 = DEFINITIONAL_REPRESENTATION('',(#10660),#10664);
#10660 = LINE('',#10661,#10662);
#10661 = CARTESIAN_POINT('',(0.,0.));
#10662 = VECTOR('',#10663,1.);
#10663 = DIRECTION('',(1.,0.));
#10664 = ( GEOMETRIC_REPRESENTATION_CONTEXT(2) 
PARAMETRIC_REPRESENTATION_CONTEXT() REPRESENTATION_CONTEXT('2D SPACE',''
  ) );
#10665 = FACE_BOUND('',#10666,.T.);
#10666 = EDGE_LOOP('',(#10667));
#10667 = ORIENTED_EDGE('',*,*,#10668,.F.);
#10668 = EDGE_CURVE('',#10669,#10669,#10671,.T.);
#10669 = VERTEX_POINT('',#10670);
#10670 = CARTESIAN_POINT('',(23.1,50.,4.));
#10671 = SURFACE_CURVE('',#10672,(#10677,#10684),.PCURVE_S1.);
#10672 = CIRCLE('',#10673,1.6);
#10673 = AXIS2_PLACEMENT_3D('',#10674,#10675,#10676);
#10674 = CARTESIAN_POINT('',(21.5,50.,4.));
#10675 = DIRECTION('',(0.,0.,1.));
#10676 = DIRECTION('',(1.,0.,-0.));
#10677 = PCURVE('',#7804,#10678);
#10678 = DEFINITIONAL_REPRESENTATION('',(#10679),#10683);
#10679 = CIRCLE('',#10680,1.6);
#10680 = AXIS2_PLACEMENT_2D('',#10681,#10682);
#10681 = CARTESIAN_POINT('',(21.5,50.));
#10682 = DIRECTION('',(1.,0.));
#10683 = ( GEOMETRIC_REPRESENTATION_CONTEXT(2) 
PARAMETRIC_REPRESENTATION_CONTEXT() REPRESENTATION_CONTEXT('2D SPACE',''
  ) );
#10684 = PCURVE('',#10685,#10690);
#10685 = CYLINDRICAL_SURFACE('',#10686,1.6);
#10686 = AXIS2_PLACEMENT_3D('',#10687,#10688,#10689);
#10687 = CARTESIAN_POINT('',(21.5,50.,4.));
#10688 = DIRECTION('',(0.,0.,1.));
#10689 = DIRECTION('',(1.,0.,-0.));
#10690 = DEFINITIONAL_REPRESENTATION('',(#10691),#10695);
#10691 = LINE('',#10692,#10693);
#10692 = CARTESIAN_POINT('',(0.,0.));
#10693 = VECTOR('',#10694,1.);
#10694 = DIRECTION('',(1.,0.));
#10695 = ( GEOMETRIC_REPRESENTATION_CONTEXT(2) 
PARAMETRIC_REPRESENTATION_CONTEXT() REPRESENTATION_CONTEXT('2D SPACE',''
  ) );
#10696 = FACE_BOUND('',#10697,.T.);
#10697 = EDGE_LOOP('',(#10698));
#10698 = ORIENTED_EDGE('',*,*,#10699,.F.);
#10699 = EDGE_CURVE('',#10700,#10700,#10702,.T.);
#10700 = VERTEX_POINT('',#10701);
#10701 = CARTESIAN_POINT('',(1.6,71.5,4.));
#10702 = SURFACE_CURVE('',#10703,(#10708,#10715),.PCURVE_S1.);
#10703 = CIRCLE('',#10704,1.6);
#10704 = AXIS2_PLACEMENT_3D('',#10705,#10706,#10707);
#10705 = CARTESIAN_POINT('',(0.,71.5,4.));
#10706 = DIRECTION('',(0.,0.,1.));
#10707 = DIRECTION('',(1.,0.,-0.));
#10708 = PCURVE('',#7804,#10709);
#10709 = DEFINITIONAL_REPRESENTATION('',(#10710),#10714);
#10710 = CIRCLE('',#10711,1.6);
#10711 = AXIS2_PLACEMENT_2D('',#10712,#10713);
#10712 = CARTESIAN_POINT('',(0.,71.5));
#10713 = DIRECTION('',(1.,0.));
#10714 = ( GEOMETRIC_REPRESENTATION_CONTEXT(2) 
PARAMETRIC_REPRESENTATION_CONTEXT() REPRESENTATION_CONTEXT('2D SPACE',''
  ) );
#10715 = PCURVE('',#10716,#10721);
#10716 = CYLINDRICAL_SURFACE('',#10717,1.6);
#10717 = AXIS2_PLACEMENT_3D('',#10718,#10719,#10720);
#10718 = CARTESIAN_POINT('',(0.,71.5,4.));
#10719 = DIRECTION('',(0.,0.,1.));
#10720 = DIRECTION('',(1.,0.,-0.));
#10721 = DEFINITIONAL_REPRESENTATION('',(#10722),#10726);
#10722 = LINE('',#10723,#10724);
#10723 = CARTESIAN_POINT('',(0.,0.));
#10724 = VECTOR('',#10725,1.);
#10725 = DIRECTION('',(1.,0.));
#10726 = ( GEOMETRIC_REPRESENTATION_CONTEXT(2) 
PARAMETRIC_REPRESENTATION_CONTEXT() REPRESENTATION_CONTEXT('2D SPACE',''
  ) );
#10727 = ADVANCED_FACE('',(#10728),#7997,.T.);
#10728 = FACE_BOUND('',#10729,.T.);
#10729 = EDGE_LOOP('',(#10730,#10751,#10752,#10753));
#10730 = ORIENTED_EDGE('',*,*,#10731,.F.);
#10731 = EDGE_CURVE('',#7960,#10732,#10734,.T.);
#10732 = VERTEX_POINT('',#10733);
#10733 = CARTESIAN_POINT('',(51.3,28.5,5.6));
#10734 = SEAM_CURVE('',#10735,(#10739,#10745),.PCURVE_S1.);
#10735 = LINE('',#10736,#10737);
#10736 = CARTESIAN_POINT('',(51.6,28.5,5.3));
#10737 = VECTOR('',#10738,1.);
#10738 = DIRECTION('',(-0.707106781187,0.,0.707106781187));
#10739 = PCURVE('',#7997,#10740);
#10740 = DEFINITIONAL_REPRESENTATION('',(#10741),#10744);
#10741 = B_SPLINE_CURVE_WITH_KNOTS('',1,(#10742,#10743),.UNSPECIFIED.,
  .F.,.F.,(2,2),(0.,0.424264068712),.PIECEWISE_BEZIER_KNOTS.);
#10742 = CARTESIAN_POINT('',(0.,0.));
#10743 = CARTESIAN_POINT('',(0.,-0.3));
#10744 = ( GEOMETRIC_REPRESENTATION_CONTEXT(2) 
PARAMETRIC_REPRESENTATION_CONTEXT() REPRESENTATION_CONTEXT('2D SPACE',''
  ) );
#10745 = PCURVE('',#7997,#10746);
#10746 = DEFINITIONAL_REPRESENTATION('',(#10747),#10750);
#10747 = B_SPLINE_CURVE_WITH_KNOTS('',1,(#10748,#10749),.UNSPECIFIED.,
  .F.,.F.,(2,2),(0.,0.424264068712),.PIECEWISE_BEZIER_KNOTS.);
#10748 = CARTESIAN_POINT('',(-6.28318530718,0.));
#10749 = CARTESIAN_POINT('',(-6.28318530718,-0.3));
#10750 = ( GEOMETRIC_REPRESENTATION_CONTEXT(2) 
PARAMETRIC_REPRESENTATION_CONTEXT() REPRESENTATION_CONTEXT('2D SPACE',''
  ) );
#10751 = ORIENTED_EDGE('',*,*,#7982,.T.);
#10752 = ORIENTED_EDGE('',*,*,#10731,.T.);
#10753 = ORIENTED_EDGE('',*,*,#10754,.F.);
#10754 = EDGE_CURVE('',#10732,#10732,#10755,.T.);
#10755 = SURFACE_CURVE('',#10756,(#10761,#10768),.PCURVE_S1.);
#10756 = CIRCLE('',#10757,1.3);
#10757 = AXIS2_PLACEMENT_3D('',#10758,#10759,#10760);
#10758 = CARTESIAN_POINT('',(50.,28.5,5.6));
#10759 = DIRECTION('',(0.,0.,1.));
#10760 = DIRECTION('',(1.,0.,-0.));
#10761 = PCURVE('',#7997,#10762);
#10762 = DEFINITIONAL_REPRESENTATION('',(#10763),#10767);
#10763 = LINE('',#10764,#10765);
#10764 = CARTESIAN_POINT('',(-0.,-0.3));
#10765 = VECTOR('',#10766,1.);
#10766 = DIRECTION('',(-1.,-0.));
#10767 = ( GEOMETRIC_REPRESENTATION_CONTEXT(2) 
PARAMETRIC_REPRESENTATION_CONTEXT() REPRESENTATION_CONTEXT('2D SPACE',''
  ) );
#10768 = PCURVE('',#10769,#10774);
#10769 = PLANE('',#10770);
#10770 = AXIS2_PLACEMENT_3D('',#10771,#10772,#10773);
#10771 = CARTESIAN_POINT('',(50.,28.5,5.6));
#10772 = DIRECTION('',(0.,0.,1.));
#10773 = DIRECTION('',(1.,0.,-0.));
#10774 = DEFINITIONAL_REPRESENTATION('',(#10775),#10779);
#10775 = CIRCLE('',#10776,1.3);
#10776 = AXIS2_PLACEMENT_2D('',#10777,#10778);
#10777 = CARTESIAN_POINT('',(0.,0.));
#10778 = DIRECTION('',(1.,0.));
#10779 = ( GEOMETRIC_REPRESENTATION_CONTEXT(2) 
PARAMETRIC_REPRESENTATION_CONTEXT() REPRESENTATION_CONTEXT('2D SPACE',''
  ) );
#10780 = ADVANCED_FACE('',(#10781),#8052,.T.);
#10781 = FACE_BOUND('',#10782,.T.);
#10782 = EDGE_LOOP('',(#10783,#10804,#10805,#10806));
#10783 = ORIENTED_EDGE('',*,*,#10784,.F.);
#10784 = EDGE_CURVE('',#8015,#10785,#10787,.T.);
#10785 = VERTEX_POINT('',#10786);
#10786 = CARTESIAN_POINT('',(29.8,50.,5.6));
#10787 = SEAM_CURVE('',#10788,(#10792,#10798),.PCURVE_S1.);
#10788 = LINE('',#10789,#10790);
#10789 = CARTESIAN_POINT('',(30.1,50.,5.3));
#10790 = VECTOR('',#10791,1.);
#10791 = DIRECTION('',(-0.707106781187,0.,0.707106781187));
#10792 = PCURVE('',#8052,#10793);
#10793 = DEFINITIONAL_REPRESENTATION('',(#10794),#10797);
#10794 = B_SPLINE_CURVE_WITH_KNOTS('',1,(#10795,#10796),.UNSPECIFIED.,
  .F.,.F.,(2,2),(0.,0.424264068712),.PIECEWISE_BEZIER_KNOTS.);
#10795 = CARTESIAN_POINT('',(0.,0.));
#10796 = CARTESIAN_POINT('',(0.,-0.3));
#10797 = ( GEOMETRIC_REPRESENTATION_CONTEXT(2) 
PARAMETRIC_REPRESENTATION_CONTEXT() REPRESENTATION_CONTEXT('2D SPACE',''
  ) );
#10798 = PCURVE('',#8052,#10799);
#10799 = DEFINITIONAL_REPRESENTATION('',(#10800),#10803);
#10800 = B_SPLINE_CURVE_WITH_KNOTS('',1,(#10801,#10802),.UNSPECIFIED.,
  .F.,.F.,(2,2),(0.,0.424264068712),.PIECEWISE_BEZIER_KNOTS.);
#10801 = CARTESIAN_POINT('',(-6.28318530718,0.));
#10802 = CARTESIAN_POINT('',(-6.28318530718,-0.3));
#10803 = ( GEOMETRIC_REPRESENTATION_CONTEXT(2) 
PARAMETRIC_REPRESENTATION_CONTEXT() REPRESENTATION_CONTEXT('2D SPACE',''
  ) );
#10804 = ORIENTED_EDGE('',*,*,#8037,.T.);
#10805 = ORIENTED_EDGE('',*,*,#10784,.T.);
#10806 = ORIENTED_EDGE('',*,*,#10807,.F.);
#10807 = EDGE_CURVE('',#10785,#10785,#10808,.T.);
#10808 = SURFACE_CURVE('',#10809,(#10814,#10821),.PCURVE_S1.);
#10809 = CIRCLE('',#10810,1.3);
#10810 = AXIS2_PLACEMENT_3D('',#10811,#10812,#10813);
#10811 = CARTESIAN_POINT('',(28.5,50.,5.6));
#10812 = DIRECTION('',(0.,0.,1.));
#10813 = DIRECTION('',(1.,0.,-0.));
#10814 = PCURVE('',#8052,#10815);
#10815 = DEFINITIONAL_REPRESENTATION('',(#10816),#10820);
#10816 = LINE('',#10817,#10818);
#10817 = CARTESIAN_POINT('',(-0.,-0.3));
#10818 = VECTOR('',#10819,1.);
#10819 = DIRECTION('',(-1.,-0.));
#10820 = ( GEOMETRIC_REPRESENTATION_CONTEXT(2) 
PARAMETRIC_REPRESENTATION_CONTEXT() REPRESENTATION_CONTEXT('2D SPACE',''
  ) );
#10821 = PCURVE('',#10822,#10827);
#10822 = PLANE('',#10823);
#10823 = AXIS2_PLACEMENT_3D('',#10824,#10825,#10826);
#10824 = CARTESIAN_POINT('',(28.5,50.,5.6));
#10825 = DIRECTION('',(0.,0.,1.));
#10826 = DIRECTION('',(1.,0.,-0.));
#10827 = DEFINITIONAL_REPRESENTATION('',(#10828),#10832);
#10828 = CIRCLE('',#10829,1.3);
#10829 = AXIS2_PLACEMENT_2D('',#10830,#10831);
#10830 = CARTESIAN_POINT('',(0.,0.));
#10831 = DIRECTION('',(1.,0.));
#10832 = ( GEOMETRIC_REPRESENTATION_CONTEXT(2) 
PARAMETRIC_REPRESENTATION_CONTEXT() REPRESENTATION_CONTEXT('2D SPACE',''
  ) );
#10833 = ADVANCED_FACE('',(#10834),#8107,.T.);
#10834 = FACE_BOUND('',#10835,.T.);
#10835 = EDGE_LOOP('',(#10836,#10857,#10858,#10859));
#10836 = ORIENTED_EDGE('',*,*,#10837,.F.);
#10837 = EDGE_CURVE('',#8070,#10838,#10840,.T.);
#10838 = VERTEX_POINT('',#10839);
#10839 = CARTESIAN_POINT('',(72.8,50.,5.6));
#10840 = SEAM_CURVE('',#10841,(#10845,#10851),.PCURVE_S1.);
#10841 = LINE('',#10842,#10843);
#10842 = CARTESIAN_POINT('',(73.1,50.,5.3));
#10843 = VECTOR('',#10844,1.);
#10844 = DIRECTION('',(-0.707106781187,0.,0.707106781187));
#10845 = PCURVE('',#8107,#10846);
#10846 = DEFINITIONAL_REPRESENTATION('',(#10847),#10850);
#10847 = B_SPLINE_CURVE_WITH_KNOTS('',1,(#10848,#10849),.UNSPECIFIED.,
  .F.,.F.,(2,2),(0.,0.424264068712),.PIECEWISE_BEZIER_KNOTS.);
#10848 = CARTESIAN_POINT('',(0.,0.));
#10849 = CARTESIAN_POINT('',(0.,-0.3));
#10850 = ( GEOMETRIC_REPRESENTATION_CONTEXT(2) 
PARAMETRIC_REPRESENTATION_CONTEXT() REPRESENTATION_CONTEXT('2D SPACE',''
  ) );
#10851 = PCURVE('',#8107,#10852);
#10852 = DEFINITIONAL_REPRESENTATION('',(#10853),#10856);
#10853 = B_SPLINE_CURVE_WITH_KNOTS('',1,(#10854,#10855),.UNSPECIFIED.,
  .F.,.F.,(2,2),(0.,0.424264068712),.PIECEWISE_BEZIER_KNOTS.);
#10854 = CARTESIAN_POINT('',(-6.28318530718,0.));
#10855 = CARTESIAN_POINT('',(-6.28318530718,-0.3));
#10856 = ( GEOMETRIC_REPRESENTATION_CONTEXT(2) 
PARAMETRIC_REPRESENTATION_CONTEXT() REPRESENTATION_CONTEXT('2D SPACE',''
  ) );
#10857 = ORIENTED_EDGE('',*,*,#8092,.T.);
#10858 = ORIENTED_EDGE('',*,*,#10837,.T.);
#10859 = ORIENTED_EDGE('',*,*,#10860,.F.);
#10860 = EDGE_CURVE('',#10838,#10838,#10861,.T.);
#10861 = SURFACE_CURVE('',#10862,(#10867,#10874),.PCURVE_S1.);
#10862 = CIRCLE('',#10863,1.3);
#10863 = AXIS2_PLACEMENT_3D('',#10864,#10865,#10866);
#10864 = CARTESIAN_POINT('',(71.5,50.,5.6));
#10865 = DIRECTION('',(0.,0.,1.));
#10866 = DIRECTION('',(1.,0.,-0.));
#10867 = PCURVE('',#8107,#10868);
#10868 = DEFINITIONAL_REPRESENTATION('',(#10869),#10873);
#10869 = LINE('',#10870,#10871);
#10870 = CARTESIAN_POINT('',(-0.,-0.3));
#10871 = VECTOR('',#10872,1.);
#10872 = DIRECTION('',(-1.,-0.));
#10873 = ( GEOMETRIC_REPRESENTATION_CONTEXT(2) 
PARAMETRIC_REPRESENTATION_CONTEXT() REPRESENTATION_CONTEXT('2D SPACE',''
  ) );
#10874 = PCURVE('',#10875,#10880);
#10875 = PLANE('',#10876);
#10876 = AXIS2_PLACEMENT_3D('',#10877,#10878,#10879);
#10877 = CARTESIAN_POINT('',(71.5,50.,5.6));
#10878 = DIRECTION('',(0.,0.,1.));
#10879 = DIRECTION('',(1.,0.,-0.));
#10880 = DEFINITIONAL_REPRESENTATION('',(#10881),#10885);
#10881 = CIRCLE('',#10882,1.3);
#10882 = AXIS2_PLACEMENT_2D('',#10883,#10884);
#10883 = CARTESIAN_POINT('',(0.,0.));
#10884 = DIRECTION('',(1.,0.));
#10885 = ( GEOMETRIC_REPRESENTATION_CONTEXT(2) 
PARAMETRIC_REPRESENTATION_CONTEXT() REPRESENTATION_CONTEXT('2D SPACE',''
  ) );
#10886 = ADVANCED_FACE('',(#10887),#8162,.T.);
#10887 = FACE_BOUND('',#10888,.T.);
#10888 = EDGE_LOOP('',(#10889,#10910,#10911,#10912));
#10889 = ORIENTED_EDGE('',*,*,#10890,.F.);
#10890 = EDGE_CURVE('',#8125,#10891,#10893,.T.);
#10891 = VERTEX_POINT('',#10892);
#10892 = CARTESIAN_POINT('',(51.3,71.5,5.6));
#10893 = SEAM_CURVE('',#10894,(#10898,#10904),.PCURVE_S1.);
#10894 = LINE('',#10895,#10896);
#10895 = CARTESIAN_POINT('',(51.6,71.5,5.3));
#10896 = VECTOR('',#10897,1.);
#10897 = DIRECTION('',(-0.707106781187,0.,0.707106781187));
#10898 = PCURVE('',#8162,#10899);
#10899 = DEFINITIONAL_REPRESENTATION('',(#10900),#10903);
#10900 = B_SPLINE_CURVE_WITH_KNOTS('',1,(#10901,#10902),.UNSPECIFIED.,
  .F.,.F.,(2,2),(0.,0.424264068712),.PIECEWISE_BEZIER_KNOTS.);
#10901 = CARTESIAN_POINT('',(0.,0.));
#10902 = CARTESIAN_POINT('',(0.,-0.3));
#10903 = ( GEOMETRIC_REPRESENTATION_CONTEXT(2) 
PARAMETRIC_REPRESENTATION_CONTEXT() REPRESENTATION_CONTEXT('2D SPACE',''
  ) );
#10904 = PCURVE('',#8162,#10905);
#10905 = DEFINITIONAL_REPRESENTATION('',(#10906),#10909);
#10906 = B_SPLINE_CURVE_WITH_KNOTS('',1,(#10907,#10908),.UNSPECIFIED.,
  .F.,.F.,(2,2),(0.,0.424264068712),.PIECEWISE_BEZIER_KNOTS.);
#10907 = CARTESIAN_POINT('',(-6.28318530718,0.));
#10908 = CARTESIAN_POINT('',(-6.28318530718,-0.3));
#10909 = ( GEOMETRIC_REPRESENTATION_CONTEXT(2) 
PARAMETRIC_REPRESENTATION_CONTEXT() REPRESENTATION_CONTEXT('2D SPACE',''
  ) );
#10910 = ORIENTED_EDGE('',*,*,#8147,.T.);
#10911 = ORIENTED_EDGE('',*,*,#10890,.T.);
#10912 = ORIENTED_EDGE('',*,*,#10913,.F.);
#10913 = EDGE_CURVE('',#10891,#10891,#10914,.T.);
#10914 = SURFACE_CURVE('',#10915,(#10920,#10927),.PCURVE_S1.);
#10915 = CIRCLE('',#10916,1.3);
#10916 = AXIS2_PLACEMENT_3D('',#10917,#10918,#10919);
#10917 = CARTESIAN_POINT('',(50.,71.5,5.6));
#10918 = DIRECTION('',(0.,0.,1.));
#10919 = DIRECTION('',(1.,0.,-0.));
#10920 = PCURVE('',#8162,#10921);
#10921 = DEFINITIONAL_REPRESENTATION('',(#10922),#10926);
#10922 = LINE('',#10923,#10924);
#10923 = CARTESIAN_POINT('',(-0.,-0.3));
#10924 = VECTOR('',#10925,1.);
#10925 = DIRECTION('',(-1.,-0.));
#10926 = ( GEOMETRIC_REPRESENTATION_CONTEXT(2) 
PARAMETRIC_REPRESENTATION_CONTEXT() REPRESENTATION_CONTEXT('2D SPACE',''
  ) );
#10927 = PCURVE('',#10928,#10933);
#10928 = PLANE('',#10929);
#10929 = AXIS2_PLACEMENT_3D('',#10930,#10931,#10932);
#10930 = CARTESIAN_POINT('',(50.,71.5,5.6));
#10931 = DIRECTION('',(0.,0.,1.));
#10932 = DIRECTION('',(1.,0.,-0.));
#10933 = DEFINITIONAL_REPRESENTATION('',(#10934),#10938);
#10934 = CIRCLE('',#10935,1.3);
#10935 = AXIS2_PLACEMENT_2D('',#10936,#10937);
#10936 = CARTESIAN_POINT('',(0.,0.));
#10937 = DIRECTION('',(1.,0.));
#10938 = ( GEOMETRIC_REPRESENTATION_CONTEXT(2) 
PARAMETRIC_REPRESENTATION_CONTEXT() REPRESENTATION_CONTEXT('2D SPACE',''
  ) );
#10939 = ADVANCED_FACE('',(#10940),#8195,.T.);
#10940 = FACE_BOUND('',#10941,.T.);
#10941 = EDGE_LOOP('',(#10942,#10965,#10966,#10967));
#10942 = ORIENTED_EDGE('',*,*,#10943,.F.);
#10943 = EDGE_CURVE('',#8671,#10944,#10946,.T.);
#10944 = VERTEX_POINT('',#10945);
#10945 = CARTESIAN_POINT('',(24.5,24.5,4.));
#10946 = SURFACE_CURVE('',#10947,(#10951,#10958),.PCURVE_S1.);
#10947 = LINE('',#10948,#10949);
#10948 = CARTESIAN_POINT('',(24.5,-75.8,4.));
#10949 = VECTOR('',#10950,1.);
#10950 = DIRECTION('',(0.,1.,0.));
#10951 = PCURVE('',#8195,#10952);
#10952 = DEFINITIONAL_REPRESENTATION('',(#10953),#10957);
#10953 = LINE('',#10954,#10955);
#10954 = CARTESIAN_POINT('',(0.,0.));
#10955 = VECTOR('',#10956,1.);
#10956 = DIRECTION('',(0.,1.));
#10957 = ( GEOMETRIC_REPRESENTATION_CONTEXT(2) 
PARAMETRIC_REPRESENTATION_CONTEXT() REPRESENTATION_CONTEXT('2D SPACE',''
  ) );
#10958 = PCURVE('',#8705,#10959);
#10959 = DEFINITIONAL_REPRESENTATION('',(#10960),#10964);
#10960 = LINE('',#10961,#10962);
#10961 = CARTESIAN_POINT('',(24.5,-75.8));
#10962 = VECTOR('',#10963,1.);
#10963 = DIRECTION('',(0.,1.));
#10964 = ( GEOMETRIC_REPRESENTATION_CONTEXT(2) 
PARAMETRIC_REPRESENTATION_CONTEXT() REPRESENTATION_CONTEXT('2D SPACE',''
  ) );
#10965 = ORIENTED_EDGE('',*,*,#8670,.T.);
#10966 = ORIENTED_EDGE('',*,*,#8181,.T.);
#10967 = ORIENTED_EDGE('',*,*,#10968,.T.);
#10968 = EDGE_CURVE('',#5142,#10944,#10969,.T.);
#10969 = SURFACE_CURVE('',#10970,(#10974,#10980),.PCURVE_S1.);
#10970 = LINE('',#10971,#10972);
#10971 = CARTESIAN_POINT('',(-8.766666666667,-8.766666666667,
    37.266666666667));
#10972 = VECTOR('',#10973,1.);
#10973 = DIRECTION('',(-0.57735026919,-0.57735026919,0.57735026919));
#10974 = PCURVE('',#8195,#10975);
#10975 = DEFINITIONAL_REPRESENTATION('',(#10976),#10979);
#10976 = B_SPLINE_CURVE_WITH_KNOTS('',1,(#10977,#10978),.UNSPECIFIED.,
  .F.,.F.,(2,2),(-58.4855822689,-57.61955686512),
  .PIECEWISE_BEZIER_KNOTS.);
#10977 = CARTESIAN_POINT('',(0.707106781187,100.8));
#10978 = CARTESIAN_POINT('',(1.445214025828E-14,100.3));
#10979 = ( GEOMETRIC_REPRESENTATION_CONTEXT(2) 
PARAMETRIC_REPRESENTATION_CONTEXT() REPRESENTATION_CONTEXT('2D SPACE',''
  ) );
#10980 = PCURVE('',#10981,#10986);
#10981 = PLANE('',#10982);
#10982 = AXIS2_PLACEMENT_3D('',#10983,#10984,#10985);
#10983 = CARTESIAN_POINT('',(-75.8,25.,3.5));
#10984 = DIRECTION('',(0.,0.707106781187,0.707106781187));
#10985 = DIRECTION('',(0.,-0.707106781187,0.707106781187));
#10986 = DEFINITIONAL_REPRESENTATION('',(#10987),#10990);
#10987 = B_SPLINE_CURVE_WITH_KNOTS('',1,(#10988,#10989),.UNSPECIFIED.,
  .F.,.F.,(2,2),(-58.4855822689,-57.61955686512),
  .PIECEWISE_BEZIER_KNOTS.);
#10988 = CARTESIAN_POINT('',(-1.586908892766E-14,100.8));
#10989 = CARTESIAN_POINT('',(0.707106781187,100.3));
#10990 = ( GEOMETRIC_REPRESENTATION_CONTEXT(2) 
PARAMETRIC_REPRESENTATION_CONTEXT() REPRESENTATION_CONTEXT('2D SPACE',''
  ) );
#10991 = ADVANCED_FACE('',(#10992),#8249,.T.);
#10992 = FACE_BOUND('',#10993,.T.);
#10993 = EDGE_LOOP('',(#10994,#11015,#11016,#11017));
#10994 = ORIENTED_EDGE('',*,*,#10995,.F.);
#10995 = EDGE_CURVE('',#8212,#10996,#10998,.T.);
#10996 = VERTEX_POINT('',#10997);
#10997 = CARTESIAN_POINT('',(51.3,-21.5,5.6));
#10998 = SEAM_CURVE('',#10999,(#11003,#11009),.PCURVE_S1.);
#10999 = LINE('',#11000,#11001);
#11000 = CARTESIAN_POINT('',(51.6,-21.5,5.3));
#11001 = VECTOR('',#11002,1.);
#11002 = DIRECTION('',(-0.707106781187,0.,0.707106781187));
#11003 = PCURVE('',#8249,#11004);
#11004 = DEFINITIONAL_REPRESENTATION('',(#11005),#11008);
#11005 = B_SPLINE_CURVE_WITH_KNOTS('',1,(#11006,#11007),.UNSPECIFIED.,
  .F.,.F.,(2,2),(0.,0.424264068712),.PIECEWISE_BEZIER_KNOTS.);
#11006 = CARTESIAN_POINT('',(0.,0.));
#11007 = CARTESIAN_POINT('',(0.,-0.3));
#11008 = ( GEOMETRIC_REPRESENTATION_CONTEXT(2) 
PARAMETRIC_REPRESENTATION_CONTEXT() REPRESENTATION_CONTEXT('2D SPACE',''
  ) );
#11009 = PCURVE('',#8249,#11010);
#11010 = DEFINITIONAL_REPRESENTATION('',(#11011),#11014);
#11011 = B_SPLINE_CURVE_WITH_KNOTS('',1,(#11012,#11013),.UNSPECIFIED.,
  .F.,.F.,(2,2),(0.,0.424264068712),.PIECEWISE_BEZIER_KNOTS.);
#11012 = CARTESIAN_POINT('',(-6.28318530718,0.));
#11013 = CARTESIAN_POINT('',(-6.28318530718,-0.3));
#11014 = ( GEOMETRIC_REPRESENTATION_CONTEXT(2) 
PARAMETRIC_REPRESENTATION_CONTEXT() REPRESENTATION_CONTEXT('2D SPACE',''
  ) );
#11015 = ORIENTED_EDGE('',*,*,#8234,.T.);
#11016 = ORIENTED_EDGE('',*,*,#10995,.T.);
#11017 = ORIENTED_EDGE('',*,*,#11018,.F.);
#11018 = EDGE_CURVE('',#10996,#10996,#11019,.T.);
#11019 = SURFACE_CURVE('',#11020,(#11025,#11032),.PCURVE_S1.);
#11020 = CIRCLE('',#11021,1.3);
#11021 = AXIS2_PLACEMENT_3D('',#11022,#11023,#11024);
#11022 = CARTESIAN_POINT('',(50.,-21.5,5.6));
#11023 = DIRECTION('',(0.,0.,1.));
#11024 = DIRECTION('',(1.,0.,-0.));
#11025 = PCURVE('',#8249,#11026);
#11026 = DEFINITIONAL_REPRESENTATION('',(#11027),#11031);
#11027 = LINE('',#11028,#11029);
#11028 = CARTESIAN_POINT('',(-0.,-0.3));
#11029 = VECTOR('',#11030,1.);
#11030 = DIRECTION('',(-1.,-0.));
#11031 = ( GEOMETRIC_REPRESENTATION_CONTEXT(2) 
PARAMETRIC_REPRESENTATION_CONTEXT() REPRESENTATION_CONTEXT('2D SPACE',''
  ) );
#11032 = PCURVE('',#11033,#11038);
#11033 = PLANE('',#11034);
#11034 = AXIS2_PLACEMENT_3D('',#11035,#11036,#11037);
#11035 = CARTESIAN_POINT('',(50.,-21.5,5.6));
#11036 = DIRECTION('',(0.,0.,1.));
#11037 = DIRECTION('',(1.,0.,-0.));
#11038 = DEFINITIONAL_REPRESENTATION('',(#11039),#11043);
#11039 = CIRCLE('',#11040,1.3);
#11040 = AXIS2_PLACEMENT_2D('',#11041,#11042);
#11041 = CARTESIAN_POINT('',(0.,0.));
#11042 = DIRECTION('',(1.,0.));
#11043 = ( GEOMETRIC_REPRESENTATION_CONTEXT(2) 
PARAMETRIC_REPRESENTATION_CONTEXT() REPRESENTATION_CONTEXT('2D SPACE',''
  ) );
#11044 = ADVANCED_FACE('',(#11045),#8304,.T.);
#11045 = FACE_BOUND('',#11046,.T.);
#11046 = EDGE_LOOP('',(#11047,#11068,#11069,#11070));
#11047 = ORIENTED_EDGE('',*,*,#11048,.F.);
#11048 = EDGE_CURVE('',#8267,#11049,#11051,.T.);
#11049 = VERTEX_POINT('',#11050);
#11050 = CARTESIAN_POINT('',(29.8,0.,5.6));
#11051 = SEAM_CURVE('',#11052,(#11056,#11062),.PCURVE_S1.);
#11052 = LINE('',#11053,#11054);
#11053 = CARTESIAN_POINT('',(30.1,0.,5.3));
#11054 = VECTOR('',#11055,1.);
#11055 = DIRECTION('',(-0.707106781187,0.,0.707106781187));
#11056 = PCURVE('',#8304,#11057);
#11057 = DEFINITIONAL_REPRESENTATION('',(#11058),#11061);
#11058 = B_SPLINE_CURVE_WITH_KNOTS('',1,(#11059,#11060),.UNSPECIFIED.,
  .F.,.F.,(2,2),(0.,0.424264068712),.PIECEWISE_BEZIER_KNOTS.);
#11059 = CARTESIAN_POINT('',(0.,0.));
#11060 = CARTESIAN_POINT('',(0.,-0.3));
#11061 = ( GEOMETRIC_REPRESENTATION_CONTEXT(2) 
PARAMETRIC_REPRESENTATION_CONTEXT() REPRESENTATION_CONTEXT('2D SPACE',''
  ) );
#11062 = PCURVE('',#8304,#11063);
#11063 = DEFINITIONAL_REPRESENTATION('',(#11064),#11067);
#11064 = B_SPLINE_CURVE_WITH_KNOTS('',1,(#11065,#11066),.UNSPECIFIED.,
  .F.,.F.,(2,2),(0.,0.424264068712),.PIECEWISE_BEZIER_KNOTS.);
#11065 = CARTESIAN_POINT('',(-6.28318530718,0.));
#11066 = CARTESIAN_POINT('',(-6.28318530718,-0.3));
#11067 = ( GEOMETRIC_REPRESENTATION_CONTEXT(2) 
PARAMETRIC_REPRESENTATION_CONTEXT() REPRESENTATION_CONTEXT('2D SPACE',''
  ) );
#11068 = ORIENTED_EDGE('',*,*,#8289,.T.);
#11069 = ORIENTED_EDGE('',*,*,#11048,.T.);
#11070 = ORIENTED_EDGE('',*,*,#11071,.F.);
#11071 = EDGE_CURVE('',#11049,#11049,#11072,.T.);
#11072 = SURFACE_CURVE('',#11073,(#11078,#11085),.PCURVE_S1.);
#11073 = CIRCLE('',#11074,1.3);
#11074 = AXIS2_PLACEMENT_3D('',#11075,#11076,#11077);
#11075 = CARTESIAN_POINT('',(28.5,0.,5.6));
#11076 = DIRECTION('',(0.,0.,1.));
#11077 = DIRECTION('',(1.,0.,-0.));
#11078 = PCURVE('',#8304,#11079);
#11079 = DEFINITIONAL_REPRESENTATION('',(#11080),#11084);
#11080 = LINE('',#11081,#11082);
#11081 = CARTESIAN_POINT('',(-0.,-0.3));
#11082 = VECTOR('',#11083,1.);
#11083 = DIRECTION('',(-1.,-0.));
#11084 = ( GEOMETRIC_REPRESENTATION_CONTEXT(2) 
PARAMETRIC_REPRESENTATION_CONTEXT() REPRESENTATION_CONTEXT('2D SPACE',''
  ) );
#11085 = PCURVE('',#11086,#11091);
#11086 = PLANE('',#11087);
#11087 = AXIS2_PLACEMENT_3D('',#11088,#11089,#11090);
#11088 = CARTESIAN_POINT('',(28.5,0.,5.6));
#11089 = DIRECTION('',(0.,0.,1.));
#11090 = DIRECTION('',(1.,0.,-0.));
#11091 = DEFINITIONAL_REPRESENTATION('',(#11092),#11096);
#11092 = CIRCLE('',#11093,1.3);
#11093 = AXIS2_PLACEMENT_2D('',#11094,#11095);
#11094 = CARTESIAN_POINT('',(0.,0.));
#11095 = DIRECTION('',(1.,0.));
#11096 = ( GEOMETRIC_REPRESENTATION_CONTEXT(2) 
PARAMETRIC_REPRESENTATION_CONTEXT() REPRESENTATION_CONTEXT('2D SPACE',''
  ) );
#11097 = ADVANCED_FACE('',(#11098),#8359,.T.);
#11098 = FACE_BOUND('',#11099,.T.);
#11099 = EDGE_LOOP('',(#11100,#11121,#11122,#11123));
#11100 = ORIENTED_EDGE('',*,*,#11101,.F.);
#11101 = EDGE_CURVE('',#8322,#11102,#11104,.T.);
#11102 = VERTEX_POINT('',#11103);
#11103 = CARTESIAN_POINT('',(72.8,0.,5.6));
#11104 = SEAM_CURVE('',#11105,(#11109,#11115),.PCURVE_S1.);
#11105 = LINE('',#11106,#11107);
#11106 = CARTESIAN_POINT('',(73.1,0.,5.3));
#11107 = VECTOR('',#11108,1.);
#11108 = DIRECTION('',(-0.707106781187,0.,0.707106781187));
#11109 = PCURVE('',#8359,#11110);
#11110 = DEFINITIONAL_REPRESENTATION('',(#11111),#11114);
#11111 = B_SPLINE_CURVE_WITH_KNOTS('',1,(#11112,#11113),.UNSPECIFIED.,
  .F.,.F.,(2,2),(0.,0.424264068712),.PIECEWISE_BEZIER_KNOTS.);
#11112 = CARTESIAN_POINT('',(0.,0.));
#11113 = CARTESIAN_POINT('',(0.,-0.3));
#11114 = ( GEOMETRIC_REPRESENTATION_CONTEXT(2) 
PARAMETRIC_REPRESENTATION_CONTEXT() REPRESENTATION_CONTEXT('2D SPACE',''
  ) );
#11115 = PCURVE('',#8359,#11116);
#11116 = DEFINITIONAL_REPRESENTATION('',(#11117),#11120);
#11117 = B_SPLINE_CURVE_WITH_KNOTS('',1,(#11118,#11119),.UNSPECIFIED.,
  .F.,.F.,(2,2),(0.,0.424264068712),.PIECEWISE_BEZIER_KNOTS.);
#11118 = CARTESIAN_POINT('',(-6.28318530718,0.));
#11119 = CARTESIAN_POINT('',(-6.28318530718,-0.3));
#11120 = ( GEOMETRIC_REPRESENTATION_CONTEXT(2) 
PARAMETRIC_REPRESENTATION_CONTEXT() REPRESENTATION_CONTEXT('2D SPACE',''
  ) );
#11121 = ORIENTED_EDGE('',*,*,#8344,.T.);
#11122 = ORIENTED_EDGE('',*,*,#11101,.T.);
#11123 = ORIENTED_EDGE('',*,*,#11124,.F.);
#11124 = EDGE_CURVE('',#11102,#11102,#11125,.T.);
#11125 = SURFACE_CURVE('',#11126,(#11131,#11138),.PCURVE_S1.);
#11126 = CIRCLE('',#11127,1.3);
#11127 = AXIS2_PLACEMENT_3D('',#11128,#11129,#11130);
#11128 = CARTESIAN_POINT('',(71.5,0.,5.6));
#11129 = DIRECTION('',(0.,0.,1.));
#11130 = DIRECTION('',(1.,0.,-0.));
#11131 = PCURVE('',#8359,#11132);
#11132 = DEFINITIONAL_REPRESENTATION('',(#11133),#11137);
#11133 = LINE('',#11134,#11135);
#11134 = CARTESIAN_POINT('',(-0.,-0.3));
#11135 = VECTOR('',#11136,1.);
#11136 = DIRECTION('',(-1.,-0.));
#11137 = ( GEOMETRIC_REPRESENTATION_CONTEXT(2) 
PARAMETRIC_REPRESENTATION_CONTEXT() REPRESENTATION_CONTEXT('2D SPACE',''
  ) );
#11138 = PCURVE('',#11139,#11144);
#11139 = PLANE('',#11140);
#11140 = AXIS2_PLACEMENT_3D('',#11141,#11142,#11143);
#11141 = CARTESIAN_POINT('',(71.5,0.,5.6));
#11142 = DIRECTION('',(0.,0.,1.));
#11143 = DIRECTION('',(1.,0.,-0.));
#11144 = DEFINITIONAL_REPRESENTATION('',(#11145),#11149);
#11145 = CIRCLE('',#11146,1.3);
#11146 = AXIS2_PLACEMENT_2D('',#11147,#11148);
#11147 = CARTESIAN_POINT('',(0.,0.));
#11148 = DIRECTION('',(1.,0.));
#11149 = ( GEOMETRIC_REPRESENTATION_CONTEXT(2) 
PARAMETRIC_REPRESENTATION_CONTEXT() REPRESENTATION_CONTEXT('2D SPACE',''
  ) );
#11150 = ADVANCED_FACE('',(#11151),#8414,.T.);
#11151 = FACE_BOUND('',#11152,.T.);
#11152 = EDGE_LOOP('',(#11153,#11174,#11175,#11176));
#11153 = ORIENTED_EDGE('',*,*,#11154,.F.);
#11154 = EDGE_CURVE('',#8377,#11155,#11157,.T.);
#11155 = VERTEX_POINT('',#11156);
#11156 = CARTESIAN_POINT('',(51.3,21.5,5.6));
#11157 = SEAM_CURVE('',#11158,(#11162,#11168),.PCURVE_S1.);
#11158 = LINE('',#11159,#11160);
#11159 = CARTESIAN_POINT('',(51.6,21.5,5.3));
#11160 = VECTOR('',#11161,1.);
#11161 = DIRECTION('',(-0.707106781187,0.,0.707106781187));
#11162 = PCURVE('',#8414,#11163);
#11163 = DEFINITIONAL_REPRESENTATION('',(#11164),#11167);
#11164 = B_SPLINE_CURVE_WITH_KNOTS('',1,(#11165,#11166),.UNSPECIFIED.,
  .F.,.F.,(2,2),(0.,0.424264068712),.PIECEWISE_BEZIER_KNOTS.);
#11165 = CARTESIAN_POINT('',(0.,0.));
#11166 = CARTESIAN_POINT('',(0.,-0.3));
#11167 = ( GEOMETRIC_REPRESENTATION_CONTEXT(2) 
PARAMETRIC_REPRESENTATION_CONTEXT() REPRESENTATION_CONTEXT('2D SPACE',''
  ) );
#11168 = PCURVE('',#8414,#11169);
#11169 = DEFINITIONAL_REPRESENTATION('',(#11170),#11173);
#11170 = B_SPLINE_CURVE_WITH_KNOTS('',1,(#11171,#11172),.UNSPECIFIED.,
  .F.,.F.,(2,2),(0.,0.424264068712),.PIECEWISE_BEZIER_KNOTS.);
#11171 = CARTESIAN_POINT('',(-6.28318530718,0.));
#11172 = CARTESIAN_POINT('',(-6.28318530718,-0.3));
#11173 = ( GEOMETRIC_REPRESENTATION_CONTEXT(2) 
PARAMETRIC_REPRESENTATION_CONTEXT() REPRESENTATION_CONTEXT('2D SPACE',''
  ) );
#11174 = ORIENTED_EDGE('',*,*,#8399,.T.);
#11175 = ORIENTED_EDGE('',*,*,#11154,.T.);
#11176 = ORIENTED_EDGE('',*,*,#11177,.F.);
#11177 = EDGE_CURVE('',#11155,#11155,#11178,.T.);
#11178 = SURFACE_CURVE('',#11179,(#11184,#11191),.PCURVE_S1.);
#11179 = CIRCLE('',#11180,1.3);
#11180 = AXIS2_PLACEMENT_3D('',#11181,#11182,#11183);
#11181 = CARTESIAN_POINT('',(50.,21.5,5.6));
#11182 = DIRECTION('',(0.,0.,1.));
#11183 = DIRECTION('',(1.,0.,-0.));
#11184 = PCURVE('',#8414,#11185);
#11185 = DEFINITIONAL_REPRESENTATION('',(#11186),#11190);
#11186 = LINE('',#11187,#11188);
#11187 = CARTESIAN_POINT('',(-0.,-0.3));
#11188 = VECTOR('',#11189,1.);
#11189 = DIRECTION('',(-1.,-0.));
#11190 = ( GEOMETRIC_REPRESENTATION_CONTEXT(2) 
PARAMETRIC_REPRESENTATION_CONTEXT() REPRESENTATION_CONTEXT('2D SPACE',''
  ) );
#11191 = PCURVE('',#11192,#11197);
#11192 = PLANE('',#11193);
#11193 = AXIS2_PLACEMENT_3D('',#11194,#11195,#11196);
#11194 = CARTESIAN_POINT('',(50.,21.5,5.6));
#11195 = DIRECTION('',(0.,0.,1.));
#11196 = DIRECTION('',(1.,0.,-0.));
#11197 = DEFINITIONAL_REPRESENTATION('',(#11198),#11202);
#11198 = CIRCLE('',#11199,1.3);
#11199 = AXIS2_PLACEMENT_2D('',#11200,#11201);
#11200 = CARTESIAN_POINT('',(0.,0.));
#11201 = DIRECTION('',(1.,0.));
#11202 = ( GEOMETRIC_REPRESENTATION_CONTEXT(2) 
PARAMETRIC_REPRESENTATION_CONTEXT() REPRESENTATION_CONTEXT('2D SPACE',''
  ) );
#11203 = ADVANCED_FACE('',(#11204),#8469,.T.);
#11204 = FACE_BOUND('',#11205,.T.);
#11205 = EDGE_LOOP('',(#11206));
#11206 = ORIENTED_EDGE('',*,*,#8454,.T.);
#11207 = ADVANCED_FACE('',(#11208),#8522,.T.);
#11208 = FACE_BOUND('',#11209,.T.);
#11209 = EDGE_LOOP('',(#11210));
#11210 = ORIENTED_EDGE('',*,*,#8507,.T.);
#11211 = ADVANCED_FACE('',(#11212),#8575,.T.);
#11212 = FACE_BOUND('',#11213,.T.);
#11213 = EDGE_LOOP('',(#11214));
#11214 = ORIENTED_EDGE('',*,*,#8560,.T.);
#11215 = ADVANCED_FACE('',(#11216),#8628,.T.);
#11216 = FACE_BOUND('',#11217,.T.);
#11217 = EDGE_LOOP('',(#11218));
#11218 = ORIENTED_EDGE('',*,*,#8613,.T.);
#11219 = ADVANCED_FACE('',(#11220),#8658,.F.);
#11220 = FACE_BOUND('',#11221,.F.);
#11221 = EDGE_LOOP('',(#11222,#11245,#11246,#11247));
#11222 = ORIENTED_EDGE('',*,*,#11223,.F.);
#11223 = EDGE_CURVE('',#8644,#11224,#11226,.T.);
#11224 = VERTEX_POINT('',#11225);
#11225 = CARTESIAN_POINT('',(-24.5,24.5,4.));
#11226 = SURFACE_CURVE('',#11227,(#11231,#11238),.PCURVE_S1.);
#11227 = LINE('',#11228,#11229);
#11228 = CARTESIAN_POINT('',(-24.5,-75.8,4.));
#11229 = VECTOR('',#11230,1.);
#11230 = DIRECTION('',(0.,1.,0.));
#11231 = PCURVE('',#8658,#11232);
#11232 = DEFINITIONAL_REPRESENTATION('',(#11233),#11237);
#11233 = LINE('',#11234,#11235);
#11234 = CARTESIAN_POINT('',(0.707106781187,0.));
#11235 = VECTOR('',#11236,1.);
#11236 = DIRECTION('',(0.,-1.));
#11237 = ( GEOMETRIC_REPRESENTATION_CONTEXT(2) 
PARAMETRIC_REPRESENTATION_CONTEXT() REPRESENTATION_CONTEXT('2D SPACE',''
  ) );
#11238 = PCURVE('',#8705,#11239);
#11239 = DEFINITIONAL_REPRESENTATION('',(#11240),#11244);
#11240 = LINE('',#11241,#11242);
#11241 = CARTESIAN_POINT('',(-24.5,-75.8));
#11242 = VECTOR('',#11243,1.);
#11243 = DIRECTION('',(0.,1.));
#11244 = ( GEOMETRIC_REPRESENTATION_CONTEXT(2) 
PARAMETRIC_REPRESENTATION_CONTEXT() REPRESENTATION_CONTEXT('2D SPACE',''
  ) );
#11245 = ORIENTED_EDGE('',*,*,#8643,.T.);
#11246 = ORIENTED_EDGE('',*,*,#10194,.T.);
#11247 = ORIENTED_EDGE('',*,*,#11248,.T.);
#11248 = EDGE_CURVE('',#10195,#11224,#11249,.T.);
#11249 = SURFACE_CURVE('',#11250,(#11254,#11260),.PCURVE_S1.);
#11250 = LINE('',#11251,#11252);
#11251 = CARTESIAN_POINT('',(-16.66666666666,16.666666666667,
    11.833333333333));
#11252 = VECTOR('',#11253,1.);
#11253 = DIRECTION('',(0.57735026919,-0.57735026919,0.57735026919));
#11254 = PCURVE('',#8658,#11255);
#11255 = DEFINITIONAL_REPRESENTATION('',(#11256),#11259);
#11256 = B_SPLINE_CURVE_WITH_KNOTS('',1,(#11257,#11258),.UNSPECIFIED.,
  .F.,.F.,(2,2),(-14.43375672974,-13.56773132595),
  .PIECEWISE_BEZIER_KNOTS.);
#11257 = CARTESIAN_POINT('',(-2.495945510599E-15,-100.8));
#11258 = CARTESIAN_POINT('',(0.707106781187,-100.3));
#11259 = ( GEOMETRIC_REPRESENTATION_CONTEXT(2) 
PARAMETRIC_REPRESENTATION_CONTEXT() REPRESENTATION_CONTEXT('2D SPACE',''
  ) );
#11260 = PCURVE('',#10981,#11261);
#11261 = DEFINITIONAL_REPRESENTATION('',(#11262),#11265);
#11262 = B_SPLINE_CURVE_WITH_KNOTS('',1,(#11263,#11264),.UNSPECIFIED.,
  .F.,.F.,(2,2),(-14.43375672974,-13.56773132595),
  .PIECEWISE_BEZIER_KNOTS.);
#11263 = CARTESIAN_POINT('',(-2.495945510599E-15,50.8));
#11264 = CARTESIAN_POINT('',(0.707106781187,51.3));
#11265 = ( GEOMETRIC_REPRESENTATION_CONTEXT(2) 
PARAMETRIC_REPRESENTATION_CONTEXT() REPRESENTATION_CONTEXT('2D SPACE',''
  ) );
#11266 = ADVANCED_FACE('',(#11267,#11293,#11324,#11355,#11386),#8705,.T.
  );
#11267 = FACE_BOUND('',#11268,.T.);
#11268 = EDGE_LOOP('',(#11269,#11270,#11271,#11272));
#11269 = ORIENTED_EDGE('',*,*,#11223,.F.);
#11270 = ORIENTED_EDGE('',*,*,#8691,.T.);
#11271 = ORIENTED_EDGE('',*,*,#10943,.T.);
#11272 = ORIENTED_EDGE('',*,*,#11273,.F.);
#11273 = EDGE_CURVE('',#11224,#10944,#11274,.T.);
#11274 = SURFACE_CURVE('',#11275,(#11279,#11286),.PCURVE_S1.);
#11275 = LINE('',#11276,#11277);
#11276 = CARTESIAN_POINT('',(-75.8,24.5,4.));
#11277 = VECTOR('',#11278,1.);
#11278 = DIRECTION('',(1.,0.,0.));
#11279 = PCURVE('',#8705,#11280);
#11280 = DEFINITIONAL_REPRESENTATION('',(#11281),#11285);
#11281 = LINE('',#11282,#11283);
#11282 = CARTESIAN_POINT('',(-75.8,24.5));
#11283 = VECTOR('',#11284,1.);
#11284 = DIRECTION('',(1.,0.));
#11285 = ( GEOMETRIC_REPRESENTATION_CONTEXT(2) 
PARAMETRIC_REPRESENTATION_CONTEXT() REPRESENTATION_CONTEXT('2D SPACE',''
  ) );
#11286 = PCURVE('',#10981,#11287);
#11287 = DEFINITIONAL_REPRESENTATION('',(#11288),#11292);
#11288 = LINE('',#11289,#11290);
#11289 = CARTESIAN_POINT('',(0.707106781187,0.));
#11290 = VECTOR('',#11291,1.);
#11291 = DIRECTION('',(0.,1.));
#11292 = ( GEOMETRIC_REPRESENTATION_CONTEXT(2) 
PARAMETRIC_REPRESENTATION_CONTEXT() REPRESENTATION_CONTEXT('2D SPACE',''
  ) );
#11293 = FACE_BOUND('',#11294,.T.);
#11294 = EDGE_LOOP('',(#11295));
#11295 = ORIENTED_EDGE('',*,*,#11296,.F.);
#11296 = EDGE_CURVE('',#11297,#11297,#11299,.T.);
#11297 = VERTEX_POINT('',#11298);
#11298 = CARTESIAN_POINT('',(1.6,-21.5,4.));
#11299 = SURFACE_CURVE('',#11300,(#11305,#11312),.PCURVE_S1.);
#11300 = CIRCLE('',#11301,1.6);
#11301 = AXIS2_PLACEMENT_3D('',#11302,#11303,#11304);
#11302 = CARTESIAN_POINT('',(0.,-21.5,4.));
#11303 = DIRECTION('',(0.,0.,1.));
#11304 = DIRECTION('',(1.,0.,-0.));
#11305 = PCURVE('',#8705,#11306);
#11306 = DEFINITIONAL_REPRESENTATION('',(#11307),#11311);
#11307 = CIRCLE('',#11308,1.6);
#11308 = AXIS2_PLACEMENT_2D('',#11309,#11310);
#11309 = CARTESIAN_POINT('',(0.,-21.5));
#11310 = DIRECTION('',(1.,0.));
#11311 = ( GEOMETRIC_REPRESENTATION_CONTEXT(2) 
PARAMETRIC_REPRESENTATION_CONTEXT() REPRESENTATION_CONTEXT('2D SPACE',''
  ) );
#11312 = PCURVE('',#11313,#11318);
#11313 = CYLINDRICAL_SURFACE('',#11314,1.6);
#11314 = AXIS2_PLACEMENT_3D('',#11315,#11316,#11317);
#11315 = CARTESIAN_POINT('',(0.,-21.5,4.));
#11316 = DIRECTION('',(0.,0.,1.));
#11317 = DIRECTION('',(1.,0.,-0.));
#11318 = DEFINITIONAL_REPRESENTATION('',(#11319),#11323);
#11319 = LINE('',#11320,#11321);
#11320 = CARTESIAN_POINT('',(0.,0.));
#11321 = VECTOR('',#11322,1.);
#11322 = DIRECTION('',(1.,0.));
#11323 = ( GEOMETRIC_REPRESENTATION_CONTEXT(2) 
PARAMETRIC_REPRESENTATION_CONTEXT() REPRESENTATION_CONTEXT('2D SPACE',''
  ) );
#11324 = FACE_BOUND('',#11325,.T.);
#11325 = EDGE_LOOP('',(#11326));
#11326 = ORIENTED_EDGE('',*,*,#11327,.F.);
#11327 = EDGE_CURVE('',#11328,#11328,#11330,.T.);
#11328 = VERTEX_POINT('',#11329);
#11329 = CARTESIAN_POINT('',(-19.9,-3.918869757272E-16,4.));
#11330 = SURFACE_CURVE('',#11331,(#11336,#11343),.PCURVE_S1.);
#11331 = CIRCLE('',#11332,1.6);
#11332 = AXIS2_PLACEMENT_3D('',#11333,#11334,#11335);
#11333 = CARTESIAN_POINT('',(-21.5,0.,4.));
#11334 = DIRECTION('',(0.,0.,1.));
#11335 = DIRECTION('',(1.,0.,-0.));
#11336 = PCURVE('',#8705,#11337);
#11337 = DEFINITIONAL_REPRESENTATION('',(#11338),#11342);
#11338 = CIRCLE('',#11339,1.6);
#11339 = AXIS2_PLACEMENT_2D('',#11340,#11341);
#11340 = CARTESIAN_POINT('',(-21.5,0.));
#11341 = DIRECTION('',(1.,0.));
#11342 = ( GEOMETRIC_REPRESENTATION_CONTEXT(2) 
PARAMETRIC_REPRESENTATION_CONTEXT() REPRESENTATION_CONTEXT('2D SPACE',''
  ) );
#11343 = PCURVE('',#11344,#11349);
#11344 = CYLINDRICAL_SURFACE('',#11345,1.6);
#11345 = AXIS2_PLACEMENT_3D('',#11346,#11347,#11348);
#11346 = CARTESIAN_POINT('',(-21.5,0.,4.));
#11347 = DIRECTION('',(0.,0.,1.));
#11348 = DIRECTION('',(1.,0.,-0.));
#11349 = DEFINITIONAL_REPRESENTATION('',(#11350),#11354);
#11350 = LINE('',#11351,#11352);
#11351 = CARTESIAN_POINT('',(0.,0.));
#11352 = VECTOR('',#11353,1.);
#11353 = DIRECTION('',(1.,0.));
#11354 = ( GEOMETRIC_REPRESENTATION_CONTEXT(2) 
PARAMETRIC_REPRESENTATION_CONTEXT() REPRESENTATION_CONTEXT('2D SPACE',''
  ) );
#11355 = FACE_BOUND('',#11356,.T.);
#11356 = EDGE_LOOP('',(#11357));
#11357 = ORIENTED_EDGE('',*,*,#11358,.F.);
#11358 = EDGE_CURVE('',#11359,#11359,#11361,.T.);
#11359 = VERTEX_POINT('',#11360);
#11360 = CARTESIAN_POINT('',(23.1,-3.918869757272E-16,4.));
#11361 = SURFACE_CURVE('',#11362,(#11367,#11374),.PCURVE_S1.);
#11362 = CIRCLE('',#11363,1.6);
#11363 = AXIS2_PLACEMENT_3D('',#11364,#11365,#11366);
#11364 = CARTESIAN_POINT('',(21.5,0.,4.));
#11365 = DIRECTION('',(0.,0.,1.));
#11366 = DIRECTION('',(1.,0.,-0.));
#11367 = PCURVE('',#8705,#11368);
#11368 = DEFINITIONAL_REPRESENTATION('',(#11369),#11373);
#11369 = CIRCLE('',#11370,1.6);
#11370 = AXIS2_PLACEMENT_2D('',#11371,#11372);
#11371 = CARTESIAN_POINT('',(21.5,0.));
#11372 = DIRECTION('',(1.,0.));
#11373 = ( GEOMETRIC_REPRESENTATION_CONTEXT(2) 
PARAMETRIC_REPRESENTATION_CONTEXT() REPRESENTATION_CONTEXT('2D SPACE',''
  ) );
#11374 = PCURVE('',#11375,#11380);
#11375 = CYLINDRICAL_SURFACE('',#11376,1.6);
#11376 = AXIS2_PLACEMENT_3D('',#11377,#11378,#11379);
#11377 = CARTESIAN_POINT('',(21.5,0.,4.));
#11378 = DIRECTION('',(0.,0.,1.));
#11379 = DIRECTION('',(1.,0.,-0.));
#11380 = DEFINITIONAL_REPRESENTATION('',(#11381),#11385);
#11381 = LINE('',#11382,#11383);
#11382 = CARTESIAN_POINT('',(0.,0.));
#11383 = VECTOR('',#11384,1.);
#11384 = DIRECTION('',(1.,0.));
#11385 = ( GEOMETRIC_REPRESENTATION_CONTEXT(2) 
PARAMETRIC_REPRESENTATION_CONTEXT() REPRESENTATION_CONTEXT('2D SPACE',''
  ) );
#11386 = FACE_BOUND('',#11387,.T.);
#11387 = EDGE_LOOP('',(#11388));
#11388 = ORIENTED_EDGE('',*,*,#11389,.F.);
#11389 = EDGE_CURVE('',#11390,#11390,#11392,.T.);
#11390 = VERTEX_POINT('',#11391);
#11391 = CARTESIAN_POINT('',(1.6,21.5,4.));
#11392 = SURFACE_CURVE('',#11393,(#11398,#11405),.PCURVE_S1.);
#11393 = CIRCLE('',#11394,1.6);
#11394 = AXIS2_PLACEMENT_3D('',#11395,#11396,#11397);
#11395 = CARTESIAN_POINT('',(0.,21.5,4.));
#11396 = DIRECTION('',(0.,0.,1.));
#11397 = DIRECTION('',(1.,0.,-0.));
#11398 = PCURVE('',#8705,#11399);
#11399 = DEFINITIONAL_REPRESENTATION('',(#11400),#11404);
#11400 = CIRCLE('',#11401,1.6);
#11401 = AXIS2_PLACEMENT_2D('',#11402,#11403);
#11402 = CARTESIAN_POINT('',(0.,21.5));
#11403 = DIRECTION('',(1.,0.));
#11404 = ( GEOMETRIC_REPRESENTATION_CONTEXT(2) 
PARAMETRIC_REPRESENTATION_CONTEXT() REPRESENTATION_CONTEXT('2D SPACE',''
  ) );
#11405 = PCURVE('',#11406,#11411);
#11406 = CYLINDRICAL_SURFACE('',#11407,1.6);
#11407 = AXIS2_PLACEMENT_3D('',#11408,#11409,#11410);
#11408 = CARTESIAN_POINT('',(0.,21.5,4.));
#11409 = DIRECTION('',(0.,0.,1.));
#11410 = DIRECTION('',(1.,0.,-0.));
#11411 = DEFINITIONAL_REPRESENTATION('',(#11412),#11416);
#11412 = LINE('',#11413,#11414);
#11413 = CARTESIAN_POINT('',(0.,0.));
#11414 = VECTOR('',#11415,1.);
#11415 = DIRECTION('',(1.,0.));
#11416 = ( GEOMETRIC_REPRESENTATION_CONTEXT(2) 
PARAMETRIC_REPRESENTATION_CONTEXT() REPRESENTATION_CONTEXT('2D SPACE',''
  ) );
#11417 = ADVANCED_FACE('',(#11418),#8758,.T.);
#11418 = FACE_BOUND('',#11419,.T.);
#11419 = EDGE_LOOP('',(#11420));
#11420 = ORIENTED_EDGE('',*,*,#8743,.T.);
#11421 = ADVANCED_FACE('',(#11422),#8811,.T.);
#11422 = FACE_BOUND('',#11423,.T.);
#11423 = EDGE_LOOP('',(#11424));
#11424 = ORIENTED_EDGE('',*,*,#8796,.T.);
#11425 = ADVANCED_FACE('',(#11426),#8864,.T.);
#11426 = FACE_BOUND('',#11427,.T.);
#11427 = EDGE_LOOP('',(#11428));
#11428 = ORIENTED_EDGE('',*,*,#8849,.T.);
#11429 = ADVANCED_FACE('',(#11430),#8917,.T.);
#11430 = FACE_BOUND('',#11431,.T.);
#11431 = EDGE_LOOP('',(#11432));
#11432 = ORIENTED_EDGE('',*,*,#8902,.T.);
#11433 = ADVANCED_FACE('',(#11434,#11490,#11521,#11552,#11583),#9230,.T.
  );
#11434 = FACE_BOUND('',#11435,.T.);
#11435 = EDGE_LOOP('',(#11436,#11459,#11480,#11481,#11482,#11483,#11484,
    #11485,#11486,#11487,#11488,#11489));
#11436 = ORIENTED_EDGE('',*,*,#11437,.T.);
#11437 = EDGE_CURVE('',#9181,#11438,#11440,.T.);
#11438 = VERTEX_POINT('',#11439);
#11439 = CARTESIAN_POINT('',(-25.5,25.5,4.));
#11440 = SURFACE_CURVE('',#11441,(#11445,#11452),.PCURVE_S1.);
#11441 = LINE('',#11442,#11443);
#11442 = CARTESIAN_POINT('',(-75.8,25.5,4.));
#11443 = VECTOR('',#11444,1.);
#11444 = DIRECTION('',(1.,0.,0.));
#11445 = PCURVE('',#9230,#11446);
#11446 = DEFINITIONAL_REPRESENTATION('',(#11447),#11451);
#11447 = LINE('',#11448,#11449);
#11448 = CARTESIAN_POINT('',(-75.8,25.5));
#11449 = VECTOR('',#11450,1.);
#11450 = DIRECTION('',(1.,0.));
#11451 = ( GEOMETRIC_REPRESENTATION_CONTEXT(2) 
PARAMETRIC_REPRESENTATION_CONTEXT() REPRESENTATION_CONTEXT('2D SPACE',''
  ) );
#11452 = PCURVE('',#9202,#11453);
#11453 = DEFINITIONAL_REPRESENTATION('',(#11454),#11458);
#11454 = LINE('',#11455,#11456);
#11455 = CARTESIAN_POINT('',(0.,0.707106781187));
#11456 = VECTOR('',#11457,1.);
#11457 = DIRECTION('',(1.,0.));
#11458 = ( GEOMETRIC_REPRESENTATION_CONTEXT(2) 
PARAMETRIC_REPRESENTATION_CONTEXT() REPRESENTATION_CONTEXT('2D SPACE',''
  ) );
#11459 = ORIENTED_EDGE('',*,*,#11460,.T.);
#11460 = EDGE_CURVE('',#11438,#9681,#11461,.T.);
#11461 = SURFACE_CURVE('',#11462,(#11466,#11473),.PCURVE_S1.);
#11462 = LINE('',#11463,#11464);
#11463 = CARTESIAN_POINT('',(-25.5,-75.8,4.));
#11464 = VECTOR('',#11465,1.);
#11465 = DIRECTION('',(0.,1.,0.));
#11466 = PCURVE('',#9230,#11467);
#11467 = DEFINITIONAL_REPRESENTATION('',(#11468),#11472);
#11468 = LINE('',#11469,#11470);
#11469 = CARTESIAN_POINT('',(-25.5,-75.8));
#11470 = VECTOR('',#11471,1.);
#11471 = DIRECTION('',(0.,1.));
#11472 = ( GEOMETRIC_REPRESENTATION_CONTEXT(2) 
PARAMETRIC_REPRESENTATION_CONTEXT() REPRESENTATION_CONTEXT('2D SPACE',''
  ) );
#11473 = PCURVE('',#9725,#11474);
#11474 = DEFINITIONAL_REPRESENTATION('',(#11475),#11479);
#11475 = LINE('',#11476,#11477);
#11476 = CARTESIAN_POINT('',(0.,0.));
#11477 = VECTOR('',#11478,1.);
#11478 = DIRECTION('',(0.,1.));
#11479 = ( GEOMETRIC_REPRESENTATION_CONTEXT(2) 
PARAMETRIC_REPRESENTATION_CONTEXT() REPRESENTATION_CONTEXT('2D SPACE',''
  ) );
#11480 = ORIENTED_EDGE('',*,*,#9680,.F.);
#11481 = ORIENTED_EDGE('',*,*,#9857,.T.);
#11482 = ORIENTED_EDGE('',*,*,#10080,.T.);
#11483 = ORIENTED_EDGE('',*,*,#10166,.F.);
#11484 = ORIENTED_EDGE('',*,*,#10106,.F.);
#11485 = ORIENTED_EDGE('',*,*,#9951,.F.);
#11486 = ORIENTED_EDGE('',*,*,#9830,.T.);
#11487 = ORIENTED_EDGE('',*,*,#9620,.F.);
#11488 = ORIENTED_EDGE('',*,*,#9373,.F.);
#11489 = ORIENTED_EDGE('',*,*,#9214,.F.);
#11490 = FACE_BOUND('',#11491,.T.);
#11491 = EDGE_LOOP('',(#11492));
#11492 = ORIENTED_EDGE('',*,*,#11493,.F.);
#11493 = EDGE_CURVE('',#11494,#11494,#11496,.T.);
#11494 = VERTEX_POINT('',#11495);
#11495 = CARTESIAN_POINT('',(-48.4,28.5,4.));
#11496 = SURFACE_CURVE('',#11497,(#11502,#11509),.PCURVE_S1.);
#11497 = CIRCLE('',#11498,1.6);
#11498 = AXIS2_PLACEMENT_3D('',#11499,#11500,#11501);
#11499 = CARTESIAN_POINT('',(-50.,28.5,4.));
#11500 = DIRECTION('',(0.,0.,1.));
#11501 = DIRECTION('',(1.,0.,-0.));
#11502 = PCURVE('',#9230,#11503);
#11503 = DEFINITIONAL_REPRESENTATION('',(#11504),#11508);
#11504 = CIRCLE('',#11505,1.6);
#11505 = AXIS2_PLACEMENT_2D('',#11506,#11507);
#11506 = CARTESIAN_POINT('',(-50.,28.5));
#11507 = DIRECTION('',(1.,0.));
#11508 = ( GEOMETRIC_REPRESENTATION_CONTEXT(2) 
PARAMETRIC_REPRESENTATION_CONTEXT() REPRESENTATION_CONTEXT('2D SPACE',''
  ) );
#11509 = PCURVE('',#11510,#11515);
#11510 = CYLINDRICAL_SURFACE('',#11511,1.6);
#11511 = AXIS2_PLACEMENT_3D('',#11512,#11513,#11514);
#11512 = CARTESIAN_POINT('',(-50.,28.5,4.));
#11513 = DIRECTION('',(0.,0.,1.));
#11514 = DIRECTION('',(1.,0.,-0.));
#11515 = DEFINITIONAL_REPRESENTATION('',(#11516),#11520);
#11516 = LINE('',#11517,#11518);
#11517 = CARTESIAN_POINT('',(0.,0.));
#11518 = VECTOR('',#11519,1.);
#11519 = DIRECTION('',(1.,0.));
#11520 = ( GEOMETRIC_REPRESENTATION_CONTEXT(2) 
PARAMETRIC_REPRESENTATION_CONTEXT() REPRESENTATION_CONTEXT('2D SPACE',''
  ) );
#11521 = FACE_BOUND('',#11522,.T.);
#11522 = EDGE_LOOP('',(#11523));
#11523 = ORIENTED_EDGE('',*,*,#11524,.F.);
#11524 = EDGE_CURVE('',#11525,#11525,#11527,.T.);
#11525 = VERTEX_POINT('',#11526);
#11526 = CARTESIAN_POINT('',(-69.9,50.,4.));
#11527 = SURFACE_CURVE('',#11528,(#11533,#11540),.PCURVE_S1.);
#11528 = CIRCLE('',#11529,1.6);
#11529 = AXIS2_PLACEMENT_3D('',#11530,#11531,#11532);
#11530 = CARTESIAN_POINT('',(-71.5,50.,4.));
#11531 = DIRECTION('',(0.,0.,1.));
#11532 = DIRECTION('',(1.,0.,-0.));
#11533 = PCURVE('',#9230,#11534);
#11534 = DEFINITIONAL_REPRESENTATION('',(#11535),#11539);
#11535 = CIRCLE('',#11536,1.6);
#11536 = AXIS2_PLACEMENT_2D('',#11537,#11538);
#11537 = CARTESIAN_POINT('',(-71.5,50.));
#11538 = DIRECTION('',(1.,0.));
#11539 = ( GEOMETRIC_REPRESENTATION_CONTEXT(2) 
PARAMETRIC_REPRESENTATION_CONTEXT() REPRESENTATION_CONTEXT('2D SPACE',''
  ) );
#11540 = PCURVE('',#11541,#11546);
#11541 = CYLINDRICAL_SURFACE('',#11542,1.6);
#11542 = AXIS2_PLACEMENT_3D('',#11543,#11544,#11545);
#11543 = CARTESIAN_POINT('',(-71.5,50.,4.));
#11544 = DIRECTION('',(0.,0.,1.));
#11545 = DIRECTION('',(1.,0.,-0.));
#11546 = DEFINITIONAL_REPRESENTATION('',(#11547),#11551);
#11547 = LINE('',#11548,#11549);
#11548 = CARTESIAN_POINT('',(0.,0.));
#11549 = VECTOR('',#11550,1.);
#11550 = DIRECTION('',(1.,0.));
#11551 = ( GEOMETRIC_REPRESENTATION_CONTEXT(2) 
PARAMETRIC_REPRESENTATION_CONTEXT() REPRESENTATION_CONTEXT('2D SPACE',''
  ) );
#11552 = FACE_BOUND('',#11553,.T.);
#11553 = EDGE_LOOP('',(#11554));
#11554 = ORIENTED_EDGE('',*,*,#11555,.F.);
#11555 = EDGE_CURVE('',#11556,#11556,#11558,.T.);
#11556 = VERTEX_POINT('',#11557);
#11557 = CARTESIAN_POINT('',(-48.4,71.5,4.));
#11558 = SURFACE_CURVE('',#11559,(#11564,#11571),.PCURVE_S1.);
#11559 = CIRCLE('',#11560,1.6);
#11560 = AXIS2_PLACEMENT_3D('',#11561,#11562,#11563);
#11561 = CARTESIAN_POINT('',(-50.,71.5,4.));
#11562 = DIRECTION('',(0.,0.,1.));
#11563 = DIRECTION('',(1.,0.,-0.));
#11564 = PCURVE('',#9230,#11565);
#11565 = DEFINITIONAL_REPRESENTATION('',(#11566),#11570);
#11566 = CIRCLE('',#11567,1.6);
#11567 = AXIS2_PLACEMENT_2D('',#11568,#11569);
#11568 = CARTESIAN_POINT('',(-50.,71.5));
#11569 = DIRECTION('',(1.,0.));
#11570 = ( GEOMETRIC_REPRESENTATION_CONTEXT(2) 
PARAMETRIC_REPRESENTATION_CONTEXT() REPRESENTATION_CONTEXT('2D SPACE',''
  ) );
#11571 = PCURVE('',#11572,#11577);
#11572 = CYLINDRICAL_SURFACE('',#11573,1.6);
#11573 = AXIS2_PLACEMENT_3D('',#11574,#11575,#11576);
#11574 = CARTESIAN_POINT('',(-50.,71.5,4.));
#11575 = DIRECTION('',(0.,0.,1.));
#11576 = DIRECTION('',(1.,0.,-0.));
#11577 = DEFINITIONAL_REPRESENTATION('',(#11578),#11582);
#11578 = LINE('',#11579,#11580);
#11579 = CARTESIAN_POINT('',(0.,0.));
#11580 = VECTOR('',#11581,1.);
#11581 = DIRECTION('',(1.,0.));
#11582 = ( GEOMETRIC_REPRESENTATION_CONTEXT(2) 
PARAMETRIC_REPRESENTATION_CONTEXT() REPRESENTATION_CONTEXT('2D SPACE',''
  ) );
#11583 = FACE_BOUND('',#11584,.T.);
#11584 = EDGE_LOOP('',(#11585));
#11585 = ORIENTED_EDGE('',*,*,#11586,.F.);
#11586 = EDGE_CURVE('',#11587,#11587,#11589,.T.);
#11587 = VERTEX_POINT('',#11588);
#11588 = CARTESIAN_POINT('',(-26.9,50.,4.));
#11589 = SURFACE_CURVE('',#11590,(#11595,#11602),.PCURVE_S1.);
#11590 = CIRCLE('',#11591,1.6);
#11591 = AXIS2_PLACEMENT_3D('',#11592,#11593,#11594);
#11592 = CARTESIAN_POINT('',(-28.5,50.,4.));
#11593 = DIRECTION('',(0.,0.,1.));
#11594 = DIRECTION('',(1.,0.,-0.));
#11595 = PCURVE('',#9230,#11596);
#11596 = DEFINITIONAL_REPRESENTATION('',(#11597),#11601);
#11597 = CIRCLE('',#11598,1.6);
#11598 = AXIS2_PLACEMENT_2D('',#11599,#11600);
#11599 = CARTESIAN_POINT('',(-28.5,50.));
#11600 = DIRECTION('',(1.,0.));
#11601 = ( GEOMETRIC_REPRESENTATION_CONTEXT(2) 
PARAMETRIC_REPRESENTATION_CONTEXT() REPRESENTATION_CONTEXT('2D SPACE',''
  ) );
#11602 = PCURVE('',#11603,#11608);
#11603 = CYLINDRICAL_SURFACE('',#11604,1.6);
#11604 = AXIS2_PLACEMENT_3D('',#11605,#11606,#11607);
#11605 = CARTESIAN_POINT('',(-28.5,50.,4.));
#11606 = DIRECTION('',(0.,0.,1.));
#11607 = DIRECTION('',(1.,0.,-0.));
#11608 = DEFINITIONAL_REPRESENTATION('',(#11609),#11613);
#11609 = LINE('',#11610,#11611);
#11610 = CARTESIAN_POINT('',(0.,0.));
#11611 = VECTOR('',#11612,1.);
#11612 = DIRECTION('',(1.,0.));
#11613 = ( GEOMETRIC_REPRESENTATION_CONTEXT(2) 
PARAMETRIC_REPRESENTATION_CONTEXT() REPRESENTATION_CONTEXT('2D SPACE',''
  ) );
#11614 = ADVANCED_FACE('',(#11615),#9202,.T.);
#11615 = FACE_BOUND('',#11616,.T.);
#11616 = EDGE_LOOP('',(#11617,#11618,#11619,#11620));
#11617 = ORIENTED_EDGE('',*,*,#11437,.F.);
#11618 = ORIENTED_EDGE('',*,*,#9180,.T.);
#11619 = ORIENTED_EDGE('',*,*,#10240,.T.);
#11620 = ORIENTED_EDGE('',*,*,#11621,.F.);
#11621 = EDGE_CURVE('',#11438,#10195,#11622,.T.);
#11622 = SURFACE_CURVE('',#11623,(#11627,#11633),.PCURVE_S1.);
#11623 = LINE('',#11624,#11625);
#11624 = CARTESIAN_POINT('',(-16.83333333333,16.833333333333,
    -4.666666666667));
#11625 = VECTOR('',#11626,1.);
#11626 = DIRECTION('',(0.57735026919,-0.57735026919,-0.57735026919));
#11627 = PCURVE('',#9202,#11628);
#11628 = DEFINITIONAL_REPRESENTATION('',(#11629),#11632);
#11629 = B_SPLINE_CURVE_WITH_KNOTS('',1,(#11630,#11631),.UNSPECIFIED.,
  .F.,.F.,(2,2),(-15.01110699893,-14.14508159514),
  .PIECEWISE_BEZIER_KNOTS.);
#11630 = CARTESIAN_POINT('',(50.3,0.707106781187));
#11631 = CARTESIAN_POINT('',(50.8,3.965541964516E-15));
#11632 = ( GEOMETRIC_REPRESENTATION_CONTEXT(2) 
PARAMETRIC_REPRESENTATION_CONTEXT() REPRESENTATION_CONTEXT('2D SPACE',''
  ) );
#11633 = PCURVE('',#9725,#11634);
#11634 = DEFINITIONAL_REPRESENTATION('',(#11635),#11638);
#11635 = B_SPLINE_CURVE_WITH_KNOTS('',1,(#11636,#11637),.UNSPECIFIED.,
  .F.,.F.,(2,2),(-15.01110699893,-14.14508159514),
  .PIECEWISE_BEZIER_KNOTS.);
#11636 = CARTESIAN_POINT('',(3.755900593364E-15,101.3));
#11637 = CARTESIAN_POINT('',(0.707106781187,100.8));
#11638 = ( GEOMETRIC_REPRESENTATION_CONTEXT(2) 
PARAMETRIC_REPRESENTATION_CONTEXT() REPRESENTATION_CONTEXT('2D SPACE',''
  ) );
#11639 = ADVANCED_FACE('',(#11640),#9759,.F.);
#11640 = FACE_BOUND('',#11641,.F.);
#11641 = EDGE_LOOP('',(#11642,#11643,#11662,#11683));
#11642 = ORIENTED_EDGE('',*,*,#10554,.F.);
#11643 = ORIENTED_EDGE('',*,*,#11644,.T.);
#11644 = EDGE_CURVE('',#10555,#10195,#11645,.T.);
#11645 = SURFACE_CURVE('',#11646,(#11650,#11656),.PCURVE_S1.);
#11646 = LINE('',#11647,#11648);
#11647 = CARTESIAN_POINT('',(-50.26666666666,-0.266666666667,
    -21.76666666666));
#11648 = VECTOR('',#11649,1.);
#11649 = DIRECTION('',(-0.57735026919,-0.57735026919,-0.57735026919));
#11650 = PCURVE('',#9759,#11651);
#11651 = DEFINITIONAL_REPRESENTATION('',(#11652),#11655);
#11652 = B_SPLINE_CURVE_WITH_KNOTS('',1,(#11653,#11654),.UNSPECIFIED.,
  .F.,.F.,(2,2),(-44.62917580835,-43.76315040457),
  .PIECEWISE_BEZIER_KNOTS.);
#11653 = CARTESIAN_POINT('',(0.707106781187,-101.3));
#11654 = CARTESIAN_POINT('',(1.438738104449E-14,-100.8));
#11655 = ( GEOMETRIC_REPRESENTATION_CONTEXT(2) 
PARAMETRIC_REPRESENTATION_CONTEXT() REPRESENTATION_CONTEXT('2D SPACE',''
  ) );
#11656 = PCURVE('',#10538,#11657);
#11657 = DEFINITIONAL_REPRESENTATION('',(#11658),#11661);
#11658 = B_SPLINE_CURVE_WITH_KNOTS('',1,(#11659,#11660),.UNSPECIFIED.,
  .F.,.F.,(2,2),(-44.62917580835,-43.76315040457),
  .PIECEWISE_BEZIER_KNOTS.);
#11659 = CARTESIAN_POINT('',(51.3,0.707106781187));
#11660 = CARTESIAN_POINT('',(50.8,-1.886761182961E-16));
#11661 = ( GEOMETRIC_REPRESENTATION_CONTEXT(2) 
PARAMETRIC_REPRESENTATION_CONTEXT() REPRESENTATION_CONTEXT('2D SPACE',''
  ) );
#11662 = ORIENTED_EDGE('',*,*,#11663,.T.);
#11663 = EDGE_CURVE('',#10195,#9704,#11664,.T.);
#11664 = SURFACE_CURVE('',#11665,(#11669,#11676),.PCURVE_S1.);
#11665 = LINE('',#11666,#11667);
#11666 = CARTESIAN_POINT('',(-25.,-75.8,3.5));
#11667 = VECTOR('',#11668,1.);
#11668 = DIRECTION('',(0.,1.,0.));
#11669 = PCURVE('',#9759,#11670);
#11670 = DEFINITIONAL_REPRESENTATION('',(#11671),#11675);
#11671 = LINE('',#11672,#11673);
#11672 = CARTESIAN_POINT('',(0.,0.));
#11673 = VECTOR('',#11674,1.);
#11674 = DIRECTION('',(0.,-1.));
#11675 = ( GEOMETRIC_REPRESENTATION_CONTEXT(2) 
PARAMETRIC_REPRESENTATION_CONTEXT() REPRESENTATION_CONTEXT('2D SPACE',''
  ) );
#11676 = PCURVE('',#9725,#11677);
#11677 = DEFINITIONAL_REPRESENTATION('',(#11678),#11682);
#11678 = LINE('',#11679,#11680);
#11679 = CARTESIAN_POINT('',(0.707106781187,0.));
#11680 = VECTOR('',#11681,1.);
#11681 = DIRECTION('',(0.,1.));
#11682 = ( GEOMETRIC_REPRESENTATION_CONTEXT(2) 
PARAMETRIC_REPRESENTATION_CONTEXT() REPRESENTATION_CONTEXT('2D SPACE',''
  ) );
#11683 = ORIENTED_EDGE('',*,*,#9737,.T.);
#11684 = ADVANCED_FACE('',(#11685),#9725,.T.);
#11685 = FACE_BOUND('',#11686,.T.);
#11686 = EDGE_LOOP('',(#11687,#11688,#11689,#11690));
#11687 = ORIENTED_EDGE('',*,*,#11460,.F.);
#11688 = ORIENTED_EDGE('',*,*,#11621,.T.);
#11689 = ORIENTED_EDGE('',*,*,#11663,.T.);
#11690 = ORIENTED_EDGE('',*,*,#9703,.T.);
#11691 = ADVANCED_FACE('',(#11692),#10304,.T.);
#11692 = FACE_BOUND('',#11693,.T.);
#11693 = EDGE_LOOP('',(#11694,#11715,#11716,#11717));
#11694 = ORIENTED_EDGE('',*,*,#11695,.F.);
#11695 = EDGE_CURVE('',#10267,#11696,#11698,.T.);
#11696 = VERTEX_POINT('',#11697);
#11697 = CARTESIAN_POINT('',(-48.7,-21.5,5.6));
#11698 = SEAM_CURVE('',#11699,(#11703,#11709),.PCURVE_S1.);
#11699 = LINE('',#11700,#11701);
#11700 = CARTESIAN_POINT('',(-48.4,-21.5,5.3));
#11701 = VECTOR('',#11702,1.);
#11702 = DIRECTION('',(-0.707106781187,0.,0.707106781187));
#11703 = PCURVE('',#10304,#11704);
#11704 = DEFINITIONAL_REPRESENTATION('',(#11705),#11708);
#11705 = B_SPLINE_CURVE_WITH_KNOTS('',1,(#11706,#11707),.UNSPECIFIED.,
  .F.,.F.,(2,2),(0.,0.424264068712),.PIECEWISE_BEZIER_KNOTS.);
#11706 = CARTESIAN_POINT('',(0.,0.));
#11707 = CARTESIAN_POINT('',(0.,-0.3));
#11708 = ( GEOMETRIC_REPRESENTATION_CONTEXT(2) 
PARAMETRIC_REPRESENTATION_CONTEXT() REPRESENTATION_CONTEXT('2D SPACE',''
  ) );
#11709 = PCURVE('',#10304,#11710);
#11710 = DEFINITIONAL_REPRESENTATION('',(#11711),#11714);
#11711 = B_SPLINE_CURVE_WITH_KNOTS('',1,(#11712,#11713),.UNSPECIFIED.,
  .F.,.F.,(2,2),(0.,0.424264068712),.PIECEWISE_BEZIER_KNOTS.);
#11712 = CARTESIAN_POINT('',(-6.28318530718,0.));
#11713 = CARTESIAN_POINT('',(-6.28318530718,-0.3));
#11714 = ( GEOMETRIC_REPRESENTATION_CONTEXT(2) 
PARAMETRIC_REPRESENTATION_CONTEXT() REPRESENTATION_CONTEXT('2D SPACE',''
  ) );
#11715 = ORIENTED_EDGE('',*,*,#10289,.T.);
#11716 = ORIENTED_EDGE('',*,*,#11695,.T.);
#11717 = ORIENTED_EDGE('',*,*,#11718,.F.);
#11718 = EDGE_CURVE('',#11696,#11696,#11719,.T.);
#11719 = SURFACE_CURVE('',#11720,(#11725,#11732),.PCURVE_S1.);
#11720 = CIRCLE('',#11721,1.3);
#11721 = AXIS2_PLACEMENT_3D('',#11722,#11723,#11724);
#11722 = CARTESIAN_POINT('',(-50.,-21.5,5.6));
#11723 = DIRECTION('',(0.,0.,1.));
#11724 = DIRECTION('',(1.,0.,-0.));
#11725 = PCURVE('',#10304,#11726);
#11726 = DEFINITIONAL_REPRESENTATION('',(#11727),#11731);
#11727 = LINE('',#11728,#11729);
#11728 = CARTESIAN_POINT('',(-0.,-0.3));
#11729 = VECTOR('',#11730,1.);
#11730 = DIRECTION('',(-1.,-0.));
#11731 = ( GEOMETRIC_REPRESENTATION_CONTEXT(2) 
PARAMETRIC_REPRESENTATION_CONTEXT() REPRESENTATION_CONTEXT('2D SPACE',''
  ) );
#11732 = PCURVE('',#11733,#11738);
#11733 = PLANE('',#11734);
#11734 = AXIS2_PLACEMENT_3D('',#11735,#11736,#11737);
#11735 = CARTESIAN_POINT('',(-50.,-21.5,5.6));
#11736 = DIRECTION('',(0.,0.,1.));
#11737 = DIRECTION('',(1.,0.,-0.));
#11738 = DEFINITIONAL_REPRESENTATION('',(#11739),#11743);
#11739 = CIRCLE('',#11740,1.3);
#11740 = AXIS2_PLACEMENT_2D('',#11741,#11742);
#11741 = CARTESIAN_POINT('',(0.,0.));
#11742 = DIRECTION('',(1.,0.));
#11743 = ( GEOMETRIC_REPRESENTATION_CONTEXT(2) 
PARAMETRIC_REPRESENTATION_CONTEXT() REPRESENTATION_CONTEXT('2D SPACE',''
  ) );
#11744 = ADVANCED_FACE('',(#11745),#10359,.T.);
#11745 = FACE_BOUND('',#11746,.T.);
#11746 = EDGE_LOOP('',(#11747,#11768,#11769,#11770));
#11747 = ORIENTED_EDGE('',*,*,#11748,.F.);
#11748 = EDGE_CURVE('',#10322,#11749,#11751,.T.);
#11749 = VERTEX_POINT('',#11750);
#11750 = CARTESIAN_POINT('',(-70.2,0.,5.6));
#11751 = SEAM_CURVE('',#11752,(#11756,#11762),.PCURVE_S1.);
#11752 = LINE('',#11753,#11754);
#11753 = CARTESIAN_POINT('',(-69.9,0.,5.3));
#11754 = VECTOR('',#11755,1.);
#11755 = DIRECTION('',(-0.707106781187,0.,0.707106781187));
#11756 = PCURVE('',#10359,#11757);
#11757 = DEFINITIONAL_REPRESENTATION('',(#11758),#11761);
#11758 = B_SPLINE_CURVE_WITH_KNOTS('',1,(#11759,#11760),.UNSPECIFIED.,
  .F.,.F.,(2,2),(0.,0.424264068712),.PIECEWISE_BEZIER_KNOTS.);
#11759 = CARTESIAN_POINT('',(0.,0.));
#11760 = CARTESIAN_POINT('',(0.,-0.3));
#11761 = ( GEOMETRIC_REPRESENTATION_CONTEXT(2) 
PARAMETRIC_REPRESENTATION_CONTEXT() REPRESENTATION_CONTEXT('2D SPACE',''
  ) );
#11762 = PCURVE('',#10359,#11763);
#11763 = DEFINITIONAL_REPRESENTATION('',(#11764),#11767);
#11764 = B_SPLINE_CURVE_WITH_KNOTS('',1,(#11765,#11766),.UNSPECIFIED.,
  .F.,.F.,(2,2),(0.,0.424264068712),.PIECEWISE_BEZIER_KNOTS.);
#11765 = CARTESIAN_POINT('',(-6.28318530718,0.));
#11766 = CARTESIAN_POINT('',(-6.28318530718,-0.3));
#11767 = ( GEOMETRIC_REPRESENTATION_CONTEXT(2) 
PARAMETRIC_REPRESENTATION_CONTEXT() REPRESENTATION_CONTEXT('2D SPACE',''
  ) );
#11768 = ORIENTED_EDGE('',*,*,#10344,.T.);
#11769 = ORIENTED_EDGE('',*,*,#11748,.T.);
#11770 = ORIENTED_EDGE('',*,*,#11771,.F.);
#11771 = EDGE_CURVE('',#11749,#11749,#11772,.T.);
#11772 = SURFACE_CURVE('',#11773,(#11778,#11785),.PCURVE_S1.);
#11773 = CIRCLE('',#11774,1.3);
#11774 = AXIS2_PLACEMENT_3D('',#11775,#11776,#11777);
#11775 = CARTESIAN_POINT('',(-71.5,0.,5.6));
#11776 = DIRECTION('',(0.,0.,1.));
#11777 = DIRECTION('',(1.,0.,-0.));
#11778 = PCURVE('',#10359,#11779);
#11779 = DEFINITIONAL_REPRESENTATION('',(#11780),#11784);
#11780 = LINE('',#11781,#11782);
#11781 = CARTESIAN_POINT('',(-0.,-0.3));
#11782 = VECTOR('',#11783,1.);
#11783 = DIRECTION('',(-1.,-0.));
#11784 = ( GEOMETRIC_REPRESENTATION_CONTEXT(2) 
PARAMETRIC_REPRESENTATION_CONTEXT() REPRESENTATION_CONTEXT('2D SPACE',''
  ) );
#11785 = PCURVE('',#11786,#11791);
#11786 = PLANE('',#11787);
#11787 = AXIS2_PLACEMENT_3D('',#11788,#11789,#11790);
#11788 = CARTESIAN_POINT('',(-71.5,0.,5.6));
#11789 = DIRECTION('',(0.,0.,1.));
#11790 = DIRECTION('',(1.,0.,-0.));
#11791 = DEFINITIONAL_REPRESENTATION('',(#11792),#11796);
#11792 = CIRCLE('',#11793,1.3);
#11793 = AXIS2_PLACEMENT_2D('',#11794,#11795);
#11794 = CARTESIAN_POINT('',(0.,0.));
#11795 = DIRECTION('',(1.,0.));
#11796 = ( GEOMETRIC_REPRESENTATION_CONTEXT(2) 
PARAMETRIC_REPRESENTATION_CONTEXT() REPRESENTATION_CONTEXT('2D SPACE',''
  ) );
#11797 = ADVANCED_FACE('',(#11798),#10414,.T.);
#11798 = FACE_BOUND('',#11799,.T.);
#11799 = EDGE_LOOP('',(#11800,#11821,#11822,#11823));
#11800 = ORIENTED_EDGE('',*,*,#11801,.F.);
#11801 = EDGE_CURVE('',#10377,#11802,#11804,.T.);
#11802 = VERTEX_POINT('',#11803);
#11803 = CARTESIAN_POINT('',(-48.7,21.5,5.6));
#11804 = SEAM_CURVE('',#11805,(#11809,#11815),.PCURVE_S1.);
#11805 = LINE('',#11806,#11807);
#11806 = CARTESIAN_POINT('',(-48.4,21.5,5.3));
#11807 = VECTOR('',#11808,1.);
#11808 = DIRECTION('',(-0.707106781187,0.,0.707106781187));
#11809 = PCURVE('',#10414,#11810);
#11810 = DEFINITIONAL_REPRESENTATION('',(#11811),#11814);
#11811 = B_SPLINE_CURVE_WITH_KNOTS('',1,(#11812,#11813),.UNSPECIFIED.,
  .F.,.F.,(2,2),(0.,0.424264068712),.PIECEWISE_BEZIER_KNOTS.);
#11812 = CARTESIAN_POINT('',(0.,0.));
#11813 = CARTESIAN_POINT('',(0.,-0.3));
#11814 = ( GEOMETRIC_REPRESENTATION_CONTEXT(2) 
PARAMETRIC_REPRESENTATION_CONTEXT() REPRESENTATION_CONTEXT('2D SPACE',''
  ) );
#11815 = PCURVE('',#10414,#11816);
#11816 = DEFINITIONAL_REPRESENTATION('',(#11817),#11820);
#11817 = B_SPLINE_CURVE_WITH_KNOTS('',1,(#11818,#11819),.UNSPECIFIED.,
  .F.,.F.,(2,2),(0.,0.424264068712),.PIECEWISE_BEZIER_KNOTS.);
#11818 = CARTESIAN_POINT('',(-6.28318530718,0.));
#11819 = CARTESIAN_POINT('',(-6.28318530718,-0.3));
#11820 = ( GEOMETRIC_REPRESENTATION_CONTEXT(2) 
PARAMETRIC_REPRESENTATION_CONTEXT() REPRESENTATION_CONTEXT('2D SPACE',''
  ) );
#11821 = ORIENTED_EDGE('',*,*,#10399,.T.);
#11822 = ORIENTED_EDGE('',*,*,#11801,.T.);
#11823 = ORIENTED_EDGE('',*,*,#11824,.F.);
#11824 = EDGE_CURVE('',#11802,#11802,#11825,.T.);
#11825 = SURFACE_CURVE('',#11826,(#11831,#11838),.PCURVE_S1.);
#11826 = CIRCLE('',#11827,1.3);
#11827 = AXIS2_PLACEMENT_3D('',#11828,#11829,#11830);
#11828 = CARTESIAN_POINT('',(-50.,21.5,5.6));
#11829 = DIRECTION('',(0.,0.,1.));
#11830 = DIRECTION('',(1.,0.,-0.));
#11831 = PCURVE('',#10414,#11832);
#11832 = DEFINITIONAL_REPRESENTATION('',(#11833),#11837);
#11833 = LINE('',#11834,#11835);
#11834 = CARTESIAN_POINT('',(-0.,-0.3));
#11835 = VECTOR('',#11836,1.);
#11836 = DIRECTION('',(-1.,-0.));
#11837 = ( GEOMETRIC_REPRESENTATION_CONTEXT(2) 
PARAMETRIC_REPRESENTATION_CONTEXT() REPRESENTATION_CONTEXT('2D SPACE',''
  ) );
#11838 = PCURVE('',#11839,#11844);
#11839 = PLANE('',#11840);
#11840 = AXIS2_PLACEMENT_3D('',#11841,#11842,#11843);
#11841 = CARTESIAN_POINT('',(-50.,21.5,5.6));
#11842 = DIRECTION('',(0.,0.,1.));
#11843 = DIRECTION('',(1.,0.,-0.));
#11844 = DEFINITIONAL_REPRESENTATION('',(#11845),#11849);
#11845 = CIRCLE('',#11846,1.3);
#11846 = AXIS2_PLACEMENT_2D('',#11847,#11848);
#11847 = CARTESIAN_POINT('',(0.,0.));
#11848 = DIRECTION('',(1.,0.));
#11849 = ( GEOMETRIC_REPRESENTATION_CONTEXT(2) 
PARAMETRIC_REPRESENTATION_CONTEXT() REPRESENTATION_CONTEXT('2D SPACE',''
  ) );
#11850 = ADVANCED_FACE('',(#11851),#10469,.T.);
#11851 = FACE_BOUND('',#11852,.T.);
#11852 = EDGE_LOOP('',(#11853,#11874,#11875,#11876));
#11853 = ORIENTED_EDGE('',*,*,#11854,.F.);
#11854 = EDGE_CURVE('',#10432,#11855,#11857,.T.);
#11855 = VERTEX_POINT('',#11856);
#11856 = CARTESIAN_POINT('',(-27.2,0.,5.6));
#11857 = SEAM_CURVE('',#11858,(#11862,#11868),.PCURVE_S1.);
#11858 = LINE('',#11859,#11860);
#11859 = CARTESIAN_POINT('',(-26.9,0.,5.3));
#11860 = VECTOR('',#11861,1.);
#11861 = DIRECTION('',(-0.707106781187,0.,0.707106781187));
#11862 = PCURVE('',#10469,#11863);
#11863 = DEFINITIONAL_REPRESENTATION('',(#11864),#11867);
#11864 = B_SPLINE_CURVE_WITH_KNOTS('',1,(#11865,#11866),.UNSPECIFIED.,
  .F.,.F.,(2,2),(0.,0.424264068712),.PIECEWISE_BEZIER_KNOTS.);
#11865 = CARTESIAN_POINT('',(0.,0.));
#11866 = CARTESIAN_POINT('',(0.,-0.3));
#11867 = ( GEOMETRIC_REPRESENTATION_CONTEXT(2) 
PARAMETRIC_REPRESENTATION_CONTEXT() REPRESENTATION_CONTEXT('2D SPACE',''
  ) );
#11868 = PCURVE('',#10469,#11869);
#11869 = DEFINITIONAL_REPRESENTATION('',(#11870),#11873);
#11870 = B_SPLINE_CURVE_WITH_KNOTS('',1,(#11871,#11872),.UNSPECIFIED.,
  .F.,.F.,(2,2),(0.,0.424264068712),.PIECEWISE_BEZIER_KNOTS.);
#11871 = CARTESIAN_POINT('',(-6.28318530718,0.));
#11872 = CARTESIAN_POINT('',(-6.28318530718,-0.3));
#11873 = ( GEOMETRIC_REPRESENTATION_CONTEXT(2) 
PARAMETRIC_REPRESENTATION_CONTEXT() REPRESENTATION_CONTEXT('2D SPACE',''
  ) );
#11874 = ORIENTED_EDGE('',*,*,#10454,.T.);
#11875 = ORIENTED_EDGE('',*,*,#11854,.T.);
#11876 = ORIENTED_EDGE('',*,*,#11877,.F.);
#11877 = EDGE_CURVE('',#11855,#11855,#11878,.T.);
#11878 = SURFACE_CURVE('',#11879,(#11884,#11891),.PCURVE_S1.);
#11879 = CIRCLE('',#11880,1.3);
#11880 = AXIS2_PLACEMENT_3D('',#11881,#11882,#11883);
#11881 = CARTESIAN_POINT('',(-28.5,0.,5.6));
#11882 = DIRECTION('',(0.,0.,1.));
#11883 = DIRECTION('',(1.,0.,-0.));
#11884 = PCURVE('',#10469,#11885);
#11885 = DEFINITIONAL_REPRESENTATION('',(#11886),#11890);
#11886 = LINE('',#11887,#11888);
#11887 = CARTESIAN_POINT('',(-0.,-0.3));
#11888 = VECTOR('',#11889,1.);
#11889 = DIRECTION('',(-1.,-0.));
#11890 = ( GEOMETRIC_REPRESENTATION_CONTEXT(2) 
PARAMETRIC_REPRESENTATION_CONTEXT() REPRESENTATION_CONTEXT('2D SPACE',''
  ) );
#11891 = PCURVE('',#11892,#11897);
#11892 = PLANE('',#11893);
#11893 = AXIS2_PLACEMENT_3D('',#11894,#11895,#11896);
#11894 = CARTESIAN_POINT('',(-28.5,0.,5.6));
#11895 = DIRECTION('',(0.,0.,1.));
#11896 = DIRECTION('',(1.,0.,-0.));
#11897 = DEFINITIONAL_REPRESENTATION('',(#11898),#11902);
#11898 = CIRCLE('',#11899,1.3);
#11899 = AXIS2_PLACEMENT_2D('',#11900,#11901);
#11900 = CARTESIAN_POINT('',(0.,0.));
#11901 = DIRECTION('',(1.,0.));
#11902 = ( GEOMETRIC_REPRESENTATION_CONTEXT(2) 
PARAMETRIC_REPRESENTATION_CONTEXT() REPRESENTATION_CONTEXT('2D SPACE',''
  ) );
#11903 = ADVANCED_FACE('',(#11904),#10538,.T.);
#11904 = FACE_BOUND('',#11905,.T.);
#11905 = EDGE_LOOP('',(#11906,#11907,#11928,#11929));
#11906 = ORIENTED_EDGE('',*,*,#11644,.T.);
#11907 = ORIENTED_EDGE('',*,*,#11908,.T.);
#11908 = EDGE_CURVE('',#10195,#5142,#11909,.T.);
#11909 = SURFACE_CURVE('',#11910,(#11914,#11921),.PCURVE_S1.);
#11910 = LINE('',#11911,#11912);
#11911 = CARTESIAN_POINT('',(-75.8,25.,3.5));
#11912 = VECTOR('',#11913,1.);
#11913 = DIRECTION('',(1.,0.,0.));
#11914 = PCURVE('',#10538,#11915);
#11915 = DEFINITIONAL_REPRESENTATION('',(#11916),#11920);
#11916 = LINE('',#11917,#11918);
#11917 = CARTESIAN_POINT('',(0.,0.));
#11918 = VECTOR('',#11919,1.);
#11919 = DIRECTION('',(1.,0.));
#11920 = ( GEOMETRIC_REPRESENTATION_CONTEXT(2) 
PARAMETRIC_REPRESENTATION_CONTEXT() REPRESENTATION_CONTEXT('2D SPACE',''
  ) );
#11921 = PCURVE('',#10981,#11922);
#11922 = DEFINITIONAL_REPRESENTATION('',(#11923),#11927);
#11923 = LINE('',#11924,#11925);
#11924 = CARTESIAN_POINT('',(0.,0.));
#11925 = VECTOR('',#11926,1.);
#11926 = DIRECTION('',(0.,1.));
#11927 = ( GEOMETRIC_REPRESENTATION_CONTEXT(2) 
PARAMETRIC_REPRESENTATION_CONTEXT() REPRESENTATION_CONTEXT('2D SPACE',''
  ) );
#11928 = ORIENTED_EDGE('',*,*,#10525,.F.);
#11929 = ORIENTED_EDGE('',*,*,#10577,.F.);
#11930 = ADVANCED_FACE('',(#11931),#10623,.T.);
#11931 = FACE_BOUND('',#11932,.T.);
#11932 = EDGE_LOOP('',(#11933,#11956,#11983,#11984));
#11933 = ORIENTED_EDGE('',*,*,#11934,.T.);
#11934 = EDGE_CURVE('',#10607,#11935,#11937,.T.);
#11935 = VERTEX_POINT('',#11936);
#11936 = CARTESIAN_POINT('',(1.6,28.5,5.3));
#11937 = SEAM_CURVE('',#11938,(#11942,#11949),.PCURVE_S1.);
#11938 = LINE('',#11939,#11940);
#11939 = CARTESIAN_POINT('',(1.6,28.5,4.));
#11940 = VECTOR('',#11941,1.);
#11941 = DIRECTION('',(0.,0.,1.));
#11942 = PCURVE('',#10623,#11943);
#11943 = DEFINITIONAL_REPRESENTATION('',(#11944),#11948);
#11944 = LINE('',#11945,#11946);
#11945 = CARTESIAN_POINT('',(6.28318530718,-0.));
#11946 = VECTOR('',#11947,1.);
#11947 = DIRECTION('',(0.,1.));
#11948 = ( GEOMETRIC_REPRESENTATION_CONTEXT(2) 
PARAMETRIC_REPRESENTATION_CONTEXT() REPRESENTATION_CONTEXT('2D SPACE',''
  ) );
#11949 = PCURVE('',#10623,#11950);
#11950 = DEFINITIONAL_REPRESENTATION('',(#11951),#11955);
#11951 = LINE('',#11952,#11953);
#11952 = CARTESIAN_POINT('',(0.,-0.));
#11953 = VECTOR('',#11954,1.);
#11954 = DIRECTION('',(0.,1.));
#11955 = ( GEOMETRIC_REPRESENTATION_CONTEXT(2) 
PARAMETRIC_REPRESENTATION_CONTEXT() REPRESENTATION_CONTEXT('2D SPACE',''
  ) );
#11956 = ORIENTED_EDGE('',*,*,#11957,.F.);
#11957 = EDGE_CURVE('',#11935,#11935,#11958,.T.);
#11958 = SURFACE_CURVE('',#11959,(#11964,#11971),.PCURVE_S1.);
#11959 = CIRCLE('',#11960,1.6);
#11960 = AXIS2_PLACEMENT_3D('',#11961,#11962,#11963);
#11961 = CARTESIAN_POINT('',(0.,28.5,5.3));
#11962 = DIRECTION('',(0.,0.,1.));
#11963 = DIRECTION('',(1.,0.,-0.));
#11964 = PCURVE('',#10623,#11965);
#11965 = DEFINITIONAL_REPRESENTATION('',(#11966),#11970);
#11966 = LINE('',#11967,#11968);
#11967 = CARTESIAN_POINT('',(0.,1.3));
#11968 = VECTOR('',#11969,1.);
#11969 = DIRECTION('',(1.,0.));
#11970 = ( GEOMETRIC_REPRESENTATION_CONTEXT(2) 
PARAMETRIC_REPRESENTATION_CONTEXT() REPRESENTATION_CONTEXT('2D SPACE',''
  ) );
#11971 = PCURVE('',#11972,#11977);
#11972 = CONICAL_SURFACE('',#11973,1.6,0.785398163397);
#11973 = AXIS2_PLACEMENT_3D('',#11974,#11975,#11976);
#11974 = CARTESIAN_POINT('',(0.,28.5,5.3));
#11975 = DIRECTION('',(-0.,-0.,-1.));
#11976 = DIRECTION('',(1.,0.,0.));
#11977 = DEFINITIONAL_REPRESENTATION('',(#11978),#11982);
#11978 = LINE('',#11979,#11980);
#11979 = CARTESIAN_POINT('',(-0.,-0.));
#11980 = VECTOR('',#11981,1.);
#11981 = DIRECTION('',(-1.,-0.));
#11982 = ( GEOMETRIC_REPRESENTATION_CONTEXT(2) 
PARAMETRIC_REPRESENTATION_CONTEXT() REPRESENTATION_CONTEXT('2D SPACE',''
  ) );
#11983 = ORIENTED_EDGE('',*,*,#11934,.F.);
#11984 = ORIENTED_EDGE('',*,*,#10606,.T.);
#11985 = ADVANCED_FACE('',(#11986),#10654,.T.);
#11986 = FACE_BOUND('',#11987,.T.);
#11987 = EDGE_LOOP('',(#11988,#12011,#12038,#12039));
#11988 = ORIENTED_EDGE('',*,*,#11989,.T.);
#11989 = EDGE_CURVE('',#10638,#11990,#11992,.T.);
#11990 = VERTEX_POINT('',#11991);
#11991 = CARTESIAN_POINT('',(-19.9,50.,5.3));
#11992 = SEAM_CURVE('',#11993,(#11997,#12004),.PCURVE_S1.);
#11993 = LINE('',#11994,#11995);
#11994 = CARTESIAN_POINT('',(-19.9,50.,4.));
#11995 = VECTOR('',#11996,1.);
#11996 = DIRECTION('',(0.,0.,1.));
#11997 = PCURVE('',#10654,#11998);
#11998 = DEFINITIONAL_REPRESENTATION('',(#11999),#12003);
#11999 = LINE('',#12000,#12001);
#12000 = CARTESIAN_POINT('',(6.28318530718,-0.));
#12001 = VECTOR('',#12002,1.);
#12002 = DIRECTION('',(0.,1.));
#12003 = ( GEOMETRIC_REPRESENTATION_CONTEXT(2) 
PARAMETRIC_REPRESENTATION_CONTEXT() REPRESENTATION_CONTEXT('2D SPACE',''
  ) );
#12004 = PCURVE('',#10654,#12005);
#12005 = DEFINITIONAL_REPRESENTATION('',(#12006),#12010);
#12006 = LINE('',#12007,#12008);
#12007 = CARTESIAN_POINT('',(0.,-0.));
#12008 = VECTOR('',#12009,1.);
#12009 = DIRECTION('',(0.,1.));
#12010 = ( GEOMETRIC_REPRESENTATION_CONTEXT(2) 
PARAMETRIC_REPRESENTATION_CONTEXT() REPRESENTATION_CONTEXT('2D SPACE',''
  ) );
#12011 = ORIENTED_EDGE('',*,*,#12012,.F.);
#12012 = EDGE_CURVE('',#11990,#11990,#12013,.T.);
#12013 = SURFACE_CURVE('',#12014,(#12019,#12026),.PCURVE_S1.);
#12014 = CIRCLE('',#12015,1.6);
#12015 = AXIS2_PLACEMENT_3D('',#12016,#12017,#12018);
#12016 = CARTESIAN_POINT('',(-21.5,50.,5.3));
#12017 = DIRECTION('',(0.,0.,1.));
#12018 = DIRECTION('',(1.,0.,-0.));
#12019 = PCURVE('',#10654,#12020);
#12020 = DEFINITIONAL_REPRESENTATION('',(#12021),#12025);
#12021 = LINE('',#12022,#12023);
#12022 = CARTESIAN_POINT('',(0.,1.3));
#12023 = VECTOR('',#12024,1.);
#12024 = DIRECTION('',(1.,0.));
#12025 = ( GEOMETRIC_REPRESENTATION_CONTEXT(2) 
PARAMETRIC_REPRESENTATION_CONTEXT() REPRESENTATION_CONTEXT('2D SPACE',''
  ) );
#12026 = PCURVE('',#12027,#12032);
#12027 = CONICAL_SURFACE('',#12028,1.6,0.785398163397);
#12028 = AXIS2_PLACEMENT_3D('',#12029,#12030,#12031);
#12029 = CARTESIAN_POINT('',(-21.5,50.,5.3));
#12030 = DIRECTION('',(-0.,-0.,-1.));
#12031 = DIRECTION('',(1.,0.,0.));
#12032 = DEFINITIONAL_REPRESENTATION('',(#12033),#12037);
#12033 = LINE('',#12034,#12035);
#12034 = CARTESIAN_POINT('',(-0.,-0.));
#12035 = VECTOR('',#12036,1.);
#12036 = DIRECTION('',(-1.,-0.));
#12037 = ( GEOMETRIC_REPRESENTATION_CONTEXT(2) 
PARAMETRIC_REPRESENTATION_CONTEXT() REPRESENTATION_CONTEXT('2D SPACE',''
  ) );
#12038 = ORIENTED_EDGE('',*,*,#11989,.F.);
#12039 = ORIENTED_EDGE('',*,*,#10637,.T.);
#12040 = ADVANCED_FACE('',(#12041),#10685,.T.);
#12041 = FACE_BOUND('',#12042,.T.);
#12042 = EDGE_LOOP('',(#12043,#12066,#12093,#12094));
#12043 = ORIENTED_EDGE('',*,*,#12044,.T.);
#12044 = EDGE_CURVE('',#10669,#12045,#12047,.T.);
#12045 = VERTEX_POINT('',#12046);
#12046 = CARTESIAN_POINT('',(23.1,50.,5.3));
#12047 = SEAM_CURVE('',#12048,(#12052,#12059),.PCURVE_S1.);
#12048 = LINE('',#12049,#12050);
#12049 = CARTESIAN_POINT('',(23.1,50.,4.));
#12050 = VECTOR('',#12051,1.);
#12051 = DIRECTION('',(0.,0.,1.));
#12052 = PCURVE('',#10685,#12053);
#12053 = DEFINITIONAL_REPRESENTATION('',(#12054),#12058);
#12054 = LINE('',#12055,#12056);
#12055 = CARTESIAN_POINT('',(6.28318530718,-0.));
#12056 = VECTOR('',#12057,1.);
#12057 = DIRECTION('',(0.,1.));
#12058 = ( GEOMETRIC_REPRESENTATION_CONTEXT(2) 
PARAMETRIC_REPRESENTATION_CONTEXT() REPRESENTATION_CONTEXT('2D SPACE',''
  ) );
#12059 = PCURVE('',#10685,#12060);
#12060 = DEFINITIONAL_REPRESENTATION('',(#12061),#12065);
#12061 = LINE('',#12062,#12063);
#12062 = CARTESIAN_POINT('',(0.,-0.));
#12063 = VECTOR('',#12064,1.);
#12064 = DIRECTION('',(0.,1.));
#12065 = ( GEOMETRIC_REPRESENTATION_CONTEXT(2) 
PARAMETRIC_REPRESENTATION_CONTEXT() REPRESENTATION_CONTEXT('2D SPACE',''
  ) );
#12066 = ORIENTED_EDGE('',*,*,#12067,.F.);
#12067 = EDGE_CURVE('',#12045,#12045,#12068,.T.);
#12068 = SURFACE_CURVE('',#12069,(#12074,#12081),.PCURVE_S1.);
#12069 = CIRCLE('',#12070,1.6);
#12070 = AXIS2_PLACEMENT_3D('',#12071,#12072,#12073);
#12071 = CARTESIAN_POINT('',(21.5,50.,5.3));
#12072 = DIRECTION('',(0.,0.,1.));
#12073 = DIRECTION('',(1.,0.,-0.));
#12074 = PCURVE('',#10685,#12075);
#12075 = DEFINITIONAL_REPRESENTATION('',(#12076),#12080);
#12076 = LINE('',#12077,#12078);
#12077 = CARTESIAN_POINT('',(0.,1.3));
#12078 = VECTOR('',#12079,1.);
#12079 = DIRECTION('',(1.,0.));
#12080 = ( GEOMETRIC_REPRESENTATION_CONTEXT(2) 
PARAMETRIC_REPRESENTATION_CONTEXT() REPRESENTATION_CONTEXT('2D SPACE',''
  ) );
#12081 = PCURVE('',#12082,#12087);
#12082 = CONICAL_SURFACE('',#12083,1.6,0.785398163397);
#12083 = AXIS2_PLACEMENT_3D('',#12084,#12085,#12086);
#12084 = CARTESIAN_POINT('',(21.5,50.,5.3));
#12085 = DIRECTION('',(-0.,-0.,-1.));
#12086 = DIRECTION('',(1.,0.,0.));
#12087 = DEFINITIONAL_REPRESENTATION('',(#12088),#12092);
#12088 = LINE('',#12089,#12090);
#12089 = CARTESIAN_POINT('',(-0.,-0.));
#12090 = VECTOR('',#12091,1.);
#12091 = DIRECTION('',(-1.,-0.));
#12092 = ( GEOMETRIC_REPRESENTATION_CONTEXT(2) 
PARAMETRIC_REPRESENTATION_CONTEXT() REPRESENTATION_CONTEXT('2D SPACE',''
  ) );
#12093 = ORIENTED_EDGE('',*,*,#12044,.F.);
#12094 = ORIENTED_EDGE('',*,*,#10668,.T.);
#12095 = ADVANCED_FACE('',(#12096),#10716,.T.);
#12096 = FACE_BOUND('',#12097,.T.);
#12097 = EDGE_LOOP('',(#12098,#12121,#12148,#12149));
#12098 = ORIENTED_EDGE('',*,*,#12099,.T.);
#12099 = EDGE_CURVE('',#10700,#12100,#12102,.T.);
#12100 = VERTEX_POINT('',#12101);
#12101 = CARTESIAN_POINT('',(1.6,71.5,5.3));
#12102 = SEAM_CURVE('',#12103,(#12107,#12114),.PCURVE_S1.);
#12103 = LINE('',#12104,#12105);
#12104 = CARTESIAN_POINT('',(1.6,71.5,4.));
#12105 = VECTOR('',#12106,1.);
#12106 = DIRECTION('',(0.,0.,1.));
#12107 = PCURVE('',#10716,#12108);
#12108 = DEFINITIONAL_REPRESENTATION('',(#12109),#12113);
#12109 = LINE('',#12110,#12111);
#12110 = CARTESIAN_POINT('',(6.28318530718,-0.));
#12111 = VECTOR('',#12112,1.);
#12112 = DIRECTION('',(0.,1.));
#12113 = ( GEOMETRIC_REPRESENTATION_CONTEXT(2) 
PARAMETRIC_REPRESENTATION_CONTEXT() REPRESENTATION_CONTEXT('2D SPACE',''
  ) );
#12114 = PCURVE('',#10716,#12115);
#12115 = DEFINITIONAL_REPRESENTATION('',(#12116),#12120);
#12116 = LINE('',#12117,#12118);
#12117 = CARTESIAN_POINT('',(0.,-0.));
#12118 = VECTOR('',#12119,1.);
#12119 = DIRECTION('',(0.,1.));
#12120 = ( GEOMETRIC_REPRESENTATION_CONTEXT(2) 
PARAMETRIC_REPRESENTATION_CONTEXT() REPRESENTATION_CONTEXT('2D SPACE',''
  ) );
#12121 = ORIENTED_EDGE('',*,*,#12122,.F.);
#12122 = EDGE_CURVE('',#12100,#12100,#12123,.T.);
#12123 = SURFACE_CURVE('',#12124,(#12129,#12136),.PCURVE_S1.);
#12124 = CIRCLE('',#12125,1.6);
#12125 = AXIS2_PLACEMENT_3D('',#12126,#12127,#12128);
#12126 = CARTESIAN_POINT('',(0.,71.5,5.3));
#12127 = DIRECTION('',(0.,0.,1.));
#12128 = DIRECTION('',(1.,0.,-0.));
#12129 = PCURVE('',#10716,#12130);
#12130 = DEFINITIONAL_REPRESENTATION('',(#12131),#12135);
#12131 = LINE('',#12132,#12133);
#12132 = CARTESIAN_POINT('',(0.,1.3));
#12133 = VECTOR('',#12134,1.);
#12134 = DIRECTION('',(1.,0.));
#12135 = ( GEOMETRIC_REPRESENTATION_CONTEXT(2) 
PARAMETRIC_REPRESENTATION_CONTEXT() REPRESENTATION_CONTEXT('2D SPACE',''
  ) );
#12136 = PCURVE('',#12137,#12142);
#12137 = CONICAL_SURFACE('',#12138,1.6,0.785398163397);
#12138 = AXIS2_PLACEMENT_3D('',#12139,#12140,#12141);
#12139 = CARTESIAN_POINT('',(0.,71.5,5.3));
#12140 = DIRECTION('',(-0.,-0.,-1.));
#12141 = DIRECTION('',(1.,0.,0.));
#12142 = DEFINITIONAL_REPRESENTATION('',(#12143),#12147);
#12143 = LINE('',#12144,#12145);
#12144 = CARTESIAN_POINT('',(-0.,-0.));
#12145 = VECTOR('',#12146,1.);
#12146 = DIRECTION('',(-1.,-0.));
#12147 = ( GEOMETRIC_REPRESENTATION_CONTEXT(2) 
PARAMETRIC_REPRESENTATION_CONTEXT() REPRESENTATION_CONTEXT('2D SPACE',''
  ) );
#12148 = ORIENTED_EDGE('',*,*,#12099,.F.);
#12149 = ORIENTED_EDGE('',*,*,#10699,.T.);
#12150 = ADVANCED_FACE('',(#12151),#10769,.T.);
#12151 = FACE_BOUND('',#12152,.T.);
#12152 = EDGE_LOOP('',(#12153));
#12153 = ORIENTED_EDGE('',*,*,#10754,.T.);
#12154 = ADVANCED_FACE('',(#12155),#10822,.T.);
#12155 = FACE_BOUND('',#12156,.T.);
#12156 = EDGE_LOOP('',(#12157));
#12157 = ORIENTED_EDGE('',*,*,#10807,.T.);
#12158 = ADVANCED_FACE('',(#12159),#10875,.T.);
#12159 = FACE_BOUND('',#12160,.T.);
#12160 = EDGE_LOOP('',(#12161));
#12161 = ORIENTED_EDGE('',*,*,#10860,.T.);
#12162 = ADVANCED_FACE('',(#12163),#10928,.T.);
#12163 = FACE_BOUND('',#12164,.T.);
#12164 = EDGE_LOOP('',(#12165));
#12165 = ORIENTED_EDGE('',*,*,#10913,.T.);
#12166 = ADVANCED_FACE('',(#12167),#10981,.T.);
#12167 = FACE_BOUND('',#12168,.T.);
#12168 = EDGE_LOOP('',(#12169,#12170,#12171,#12172));
#12169 = ORIENTED_EDGE('',*,*,#11908,.F.);
#12170 = ORIENTED_EDGE('',*,*,#11248,.T.);
#12171 = ORIENTED_EDGE('',*,*,#11273,.T.);
#12172 = ORIENTED_EDGE('',*,*,#10968,.F.);
#12173 = ADVANCED_FACE('',(#12174),#11033,.T.);
#12174 = FACE_BOUND('',#12175,.T.);
#12175 = EDGE_LOOP('',(#12176));
#12176 = ORIENTED_EDGE('',*,*,#11018,.T.);
#12177 = ADVANCED_FACE('',(#12178),#11086,.T.);
#12178 = FACE_BOUND('',#12179,.T.);
#12179 = EDGE_LOOP('',(#12180));
#12180 = ORIENTED_EDGE('',*,*,#11071,.T.);
#12181 = ADVANCED_FACE('',(#12182),#11139,.T.);
#12182 = FACE_BOUND('',#12183,.T.);
#12183 = EDGE_LOOP('',(#12184));
#12184 = ORIENTED_EDGE('',*,*,#11124,.T.);
#12185 = ADVANCED_FACE('',(#12186),#11192,.T.);
#12186 = FACE_BOUND('',#12187,.T.);
#12187 = EDGE_LOOP('',(#12188));
#12188 = ORIENTED_EDGE('',*,*,#11177,.T.);
#12189 = ADVANCED_FACE('',(#12190),#11313,.T.);
#12190 = FACE_BOUND('',#12191,.T.);
#12191 = EDGE_LOOP('',(#12192,#12215,#12242,#12243));
#12192 = ORIENTED_EDGE('',*,*,#12193,.T.);
#12193 = EDGE_CURVE('',#11297,#12194,#12196,.T.);
#12194 = VERTEX_POINT('',#12195);
#12195 = CARTESIAN_POINT('',(1.6,-21.5,5.3));
#12196 = SEAM_CURVE('',#12197,(#12201,#12208),.PCURVE_S1.);
#12197 = LINE('',#12198,#12199);
#12198 = CARTESIAN_POINT('',(1.6,-21.5,4.));
#12199 = VECTOR('',#12200,1.);
#12200 = DIRECTION('',(0.,0.,1.));
#12201 = PCURVE('',#11313,#12202);
#12202 = DEFINITIONAL_REPRESENTATION('',(#12203),#12207);
#12203 = LINE('',#12204,#12205);
#12204 = CARTESIAN_POINT('',(6.28318530718,-0.));
#12205 = VECTOR('',#12206,1.);
#12206 = DIRECTION('',(0.,1.));
#12207 = ( GEOMETRIC_REPRESENTATION_CONTEXT(2) 
PARAMETRIC_REPRESENTATION_CONTEXT() REPRESENTATION_CONTEXT('2D SPACE',''
  ) );
#12208 = PCURVE('',#11313,#12209);
#12209 = DEFINITIONAL_REPRESENTATION('',(#12210),#12214);
#12210 = LINE('',#12211,#12212);
#12211 = CARTESIAN_POINT('',(0.,-0.));
#12212 = VECTOR('',#12213,1.);
#12213 = DIRECTION('',(0.,1.));
#12214 = ( GEOMETRIC_REPRESENTATION_CONTEXT(2) 
PARAMETRIC_REPRESENTATION_CONTEXT() REPRESENTATION_CONTEXT('2D SPACE',''
  ) );
#12215 = ORIENTED_EDGE('',*,*,#12216,.F.);
#12216 = EDGE_CURVE('',#12194,#12194,#12217,.T.);
#12217 = SURFACE_CURVE('',#12218,(#12223,#12230),.PCURVE_S1.);
#12218 = CIRCLE('',#12219,1.6);
#12219 = AXIS2_PLACEMENT_3D('',#12220,#12221,#12222);
#12220 = CARTESIAN_POINT('',(0.,-21.5,5.3));
#12221 = DIRECTION('',(0.,0.,1.));
#12222 = DIRECTION('',(1.,0.,-0.));
#12223 = PCURVE('',#11313,#12224);
#12224 = DEFINITIONAL_REPRESENTATION('',(#12225),#12229);
#12225 = LINE('',#12226,#12227);
#12226 = CARTESIAN_POINT('',(0.,1.3));
#12227 = VECTOR('',#12228,1.);
#12228 = DIRECTION('',(1.,0.));
#12229 = ( GEOMETRIC_REPRESENTATION_CONTEXT(2) 
PARAMETRIC_REPRESENTATION_CONTEXT() REPRESENTATION_CONTEXT('2D SPACE',''
  ) );
#12230 = PCURVE('',#12231,#12236);
#12231 = CONICAL_SURFACE('',#12232,1.6,0.785398163397);
#12232 = AXIS2_PLACEMENT_3D('',#12233,#12234,#12235);
#12233 = CARTESIAN_POINT('',(0.,-21.5,5.3));
#12234 = DIRECTION('',(-0.,-0.,-1.));
#12235 = DIRECTION('',(1.,0.,0.));
#12236 = DEFINITIONAL_REPRESENTATION('',(#12237),#12241);
#12237 = LINE('',#12238,#12239);
#12238 = CARTESIAN_POINT('',(-0.,-0.));
#12239 = VECTOR('',#12240,1.);
#12240 = DIRECTION('',(-1.,-0.));
#12241 = ( GEOMETRIC_REPRESENTATION_CONTEXT(2) 
PARAMETRIC_REPRESENTATION_CONTEXT() REPRESENTATION_CONTEXT('2D SPACE',''
  ) );
#12242 = ORIENTED_EDGE('',*,*,#12193,.F.);
#12243 = ORIENTED_EDGE('',*,*,#11296,.T.);
#12244 = ADVANCED_FACE('',(#12245),#11344,.T.);
#12245 = FACE_BOUND('',#12246,.T.);
#12246 = EDGE_LOOP('',(#12247,#12270,#12297,#12298));
#12247 = ORIENTED_EDGE('',*,*,#12248,.T.);
#12248 = EDGE_CURVE('',#11328,#12249,#12251,.T.);
#12249 = VERTEX_POINT('',#12250);
#12250 = CARTESIAN_POINT('',(-19.9,0.,5.3));
#12251 = SEAM_CURVE('',#12252,(#12256,#12263),.PCURVE_S1.);
#12252 = LINE('',#12253,#12254);
#12253 = CARTESIAN_POINT('',(-19.9,-3.918869757272E-16,4.));
#12254 = VECTOR('',#12255,1.);
#12255 = DIRECTION('',(0.,0.,1.));
#12256 = PCURVE('',#11344,#12257);
#12257 = DEFINITIONAL_REPRESENTATION('',(#12258),#12262);
#12258 = LINE('',#12259,#12260);
#12259 = CARTESIAN_POINT('',(6.28318530718,-0.));
#12260 = VECTOR('',#12261,1.);
#12261 = DIRECTION('',(0.,1.));
#12262 = ( GEOMETRIC_REPRESENTATION_CONTEXT(2) 
PARAMETRIC_REPRESENTATION_CONTEXT() REPRESENTATION_CONTEXT('2D SPACE',''
  ) );
#12263 = PCURVE('',#11344,#12264);
#12264 = DEFINITIONAL_REPRESENTATION('',(#12265),#12269);
#12265 = LINE('',#12266,#12267);
#12266 = CARTESIAN_POINT('',(0.,-0.));
#12267 = VECTOR('',#12268,1.);
#12268 = DIRECTION('',(0.,1.));
#12269 = ( GEOMETRIC_REPRESENTATION_CONTEXT(2) 
PARAMETRIC_REPRESENTATION_CONTEXT() REPRESENTATION_CONTEXT('2D SPACE',''
  ) );
#12270 = ORIENTED_EDGE('',*,*,#12271,.F.);
#12271 = EDGE_CURVE('',#12249,#12249,#12272,.T.);
#12272 = SURFACE_CURVE('',#12273,(#12278,#12285),.PCURVE_S1.);
#12273 = CIRCLE('',#12274,1.6);
#12274 = AXIS2_PLACEMENT_3D('',#12275,#12276,#12277);
#12275 = CARTESIAN_POINT('',(-21.5,0.,5.3));
#12276 = DIRECTION('',(0.,0.,1.));
#12277 = DIRECTION('',(1.,0.,-0.));
#12278 = PCURVE('',#11344,#12279);
#12279 = DEFINITIONAL_REPRESENTATION('',(#12280),#12284);
#12280 = LINE('',#12281,#12282);
#12281 = CARTESIAN_POINT('',(0.,1.3));
#12282 = VECTOR('',#12283,1.);
#12283 = DIRECTION('',(1.,0.));
#12284 = ( GEOMETRIC_REPRESENTATION_CONTEXT(2) 
PARAMETRIC_REPRESENTATION_CONTEXT() REPRESENTATION_CONTEXT('2D SPACE',''
  ) );
#12285 = PCURVE('',#12286,#12291);
#12286 = CONICAL_SURFACE('',#12287,1.6,0.785398163397);
#12287 = AXIS2_PLACEMENT_3D('',#12288,#12289,#12290);
#12288 = CARTESIAN_POINT('',(-21.5,0.,5.3));
#12289 = DIRECTION('',(-0.,-0.,-1.));
#12290 = DIRECTION('',(1.,0.,0.));
#12291 = DEFINITIONAL_REPRESENTATION('',(#12292),#12296);
#12292 = LINE('',#12293,#12294);
#12293 = CARTESIAN_POINT('',(-0.,-0.));
#12294 = VECTOR('',#12295,1.);
#12295 = DIRECTION('',(-1.,-0.));
#12296 = ( GEOMETRIC_REPRESENTATION_CONTEXT(2) 
PARAMETRIC_REPRESENTATION_CONTEXT() REPRESENTATION_CONTEXT('2D SPACE',''
  ) );
#12297 = ORIENTED_EDGE('',*,*,#12248,.F.);
#12298 = ORIENTED_EDGE('',*,*,#11327,.T.);
#12299 = ADVANCED_FACE('',(#12300),#11375,.T.);
#12300 = FACE_BOUND('',#12301,.T.);
#12301 = EDGE_LOOP('',(#12302,#12325,#12352,#12353));
#12302 = ORIENTED_EDGE('',*,*,#12303,.T.);
#12303 = EDGE_CURVE('',#11359,#12304,#12306,.T.);
#12304 = VERTEX_POINT('',#12305);
#12305 = CARTESIAN_POINT('',(23.1,0.,5.3));
#12306 = SEAM_CURVE('',#12307,(#12311,#12318),.PCURVE_S1.);
#12307 = LINE('',#12308,#12309);
#12308 = CARTESIAN_POINT('',(23.1,-3.918869757272E-16,4.));
#12309 = VECTOR('',#12310,1.);
#12310 = DIRECTION('',(0.,0.,1.));
#12311 = PCURVE('',#11375,#12312);
#12312 = DEFINITIONAL_REPRESENTATION('',(#12313),#12317);
#12313 = LINE('',#12314,#12315);
#12314 = CARTESIAN_POINT('',(6.28318530718,-0.));
#12315 = VECTOR('',#12316,1.);
#12316 = DIRECTION('',(0.,1.));
#12317 = ( GEOMETRIC_REPRESENTATION_CONTEXT(2) 
PARAMETRIC_REPRESENTATION_CONTEXT() REPRESENTATION_CONTEXT('2D SPACE',''
  ) );
#12318 = PCURVE('',#11375,#12319);
#12319 = DEFINITIONAL_REPRESENTATION('',(#12320),#12324);
#12320 = LINE('',#12321,#12322);
#12321 = CARTESIAN_POINT('',(0.,-0.));
#12322 = VECTOR('',#12323,1.);
#12323 = DIRECTION('',(0.,1.));
#12324 = ( GEOMETRIC_REPRESENTATION_CONTEXT(2) 
PARAMETRIC_REPRESENTATION_CONTEXT() REPRESENTATION_CONTEXT('2D SPACE',''
  ) );
#12325 = ORIENTED_EDGE('',*,*,#12326,.F.);
#12326 = EDGE_CURVE('',#12304,#12304,#12327,.T.);
#12327 = SURFACE_CURVE('',#12328,(#12333,#12340),.PCURVE_S1.);
#12328 = CIRCLE('',#12329,1.6);
#12329 = AXIS2_PLACEMENT_3D('',#12330,#12331,#12332);
#12330 = CARTESIAN_POINT('',(21.5,0.,5.3));
#12331 = DIRECTION('',(0.,0.,1.));
#12332 = DIRECTION('',(1.,0.,-0.));
#12333 = PCURVE('',#11375,#12334);
#12334 = DEFINITIONAL_REPRESENTATION('',(#12335),#12339);
#12335 = LINE('',#12336,#12337);
#12336 = CARTESIAN_POINT('',(0.,1.3));
#12337 = VECTOR('',#12338,1.);
#12338 = DIRECTION('',(1.,0.));
#12339 = ( GEOMETRIC_REPRESENTATION_CONTEXT(2) 
PARAMETRIC_REPRESENTATION_CONTEXT() REPRESENTATION_CONTEXT('2D SPACE',''
  ) );
#12340 = PCURVE('',#12341,#12346);
#12341 = CONICAL_SURFACE('',#12342,1.6,0.785398163397);
#12342 = AXIS2_PLACEMENT_3D('',#12343,#12344,#12345);
#12343 = CARTESIAN_POINT('',(21.5,0.,5.3));
#12344 = DIRECTION('',(-0.,-0.,-1.));
#12345 = DIRECTION('',(1.,0.,0.));
#12346 = DEFINITIONAL_REPRESENTATION('',(#12347),#12351);
#12347 = LINE('',#12348,#12349);
#12348 = CARTESIAN_POINT('',(-0.,-0.));
#12349 = VECTOR('',#12350,1.);
#12350 = DIRECTION('',(-1.,-0.));
#12351 = ( GEOMETRIC_REPRESENTATION_CONTEXT(2) 
PARAMETRIC_REPRESENTATION_CONTEXT() REPRESENTATION_CONTEXT('2D SPACE',''
  ) );
#12352 = ORIENTED_EDGE('',*,*,#12303,.F.);
#12353 = ORIENTED_EDGE('',*,*,#11358,.T.);
#12354 = ADVANCED_FACE('',(#12355),#11406,.T.);
#12355 = FACE_BOUND('',#12356,.T.);
#12356 = EDGE_LOOP('',(#12357,#12380,#12407,#12408));
#12357 = ORIENTED_EDGE('',*,*,#12358,.T.);
#12358 = EDGE_CURVE('',#11390,#12359,#12361,.T.);
#12359 = VERTEX_POINT('',#12360);
#12360 = CARTESIAN_POINT('',(1.6,21.5,5.3));
#12361 = SEAM_CURVE('',#12362,(#12366,#12373),.PCURVE_S1.);
#12362 = LINE('',#12363,#12364);
#12363 = CARTESIAN_POINT('',(1.6,21.5,4.));
#12364 = VECTOR('',#12365,1.);
#12365 = DIRECTION('',(0.,0.,1.));
#12366 = PCURVE('',#11406,#12367);
#12367 = DEFINITIONAL_REPRESENTATION('',(#12368),#12372);
#12368 = LINE('',#12369,#12370);
#12369 = CARTESIAN_POINT('',(6.28318530718,-0.));
#12370 = VECTOR('',#12371,1.);
#12371 = DIRECTION('',(0.,1.));
#12372 = ( GEOMETRIC_REPRESENTATION_CONTEXT(2) 
PARAMETRIC_REPRESENTATION_CONTEXT() REPRESENTATION_CONTEXT('2D SPACE',''
  ) );
#12373 = PCURVE('',#11406,#12374);
#12374 = DEFINITIONAL_REPRESENTATION('',(#12375),#12379);
#12375 = LINE('',#12376,#12377);
#12376 = CARTESIAN_POINT('',(0.,-0.));
#12377 = VECTOR('',#12378,1.);
#12378 = DIRECTION('',(0.,1.));
#12379 = ( GEOMETRIC_REPRESENTATION_CONTEXT(2) 
PARAMETRIC_REPRESENTATION_CONTEXT() REPRESENTATION_CONTEXT('2D SPACE',''
  ) );
#12380 = ORIENTED_EDGE('',*,*,#12381,.F.);
#12381 = EDGE_CURVE('',#12359,#12359,#12382,.T.);
#12382 = SURFACE_CURVE('',#12383,(#12388,#12395),.PCURVE_S1.);
#12383 = CIRCLE('',#12384,1.6);
#12384 = AXIS2_PLACEMENT_3D('',#12385,#12386,#12387);
#12385 = CARTESIAN_POINT('',(0.,21.5,5.3));
#12386 = DIRECTION('',(0.,0.,1.));
#12387 = DIRECTION('',(1.,0.,-0.));
#12388 = PCURVE('',#11406,#12389);
#12389 = DEFINITIONAL_REPRESENTATION('',(#12390),#12394);
#12390 = LINE('',#12391,#12392);
#12391 = CARTESIAN_POINT('',(0.,1.3));
#12392 = VECTOR('',#12393,1.);
#12393 = DIRECTION('',(1.,0.));
#12394 = ( GEOMETRIC_REPRESENTATION_CONTEXT(2) 
PARAMETRIC_REPRESENTATION_CONTEXT() REPRESENTATION_CONTEXT('2D SPACE',''
  ) );
#12395 = PCURVE('',#12396,#12401);
#12396 = CONICAL_SURFACE('',#12397,1.6,0.785398163397);
#12397 = AXIS2_PLACEMENT_3D('',#12398,#12399,#12400);
#12398 = CARTESIAN_POINT('',(0.,21.5,5.3));
#12399 = DIRECTION('',(-0.,-0.,-1.));
#12400 = DIRECTION('',(1.,0.,0.));
#12401 = DEFINITIONAL_REPRESENTATION('',(#12402),#12406);
#12402 = LINE('',#12403,#12404);
#12403 = CARTESIAN_POINT('',(-0.,-0.));
#12404 = VECTOR('',#12405,1.);
#12405 = DIRECTION('',(-1.,-0.));
#12406 = ( GEOMETRIC_REPRESENTATION_CONTEXT(2) 
PARAMETRIC_REPRESENTATION_CONTEXT() REPRESENTATION_CONTEXT('2D SPACE',''
  ) );
#12407 = ORIENTED_EDGE('',*,*,#12358,.F.);
#12408 = ORIENTED_EDGE('',*,*,#11389,.T.);
#12409 = ADVANCED_FACE('',(#12410),#11510,.T.);
#12410 = FACE_BOUND('',#12411,.T.);
#12411 = EDGE_LOOP('',(#12412,#12435,#12462,#12463));
#12412 = ORIENTED_EDGE('',*,*,#12413,.T.);
#12413 = EDGE_CURVE('',#11494,#12414,#12416,.T.);
#12414 = VERTEX_POINT('',#12415);
#12415 = CARTESIAN_POINT('',(-48.4,28.5,5.3));
#12416 = SEAM_CURVE('',#12417,(#12421,#12428),.PCURVE_S1.);
#12417 = LINE('',#12418,#12419);
#12418 = CARTESIAN_POINT('',(-48.4,28.5,4.));
#12419 = VECTOR('',#12420,1.);
#12420 = DIRECTION('',(0.,0.,1.));
#12421 = PCURVE('',#11510,#12422);
#12422 = DEFINITIONAL_REPRESENTATION('',(#12423),#12427);
#12423 = LINE('',#12424,#12425);
#12424 = CARTESIAN_POINT('',(6.28318530718,-0.));
#12425 = VECTOR('',#12426,1.);
#12426 = DIRECTION('',(0.,1.));
#12427 = ( GEOMETRIC_REPRESENTATION_CONTEXT(2) 
PARAMETRIC_REPRESENTATION_CONTEXT() REPRESENTATION_CONTEXT('2D SPACE',''
  ) );
#12428 = PCURVE('',#11510,#12429);
#12429 = DEFINITIONAL_REPRESENTATION('',(#12430),#12434);
#12430 = LINE('',#12431,#12432);
#12431 = CARTESIAN_POINT('',(0.,-0.));
#12432 = VECTOR('',#12433,1.);
#12433 = DIRECTION('',(0.,1.));
#12434 = ( GEOMETRIC_REPRESENTATION_CONTEXT(2) 
PARAMETRIC_REPRESENTATION_CONTEXT() REPRESENTATION_CONTEXT('2D SPACE',''
  ) );
#12435 = ORIENTED_EDGE('',*,*,#12436,.F.);
#12436 = EDGE_CURVE('',#12414,#12414,#12437,.T.);
#12437 = SURFACE_CURVE('',#12438,(#12443,#12450),.PCURVE_S1.);
#12438 = CIRCLE('',#12439,1.6);
#12439 = AXIS2_PLACEMENT_3D('',#12440,#12441,#12442);
#12440 = CARTESIAN_POINT('',(-50.,28.5,5.3));
#12441 = DIRECTION('',(0.,0.,1.));
#12442 = DIRECTION('',(1.,0.,-0.));
#12443 = PCURVE('',#11510,#12444);
#12444 = DEFINITIONAL_REPRESENTATION('',(#12445),#12449);
#12445 = LINE('',#12446,#12447);
#12446 = CARTESIAN_POINT('',(0.,1.3));
#12447 = VECTOR('',#12448,1.);
#12448 = DIRECTION('',(1.,0.));
#12449 = ( GEOMETRIC_REPRESENTATION_CONTEXT(2) 
PARAMETRIC_REPRESENTATION_CONTEXT() REPRESENTATION_CONTEXT('2D SPACE',''
  ) );
#12450 = PCURVE('',#12451,#12456);
#12451 = CONICAL_SURFACE('',#12452,1.6,0.785398163397);
#12452 = AXIS2_PLACEMENT_3D('',#12453,#12454,#12455);
#12453 = CARTESIAN_POINT('',(-50.,28.5,5.3));
#12454 = DIRECTION('',(-0.,-0.,-1.));
#12455 = DIRECTION('',(1.,0.,0.));
#12456 = DEFINITIONAL_REPRESENTATION('',(#12457),#12461);
#12457 = LINE('',#12458,#12459);
#12458 = CARTESIAN_POINT('',(-0.,-0.));
#12459 = VECTOR('',#12460,1.);
#12460 = DIRECTION('',(-1.,-0.));
#12461 = ( GEOMETRIC_REPRESENTATION_CONTEXT(2) 
PARAMETRIC_REPRESENTATION_CONTEXT() REPRESENTATION_CONTEXT('2D SPACE',''
  ) );
#12462 = ORIENTED_EDGE('',*,*,#12413,.F.);
#12463 = ORIENTED_EDGE('',*,*,#11493,.T.);
#12464 = ADVANCED_FACE('',(#12465),#11541,.T.);
#12465 = FACE_BOUND('',#12466,.T.);
#12466 = EDGE_LOOP('',(#12467,#12490,#12517,#12518));
#12467 = ORIENTED_EDGE('',*,*,#12468,.T.);
#12468 = EDGE_CURVE('',#11525,#12469,#12471,.T.);
#12469 = VERTEX_POINT('',#12470);
#12470 = CARTESIAN_POINT('',(-69.9,50.,5.3));
#12471 = SEAM_CURVE('',#12472,(#12476,#12483),.PCURVE_S1.);
#12472 = LINE('',#12473,#12474);
#12473 = CARTESIAN_POINT('',(-69.9,50.,4.));
#12474 = VECTOR('',#12475,1.);
#12475 = DIRECTION('',(0.,0.,1.));
#12476 = PCURVE('',#11541,#12477);
#12477 = DEFINITIONAL_REPRESENTATION('',(#12478),#12482);
#12478 = LINE('',#12479,#12480);
#12479 = CARTESIAN_POINT('',(6.28318530718,-0.));
#12480 = VECTOR('',#12481,1.);
#12481 = DIRECTION('',(0.,1.));
#12482 = ( GEOMETRIC_REPRESENTATION_CONTEXT(2) 
PARAMETRIC_REPRESENTATION_CONTEXT() REPRESENTATION_CONTEXT('2D SPACE',''
  ) );
#12483 = PCURVE('',#11541,#12484);
#12484 = DEFINITIONAL_REPRESENTATION('',(#12485),#12489);
#12485 = LINE('',#12486,#12487);
#12486 = CARTESIAN_POINT('',(0.,-0.));
#12487 = VECTOR('',#12488,1.);
#12488 = DIRECTION('',(0.,1.));
#12489 = ( GEOMETRIC_REPRESENTATION_CONTEXT(2) 
PARAMETRIC_REPRESENTATION_CONTEXT() REPRESENTATION_CONTEXT('2D SPACE',''
  ) );
#12490 = ORIENTED_EDGE('',*,*,#12491,.F.);
#12491 = EDGE_CURVE('',#12469,#12469,#12492,.T.);
#12492 = SURFACE_CURVE('',#12493,(#12498,#12505),.PCURVE_S1.);
#12493 = CIRCLE('',#12494,1.6);
#12494 = AXIS2_PLACEMENT_3D('',#12495,#12496,#12497);
#12495 = CARTESIAN_POINT('',(-71.5,50.,5.3));
#12496 = DIRECTION('',(0.,0.,1.));
#12497 = DIRECTION('',(1.,0.,-0.));
#12498 = PCURVE('',#11541,#12499);
#12499 = DEFINITIONAL_REPRESENTATION('',(#12500),#12504);
#12500 = LINE('',#12501,#12502);
#12501 = CARTESIAN_POINT('',(0.,1.3));
#12502 = VECTOR('',#12503,1.);
#12503 = DIRECTION('',(1.,0.));
#12504 = ( GEOMETRIC_REPRESENTATION_CONTEXT(2) 
PARAMETRIC_REPRESENTATION_CONTEXT() REPRESENTATION_CONTEXT('2D SPACE',''
  ) );
#12505 = PCURVE('',#12506,#12511);
#12506 = CONICAL_SURFACE('',#12507,1.6,0.785398163397);
#12507 = AXIS2_PLACEMENT_3D('',#12508,#12509,#12510);
#12508 = CARTESIAN_POINT('',(-71.5,50.,5.3));
#12509 = DIRECTION('',(-0.,-0.,-1.));
#12510 = DIRECTION('',(1.,0.,0.));
#12511 = DEFINITIONAL_REPRESENTATION('',(#12512),#12516);
#12512 = LINE('',#12513,#12514);
#12513 = CARTESIAN_POINT('',(-0.,-0.));
#12514 = VECTOR('',#12515,1.);
#12515 = DIRECTION('',(-1.,-0.));
#12516 = ( GEOMETRIC_REPRESENTATION_CONTEXT(2) 
PARAMETRIC_REPRESENTATION_CONTEXT() REPRESENTATION_CONTEXT('2D SPACE',''
  ) );
#12517 = ORIENTED_EDGE('',*,*,#12468,.F.);
#12518 = ORIENTED_EDGE('',*,*,#11524,.T.);
#12519 = ADVANCED_FACE('',(#12520),#11572,.T.);
#12520 = FACE_BOUND('',#12521,.T.);
#12521 = EDGE_LOOP('',(#12522,#12545,#12572,#12573));
#12522 = ORIENTED_EDGE('',*,*,#12523,.T.);
#12523 = EDGE_CURVE('',#11556,#12524,#12526,.T.);
#12524 = VERTEX_POINT('',#12525);
#12525 = CARTESIAN_POINT('',(-48.4,71.5,5.3));
#12526 = SEAM_CURVE('',#12527,(#12531,#12538),.PCURVE_S1.);
#12527 = LINE('',#12528,#12529);
#12528 = CARTESIAN_POINT('',(-48.4,71.5,4.));
#12529 = VECTOR('',#12530,1.);
#12530 = DIRECTION('',(0.,0.,1.));
#12531 = PCURVE('',#11572,#12532);
#12532 = DEFINITIONAL_REPRESENTATION('',(#12533),#12537);
#12533 = LINE('',#12534,#12535);
#12534 = CARTESIAN_POINT('',(6.28318530718,-0.));
#12535 = VECTOR('',#12536,1.);
#12536 = DIRECTION('',(0.,1.));
#12537 = ( GEOMETRIC_REPRESENTATION_CONTEXT(2) 
PARAMETRIC_REPRESENTATION_CONTEXT() REPRESENTATION_CONTEXT('2D SPACE',''
  ) );
#12538 = PCURVE('',#11572,#12539);
#12539 = DEFINITIONAL_REPRESENTATION('',(#12540),#12544);
#12540 = LINE('',#12541,#12542);
#12541 = CARTESIAN_POINT('',(0.,-0.));
#12542 = VECTOR('',#12543,1.);
#12543 = DIRECTION('',(0.,1.));
#12544 = ( GEOMETRIC_REPRESENTATION_CONTEXT(2) 
PARAMETRIC_REPRESENTATION_CONTEXT() REPRESENTATION_CONTEXT('2D SPACE',''
  ) );
#12545 = ORIENTED_EDGE('',*,*,#12546,.F.);
#12546 = EDGE_CURVE('',#12524,#12524,#12547,.T.);
#12547 = SURFACE_CURVE('',#12548,(#12553,#12560),.PCURVE_S1.);
#12548 = CIRCLE('',#12549,1.6);
#12549 = AXIS2_PLACEMENT_3D('',#12550,#12551,#12552);
#12550 = CARTESIAN_POINT('',(-50.,71.5,5.3));
#12551 = DIRECTION('',(0.,0.,1.));
#12552 = DIRECTION('',(1.,0.,-0.));
#12553 = PCURVE('',#11572,#12554);
#12554 = DEFINITIONAL_REPRESENTATION('',(#12555),#12559);
#12555 = LINE('',#12556,#12557);
#12556 = CARTESIAN_POINT('',(0.,1.3));
#12557 = VECTOR('',#12558,1.);
#12558 = DIRECTION('',(1.,0.));
#12559 = ( GEOMETRIC_REPRESENTATION_CONTEXT(2) 
PARAMETRIC_REPRESENTATION_CONTEXT() REPRESENTATION_CONTEXT('2D SPACE',''
  ) );
#12560 = PCURVE('',#12561,#12566);
#12561 = CONICAL_SURFACE('',#12562,1.6,0.785398163397);
#12562 = AXIS2_PLACEMENT_3D('',#12563,#12564,#12565);
#12563 = CARTESIAN_POINT('',(-50.,71.5,5.3));
#12564 = DIRECTION('',(-0.,-0.,-1.));
#12565 = DIRECTION('',(1.,0.,0.));
#12566 = DEFINITIONAL_REPRESENTATION('',(#12567),#12571);
#12567 = LINE('',#12568,#12569);
#12568 = CARTESIAN_POINT('',(-0.,-0.));
#12569 = VECTOR('',#12570,1.);
#12570 = DIRECTION('',(-1.,-0.));
#12571 = ( GEOMETRIC_REPRESENTATION_CONTEXT(2) 
PARAMETRIC_REPRESENTATION_CONTEXT() REPRESENTATION_CONTEXT('2D SPACE',''
  ) );
#12572 = ORIENTED_EDGE('',*,*,#12523,.F.);
#12573 = ORIENTED_EDGE('',*,*,#11555,.T.);
#12574 = ADVANCED_FACE('',(#12575),#11603,.T.);
#12575 = FACE_BOUND('',#12576,.T.);
#12576 = EDGE_LOOP('',(#12577,#12600,#12627,#12628));
#12577 = ORIENTED_EDGE('',*,*,#12578,.T.);
#12578 = EDGE_CURVE('',#11587,#12579,#12581,.T.);
#12579 = VERTEX_POINT('',#12580);
#12580 = CARTESIAN_POINT('',(-26.9,50.,5.3));
#12581 = SEAM_CURVE('',#12582,(#12586,#12593),.PCURVE_S1.);
#12582 = LINE('',#12583,#12584);
#12583 = CARTESIAN_POINT('',(-26.9,50.,4.));
#12584 = VECTOR('',#12585,1.);
#12585 = DIRECTION('',(0.,0.,1.));
#12586 = PCURVE('',#11603,#12587);
#12587 = DEFINITIONAL_REPRESENTATION('',(#12588),#12592);
#12588 = LINE('',#12589,#12590);
#12589 = CARTESIAN_POINT('',(6.28318530718,-0.));
#12590 = VECTOR('',#12591,1.);
#12591 = DIRECTION('',(0.,1.));
#12592 = ( GEOMETRIC_REPRESENTATION_CONTEXT(2) 
PARAMETRIC_REPRESENTATION_CONTEXT() REPRESENTATION_CONTEXT('2D SPACE',''
  ) );
#12593 = PCURVE('',#11603,#12594);
#12594 = DEFINITIONAL_REPRESENTATION('',(#12595),#12599);
#12595 = LINE('',#12596,#12597);
#12596 = CARTESIAN_POINT('',(0.,-0.));
#12597 = VECTOR('',#12598,1.);
#12598 = DIRECTION('',(0.,1.));
#12599 = ( GEOMETRIC_REPRESENTATION_CONTEXT(2) 
PARAMETRIC_REPRESENTATION_CONTEXT() REPRESENTATION_CONTEXT('2D SPACE',''
  ) );
#12600 = ORIENTED_EDGE('',*,*,#12601,.F.);
#12601 = EDGE_CURVE('',#12579,#12579,#12602,.T.);
#12602 = SURFACE_CURVE('',#12603,(#12608,#12615),.PCURVE_S1.);
#12603 = CIRCLE('',#12604,1.6);
#12604 = AXIS2_PLACEMENT_3D('',#12605,#12606,#12607);
#12605 = CARTESIAN_POINT('',(-28.5,50.,5.3));
#12606 = DIRECTION('',(0.,0.,1.));
#12607 = DIRECTION('',(1.,0.,-0.));
#12608 = PCURVE('',#11603,#12609);
#12609 = DEFINITIONAL_REPRESENTATION('',(#12610),#12614);
#12610 = LINE('',#12611,#12612);
#12611 = CARTESIAN_POINT('',(0.,1.3));
#12612 = VECTOR('',#12613,1.);
#12613 = DIRECTION('',(1.,0.));
#12614 = ( GEOMETRIC_REPRESENTATION_CONTEXT(2) 
PARAMETRIC_REPRESENTATION_CONTEXT() REPRESENTATION_CONTEXT('2D SPACE',''
  ) );
#12615 = PCURVE('',#12616,#12621);
#12616 = CONICAL_SURFACE('',#12617,1.6,0.785398163397);
#12617 = AXIS2_PLACEMENT_3D('',#12618,#12619,#12620);
#12618 = CARTESIAN_POINT('',(-28.5,50.,5.3));
#12619 = DIRECTION('',(-0.,-0.,-1.));
#12620 = DIRECTION('',(1.,0.,0.));
#12621 = DEFINITIONAL_REPRESENTATION('',(#12622),#12626);
#12622 = LINE('',#12623,#12624);
#12623 = CARTESIAN_POINT('',(-0.,-0.));
#12624 = VECTOR('',#12625,1.);
#12625 = DIRECTION('',(-1.,-0.));
#12626 = ( GEOMETRIC_REPRESENTATION_CONTEXT(2) 
PARAMETRIC_REPRESENTATION_CONTEXT() REPRESENTATION_CONTEXT('2D SPACE',''
  ) );
#12627 = ORIENTED_EDGE('',*,*,#12578,.F.);
#12628 = ORIENTED_EDGE('',*,*,#11586,.T.);
#12629 = ADVANCED_FACE('',(#12630),#11733,.T.);
#12630 = FACE_BOUND('',#12631,.T.);
#12631 = EDGE_LOOP('',(#12632));
#12632 = ORIENTED_EDGE('',*,*,#11718,.T.);
#12633 = ADVANCED_FACE('',(#12634),#11786,.T.);
#12634 = FACE_BOUND('',#12635,.T.);
#12635 = EDGE_LOOP('',(#12636));
#12636 = ORIENTED_EDGE('',*,*,#11771,.T.);
#12637 = ADVANCED_FACE('',(#12638),#11839,.T.);
#12638 = FACE_BOUND('',#12639,.T.);
#12639 = EDGE_LOOP('',(#12640));
#12640 = ORIENTED_EDGE('',*,*,#11824,.T.);
#12641 = ADVANCED_FACE('',(#12642),#11892,.T.);
#12642 = FACE_BOUND('',#12643,.T.);
#12643 = EDGE_LOOP('',(#12644));
#12644 = ORIENTED_EDGE('',*,*,#11877,.T.);
#12645 = ADVANCED_FACE('',(#12646),#11972,.T.);
#12646 = FACE_BOUND('',#12647,.T.);
#12647 = EDGE_LOOP('',(#12648,#12669,#12670,#12671));
#12648 = ORIENTED_EDGE('',*,*,#12649,.F.);
#12649 = EDGE_CURVE('',#11935,#12650,#12652,.T.);
#12650 = VERTEX_POINT('',#12651);
#12651 = CARTESIAN_POINT('',(1.3,28.5,5.6));
#12652 = SEAM_CURVE('',#12653,(#12657,#12663),.PCURVE_S1.);
#12653 = LINE('',#12654,#12655);
#12654 = CARTESIAN_POINT('',(1.6,28.5,5.3));
#12655 = VECTOR('',#12656,1.);
#12656 = DIRECTION('',(-0.707106781187,0.,0.707106781187));
#12657 = PCURVE('',#11972,#12658);
#12658 = DEFINITIONAL_REPRESENTATION('',(#12659),#12662);
#12659 = B_SPLINE_CURVE_WITH_KNOTS('',1,(#12660,#12661),.UNSPECIFIED.,
  .F.,.F.,(2,2),(0.,0.424264068712),.PIECEWISE_BEZIER_KNOTS.);
#12660 = CARTESIAN_POINT('',(0.,0.));
#12661 = CARTESIAN_POINT('',(0.,-0.3));
#12662 = ( GEOMETRIC_REPRESENTATION_CONTEXT(2) 
PARAMETRIC_REPRESENTATION_CONTEXT() REPRESENTATION_CONTEXT('2D SPACE',''
  ) );
#12663 = PCURVE('',#11972,#12664);
#12664 = DEFINITIONAL_REPRESENTATION('',(#12665),#12668);
#12665 = B_SPLINE_CURVE_WITH_KNOTS('',1,(#12666,#12667),.UNSPECIFIED.,
  .F.,.F.,(2,2),(0.,0.424264068712),.PIECEWISE_BEZIER_KNOTS.);
#12666 = CARTESIAN_POINT('',(-6.28318530718,0.));
#12667 = CARTESIAN_POINT('',(-6.28318530718,-0.3));
#12668 = ( GEOMETRIC_REPRESENTATION_CONTEXT(2) 
PARAMETRIC_REPRESENTATION_CONTEXT() REPRESENTATION_CONTEXT('2D SPACE',''
  ) );
#12669 = ORIENTED_EDGE('',*,*,#11957,.T.);
#12670 = ORIENTED_EDGE('',*,*,#12649,.T.);
#12671 = ORIENTED_EDGE('',*,*,#12672,.F.);
#12672 = EDGE_CURVE('',#12650,#12650,#12673,.T.);
#12673 = SURFACE_CURVE('',#12674,(#12679,#12686),.PCURVE_S1.);
#12674 = CIRCLE('',#12675,1.3);
#12675 = AXIS2_PLACEMENT_3D('',#12676,#12677,#12678);
#12676 = CARTESIAN_POINT('',(0.,28.5,5.6));
#12677 = DIRECTION('',(0.,0.,1.));
#12678 = DIRECTION('',(1.,0.,-0.));
#12679 = PCURVE('',#11972,#12680);
#12680 = DEFINITIONAL_REPRESENTATION('',(#12681),#12685);
#12681 = LINE('',#12682,#12683);
#12682 = CARTESIAN_POINT('',(-0.,-0.3));
#12683 = VECTOR('',#12684,1.);
#12684 = DIRECTION('',(-1.,-0.));
#12685 = ( GEOMETRIC_REPRESENTATION_CONTEXT(2) 
PARAMETRIC_REPRESENTATION_CONTEXT() REPRESENTATION_CONTEXT('2D SPACE',''
  ) );
#12686 = PCURVE('',#12687,#12692);
#12687 = PLANE('',#12688);
#12688 = AXIS2_PLACEMENT_3D('',#12689,#12690,#12691);
#12689 = CARTESIAN_POINT('',(0.,28.5,5.6));
#12690 = DIRECTION('',(0.,0.,1.));
#12691 = DIRECTION('',(1.,0.,-0.));
#12692 = DEFINITIONAL_REPRESENTATION('',(#12693),#12697);
#12693 = CIRCLE('',#12694,1.3);
#12694 = AXIS2_PLACEMENT_2D('',#12695,#12696);
#12695 = CARTESIAN_POINT('',(0.,0.));
#12696 = DIRECTION('',(1.,0.));
#12697 = ( GEOMETRIC_REPRESENTATION_CONTEXT(2) 
PARAMETRIC_REPRESENTATION_CONTEXT() REPRESENTATION_CONTEXT('2D SPACE',''
  ) );
#12698 = ADVANCED_FACE('',(#12699),#12027,.T.);
#12699 = FACE_BOUND('',#12700,.T.);
#12700 = EDGE_LOOP('',(#12701,#12722,#12723,#12724));
#12701 = ORIENTED_EDGE('',*,*,#12702,.F.);
#12702 = EDGE_CURVE('',#11990,#12703,#12705,.T.);
#12703 = VERTEX_POINT('',#12704);
#12704 = CARTESIAN_POINT('',(-20.2,50.,5.6));
#12705 = SEAM_CURVE('',#12706,(#12710,#12716),.PCURVE_S1.);
#12706 = LINE('',#12707,#12708);
#12707 = CARTESIAN_POINT('',(-19.9,50.,5.3));
#12708 = VECTOR('',#12709,1.);
#12709 = DIRECTION('',(-0.707106781187,0.,0.707106781187));
#12710 = PCURVE('',#12027,#12711);
#12711 = DEFINITIONAL_REPRESENTATION('',(#12712),#12715);
#12712 = B_SPLINE_CURVE_WITH_KNOTS('',1,(#12713,#12714),.UNSPECIFIED.,
  .F.,.F.,(2,2),(0.,0.424264068712),.PIECEWISE_BEZIER_KNOTS.);
#12713 = CARTESIAN_POINT('',(0.,0.));
#12714 = CARTESIAN_POINT('',(0.,-0.3));
#12715 = ( GEOMETRIC_REPRESENTATION_CONTEXT(2) 
PARAMETRIC_REPRESENTATION_CONTEXT() REPRESENTATION_CONTEXT('2D SPACE',''
  ) );
#12716 = PCURVE('',#12027,#12717);
#12717 = DEFINITIONAL_REPRESENTATION('',(#12718),#12721);
#12718 = B_SPLINE_CURVE_WITH_KNOTS('',1,(#12719,#12720),.UNSPECIFIED.,
  .F.,.F.,(2,2),(0.,0.424264068712),.PIECEWISE_BEZIER_KNOTS.);
#12719 = CARTESIAN_POINT('',(-6.28318530718,0.));
#12720 = CARTESIAN_POINT('',(-6.28318530718,-0.3));
#12721 = ( GEOMETRIC_REPRESENTATION_CONTEXT(2) 
PARAMETRIC_REPRESENTATION_CONTEXT() REPRESENTATION_CONTEXT('2D SPACE',''
  ) );
#12722 = ORIENTED_EDGE('',*,*,#12012,.T.);
#12723 = ORIENTED_EDGE('',*,*,#12702,.T.);
#12724 = ORIENTED_EDGE('',*,*,#12725,.F.);
#12725 = EDGE_CURVE('',#12703,#12703,#12726,.T.);
#12726 = SURFACE_CURVE('',#12727,(#12732,#12739),.PCURVE_S1.);
#12727 = CIRCLE('',#12728,1.3);
#12728 = AXIS2_PLACEMENT_3D('',#12729,#12730,#12731);
#12729 = CARTESIAN_POINT('',(-21.5,50.,5.6));
#12730 = DIRECTION('',(0.,0.,1.));
#12731 = DIRECTION('',(1.,0.,-0.));
#12732 = PCURVE('',#12027,#12733);
#12733 = DEFINITIONAL_REPRESENTATION('',(#12734),#12738);
#12734 = LINE('',#12735,#12736);
#12735 = CARTESIAN_POINT('',(-0.,-0.3));
#12736 = VECTOR('',#12737,1.);
#12737 = DIRECTION('',(-1.,-0.));
#12738 = ( GEOMETRIC_REPRESENTATION_CONTEXT(2) 
PARAMETRIC_REPRESENTATION_CONTEXT() REPRESENTATION_CONTEXT('2D SPACE',''
  ) );
#12739 = PCURVE('',#12740,#12745);
#12740 = PLANE('',#12741);
#12741 = AXIS2_PLACEMENT_3D('',#12742,#12743,#12744);
#12742 = CARTESIAN_POINT('',(-21.5,50.,5.6));
#12743 = DIRECTION('',(0.,0.,1.));
#12744 = DIRECTION('',(1.,0.,-0.));
#12745 = DEFINITIONAL_REPRESENTATION('',(#12746),#12750);
#12746 = CIRCLE('',#12747,1.3);
#12747 = AXIS2_PLACEMENT_2D('',#12748,#12749);
#12748 = CARTESIAN_POINT('',(0.,0.));
#12749 = DIRECTION('',(1.,0.));
#12750 = ( GEOMETRIC_REPRESENTATION_CONTEXT(2) 
PARAMETRIC_REPRESENTATION_CONTEXT() REPRESENTATION_CONTEXT('2D SPACE',''
  ) );
#12751 = ADVANCED_FACE('',(#12752),#12082,.T.);
#12752 = FACE_BOUND('',#12753,.T.);
#12753 = EDGE_LOOP('',(#12754,#12775,#12776,#12777));
#12754 = ORIENTED_EDGE('',*,*,#12755,.F.);
#12755 = EDGE_CURVE('',#12045,#12756,#12758,.T.);
#12756 = VERTEX_POINT('',#12757);
#12757 = CARTESIAN_POINT('',(22.8,50.,5.6));
#12758 = SEAM_CURVE('',#12759,(#12763,#12769),.PCURVE_S1.);
#12759 = LINE('',#12760,#12761);
#12760 = CARTESIAN_POINT('',(23.1,50.,5.3));
#12761 = VECTOR('',#12762,1.);
#12762 = DIRECTION('',(-0.707106781187,0.,0.707106781187));
#12763 = PCURVE('',#12082,#12764);
#12764 = DEFINITIONAL_REPRESENTATION('',(#12765),#12768);
#12765 = B_SPLINE_CURVE_WITH_KNOTS('',1,(#12766,#12767),.UNSPECIFIED.,
  .F.,.F.,(2,2),(0.,0.424264068712),.PIECEWISE_BEZIER_KNOTS.);
#12766 = CARTESIAN_POINT('',(0.,0.));
#12767 = CARTESIAN_POINT('',(0.,-0.3));
#12768 = ( GEOMETRIC_REPRESENTATION_CONTEXT(2) 
PARAMETRIC_REPRESENTATION_CONTEXT() REPRESENTATION_CONTEXT('2D SPACE',''
  ) );
#12769 = PCURVE('',#12082,#12770);
#12770 = DEFINITIONAL_REPRESENTATION('',(#12771),#12774);
#12771 = B_SPLINE_CURVE_WITH_KNOTS('',1,(#12772,#12773),.UNSPECIFIED.,
  .F.,.F.,(2,2),(0.,0.424264068712),.PIECEWISE_BEZIER_KNOTS.);
#12772 = CARTESIAN_POINT('',(-6.28318530718,0.));
#12773 = CARTESIAN_POINT('',(-6.28318530718,-0.3));
#12774 = ( GEOMETRIC_REPRESENTATION_CONTEXT(2) 
PARAMETRIC_REPRESENTATION_CONTEXT() REPRESENTATION_CONTEXT('2D SPACE',''
  ) );
#12775 = ORIENTED_EDGE('',*,*,#12067,.T.);
#12776 = ORIENTED_EDGE('',*,*,#12755,.T.);
#12777 = ORIENTED_EDGE('',*,*,#12778,.F.);
#12778 = EDGE_CURVE('',#12756,#12756,#12779,.T.);
#12779 = SURFACE_CURVE('',#12780,(#12785,#12792),.PCURVE_S1.);
#12780 = CIRCLE('',#12781,1.3);
#12781 = AXIS2_PLACEMENT_3D('',#12782,#12783,#12784);
#12782 = CARTESIAN_POINT('',(21.5,50.,5.6));
#12783 = DIRECTION('',(0.,0.,1.));
#12784 = DIRECTION('',(1.,0.,-0.));
#12785 = PCURVE('',#12082,#12786);
#12786 = DEFINITIONAL_REPRESENTATION('',(#12787),#12791);
#12787 = LINE('',#12788,#12789);
#12788 = CARTESIAN_POINT('',(-0.,-0.3));
#12789 = VECTOR('',#12790,1.);
#12790 = DIRECTION('',(-1.,-0.));
#12791 = ( GEOMETRIC_REPRESENTATION_CONTEXT(2) 
PARAMETRIC_REPRESENTATION_CONTEXT() REPRESENTATION_CONTEXT('2D SPACE',''
  ) );
#12792 = PCURVE('',#12793,#12798);
#12793 = PLANE('',#12794);
#12794 = AXIS2_PLACEMENT_3D('',#12795,#12796,#12797);
#12795 = CARTESIAN_POINT('',(21.5,50.,5.6));
#12796 = DIRECTION('',(0.,0.,1.));
#12797 = DIRECTION('',(1.,0.,-0.));
#12798 = DEFINITIONAL_REPRESENTATION('',(#12799),#12803);
#12799 = CIRCLE('',#12800,1.3);
#12800 = AXIS2_PLACEMENT_2D('',#12801,#12802);
#12801 = CARTESIAN_POINT('',(0.,0.));
#12802 = DIRECTION('',(1.,0.));
#12803 = ( GEOMETRIC_REPRESENTATION_CONTEXT(2) 
PARAMETRIC_REPRESENTATION_CONTEXT() REPRESENTATION_CONTEXT('2D SPACE',''
  ) );
#12804 = ADVANCED_FACE('',(#12805),#12137,.T.);
#12805 = FACE_BOUND('',#12806,.T.);
#12806 = EDGE_LOOP('',(#12807,#12828,#12829,#12830));
#12807 = ORIENTED_EDGE('',*,*,#12808,.F.);
#12808 = EDGE_CURVE('',#12100,#12809,#12811,.T.);
#12809 = VERTEX_POINT('',#12810);
#12810 = CARTESIAN_POINT('',(1.3,71.5,5.6));
#12811 = SEAM_CURVE('',#12812,(#12816,#12822),.PCURVE_S1.);
#12812 = LINE('',#12813,#12814);
#12813 = CARTESIAN_POINT('',(1.6,71.5,5.3));
#12814 = VECTOR('',#12815,1.);
#12815 = DIRECTION('',(-0.707106781187,0.,0.707106781187));
#12816 = PCURVE('',#12137,#12817);
#12817 = DEFINITIONAL_REPRESENTATION('',(#12818),#12821);
#12818 = B_SPLINE_CURVE_WITH_KNOTS('',1,(#12819,#12820),.UNSPECIFIED.,
  .F.,.F.,(2,2),(0.,0.424264068712),.PIECEWISE_BEZIER_KNOTS.);
#12819 = CARTESIAN_POINT('',(0.,0.));
#12820 = CARTESIAN_POINT('',(0.,-0.3));
#12821 = ( GEOMETRIC_REPRESENTATION_CONTEXT(2) 
PARAMETRIC_REPRESENTATION_CONTEXT() REPRESENTATION_CONTEXT('2D SPACE',''
  ) );
#12822 = PCURVE('',#12137,#12823);
#12823 = DEFINITIONAL_REPRESENTATION('',(#12824),#12827);
#12824 = B_SPLINE_CURVE_WITH_KNOTS('',1,(#12825,#12826),.UNSPECIFIED.,
  .F.,.F.,(2,2),(0.,0.424264068712),.PIECEWISE_BEZIER_KNOTS.);
#12825 = CARTESIAN_POINT('',(-6.28318530718,0.));
#12826 = CARTESIAN_POINT('',(-6.28318530718,-0.3));
#12827 = ( GEOMETRIC_REPRESENTATION_CONTEXT(2) 
PARAMETRIC_REPRESENTATION_CONTEXT() REPRESENTATION_CONTEXT('2D SPACE',''
  ) );
#12828 = ORIENTED_EDGE('',*,*,#12122,.T.);
#12829 = ORIENTED_EDGE('',*,*,#12808,.T.);
#12830 = ORIENTED_EDGE('',*,*,#12831,.F.);
#12831 = EDGE_CURVE('',#12809,#12809,#12832,.T.);
#12832 = SURFACE_CURVE('',#12833,(#12838,#12845),.PCURVE_S1.);
#12833 = CIRCLE('',#12834,1.3);
#12834 = AXIS2_PLACEMENT_3D('',#12835,#12836,#12837);
#12835 = CARTESIAN_POINT('',(0.,71.5,5.6));
#12836 = DIRECTION('',(0.,0.,1.));
#12837 = DIRECTION('',(1.,0.,-0.));
#12838 = PCURVE('',#12137,#12839);
#12839 = DEFINITIONAL_REPRESENTATION('',(#12840),#12844);
#12840 = LINE('',#12841,#12842);
#12841 = CARTESIAN_POINT('',(-0.,-0.3));
#12842 = VECTOR('',#12843,1.);
#12843 = DIRECTION('',(-1.,-0.));
#12844 = ( GEOMETRIC_REPRESENTATION_CONTEXT(2) 
PARAMETRIC_REPRESENTATION_CONTEXT() REPRESENTATION_CONTEXT('2D SPACE',''
  ) );
#12845 = PCURVE('',#12846,#12851);
#12846 = PLANE('',#12847);
#12847 = AXIS2_PLACEMENT_3D('',#12848,#12849,#12850);
#12848 = CARTESIAN_POINT('',(0.,71.5,5.6));
#12849 = DIRECTION('',(0.,0.,1.));
#12850 = DIRECTION('',(1.,0.,-0.));
#12851 = DEFINITIONAL_REPRESENTATION('',(#12852),#12856);
#12852 = CIRCLE('',#12853,1.3);
#12853 = AXIS2_PLACEMENT_2D('',#12854,#12855);
#12854 = CARTESIAN_POINT('',(0.,0.));
#12855 = DIRECTION('',(1.,0.));
#12856 = ( GEOMETRIC_REPRESENTATION_CONTEXT(2) 
PARAMETRIC_REPRESENTATION_CONTEXT() REPRESENTATION_CONTEXT('2D SPACE',''
  ) );
#12857 = ADVANCED_FACE('',(#12858),#12231,.T.);
#12858 = FACE_BOUND('',#12859,.T.);
#12859 = EDGE_LOOP('',(#12860,#12881,#12882,#12883));
#12860 = ORIENTED_EDGE('',*,*,#12861,.F.);
#12861 = EDGE_CURVE('',#12194,#12862,#12864,.T.);
#12862 = VERTEX_POINT('',#12863);
#12863 = CARTESIAN_POINT('',(1.3,-21.5,5.6));
#12864 = SEAM_CURVE('',#12865,(#12869,#12875),.PCURVE_S1.);
#12865 = LINE('',#12866,#12867);
#12866 = CARTESIAN_POINT('',(1.6,-21.5,5.3));
#12867 = VECTOR('',#12868,1.);
#12868 = DIRECTION('',(-0.707106781187,0.,0.707106781187));
#12869 = PCURVE('',#12231,#12870);
#12870 = DEFINITIONAL_REPRESENTATION('',(#12871),#12874);
#12871 = B_SPLINE_CURVE_WITH_KNOTS('',1,(#12872,#12873),.UNSPECIFIED.,
  .F.,.F.,(2,2),(0.,0.424264068712),.PIECEWISE_BEZIER_KNOTS.);
#12872 = CARTESIAN_POINT('',(0.,0.));
#12873 = CARTESIAN_POINT('',(0.,-0.3));
#12874 = ( GEOMETRIC_REPRESENTATION_CONTEXT(2) 
PARAMETRIC_REPRESENTATION_CONTEXT() REPRESENTATION_CONTEXT('2D SPACE',''
  ) );
#12875 = PCURVE('',#12231,#12876);
#12876 = DEFINITIONAL_REPRESENTATION('',(#12877),#12880);
#12877 = B_SPLINE_CURVE_WITH_KNOTS('',1,(#12878,#12879),.UNSPECIFIED.,
  .F.,.F.,(2,2),(0.,0.424264068712),.PIECEWISE_BEZIER_KNOTS.);
#12878 = CARTESIAN_POINT('',(-6.28318530718,0.));
#12879 = CARTESIAN_POINT('',(-6.28318530718,-0.3));
#12880 = ( GEOMETRIC_REPRESENTATION_CONTEXT(2) 
PARAMETRIC_REPRESENTATION_CONTEXT() REPRESENTATION_CONTEXT('2D SPACE',''
  ) );
#12881 = ORIENTED_EDGE('',*,*,#12216,.T.);
#12882 = ORIENTED_EDGE('',*,*,#12861,.T.);
#12883 = ORIENTED_EDGE('',*,*,#12884,.F.);
#12884 = EDGE_CURVE('',#12862,#12862,#12885,.T.);
#12885 = SURFACE_CURVE('',#12886,(#12891,#12898),.PCURVE_S1.);
#12886 = CIRCLE('',#12887,1.3);
#12887 = AXIS2_PLACEMENT_3D('',#12888,#12889,#12890);
#12888 = CARTESIAN_POINT('',(0.,-21.5,5.6));
#12889 = DIRECTION('',(0.,0.,1.));
#12890 = DIRECTION('',(1.,0.,-0.));
#12891 = PCURVE('',#12231,#12892);
#12892 = DEFINITIONAL_REPRESENTATION('',(#12893),#12897);
#12893 = LINE('',#12894,#12895);
#12894 = CARTESIAN_POINT('',(-0.,-0.3));
#12895 = VECTOR('',#12896,1.);
#12896 = DIRECTION('',(-1.,-0.));
#12897 = ( GEOMETRIC_REPRESENTATION_CONTEXT(2) 
PARAMETRIC_REPRESENTATION_CONTEXT() REPRESENTATION_CONTEXT('2D SPACE',''
  ) );
#12898 = PCURVE('',#12899,#12904);
#12899 = PLANE('',#12900);
#12900 = AXIS2_PLACEMENT_3D('',#12901,#12902,#12903);
#12901 = CARTESIAN_POINT('',(0.,-21.5,5.6));
#12902 = DIRECTION('',(0.,0.,1.));
#12903 = DIRECTION('',(1.,0.,-0.));
#12904 = DEFINITIONAL_REPRESENTATION('',(#12905),#12909);
#12905 = CIRCLE('',#12906,1.3);
#12906 = AXIS2_PLACEMENT_2D('',#12907,#12908);
#12907 = CARTESIAN_POINT('',(0.,0.));
#12908 = DIRECTION('',(1.,0.));
#12909 = ( GEOMETRIC_REPRESENTATION_CONTEXT(2) 
PARAMETRIC_REPRESENTATION_CONTEXT() REPRESENTATION_CONTEXT('2D SPACE',''
  ) );
#12910 = ADVANCED_FACE('',(#12911),#12286,.T.);
#12911 = FACE_BOUND('',#12912,.T.);
#12912 = EDGE_LOOP('',(#12913,#12934,#12935,#12936));
#12913 = ORIENTED_EDGE('',*,*,#12914,.F.);
#12914 = EDGE_CURVE('',#12249,#12915,#12917,.T.);
#12915 = VERTEX_POINT('',#12916);
#12916 = CARTESIAN_POINT('',(-20.2,0.,5.6));
#12917 = SEAM_CURVE('',#12918,(#12922,#12928),.PCURVE_S1.);
#12918 = LINE('',#12919,#12920);
#12919 = CARTESIAN_POINT('',(-19.9,0.,5.3));
#12920 = VECTOR('',#12921,1.);
#12921 = DIRECTION('',(-0.707106781187,0.,0.707106781187));
#12922 = PCURVE('',#12286,#12923);
#12923 = DEFINITIONAL_REPRESENTATION('',(#12924),#12927);
#12924 = B_SPLINE_CURVE_WITH_KNOTS('',1,(#12925,#12926),.UNSPECIFIED.,
  .F.,.F.,(2,2),(0.,0.424264068712),.PIECEWISE_BEZIER_KNOTS.);
#12925 = CARTESIAN_POINT('',(0.,0.));
#12926 = CARTESIAN_POINT('',(0.,-0.3));
#12927 = ( GEOMETRIC_REPRESENTATION_CONTEXT(2) 
PARAMETRIC_REPRESENTATION_CONTEXT() REPRESENTATION_CONTEXT('2D SPACE',''
  ) );
#12928 = PCURVE('',#12286,#12929);
#12929 = DEFINITIONAL_REPRESENTATION('',(#12930),#12933);
#12930 = B_SPLINE_CURVE_WITH_KNOTS('',1,(#12931,#12932),.UNSPECIFIED.,
  .F.,.F.,(2,2),(0.,0.424264068712),.PIECEWISE_BEZIER_KNOTS.);
#12931 = CARTESIAN_POINT('',(-6.28318530718,0.));
#12932 = CARTESIAN_POINT('',(-6.28318530718,-0.3));
#12933 = ( GEOMETRIC_REPRESENTATION_CONTEXT(2) 
PARAMETRIC_REPRESENTATION_CONTEXT() REPRESENTATION_CONTEXT('2D SPACE',''
  ) );
#12934 = ORIENTED_EDGE('',*,*,#12271,.T.);
#12935 = ORIENTED_EDGE('',*,*,#12914,.T.);
#12936 = ORIENTED_EDGE('',*,*,#12937,.F.);
#12937 = EDGE_CURVE('',#12915,#12915,#12938,.T.);
#12938 = SURFACE_CURVE('',#12939,(#12944,#12951),.PCURVE_S1.);
#12939 = CIRCLE('',#12940,1.3);
#12940 = AXIS2_PLACEMENT_3D('',#12941,#12942,#12943);
#12941 = CARTESIAN_POINT('',(-21.5,0.,5.6));
#12942 = DIRECTION('',(0.,0.,1.));
#12943 = DIRECTION('',(1.,0.,-0.));
#12944 = PCURVE('',#12286,#12945);
#12945 = DEFINITIONAL_REPRESENTATION('',(#12946),#12950);
#12946 = LINE('',#12947,#12948);
#12947 = CARTESIAN_POINT('',(-0.,-0.3));
#12948 = VECTOR('',#12949,1.);
#12949 = DIRECTION('',(-1.,-0.));
#12950 = ( GEOMETRIC_REPRESENTATION_CONTEXT(2) 
PARAMETRIC_REPRESENTATION_CONTEXT() REPRESENTATION_CONTEXT('2D SPACE',''
  ) );
#12951 = PCURVE('',#12952,#12957);
#12952 = PLANE('',#12953);
#12953 = AXIS2_PLACEMENT_3D('',#12954,#12955,#12956);
#12954 = CARTESIAN_POINT('',(-21.5,0.,5.6));
#12955 = DIRECTION('',(0.,0.,1.));
#12956 = DIRECTION('',(1.,0.,-0.));
#12957 = DEFINITIONAL_REPRESENTATION('',(#12958),#12962);
#12958 = CIRCLE('',#12959,1.3);
#12959 = AXIS2_PLACEMENT_2D('',#12960,#12961);
#12960 = CARTESIAN_POINT('',(0.,0.));
#12961 = DIRECTION('',(1.,0.));
#12962 = ( GEOMETRIC_REPRESENTATION_CONTEXT(2) 
PARAMETRIC_REPRESENTATION_CONTEXT() REPRESENTATION_CONTEXT('2D SPACE',''
  ) );
#12963 = ADVANCED_FACE('',(#12964),#12341,.T.);
#12964 = FACE_BOUND('',#12965,.T.);
#12965 = EDGE_LOOP('',(#12966,#12987,#12988,#12989));
#12966 = ORIENTED_EDGE('',*,*,#12967,.F.);
#12967 = EDGE_CURVE('',#12304,#12968,#12970,.T.);
#12968 = VERTEX_POINT('',#12969);
#12969 = CARTESIAN_POINT('',(22.8,0.,5.6));
#12970 = SEAM_CURVE('',#12971,(#12975,#12981),.PCURVE_S1.);
#12971 = LINE('',#12972,#12973);
#12972 = CARTESIAN_POINT('',(23.1,0.,5.3));
#12973 = VECTOR('',#12974,1.);
#12974 = DIRECTION('',(-0.707106781187,0.,0.707106781187));
#12975 = PCURVE('',#12341,#12976);
#12976 = DEFINITIONAL_REPRESENTATION('',(#12977),#12980);
#12977 = B_SPLINE_CURVE_WITH_KNOTS('',1,(#12978,#12979),.UNSPECIFIED.,
  .F.,.F.,(2,2),(0.,0.424264068712),.PIECEWISE_BEZIER_KNOTS.);
#12978 = CARTESIAN_POINT('',(0.,0.));
#12979 = CARTESIAN_POINT('',(0.,-0.3));
#12980 = ( GEOMETRIC_REPRESENTATION_CONTEXT(2) 
PARAMETRIC_REPRESENTATION_CONTEXT() REPRESENTATION_CONTEXT('2D SPACE',''
  ) );
#12981 = PCURVE('',#12341,#12982);
#12982 = DEFINITIONAL_REPRESENTATION('',(#12983),#12986);
#12983 = B_SPLINE_CURVE_WITH_KNOTS('',1,(#12984,#12985),.UNSPECIFIED.,
  .F.,.F.,(2,2),(0.,0.424264068712),.PIECEWISE_BEZIER_KNOTS.);
#12984 = CARTESIAN_POINT('',(-6.28318530718,0.));
#12985 = CARTESIAN_POINT('',(-6.28318530718,-0.3));
#12986 = ( GEOMETRIC_REPRESENTATION_CONTEXT(2) 
PARAMETRIC_REPRESENTATION_CONTEXT() REPRESENTATION_CONTEXT('2D SPACE',''
  ) );
#12987 = ORIENTED_EDGE('',*,*,#12326,.T.);
#12988 = ORIENTED_EDGE('',*,*,#12967,.T.);
#12989 = ORIENTED_EDGE('',*,*,#12990,.F.);
#12990 = EDGE_CURVE('',#12968,#12968,#12991,.T.);
#12991 = SURFACE_CURVE('',#12992,(#12997,#13004),.PCURVE_S1.);
#12992 = CIRCLE('',#12993,1.3);
#12993 = AXIS2_PLACEMENT_3D('',#12994,#12995,#12996);
#12994 = CARTESIAN_POINT('',(21.5,0.,5.6));
#12995 = DIRECTION('',(0.,0.,1.));
#12996 = DIRECTION('',(1.,0.,-0.));
#12997 = PCURVE('',#12341,#12998);
#12998 = DEFINITIONAL_REPRESENTATION('',(#12999),#13003);
#12999 = LINE('',#13000,#13001);
#13000 = CARTESIAN_POINT('',(-0.,-0.3));
#13001 = VECTOR('',#13002,1.);
#13002 = DIRECTION('',(-1.,-0.));
#13003 = ( GEOMETRIC_REPRESENTATION_CONTEXT(2) 
PARAMETRIC_REPRESENTATION_CONTEXT() REPRESENTATION_CONTEXT('2D SPACE',''
  ) );
#13004 = PCURVE('',#13005,#13010);
#13005 = PLANE('',#13006);
#13006 = AXIS2_PLACEMENT_3D('',#13007,#13008,#13009);
#13007 = CARTESIAN_POINT('',(21.5,0.,5.6));
#13008 = DIRECTION('',(0.,0.,1.));
#13009 = DIRECTION('',(1.,0.,-0.));
#13010 = DEFINITIONAL_REPRESENTATION('',(#13011),#13015);
#13011 = CIRCLE('',#13012,1.3);
#13012 = AXIS2_PLACEMENT_2D('',#13013,#13014);
#13013 = CARTESIAN_POINT('',(0.,0.));
#13014 = DIRECTION('',(1.,0.));
#13015 = ( GEOMETRIC_REPRESENTATION_CONTEXT(2) 
PARAMETRIC_REPRESENTATION_CONTEXT() REPRESENTATION_CONTEXT('2D SPACE',''
  ) );
#13016 = ADVANCED_FACE('',(#13017),#12396,.T.);
#13017 = FACE_BOUND('',#13018,.T.);
#13018 = EDGE_LOOP('',(#13019,#13040,#13041,#13042));
#13019 = ORIENTED_EDGE('',*,*,#13020,.F.);
#13020 = EDGE_CURVE('',#12359,#13021,#13023,.T.);
#13021 = VERTEX_POINT('',#13022);
#13022 = CARTESIAN_POINT('',(1.3,21.5,5.6));
#13023 = SEAM_CURVE('',#13024,(#13028,#13034),.PCURVE_S1.);
#13024 = LINE('',#13025,#13026);
#13025 = CARTESIAN_POINT('',(1.6,21.5,5.3));
#13026 = VECTOR('',#13027,1.);
#13027 = DIRECTION('',(-0.707106781187,0.,0.707106781187));
#13028 = PCURVE('',#12396,#13029);
#13029 = DEFINITIONAL_REPRESENTATION('',(#13030),#13033);
#13030 = B_SPLINE_CURVE_WITH_KNOTS('',1,(#13031,#13032),.UNSPECIFIED.,
  .F.,.F.,(2,2),(0.,0.424264068712),.PIECEWISE_BEZIER_KNOTS.);
#13031 = CARTESIAN_POINT('',(0.,0.));
#13032 = CARTESIAN_POINT('',(0.,-0.3));
#13033 = ( GEOMETRIC_REPRESENTATION_CONTEXT(2) 
PARAMETRIC_REPRESENTATION_CONTEXT() REPRESENTATION_CONTEXT('2D SPACE',''
  ) );
#13034 = PCURVE('',#12396,#13035);
#13035 = DEFINITIONAL_REPRESENTATION('',(#13036),#13039);
#13036 = B_SPLINE_CURVE_WITH_KNOTS('',1,(#13037,#13038),.UNSPECIFIED.,
  .F.,.F.,(2,2),(0.,0.424264068712),.PIECEWISE_BEZIER_KNOTS.);
#13037 = CARTESIAN_POINT('',(-6.28318530718,0.));
#13038 = CARTESIAN_POINT('',(-6.28318530718,-0.3));
#13039 = ( GEOMETRIC_REPRESENTATION_CONTEXT(2) 
PARAMETRIC_REPRESENTATION_CONTEXT() REPRESENTATION_CONTEXT('2D SPACE',''
  ) );
#13040 = ORIENTED_EDGE('',*,*,#12381,.T.);
#13041 = ORIENTED_EDGE('',*,*,#13020,.T.);
#13042 = ORIENTED_EDGE('',*,*,#13043,.F.);
#13043 = EDGE_CURVE('',#13021,#13021,#13044,.T.);
#13044 = SURFACE_CURVE('',#13045,(#13050,#13057),.PCURVE_S1.);
#13045 = CIRCLE('',#13046,1.3);
#13046 = AXIS2_PLACEMENT_3D('',#13047,#13048,#13049);
#13047 = CARTESIAN_POINT('',(0.,21.5,5.6));
#13048 = DIRECTION('',(0.,0.,1.));
#13049 = DIRECTION('',(1.,0.,-0.));
#13050 = PCURVE('',#12396,#13051);
#13051 = DEFINITIONAL_REPRESENTATION('',(#13052),#13056);
#13052 = LINE('',#13053,#13054);
#13053 = CARTESIAN_POINT('',(-0.,-0.3));
#13054 = VECTOR('',#13055,1.);
#13055 = DIRECTION('',(-1.,-0.));
#13056 = ( GEOMETRIC_REPRESENTATION_CONTEXT(2) 
PARAMETRIC_REPRESENTATION_CONTEXT() REPRESENTATION_CONTEXT('2D SPACE',''
  ) );
#13057 = PCURVE('',#13058,#13063);
#13058 = PLANE('',#13059);
#13059 = AXIS2_PLACEMENT_3D('',#13060,#13061,#13062);
#13060 = CARTESIAN_POINT('',(0.,21.5,5.6));
#13061 = DIRECTION('',(0.,0.,1.));
#13062 = DIRECTION('',(1.,0.,-0.));
#13063 = DEFINITIONAL_REPRESENTATION('',(#13064),#13068);
#13064 = CIRCLE('',#13065,1.3);
#13065 = AXIS2_PLACEMENT_2D('',#13066,#13067);
#13066 = CARTESIAN_POINT('',(0.,0.));
#13067 = DIRECTION('',(1.,0.));
#13068 = ( GEOMETRIC_REPRESENTATION_CONTEXT(2) 
PARAMETRIC_REPRESENTATION_CONTEXT() REPRESENTATION_CONTEXT('2D SPACE',''
  ) );
#13069 = ADVANCED_FACE('',(#13070),#12451,.T.);
#13070 = FACE_BOUND('',#13071,.T.);
#13071 = EDGE_LOOP('',(#13072,#13093,#13094,#13095));
#13072 = ORIENTED_EDGE('',*,*,#13073,.F.);
#13073 = EDGE_CURVE('',#12414,#13074,#13076,.T.);
#13074 = VERTEX_POINT('',#13075);
#13075 = CARTESIAN_POINT('',(-48.7,28.5,5.6));
#13076 = SEAM_CURVE('',#13077,(#13081,#13087),.PCURVE_S1.);
#13077 = LINE('',#13078,#13079);
#13078 = CARTESIAN_POINT('',(-48.4,28.5,5.3));
#13079 = VECTOR('',#13080,1.);
#13080 = DIRECTION('',(-0.707106781187,0.,0.707106781187));
#13081 = PCURVE('',#12451,#13082);
#13082 = DEFINITIONAL_REPRESENTATION('',(#13083),#13086);
#13083 = B_SPLINE_CURVE_WITH_KNOTS('',1,(#13084,#13085),.UNSPECIFIED.,
  .F.,.F.,(2,2),(0.,0.424264068712),.PIECEWISE_BEZIER_KNOTS.);
#13084 = CARTESIAN_POINT('',(0.,0.));
#13085 = CARTESIAN_POINT('',(0.,-0.3));
#13086 = ( GEOMETRIC_REPRESENTATION_CONTEXT(2) 
PARAMETRIC_REPRESENTATION_CONTEXT() REPRESENTATION_CONTEXT('2D SPACE',''
  ) );
#13087 = PCURVE('',#12451,#13088);
#13088 = DEFINITIONAL_REPRESENTATION('',(#13089),#13092);
#13089 = B_SPLINE_CURVE_WITH_KNOTS('',1,(#13090,#13091),.UNSPECIFIED.,
  .F.,.F.,(2,2),(0.,0.424264068712),.PIECEWISE_BEZIER_KNOTS.);
#13090 = CARTESIAN_POINT('',(-6.28318530718,0.));
#13091 = CARTESIAN_POINT('',(-6.28318530718,-0.3));
#13092 = ( GEOMETRIC_REPRESENTATION_CONTEXT(2) 
PARAMETRIC_REPRESENTATION_CONTEXT() REPRESENTATION_CONTEXT('2D SPACE',''
  ) );
#13093 = ORIENTED_EDGE('',*,*,#12436,.T.);
#13094 = ORIENTED_EDGE('',*,*,#13073,.T.);
#13095 = ORIENTED_EDGE('',*,*,#13096,.F.);
#13096 = EDGE_CURVE('',#13074,#13074,#13097,.T.);
#13097 = SURFACE_CURVE('',#13098,(#13103,#13110),.PCURVE_S1.);
#13098 = CIRCLE('',#13099,1.3);
#13099 = AXIS2_PLACEMENT_3D('',#13100,#13101,#13102);
#13100 = CARTESIAN_POINT('',(-50.,28.5,5.6));
#13101 = DIRECTION('',(0.,0.,1.));
#13102 = DIRECTION('',(1.,0.,-0.));
#13103 = PCURVE('',#12451,#13104);
#13104 = DEFINITIONAL_REPRESENTATION('',(#13105),#13109);
#13105 = LINE('',#13106,#13107);
#13106 = CARTESIAN_POINT('',(-0.,-0.3));
#13107 = VECTOR('',#13108,1.);
#13108 = DIRECTION('',(-1.,-0.));
#13109 = ( GEOMETRIC_REPRESENTATION_CONTEXT(2) 
PARAMETRIC_REPRESENTATION_CONTEXT() REPRESENTATION_CONTEXT('2D SPACE',''
  ) );
#13110 = PCURVE('',#13111,#13116);
#13111 = PLANE('',#13112);
#13112 = AXIS2_PLACEMENT_3D('',#13113,#13114,#13115);
#13113 = CARTESIAN_POINT('',(-50.,28.5,5.6));
#13114 = DIRECTION('',(0.,0.,1.));
#13115 = DIRECTION('',(1.,0.,-0.));
#13116 = DEFINITIONAL_REPRESENTATION('',(#13117),#13121);
#13117 = CIRCLE('',#13118,1.3);
#13118 = AXIS2_PLACEMENT_2D('',#13119,#13120);
#13119 = CARTESIAN_POINT('',(0.,0.));
#13120 = DIRECTION('',(1.,0.));
#13121 = ( GEOMETRIC_REPRESENTATION_CONTEXT(2) 
PARAMETRIC_REPRESENTATION_CONTEXT() REPRESENTATION_CONTEXT('2D SPACE',''
  ) );
#13122 = ADVANCED_FACE('',(#13123),#12506,.T.);
#13123 = FACE_BOUND('',#13124,.T.);
#13124 = EDGE_LOOP('',(#13125,#13146,#13147,#13148));
#13125 = ORIENTED_EDGE('',*,*,#13126,.F.);
#13126 = EDGE_CURVE('',#12469,#13127,#13129,.T.);
#13127 = VERTEX_POINT('',#13128);
#13128 = CARTESIAN_POINT('',(-70.2,50.,5.6));
#13129 = SEAM_CURVE('',#13130,(#13134,#13140),.PCURVE_S1.);
#13130 = LINE('',#13131,#13132);
#13131 = CARTESIAN_POINT('',(-69.9,50.,5.3));
#13132 = VECTOR('',#13133,1.);
#13133 = DIRECTION('',(-0.707106781187,0.,0.707106781187));
#13134 = PCURVE('',#12506,#13135);
#13135 = DEFINITIONAL_REPRESENTATION('',(#13136),#13139);
#13136 = B_SPLINE_CURVE_WITH_KNOTS('',1,(#13137,#13138),.UNSPECIFIED.,
  .F.,.F.,(2,2),(0.,0.424264068712),.PIECEWISE_BEZIER_KNOTS.);
#13137 = CARTESIAN_POINT('',(0.,0.));
#13138 = CARTESIAN_POINT('',(0.,-0.3));
#13139 = ( GEOMETRIC_REPRESENTATION_CONTEXT(2) 
PARAMETRIC_REPRESENTATION_CONTEXT() REPRESENTATION_CONTEXT('2D SPACE',''
  ) );
#13140 = PCURVE('',#12506,#13141);
#13141 = DEFINITIONAL_REPRESENTATION('',(#13142),#13145);
#13142 = B_SPLINE_CURVE_WITH_KNOTS('',1,(#13143,#13144),.UNSPECIFIED.,
  .F.,.F.,(2,2),(0.,0.424264068712),.PIECEWISE_BEZIER_KNOTS.);
#13143 = CARTESIAN_POINT('',(-6.28318530718,0.));
#13144 = CARTESIAN_POINT('',(-6.28318530718,-0.3));
#13145 = ( GEOMETRIC_REPRESENTATION_CONTEXT(2) 
PARAMETRIC_REPRESENTATION_CONTEXT() REPRESENTATION_CONTEXT('2D SPACE',''
  ) );
#13146 = ORIENTED_EDGE('',*,*,#12491,.T.);
#13147 = ORIENTED_EDGE('',*,*,#13126,.T.);
#13148 = ORIENTED_EDGE('',*,*,#13149,.F.);
#13149 = EDGE_CURVE('',#13127,#13127,#13150,.T.);
#13150 = SURFACE_CURVE('',#13151,(#13156,#13163),.PCURVE_S1.);
#13151 = CIRCLE('',#13152,1.3);
#13152 = AXIS2_PLACEMENT_3D('',#13153,#13154,#13155);
#13153 = CARTESIAN_POINT('',(-71.5,50.,5.6));
#13154 = DIRECTION('',(0.,0.,1.));
#13155 = DIRECTION('',(1.,0.,-0.));
#13156 = PCURVE('',#12506,#13157);
#13157 = DEFINITIONAL_REPRESENTATION('',(#13158),#13162);
#13158 = LINE('',#13159,#13160);
#13159 = CARTESIAN_POINT('',(-0.,-0.3));
#13160 = VECTOR('',#13161,1.);
#13161 = DIRECTION('',(-1.,-0.));
#13162 = ( GEOMETRIC_REPRESENTATION_CONTEXT(2) 
PARAMETRIC_REPRESENTATION_CONTEXT() REPRESENTATION_CONTEXT('2D SPACE',''
  ) );
#13163 = PCURVE('',#13164,#13169);
#13164 = PLANE('',#13165);
#13165 = AXIS2_PLACEMENT_3D('',#13166,#13167,#13168);
#13166 = CARTESIAN_POINT('',(-71.5,50.,5.6));
#13167 = DIRECTION('',(0.,0.,1.));
#13168 = DIRECTION('',(1.,0.,-0.));
#13169 = DEFINITIONAL_REPRESENTATION('',(#13170),#13174);
#13170 = CIRCLE('',#13171,1.3);
#13171 = AXIS2_PLACEMENT_2D('',#13172,#13173);
#13172 = CARTESIAN_POINT('',(0.,0.));
#13173 = DIRECTION('',(1.,0.));
#13174 = ( GEOMETRIC_REPRESENTATION_CONTEXT(2) 
PARAMETRIC_REPRESENTATION_CONTEXT() REPRESENTATION_CONTEXT('2D SPACE',''
  ) );
#13175 = ADVANCED_FACE('',(#13176),#12561,.T.);
#13176 = FACE_BOUND('',#13177,.T.);
#13177 = EDGE_LOOP('',(#13178,#13199,#13200,#13201));
#13178 = ORIENTED_EDGE('',*,*,#13179,.F.);
#13179 = EDGE_CURVE('',#12524,#13180,#13182,.T.);
#13180 = VERTEX_POINT('',#13181);
#13181 = CARTESIAN_POINT('',(-48.7,71.5,5.6));
#13182 = SEAM_CURVE('',#13183,(#13187,#13193),.PCURVE_S1.);
#13183 = LINE('',#13184,#13185);
#13184 = CARTESIAN_POINT('',(-48.4,71.5,5.3));
#13185 = VECTOR('',#13186,1.);
#13186 = DIRECTION('',(-0.707106781187,0.,0.707106781187));
#13187 = PCURVE('',#12561,#13188);
#13188 = DEFINITIONAL_REPRESENTATION('',(#13189),#13192);
#13189 = B_SPLINE_CURVE_WITH_KNOTS('',1,(#13190,#13191),.UNSPECIFIED.,
  .F.,.F.,(2,2),(0.,0.424264068712),.PIECEWISE_BEZIER_KNOTS.);
#13190 = CARTESIAN_POINT('',(0.,0.));
#13191 = CARTESIAN_POINT('',(0.,-0.3));
#13192 = ( GEOMETRIC_REPRESENTATION_CONTEXT(2) 
PARAMETRIC_REPRESENTATION_CONTEXT() REPRESENTATION_CONTEXT('2D SPACE',''
  ) );
#13193 = PCURVE('',#12561,#13194);
#13194 = DEFINITIONAL_REPRESENTATION('',(#13195),#13198);
#13195 = B_SPLINE_CURVE_WITH_KNOTS('',1,(#13196,#13197),.UNSPECIFIED.,
  .F.,.F.,(2,2),(0.,0.424264068712),.PIECEWISE_BEZIER_KNOTS.);
#13196 = CARTESIAN_POINT('',(-6.28318530718,0.));
#13197 = CARTESIAN_POINT('',(-6.28318530718,-0.3));
#13198 = ( GEOMETRIC_REPRESENTATION_CONTEXT(2) 
PARAMETRIC_REPRESENTATION_CONTEXT() REPRESENTATION_CONTEXT('2D SPACE',''
  ) );
#13199 = ORIENTED_EDGE('',*,*,#12546,.T.);
#13200 = ORIENTED_EDGE('',*,*,#13179,.T.);
#13201 = ORIENTED_EDGE('',*,*,#13202,.F.);
#13202 = EDGE_CURVE('',#13180,#13180,#13203,.T.);
#13203 = SURFACE_CURVE('',#13204,(#13209,#13216),.PCURVE_S1.);
#13204 = CIRCLE('',#13205,1.3);
#13205 = AXIS2_PLACEMENT_3D('',#13206,#13207,#13208);
#13206 = CARTESIAN_POINT('',(-50.,71.5,5.6));
#13207 = DIRECTION('',(0.,0.,1.));
#13208 = DIRECTION('',(1.,0.,-0.));
#13209 = PCURVE('',#12561,#13210);
#13210 = DEFINITIONAL_REPRESENTATION('',(#13211),#13215);
#13211 = LINE('',#13212,#13213);
#13212 = CARTESIAN_POINT('',(-0.,-0.3));
#13213 = VECTOR('',#13214,1.);
#13214 = DIRECTION('',(-1.,-0.));
#13215 = ( GEOMETRIC_REPRESENTATION_CONTEXT(2) 
PARAMETRIC_REPRESENTATION_CONTEXT() REPRESENTATION_CONTEXT('2D SPACE',''
  ) );
#13216 = PCURVE('',#13217,#13222);
#13217 = PLANE('',#13218);
#13218 = AXIS2_PLACEMENT_3D('',#13219,#13220,#13221);
#13219 = CARTESIAN_POINT('',(-50.,71.5,5.6));
#13220 = DIRECTION('',(0.,0.,1.));
#13221 = DIRECTION('',(1.,0.,-0.));
#13222 = DEFINITIONAL_REPRESENTATION('',(#13223),#13227);
#13223 = CIRCLE('',#13224,1.3);
#13224 = AXIS2_PLACEMENT_2D('',#13225,#13226);
#13225 = CARTESIAN_POINT('',(0.,0.));
#13226 = DIRECTION('',(1.,0.));
#13227 = ( GEOMETRIC_REPRESENTATION_CONTEXT(2) 
PARAMETRIC_REPRESENTATION_CONTEXT() REPRESENTATION_CONTEXT('2D SPACE',''
  ) );
#13228 = ADVANCED_FACE('',(#13229),#12616,.T.);
#13229 = FACE_BOUND('',#13230,.T.);
#13230 = EDGE_LOOP('',(#13231,#13252,#13253,#13254));
#13231 = ORIENTED_EDGE('',*,*,#13232,.F.);
#13232 = EDGE_CURVE('',#12579,#13233,#13235,.T.);
#13233 = VERTEX_POINT('',#13234);
#13234 = CARTESIAN_POINT('',(-27.2,50.,5.6));
#13235 = SEAM_CURVE('',#13236,(#13240,#13246),.PCURVE_S1.);
#13236 = LINE('',#13237,#13238);
#13237 = CARTESIAN_POINT('',(-26.9,50.,5.3));
#13238 = VECTOR('',#13239,1.);
#13239 = DIRECTION('',(-0.707106781187,0.,0.707106781187));
#13240 = PCURVE('',#12616,#13241);
#13241 = DEFINITIONAL_REPRESENTATION('',(#13242),#13245);
#13242 = B_SPLINE_CURVE_WITH_KNOTS('',1,(#13243,#13244),.UNSPECIFIED.,
  .F.,.F.,(2,2),(0.,0.424264068712),.PIECEWISE_BEZIER_KNOTS.);
#13243 = CARTESIAN_POINT('',(0.,0.));
#13244 = CARTESIAN_POINT('',(0.,-0.3));
#13245 = ( GEOMETRIC_REPRESENTATION_CONTEXT(2) 
PARAMETRIC_REPRESENTATION_CONTEXT() REPRESENTATION_CONTEXT('2D SPACE',''
  ) );
#13246 = PCURVE('',#12616,#13247);
#13247 = DEFINITIONAL_REPRESENTATION('',(#13248),#13251);
#13248 = B_SPLINE_CURVE_WITH_KNOTS('',1,(#13249,#13250),.UNSPECIFIED.,
  .F.,.F.,(2,2),(0.,0.424264068712),.PIECEWISE_BEZIER_KNOTS.);
#13249 = CARTESIAN_POINT('',(-6.28318530718,0.));
#13250 = CARTESIAN_POINT('',(-6.28318530718,-0.3));
#13251 = ( GEOMETRIC_REPRESENTATION_CONTEXT(2) 
PARAMETRIC_REPRESENTATION_CONTEXT() REPRESENTATION_CONTEXT('2D SPACE',''
  ) );
#13252 = ORIENTED_EDGE('',*,*,#12601,.T.);
#13253 = ORIENTED_EDGE('',*,*,#13232,.T.);
#13254 = ORIENTED_EDGE('',*,*,#13255,.F.);
#13255 = EDGE_CURVE('',#13233,#13233,#13256,.T.);
#13256 = SURFACE_CURVE('',#13257,(#13262,#13269),.PCURVE_S1.);
#13257 = CIRCLE('',#13258,1.3);
#13258 = AXIS2_PLACEMENT_3D('',#13259,#13260,#13261);
#13259 = CARTESIAN_POINT('',(-28.5,50.,5.6));
#13260 = DIRECTION('',(0.,0.,1.));
#13261 = DIRECTION('',(1.,0.,-0.));
#13262 = PCURVE('',#12616,#13263);
#13263 = DEFINITIONAL_REPRESENTATION('',(#13264),#13268);
#13264 = LINE('',#13265,#13266);
#13265 = CARTESIAN_POINT('',(-0.,-0.3));
#13266 = VECTOR('',#13267,1.);
#13267 = DIRECTION('',(-1.,-0.));
#13268 = ( GEOMETRIC_REPRESENTATION_CONTEXT(2) 
PARAMETRIC_REPRESENTATION_CONTEXT() REPRESENTATION_CONTEXT('2D SPACE',''
  ) );
#13269 = PCURVE('',#13270,#13275);
#13270 = PLANE('',#13271);
#13271 = AXIS2_PLACEMENT_3D('',#13272,#13273,#13274);
#13272 = CARTESIAN_POINT('',(-28.5,50.,5.6));
#13273 = DIRECTION('',(0.,0.,1.));
#13274 = DIRECTION('',(1.,0.,-0.));
#13275 = DEFINITIONAL_REPRESENTATION('',(#13276),#13280);
#13276 = CIRCLE('',#13277,1.3);
#13277 = AXIS2_PLACEMENT_2D('',#13278,#13279);
#13278 = CARTESIAN_POINT('',(0.,0.));
#13279 = DIRECTION('',(1.,0.));
#13280 = ( GEOMETRIC_REPRESENTATION_CONTEXT(2) 
PARAMETRIC_REPRESENTATION_CONTEXT() REPRESENTATION_CONTEXT('2D SPACE',''
  ) );
#13281 = ADVANCED_FACE('',(#13282),#12687,.T.);
#13282 = FACE_BOUND('',#13283,.T.);
#13283 = EDGE_LOOP('',(#13284));
#13284 = ORIENTED_EDGE('',*,*,#12672,.T.);
#13285 = ADVANCED_FACE('',(#13286),#12740,.T.);
#13286 = FACE_BOUND('',#13287,.T.);
#13287 = EDGE_LOOP('',(#13288));
#13288 = ORIENTED_EDGE('',*,*,#12725,.T.);
#13289 = ADVANCED_FACE('',(#13290),#12793,.T.);
#13290 = FACE_BOUND('',#13291,.T.);
#13291 = EDGE_LOOP('',(#13292));
#13292 = ORIENTED_EDGE('',*,*,#12778,.T.);
#13293 = ADVANCED_FACE('',(#13294),#12846,.T.);
#13294 = FACE_BOUND('',#13295,.T.);
#13295 = EDGE_LOOP('',(#13296));
#13296 = ORIENTED_EDGE('',*,*,#12831,.T.);
#13297 = ADVANCED_FACE('',(#13298),#12899,.T.);
#13298 = FACE_BOUND('',#13299,.T.);
#13299 = EDGE_LOOP('',(#13300));
#13300 = ORIENTED_EDGE('',*,*,#12884,.T.);
#13301 = ADVANCED_FACE('',(#13302),#12952,.T.);
#13302 = FACE_BOUND('',#13303,.T.);
#13303 = EDGE_LOOP('',(#13304));
#13304 = ORIENTED_EDGE('',*,*,#12937,.T.);
#13305 = ADVANCED_FACE('',(#13306),#13005,.T.);
#13306 = FACE_BOUND('',#13307,.T.);
#13307 = EDGE_LOOP('',(#13308));
#13308 = ORIENTED_EDGE('',*,*,#12990,.T.);
#13309 = ADVANCED_FACE('',(#13310),#13058,.T.);
#13310 = FACE_BOUND('',#13311,.T.);
#13311 = EDGE_LOOP('',(#13312));
#13312 = ORIENTED_EDGE('',*,*,#13043,.T.);
#13313 = ADVANCED_FACE('',(#13314),#13111,.T.);
#13314 = FACE_BOUND('',#13315,.T.);
#13315 = EDGE_LOOP('',(#13316));
#13316 = ORIENTED_EDGE('',*,*,#13096,.T.);
#13317 = ADVANCED_FACE('',(#13318),#13164,.T.);
#13318 = FACE_BOUND('',#13319,.T.);
#13319 = EDGE_LOOP('',(#13320));
#13320 = ORIENTED_EDGE('',*,*,#13149,.T.);
#13321 = ADVANCED_FACE('',(#13322),#13217,.T.);
#13322 = FACE_BOUND('',#13323,.T.);
#13323 = EDGE_LOOP('',(#13324));
#13324 = ORIENTED_EDGE('',*,*,#13202,.T.);
#13325 = ADVANCED_FACE('',(#13326),#13270,.T.);
#13326 = FACE_BOUND('',#13327,.T.);
#13327 = EDGE_LOOP('',(#13328));
#13328 = ORIENTED_EDGE('',*,*,#13255,.T.);
#13329 = ( GEOMETRIC_REPRESENTATION_CONTEXT(3) 
GLOBAL_UNCERTAINTY_ASSIGNED_CONTEXT((#13333)) 
GLOBAL_UNIT_ASSIGNED_CONTEXT((#13330,#13331,#13332)) 
REPRESENTATION_CONTEXT('Context #1',
  '3D Context with UNIT and UNCERTAINTY') );
#13330 = ( LENGTH_UNIT() NAMED_UNIT(*) SI_UNIT(.MILLI.,.METRE.) );
#13331 = ( NAMED_UNIT(*) PLANE_ANGLE_UNIT() SI_UNIT($,.RADIAN.) );
#13332 = ( NAMED_UNIT(*) SI_UNIT($,.STERADIAN.) SOLID_ANGLE_UNIT() );
#13333 = UNCERTAINTY_MEASURE_WITH_UNIT(LENGTH_MEASURE(1.E-05),#13330,
  'distance_accuracy_value','confusion accuracy');
#13334 = PRODUCT_RELATED_PRODUCT_CATEGORY('part',$,(#7));
ENDSEC;
END-ISO-10303-21;
