ISO-10303-21;
HEADER;
FILE_DESCRIPTION(('Open CASCADE Model'),'2;1');
FILE_NAME('Open CASCADE Shape Model','2026-09-30T17:04:22',('Author'),(
    'Open CASCADE'),'Open CASCADE STEP processor 8.0','build123d',
  'Unknown');
FILE_SCHEMA(('AUTOMOTIVE_DESIGN { 1 0 10303 214 1 1 1 1 }'));
ENDSEC;
DATA;
#1 = APPLICATION_PROTOCOL_DEFINITION('international standard',
  'automotive_design',2000,#2);
#2 = APPLICATION_CONTEXT(
  'core data for automotive mechanical design processes');
#3 = SHAPE_DEFINITION_REPRESENTATION(#4,#10);
#4 = PRODUCT_DEFINITION_SHAPE('','',#5);
#5 = PRODUCT_DEFINITION('design','',#6,#9);
#6 = PRODUCT_DEFINITION_FORMATION('','',#7);
#7 = PRODUCT('COMPOUND','COMPOUND','',(#8));
#8 = PRODUCT_CONTEXT('',#2,'mechanical');
#9 = PRODUCT_DEFINITION_CONTEXT('part definition',#2,'design');
#10 = ADVANCED_BREP_SHAPE_REPRESENTATION('',(#11,#15),#14247);
#11 = AXIS2_PLACEMENT_3D('',#12,#13,#14);
#12 = CARTESIAN_POINT('',(0.,0.,0.));
#13 = DIRECTION('',(0.,0.,1.));
#14 = DIRECTION('',(1.,0.,-0.));
#15 = MANIFOLD_SOLID_BREP('',#16);
#16 = CLOSED_SHELL('',(#17,#137,#223,#304,#407,#483,#537,#602,#678,#1857
    ,#1888,#2287,#2371,#2449,#2480,#2564,#2642,#2673,#2704,#2753,#2802,
    #2856,#2910,#2968,#3026,#3085,#3144,#3198,#3252,#3306,#3360,#3418,
    #3476,#3535,#3594,#3648,#3702,#3756,#3810,#3864,#3922,#3976,#4035,
    #4093,#4147,#4206,#4260,#4314,#4368,#4422,#4480,#4538,#4597,#4656,
    #4710,#4764,#4796,#4880,#4964,#5024,#5084,#5240,#5396,#5443,#5470,
    #5525,#5580,#5635,#5690,#5717,#5744,#5771,#5798,#5847,#5896,#5951,
    #6006,#6060,#6114,#6168,#6222,#6276,#6330,#6385,#6440,#6494,#6548,
    #6602,#6656,#6710,#6764,#6818,#6873,#6927,#6981,#7036,#7090,#7144,
    #7198,#7252,#7306,#7360,#7415,#7470,#7524,#7578,#7610,#7716,#7992,
    #8017,#8123,#8275,#8300,#8353,#8406,#8459,#8512,#8596,#8680,#8718,
    #8756,#8885,#9014,#9120,#9226,#9333,#9440,#9500,#9560,#9620,#9776,
    #10124,#10230,#10290,#10397,#10491,#10551,#10646,#10706,#10766,
    #10826,#10982,#11076,#11170,#11265,#11360,#11420,#11480,#11598,
    #11650,#11677,#11732,#11787,#11842,#11897,#11949,#11976,#11980,
    #11984,#11988,#11992,#12169,#12194,#12274,#12299,#12356,#12403,
    #12428,#12481,#12528,#12580,#12629,#12676,#12728,#12777,#12822,
    #12829,#12856,#12908,#12961,#13006,#13013,#13090,#13143,#13196,
    #13249,#13302,#13354,#13409,#13464,#13519,#13574,#13606,#13638,
    #13665,#13697,#13746,#13771,#13775,#13779,#13783,#13787,#13819,
    #13872,#13925,#13978,#14031,#14103,#14170,#14197,#14224,#14228,
    #14232,#14236,#14240));
#17 = ADVANCED_FACE('',(#18),#32,.T.);
#18 = FACE_BOUND('',#19,.T.);
#19 = EDGE_LOOP('',(#20,#55,#83,#111));
#20 = ORIENTED_EDGE('',*,*,#21,.T.);
#21 = EDGE_CURVE('',#22,#24,#26,.T.);
#22 = VERTEX_POINT('',#23);
#23 = CARTESIAN_POINT('',(-99.8,-74.8,0.4));
#24 = VERTEX_POINT('',#25);
#25 = CARTESIAN_POINT('',(-99.8,-74.8,3.2));
#26 = SURFACE_CURVE('',#27,(#31,#43),.PCURVE_S1.);
#27 = LINE('',#28,#29);
#28 = CARTESIAN_POINT('',(-99.8,-74.8,0.));
#29 = VECTOR('',#30,1.);
#30 = DIRECTION('',(0.,0.,1.));
#31 = PCURVE('',#32,#37);
#32 = PLANE('',#33);
#33 = AXIS2_PLACEMENT_3D('',#34,#35,#36);
#34 = CARTESIAN_POINT('',(-99.8,-74.8,0.));
#35 = DIRECTION('',(-1.,-0.,0.));
#36 = DIRECTION('',(-0.,1.,0.));
#37 = DEFINITIONAL_REPRESENTATION('',(#38),#42);
#38 = LINE('',#39,#40);
#39 = CARTESIAN_POINT('',(0.,0.));
#40 = VECTOR('',#41,1.);
#41 = DIRECTION('',(0.,-1.));
#42 = ( GEOMETRIC_REPRESENTATION_CONTEXT(2) 
PARAMETRIC_REPRESENTATION_CONTEXT() REPRESENTATION_CONTEXT('2D SPACE',''
  ) );
#43 = PCURVE('',#44,#49);
#44 = PLANE('',#45);
#45 = AXIS2_PLACEMENT_3D('',#46,#47,#48);
#46 = CARTESIAN_POINT('',(-99.8,-74.8,0.));
#47 = DIRECTION('',(-0.,1.,0.));
#48 = DIRECTION('',(1.,0.,-0.));
#49 = DEFINITIONAL_REPRESENTATION('',(#50),#54);
#50 = LINE('',#51,#52);
#51 = CARTESIAN_POINT('',(0.,0.));
#52 = VECTOR('',#53,1.);
#53 = DIRECTION('',(0.,-1.));
#54 = ( GEOMETRIC_REPRESENTATION_CONTEXT(2) 
PARAMETRIC_REPRESENTATION_CONTEXT() REPRESENTATION_CONTEXT('2D SPACE',''
  ) );
#55 = ORIENTED_EDGE('',*,*,#56,.T.);
#56 = EDGE_CURVE('',#24,#57,#59,.T.);
#57 = VERTEX_POINT('',#58);
#58 = CARTESIAN_POINT('',(-99.8,-40.5,3.2));
#59 = SURFACE_CURVE('',#60,(#64,#71),.PCURVE_S1.);
#60 = LINE('',#61,#62);
#61 = CARTESIAN_POINT('',(-99.8,-74.8,3.2));
#62 = VECTOR('',#63,1.);
#63 = DIRECTION('',(-0.,1.,0.));
#64 = PCURVE('',#32,#65);
#65 = DEFINITIONAL_REPRESENTATION('',(#66),#70);
#66 = LINE('',#67,#68);
#67 = CARTESIAN_POINT('',(0.,-3.2));
#68 = VECTOR('',#69,1.);
#69 = DIRECTION('',(1.,0.));
#70 = ( GEOMETRIC_REPRESENTATION_CONTEXT(2) 
PARAMETRIC_REPRESENTATION_CONTEXT() REPRESENTATION_CONTEXT('2D SPACE',''
  ) );
#71 = PCURVE('',#72,#77);
#72 = CYLINDRICAL_SURFACE('',#73,0.8);
#73 = AXIS2_PLACEMENT_3D('',#74,#75,#76);
#74 = CARTESIAN_POINT('',(-99.,-74.8,3.2));
#75 = DIRECTION('',(-0.,1.,0.));
#76 = DIRECTION('',(-1.,-0.,0.));
#77 = DEFINITIONAL_REPRESENTATION('',(#78),#82);
#78 = LINE('',#79,#80);
#79 = CARTESIAN_POINT('',(0.,0.));
#80 = VECTOR('',#81,1.);
#81 = DIRECTION('',(0.,1.));
#82 = ( GEOMETRIC_REPRESENTATION_CONTEXT(2) 
PARAMETRIC_REPRESENTATION_CONTEXT() REPRESENTATION_CONTEXT('2D SPACE',''
  ) );
#83 = ORIENTED_EDGE('',*,*,#84,.F.);
#84 = EDGE_CURVE('',#85,#57,#87,.T.);
#85 = VERTEX_POINT('',#86);
#86 = CARTESIAN_POINT('',(-99.8,-40.5,0.4));
#87 = SURFACE_CURVE('',#88,(#92,#99),.PCURVE_S1.);
#88 = LINE('',#89,#90);
#89 = CARTESIAN_POINT('',(-99.8,-40.5,0.));
#90 = VECTOR('',#91,1.);
#91 = DIRECTION('',(0.,0.,1.));
#92 = PCURVE('',#32,#93);
#93 = DEFINITIONAL_REPRESENTATION('',(#94),#98);
#94 = LINE('',#95,#96);
#95 = CARTESIAN_POINT('',(34.3,0.));
#96 = VECTOR('',#97,1.);
#97 = DIRECTION('',(0.,-1.));
#98 = ( GEOMETRIC_REPRESENTATION_CONTEXT(2) 
PARAMETRIC_REPRESENTATION_CONTEXT() REPRESENTATION_CONTEXT('2D SPACE',''
  ) );
#99 = PCURVE('',#100,#105);
#100 = PLANE('',#101);
#101 = AXIS2_PLACEMENT_3D('',#102,#103,#104);
#102 = CARTESIAN_POINT('',(-99.8,-40.5,0.));
#103 = DIRECTION('',(-0.,1.,0.));
#104 = DIRECTION('',(1.,0.,-0.));
#105 = DEFINITIONAL_REPRESENTATION('',(#106),#110);
#106 = LINE('',#107,#108);
#107 = CARTESIAN_POINT('',(0.,0.));
#108 = VECTOR('',#109,1.);
#109 = DIRECTION('',(0.,-1.));
#110 = ( GEOMETRIC_REPRESENTATION_CONTEXT(2) 
PARAMETRIC_REPRESENTATION_CONTEXT() REPRESENTATION_CONTEXT('2D SPACE',''
  ) );
#111 = ORIENTED_EDGE('',*,*,#112,.F.);
#112 = EDGE_CURVE('',#22,#85,#113,.T.);
#113 = SURFACE_CURVE('',#114,(#118,#125),.PCURVE_S1.);
#114 = LINE('',#115,#116);
#115 = CARTESIAN_POINT('',(-99.8,-74.8,0.4));
#116 = VECTOR('',#117,1.);
#117 = DIRECTION('',(-0.,1.,0.));
#118 = PCURVE('',#32,#119);
#119 = DEFINITIONAL_REPRESENTATION('',(#120),#124);
#120 = LINE('',#121,#122);
#121 = CARTESIAN_POINT('',(0.,-0.4));
#122 = VECTOR('',#123,1.);
#123 = DIRECTION('',(1.,0.));
#124 = ( GEOMETRIC_REPRESENTATION_CONTEXT(2) 
PARAMETRIC_REPRESENTATION_CONTEXT() REPRESENTATION_CONTEXT('2D SPACE',''
  ) );
#125 = PCURVE('',#126,#131);
#126 = PLANE('',#127);
#127 = AXIS2_PLACEMENT_3D('',#128,#129,#130);
#128 = CARTESIAN_POINT('',(-99.6,-74.8,0.2));
#129 = DIRECTION('',(0.707106781187,-2.795980032047E-18,0.707106781187)
  );
#130 = DIRECTION('',(-1.977056440722E-18,-1.,-1.977056440722E-18));
#131 = DEFINITIONAL_REPRESENTATION('',(#132),#136);
#132 = LINE('',#133,#134);
#133 = CARTESIAN_POINT('',(-0.,-0.282842712475));
#134 = VECTOR('',#135,1.);
#135 = DIRECTION('',(-1.,0.));
#136 = ( GEOMETRIC_REPRESENTATION_CONTEXT(2) 
PARAMETRIC_REPRESENTATION_CONTEXT() REPRESENTATION_CONTEXT('2D SPACE',''
  ) );
#137 = ADVANCED_FACE('',(#138),#44,.F.);
#138 = FACE_BOUND('',#139,.F.);
#139 = EDGE_LOOP('',(#140,#141,#169,#197));
#140 = ORIENTED_EDGE('',*,*,#21,.T.);
#141 = ORIENTED_EDGE('',*,*,#142,.T.);
#142 = EDGE_CURVE('',#24,#143,#145,.T.);
#143 = VERTEX_POINT('',#144);
#144 = CARTESIAN_POINT('',(-65.5,-74.8,3.2));
#145 = SURFACE_CURVE('',#146,(#150,#157),.PCURVE_S1.);
#146 = LINE('',#147,#148);
#147 = CARTESIAN_POINT('',(-99.8,-74.8,3.2));
#148 = VECTOR('',#149,1.);
#149 = DIRECTION('',(1.,0.,-0.));
#150 = PCURVE('',#44,#151);
#151 = DEFINITIONAL_REPRESENTATION('',(#152),#156);
#152 = LINE('',#153,#154);
#153 = CARTESIAN_POINT('',(0.,-3.2));
#154 = VECTOR('',#155,1.);
#155 = DIRECTION('',(1.,0.));
#156 = ( GEOMETRIC_REPRESENTATION_CONTEXT(2) 
PARAMETRIC_REPRESENTATION_CONTEXT() REPRESENTATION_CONTEXT('2D SPACE',''
  ) );
#157 = PCURVE('',#158,#163);
#158 = CYLINDRICAL_SURFACE('',#159,0.8);
#159 = AXIS2_PLACEMENT_3D('',#160,#161,#162);
#160 = CARTESIAN_POINT('',(-99.8,-74.,3.2));
#161 = DIRECTION('',(1.,0.,-0.));
#162 = DIRECTION('',(0.,-1.,-0.));
#163 = DEFINITIONAL_REPRESENTATION('',(#164),#168);
#164 = LINE('',#165,#166);
#165 = CARTESIAN_POINT('',(-0.,0.));
#166 = VECTOR('',#167,1.);
#167 = DIRECTION('',(-0.,1.));
#168 = ( GEOMETRIC_REPRESENTATION_CONTEXT(2) 
PARAMETRIC_REPRESENTATION_CONTEXT() REPRESENTATION_CONTEXT('2D SPACE',''
  ) );
#169 = ORIENTED_EDGE('',*,*,#170,.F.);
#170 = EDGE_CURVE('',#171,#143,#173,.T.);
#171 = VERTEX_POINT('',#172);
#172 = CARTESIAN_POINT('',(-65.5,-74.8,0.4));
#173 = SURFACE_CURVE('',#174,(#178,#185),.PCURVE_S1.);
#174 = LINE('',#175,#176);
#175 = CARTESIAN_POINT('',(-65.5,-74.8,0.));
#176 = VECTOR('',#177,1.);
#177 = DIRECTION('',(0.,0.,1.));
#178 = PCURVE('',#44,#179);
#179 = DEFINITIONAL_REPRESENTATION('',(#180),#184);
#180 = LINE('',#181,#182);
#181 = CARTESIAN_POINT('',(34.3,0.));
#182 = VECTOR('',#183,1.);
#183 = DIRECTION('',(0.,-1.));
#184 = ( GEOMETRIC_REPRESENTATION_CONTEXT(2) 
PARAMETRIC_REPRESENTATION_CONTEXT() REPRESENTATION_CONTEXT('2D SPACE',''
  ) );
#185 = PCURVE('',#186,#191);
#186 = PLANE('',#187);
#187 = AXIS2_PLACEMENT_3D('',#188,#189,#190);
#188 = CARTESIAN_POINT('',(-65.5,-74.8,0.));
#189 = DIRECTION('',(-1.,2.22044604925E-16,0.));
#190 = DIRECTION('',(2.22044604925E-16,1.,0.));
#191 = DEFINITIONAL_REPRESENTATION('',(#192),#196);
#192 = LINE('',#193,#194);
#193 = CARTESIAN_POINT('',(0.,0.));
#194 = VECTOR('',#195,1.);
#195 = DIRECTION('',(0.,-1.));
#196 = ( GEOMETRIC_REPRESENTATION_CONTEXT(2) 
PARAMETRIC_REPRESENTATION_CONTEXT() REPRESENTATION_CONTEXT('2D SPACE',''
  ) );
#197 = ORIENTED_EDGE('',*,*,#198,.F.);
#198 = EDGE_CURVE('',#22,#171,#199,.T.);
#199 = SURFACE_CURVE('',#200,(#204,#211),.PCURVE_S1.);
#200 = LINE('',#201,#202);
#201 = CARTESIAN_POINT('',(-99.8,-74.8,0.4));
#202 = VECTOR('',#203,1.);
#203 = DIRECTION('',(1.,0.,-0.));
#204 = PCURVE('',#44,#205);
#205 = DEFINITIONAL_REPRESENTATION('',(#206),#210);
#206 = LINE('',#207,#208);
#207 = CARTESIAN_POINT('',(0.,-0.4));
#208 = VECTOR('',#209,1.);
#209 = DIRECTION('',(1.,0.));
#210 = ( GEOMETRIC_REPRESENTATION_CONTEXT(2) 
PARAMETRIC_REPRESENTATION_CONTEXT() REPRESENTATION_CONTEXT('2D SPACE',''
  ) );
#211 = PCURVE('',#212,#217);
#212 = PLANE('',#213);
#213 = AXIS2_PLACEMENT_3D('',#214,#215,#216);
#214 = CARTESIAN_POINT('',(-99.8,-74.6,0.2));
#215 = DIRECTION('',(3.978141013962E-18,-0.707106781187,-0.707106781187)
  );
#216 = DIRECTION('',(-1.,-2.812970487489E-18,-2.812970487489E-18));
#217 = DEFINITIONAL_REPRESENTATION('',(#218),#222);
#218 = LINE('',#219,#220);
#219 = CARTESIAN_POINT('',(-0.,-0.282842712475));
#220 = VECTOR('',#221,1.);
#221 = DIRECTION('',(-1.,0.));
#222 = ( GEOMETRIC_REPRESENTATION_CONTEXT(2) 
PARAMETRIC_REPRESENTATION_CONTEXT() REPRESENTATION_CONTEXT('2D SPACE',''
  ) );
#223 = ADVANCED_FACE('',(#224),#126,.F.);
#224 = FACE_BOUND('',#225,.T.);
#225 = EDGE_LOOP('',(#226,#249,#250,#278));
#226 = ORIENTED_EDGE('',*,*,#227,.F.);
#227 = EDGE_CURVE('',#22,#228,#230,.T.);
#228 = VERTEX_POINT('',#229);
#229 = CARTESIAN_POINT('',(-99.4,-74.4,1.804112415016E-15));
#230 = SURFACE_CURVE('',#231,(#235,#242),.PCURVE_S1.);
#231 = LINE('',#232,#233);
#232 = CARTESIAN_POINT('',(-99.66666666666,-74.66666666666,
    0.266666666667));
#233 = VECTOR('',#234,1.);
#234 = DIRECTION('',(0.57735026919,0.57735026919,-0.57735026919));
#235 = PCURVE('',#126,#236);
#236 = DEFINITIONAL_REPRESENTATION('',(#237),#241);
#237 = LINE('',#238,#239);
#238 = CARTESIAN_POINT('',(-0.133333333333,-9.42809041582E-02));
#239 = VECTOR('',#240,1.);
#240 = DIRECTION('',(-0.57735026919,0.816496580928));
#241 = ( GEOMETRIC_REPRESENTATION_CONTEXT(2) 
PARAMETRIC_REPRESENTATION_CONTEXT() REPRESENTATION_CONTEXT('2D SPACE',''
  ) );
#242 = PCURVE('',#212,#243);
#243 = DEFINITIONAL_REPRESENTATION('',(#244),#248);
#244 = LINE('',#245,#246);
#245 = CARTESIAN_POINT('',(-0.133333333333,-9.42809041582E-02));
#246 = VECTOR('',#247,1.);
#247 = DIRECTION('',(-0.57735026919,0.816496580928));
#248 = ( GEOMETRIC_REPRESENTATION_CONTEXT(2) 
PARAMETRIC_REPRESENTATION_CONTEXT() REPRESENTATION_CONTEXT('2D SPACE',''
  ) );
#249 = ORIENTED_EDGE('',*,*,#112,.T.);
#250 = ORIENTED_EDGE('',*,*,#251,.T.);
#251 = EDGE_CURVE('',#85,#252,#254,.T.);
#252 = VERTEX_POINT('',#253);
#253 = CARTESIAN_POINT('',(-99.4,-40.9,1.859623566247E-15));
#254 = SURFACE_CURVE('',#255,(#259,#266),.PCURVE_S1.);
#255 = LINE('',#256,#257);
#256 = CARTESIAN_POINT('',(-93.95,-46.35,-5.45));
#257 = VECTOR('',#258,1.);
#258 = DIRECTION('',(0.57735026919,-0.57735026919,-0.57735026919));
#259 = PCURVE('',#126,#260);
#260 = DEFINITIONAL_REPRESENTATION('',(#261),#265);
#261 = LINE('',#262,#263);
#262 = CARTESIAN_POINT('',(-28.45,7.990306627408));
#263 = VECTOR('',#264,1.);
#264 = DIRECTION('',(0.57735026919,0.816496580928));
#265 = ( GEOMETRIC_REPRESENTATION_CONTEXT(2) 
PARAMETRIC_REPRESENTATION_CONTEXT() REPRESENTATION_CONTEXT('2D SPACE',''
  ) );
#266 = PCURVE('',#267,#272);
#267 = PLANE('',#268);
#268 = AXIS2_PLACEMENT_3D('',#269,#270,#271);
#269 = CARTESIAN_POINT('',(-99.8,-40.7,0.2));
#270 = DIRECTION('',(-5.47005954057E-18,-0.707106781187,0.707106781187)
  );
#271 = DIRECTION('',(1.,-3.867916194631E-18,3.867916194631E-18));
#272 = DEFINITIONAL_REPRESENTATION('',(#273),#277);
#273 = LINE('',#274,#275);
#274 = CARTESIAN_POINT('',(5.85,-7.990306627408));
#275 = VECTOR('',#276,1.);
#276 = DIRECTION('',(0.57735026919,-0.816496580928));
#277 = ( GEOMETRIC_REPRESENTATION_CONTEXT(2) 
PARAMETRIC_REPRESENTATION_CONTEXT() REPRESENTATION_CONTEXT('2D SPACE',''
  ) );
#278 = ORIENTED_EDGE('',*,*,#279,.F.);
#279 = EDGE_CURVE('',#228,#252,#280,.T.);
#280 = SURFACE_CURVE('',#281,(#285,#292),.PCURVE_S1.);
#281 = LINE('',#282,#283);
#282 = CARTESIAN_POINT('',(-99.4,-74.8,0.));
#283 = VECTOR('',#284,1.);
#284 = DIRECTION('',(-0.,1.,0.));
#285 = PCURVE('',#126,#286);
#286 = DEFINITIONAL_REPRESENTATION('',(#287),#291);
#287 = LINE('',#288,#289);
#288 = CARTESIAN_POINT('',(-0.,0.282842712475));
#289 = VECTOR('',#290,1.);
#290 = DIRECTION('',(-1.,0.));
#291 = ( GEOMETRIC_REPRESENTATION_CONTEXT(2) 
PARAMETRIC_REPRESENTATION_CONTEXT() REPRESENTATION_CONTEXT('2D SPACE',''
  ) );
#292 = PCURVE('',#293,#298);
#293 = PLANE('',#294);
#294 = AXIS2_PLACEMENT_3D('',#295,#296,#297);
#295 = CARTESIAN_POINT('',(0.,0.,0.));
#296 = DIRECTION('',(0.,0.,1.));
#297 = DIRECTION('',(1.,0.,-0.));
#298 = DEFINITIONAL_REPRESENTATION('',(#299),#303);
#299 = LINE('',#300,#301);
#300 = CARTESIAN_POINT('',(-99.4,-74.8));
#301 = VECTOR('',#302,1.);
#302 = DIRECTION('',(0.,1.));
#303 = ( GEOMETRIC_REPRESENTATION_CONTEXT(2) 
PARAMETRIC_REPRESENTATION_CONTEXT() REPRESENTATION_CONTEXT('2D SPACE',''
  ) );
#304 = ADVANCED_FACE('',(#305),#72,.T.);
#305 = FACE_BOUND('',#306,.T.);
#306 = EDGE_LOOP('',(#307,#341,#369,#406));
#307 = ORIENTED_EDGE('',*,*,#308,.T.);
#308 = EDGE_CURVE('',#24,#309,#311,.T.);
#309 = VERTEX_POINT('',#310);
#310 = CARTESIAN_POINT('',(-99.,-74.,4.));
#311 = SURFACE_CURVE('',#312,(#317,#329),.PCURVE_S1.);
#312 = ELLIPSE('',#313,1.131370849898,0.8);
#313 = AXIS2_PLACEMENT_3D('',#314,#315,#316);
#314 = CARTESIAN_POINT('',(-99.,-74.,3.2));
#315 = DIRECTION('',(-0.707106781187,0.707106781187,0.));
#316 = DIRECTION('',(0.707106781187,0.707106781187,0.));
#317 = PCURVE('',#72,#318);
#318 = DEFINITIONAL_REPRESENTATION('',(#319),#328);
#319 = B_SPLINE_CURVE_WITH_KNOTS('',7,(#320,#321,#322,#323,#324,#325,
    #326,#327),.UNSPECIFIED.,.F.,.F.,(8,8),(3.14159265359,4.712388505414
    ),.PIECEWISE_BEZIER_KNOTS.);
#320 = CARTESIAN_POINT('',(0.,0.));
#321 = CARTESIAN_POINT('',(0.224399407403,-2.198480128057E-17));
#322 = CARTESIAN_POINT('',(0.448798814807,4.699890966387E-02));
#323 = CARTESIAN_POINT('',(0.673198222211,0.140989911043));
#324 = CARTESIAN_POINT('',(0.897597629613,0.276202375833));
#325 = CARTESIAN_POINT('',(1.121997037017,0.440961319454));
#326 = CARTESIAN_POINT('',(1.346396444421,0.620480094101));
#327 = CARTESIAN_POINT('',(1.570795851824,0.799999620023));
#328 = ( GEOMETRIC_REPRESENTATION_CONTEXT(2) 
PARAMETRIC_REPRESENTATION_CONTEXT() REPRESENTATION_CONTEXT('2D SPACE',''
  ) );
#329 = PCURVE('',#158,#330);
#330 = DEFINITIONAL_REPRESENTATION('',(#331),#340);
#331 = B_SPLINE_CURVE_WITH_KNOTS('',7,(#332,#333,#334,#335,#336,#337,
    #338,#339),.UNSPECIFIED.,.F.,.F.,(8,8),(3.14159265359,4.712388505414
    ),.PIECEWISE_BEZIER_KNOTS.);
#332 = CARTESIAN_POINT('',(0.,0.));
#333 = CARTESIAN_POINT('',(-0.224399407403,-2.198480128057E-17));
#334 = CARTESIAN_POINT('',(-0.448798814807,4.699890966387E-02));
#335 = CARTESIAN_POINT('',(-0.673198222211,0.140989911043));
#336 = CARTESIAN_POINT('',(-0.897597629613,0.276202375833));
#337 = CARTESIAN_POINT('',(-1.121997037017,0.440961319454));
#338 = CARTESIAN_POINT('',(-1.346396444421,0.620480094101));
#339 = CARTESIAN_POINT('',(-1.570795851824,0.799999620023));
#340 = ( GEOMETRIC_REPRESENTATION_CONTEXT(2) 
PARAMETRIC_REPRESENTATION_CONTEXT() REPRESENTATION_CONTEXT('2D SPACE',''
  ) );
#341 = ORIENTED_EDGE('',*,*,#342,.T.);
#342 = EDGE_CURVE('',#309,#343,#345,.T.);
#343 = VERTEX_POINT('',#344);
#344 = CARTESIAN_POINT('',(-99.,-41.3,4.));
#345 = SURFACE_CURVE('',#346,(#350,#357),.PCURVE_S1.);
#346 = LINE('',#347,#348);
#347 = CARTESIAN_POINT('',(-99.,-74.8,4.));
#348 = VECTOR('',#349,1.);
#349 = DIRECTION('',(-0.,1.,0.));
#350 = PCURVE('',#72,#351);
#351 = DEFINITIONAL_REPRESENTATION('',(#352),#356);
#352 = LINE('',#353,#354);
#353 = CARTESIAN_POINT('',(1.570796326795,0.));
#354 = VECTOR('',#355,1.);
#355 = DIRECTION('',(0.,1.));
#356 = ( GEOMETRIC_REPRESENTATION_CONTEXT(2) 
PARAMETRIC_REPRESENTATION_CONTEXT() REPRESENTATION_CONTEXT('2D SPACE',''
  ) );
#357 = PCURVE('',#358,#363);
#358 = PLANE('',#359);
#359 = AXIS2_PLACEMENT_3D('',#360,#361,#362);
#360 = CARTESIAN_POINT('',(0.,0.,4.));
#361 = DIRECTION('',(0.,0.,1.));
#362 = DIRECTION('',(1.,0.,-0.));
#363 = DEFINITIONAL_REPRESENTATION('',(#364),#368);
#364 = LINE('',#365,#366);
#365 = CARTESIAN_POINT('',(-99.,-74.8));
#366 = VECTOR('',#367,1.);
#367 = DIRECTION('',(0.,1.));
#368 = ( GEOMETRIC_REPRESENTATION_CONTEXT(2) 
PARAMETRIC_REPRESENTATION_CONTEXT() REPRESENTATION_CONTEXT('2D SPACE',''
  ) );
#369 = ORIENTED_EDGE('',*,*,#370,.F.);
#370 = EDGE_CURVE('',#57,#343,#371,.T.);
#371 = SURFACE_CURVE('',#372,(#377,#389),.PCURVE_S1.);
#372 = ELLIPSE('',#373,1.131370849898,0.8);
#373 = AXIS2_PLACEMENT_3D('',#374,#375,#376);
#374 = CARTESIAN_POINT('',(-99.,-41.3,3.2));
#375 = DIRECTION('',(0.707106781187,0.707106781187,0.));
#376 = DIRECTION('',(-0.707106781187,0.707106781187,0.));
#377 = PCURVE('',#72,#378);
#378 = DEFINITIONAL_REPRESENTATION('',(#379),#388);
#379 = B_SPLINE_CURVE_WITH_KNOTS('',7,(#380,#381,#382,#383,#384,#385,
    #386,#387),.UNSPECIFIED.,.F.,.F.,(8,8),(0.,1.570796326795),
  .PIECEWISE_BEZIER_KNOTS.);
#380 = CARTESIAN_POINT('',(0.,34.3));
#381 = CARTESIAN_POINT('',(0.224399475256,34.3));
#382 = CARTESIAN_POINT('',(0.448798950513,34.253001061911));
#383 = CARTESIAN_POINT('',(0.673198425769,34.15901000371));
#384 = CARTESIAN_POINT('',(0.897597901026,34.023797460616));
#385 = CARTESIAN_POINT('',(1.121997376282,33.859038431457));
#386 = CARTESIAN_POINT('',(1.346396851538,33.679519580205));
#387 = CARTESIAN_POINT('',(1.570796326795,33.5));
#388 = ( GEOMETRIC_REPRESENTATION_CONTEXT(2) 
PARAMETRIC_REPRESENTATION_CONTEXT() REPRESENTATION_CONTEXT('2D SPACE',''
  ) );
#389 = PCURVE('',#390,#395);
#390 = CYLINDRICAL_SURFACE('',#391,0.8);
#391 = AXIS2_PLACEMENT_3D('',#392,#393,#394);
#392 = CARTESIAN_POINT('',(-99.8,-41.3,3.2));
#393 = DIRECTION('',(1.,0.,-0.));
#394 = DIRECTION('',(0.,1.,0.));
#395 = DEFINITIONAL_REPRESENTATION('',(#396),#405);
#396 = B_SPLINE_CURVE_WITH_KNOTS('',7,(#397,#398,#399,#400,#401,#402,
    #403,#404),.UNSPECIFIED.,.F.,.F.,(8,8),(0.,1.570796326795),
  .PIECEWISE_BEZIER_KNOTS.);
#397 = CARTESIAN_POINT('',(0.,0.));
#398 = CARTESIAN_POINT('',(0.224399475256,0.));
#399 = CARTESIAN_POINT('',(0.448798950513,4.699893808794E-02));
#400 = CARTESIAN_POINT('',(0.673198425769,0.1409899963));
#401 = CARTESIAN_POINT('',(0.897597901026,0.276202539381));
#402 = CARTESIAN_POINT('',(1.121997376282,0.440961568545));
#403 = CARTESIAN_POINT('',(1.346396851538,0.620480419795));
#404 = CARTESIAN_POINT('',(1.570796326795,0.8));
#405 = ( GEOMETRIC_REPRESENTATION_CONTEXT(2) 
PARAMETRIC_REPRESENTATION_CONTEXT() REPRESENTATION_CONTEXT('2D SPACE',''
  ) );
#406 = ORIENTED_EDGE('',*,*,#56,.F.);
#407 = ADVANCED_FACE('',(#408),#100,.T.);
#408 = FACE_BOUND('',#409,.T.);
#409 = EDGE_LOOP('',(#410,#411,#434,#462));
#410 = ORIENTED_EDGE('',*,*,#84,.T.);
#411 = ORIENTED_EDGE('',*,*,#412,.T.);
#412 = EDGE_CURVE('',#57,#413,#415,.T.);
#413 = VERTEX_POINT('',#414);
#414 = CARTESIAN_POINT('',(-98.61130814466,-40.5,3.2));
#415 = SURFACE_CURVE('',#416,(#420,#427),.PCURVE_S1.);
#416 = LINE('',#417,#418);
#417 = CARTESIAN_POINT('',(-99.8,-40.5,3.2));
#418 = VECTOR('',#419,1.);
#419 = DIRECTION('',(1.,0.,-0.));
#420 = PCURVE('',#100,#421);
#421 = DEFINITIONAL_REPRESENTATION('',(#422),#426);
#422 = LINE('',#423,#424);
#423 = CARTESIAN_POINT('',(0.,-3.2));
#424 = VECTOR('',#425,1.);
#425 = DIRECTION('',(1.,0.));
#426 = ( GEOMETRIC_REPRESENTATION_CONTEXT(2) 
PARAMETRIC_REPRESENTATION_CONTEXT() REPRESENTATION_CONTEXT('2D SPACE',''
  ) );
#427 = PCURVE('',#390,#428);
#428 = DEFINITIONAL_REPRESENTATION('',(#429),#433);
#429 = LINE('',#430,#431);
#430 = CARTESIAN_POINT('',(0.,0.));
#431 = VECTOR('',#432,1.);
#432 = DIRECTION('',(0.,1.));
#433 = ( GEOMETRIC_REPRESENTATION_CONTEXT(2) 
PARAMETRIC_REPRESENTATION_CONTEXT() REPRESENTATION_CONTEXT('2D SPACE',''
  ) );
#434 = ORIENTED_EDGE('',*,*,#435,.F.);
#435 = EDGE_CURVE('',#436,#413,#438,.T.);
#436 = VERTEX_POINT('',#437);
#437 = CARTESIAN_POINT('',(-98.61130814466,-40.5,0.4));
#438 = SURFACE_CURVE('',#439,(#443,#450),.PCURVE_S1.);
#439 = LINE('',#440,#441);
#440 = CARTESIAN_POINT('',(-98.61130814466,-40.5,0.));
#441 = VECTOR('',#442,1.);
#442 = DIRECTION('',(0.,0.,1.));
#443 = PCURVE('',#100,#444);
#444 = DEFINITIONAL_REPRESENTATION('',(#445),#449);
#445 = LINE('',#446,#447);
#446 = CARTESIAN_POINT('',(1.188691855334,0.));
#447 = VECTOR('',#448,1.);
#448 = DIRECTION('',(0.,-1.));
#449 = ( GEOMETRIC_REPRESENTATION_CONTEXT(2) 
PARAMETRIC_REPRESENTATION_CONTEXT() REPRESENTATION_CONTEXT('2D SPACE',''
  ) );
#450 = PCURVE('',#451,#456);
#451 = CYLINDRICAL_SURFACE('',#452,4.75);
#452 = AXIS2_PLACEMENT_3D('',#453,#454,#455);
#453 = CARTESIAN_POINT('',(-95.4,-37.,0.));
#454 = DIRECTION('',(-0.,-0.,-1.));
#455 = DIRECTION('',(-0.676064872561,-0.736842105263,0.));
#456 = DEFINITIONAL_REPRESENTATION('',(#457),#461);
#457 = LINE('',#458,#459);
#458 = CARTESIAN_POINT('',(-0.,0.));
#459 = VECTOR('',#460,1.);
#460 = DIRECTION('',(-0.,-1.));
#461 = ( GEOMETRIC_REPRESENTATION_CONTEXT(2) 
PARAMETRIC_REPRESENTATION_CONTEXT() REPRESENTATION_CONTEXT('2D SPACE',''
  ) );
#462 = ORIENTED_EDGE('',*,*,#463,.F.);
#463 = EDGE_CURVE('',#85,#436,#464,.T.);
#464 = SURFACE_CURVE('',#465,(#469,#476),.PCURVE_S1.);
#465 = LINE('',#466,#467);
#466 = CARTESIAN_POINT('',(-99.8,-40.5,0.4));
#467 = VECTOR('',#468,1.);
#468 = DIRECTION('',(1.,0.,-0.));
#469 = PCURVE('',#100,#470);
#470 = DEFINITIONAL_REPRESENTATION('',(#471),#475);
#471 = LINE('',#472,#473);
#472 = CARTESIAN_POINT('',(0.,-0.4));
#473 = VECTOR('',#474,1.);
#474 = DIRECTION('',(1.,0.));
#475 = ( GEOMETRIC_REPRESENTATION_CONTEXT(2) 
PARAMETRIC_REPRESENTATION_CONTEXT() REPRESENTATION_CONTEXT('2D SPACE',''
  ) );
#476 = PCURVE('',#267,#477);
#477 = DEFINITIONAL_REPRESENTATION('',(#478),#482);
#478 = LINE('',#479,#480);
#479 = CARTESIAN_POINT('',(0.,0.282842712475));
#480 = VECTOR('',#481,1.);
#481 = DIRECTION('',(1.,0.));
#482 = ( GEOMETRIC_REPRESENTATION_CONTEXT(2) 
PARAMETRIC_REPRESENTATION_CONTEXT() REPRESENTATION_CONTEXT('2D SPACE',''
  ) );
#483 = ADVANCED_FACE('',(#484),#212,.T.);
#484 = FACE_BOUND('',#485,.F.);
#485 = EDGE_LOOP('',(#486,#487,#488,#516));
#486 = ORIENTED_EDGE('',*,*,#227,.F.);
#487 = ORIENTED_EDGE('',*,*,#198,.T.);
#488 = ORIENTED_EDGE('',*,*,#489,.T.);
#489 = EDGE_CURVE('',#171,#490,#492,.T.);
#490 = VERTEX_POINT('',#491);
#491 = CARTESIAN_POINT('',(-65.9,-74.4,-3.136380044566E-15));
#492 = SURFACE_CURVE('',#493,(#497,#504),.PCURVE_S1.);
#493 = LINE('',#494,#495);
#494 = CARTESIAN_POINT('',(-71.35,-68.95,-5.45));
#495 = VECTOR('',#496,1.);
#496 = DIRECTION('',(-0.57735026919,0.57735026919,-0.57735026919));
#497 = PCURVE('',#212,#498);
#498 = DEFINITIONAL_REPRESENTATION('',(#499),#503);
#499 = LINE('',#500,#501);
#500 = CARTESIAN_POINT('',(-28.45,7.990306627408));
#501 = VECTOR('',#502,1.);
#502 = DIRECTION('',(0.57735026919,0.816496580928));
#503 = ( GEOMETRIC_REPRESENTATION_CONTEXT(2) 
PARAMETRIC_REPRESENTATION_CONTEXT() REPRESENTATION_CONTEXT('2D SPACE',''
  ) );
#504 = PCURVE('',#505,#510);
#505 = PLANE('',#506);
#506 = AXIS2_PLACEMENT_3D('',#507,#508,#509);
#507 = CARTESIAN_POINT('',(-65.7,-74.8,0.2));
#508 = DIRECTION('',(0.707106781187,2.795980032047E-18,-0.707106781187)
  );
#509 = DIRECTION('',(1.090452460218E-16,1.,1.129993589032E-16));
#510 = DEFINITIONAL_REPRESENTATION('',(#511),#515);
#511 = LINE('',#512,#513);
#512 = CARTESIAN_POINT('',(5.85,-7.990306627408));
#513 = VECTOR('',#514,1.);
#514 = DIRECTION('',(0.57735026919,-0.816496580928));
#515 = ( GEOMETRIC_REPRESENTATION_CONTEXT(2) 
PARAMETRIC_REPRESENTATION_CONTEXT() REPRESENTATION_CONTEXT('2D SPACE',''
  ) );
#516 = ORIENTED_EDGE('',*,*,#517,.F.);
#517 = EDGE_CURVE('',#228,#490,#518,.T.);
#518 = SURFACE_CURVE('',#519,(#523,#530),.PCURVE_S1.);
#519 = LINE('',#520,#521);
#520 = CARTESIAN_POINT('',(-99.8,-74.4,0.));
#521 = VECTOR('',#522,1.);
#522 = DIRECTION('',(1.,0.,-0.));
#523 = PCURVE('',#212,#524);
#524 = DEFINITIONAL_REPRESENTATION('',(#525),#529);
#525 = LINE('',#526,#527);
#526 = CARTESIAN_POINT('',(-0.,0.282842712475));
#527 = VECTOR('',#528,1.);
#528 = DIRECTION('',(-1.,0.));
#529 = ( GEOMETRIC_REPRESENTATION_CONTEXT(2) 
PARAMETRIC_REPRESENTATION_CONTEXT() REPRESENTATION_CONTEXT('2D SPACE',''
  ) );
#530 = PCURVE('',#293,#531);
#531 = DEFINITIONAL_REPRESENTATION('',(#532),#536);
#532 = LINE('',#533,#534);
#533 = CARTESIAN_POINT('',(-99.8,-74.4));
#534 = VECTOR('',#535,1.);
#535 = DIRECTION('',(1.,0.));
#536 = ( GEOMETRIC_REPRESENTATION_CONTEXT(2) 
PARAMETRIC_REPRESENTATION_CONTEXT() REPRESENTATION_CONTEXT('2D SPACE',''
  ) );
#537 = ADVANCED_FACE('',(#538),#158,.T.);
#538 = FACE_BOUND('',#539,.F.);
#539 = EDGE_LOOP('',(#540,#541,#564,#601));
#540 = ORIENTED_EDGE('',*,*,#308,.T.);
#541 = ORIENTED_EDGE('',*,*,#542,.T.);
#542 = EDGE_CURVE('',#309,#543,#545,.T.);
#543 = VERTEX_POINT('',#544);
#544 = CARTESIAN_POINT('',(-66.3,-74.,4.));
#545 = SURFACE_CURVE('',#546,(#550,#557),.PCURVE_S1.);
#546 = LINE('',#547,#548);
#547 = CARTESIAN_POINT('',(-99.8,-74.,4.));
#548 = VECTOR('',#549,1.);
#549 = DIRECTION('',(1.,0.,-0.));
#550 = PCURVE('',#158,#551);
#551 = DEFINITIONAL_REPRESENTATION('',(#552),#556);
#552 = LINE('',#553,#554);
#553 = CARTESIAN_POINT('',(-1.570796326795,0.));
#554 = VECTOR('',#555,1.);
#555 = DIRECTION('',(-0.,1.));
#556 = ( GEOMETRIC_REPRESENTATION_CONTEXT(2) 
PARAMETRIC_REPRESENTATION_CONTEXT() REPRESENTATION_CONTEXT('2D SPACE',''
  ) );
#557 = PCURVE('',#358,#558);
#558 = DEFINITIONAL_REPRESENTATION('',(#559),#563);
#559 = LINE('',#560,#561);
#560 = CARTESIAN_POINT('',(-99.8,-74.));
#561 = VECTOR('',#562,1.);
#562 = DIRECTION('',(1.,0.));
#563 = ( GEOMETRIC_REPRESENTATION_CONTEXT(2) 
PARAMETRIC_REPRESENTATION_CONTEXT() REPRESENTATION_CONTEXT('2D SPACE',''
  ) );
#564 = ORIENTED_EDGE('',*,*,#565,.F.);
#565 = EDGE_CURVE('',#143,#543,#566,.T.);
#566 = SURFACE_CURVE('',#567,(#572,#584),.PCURVE_S1.);
#567 = ELLIPSE('',#568,1.131370849898,0.8);
#568 = AXIS2_PLACEMENT_3D('',#569,#570,#571);
#569 = CARTESIAN_POINT('',(-66.3,-74.,3.2));
#570 = DIRECTION('',(-0.707106781187,-0.707106781187,0.));
#571 = DIRECTION('',(0.707106781187,-0.707106781187,0.));
#572 = PCURVE('',#158,#573);
#573 = DEFINITIONAL_REPRESENTATION('',(#574),#583);
#574 = B_SPLINE_CURVE_WITH_KNOTS('',7,(#575,#576,#577,#578,#579,#580,
    #581,#582),.UNSPECIFIED.,.F.,.F.,(8,8),(0.,1.570796801766),
  .PIECEWISE_BEZIER_KNOTS.);
#575 = CARTESIAN_POINT('',(0.,34.3));
#576 = CARTESIAN_POINT('',(-0.224399543109,34.3));
#577 = CARTESIAN_POINT('',(-0.448799086219,34.253001033493));
#578 = CARTESIAN_POINT('',(-0.673198629328,34.159009918434));
#579 = CARTESIAN_POINT('',(-0.897598172437,34.023797297086));
#580 = CARTESIAN_POINT('',(-1.121997715547,33.859038182362));
#581 = CARTESIAN_POINT('',(-1.346397258656,33.679519254511));
#582 = CARTESIAN_POINT('',(-1.570796801766,33.499999620023));
#583 = ( GEOMETRIC_REPRESENTATION_CONTEXT(2) 
PARAMETRIC_REPRESENTATION_CONTEXT() REPRESENTATION_CONTEXT('2D SPACE',''
  ) );
#584 = PCURVE('',#585,#590);
#585 = CYLINDRICAL_SURFACE('',#586,0.8);
#586 = AXIS2_PLACEMENT_3D('',#587,#588,#589);
#587 = CARTESIAN_POINT('',(-66.3,-74.8,3.2));
#588 = DIRECTION('',(2.22044604925E-16,1.,0.));
#589 = DIRECTION('',(1.,-2.22044604925E-16,-0.));
#590 = DEFINITIONAL_REPRESENTATION('',(#591),#600);
#591 = B_SPLINE_CURVE_WITH_KNOTS('',7,(#592,#593,#594,#595,#596,#597,
    #598,#599),.UNSPECIFIED.,.F.,.F.,(8,8),(0.,1.570796801766),
  .PIECEWISE_BEZIER_KNOTS.);
#592 = CARTESIAN_POINT('',(0.,0.));
#593 = CARTESIAN_POINT('',(-0.224399543109,4.396962915185E-17));
#594 = CARTESIAN_POINT('',(-0.448799086219,4.699896651192E-02));
#595 = CARTESIAN_POINT('',(-0.673198629328,0.140990081557));
#596 = CARTESIAN_POINT('',(-0.897598172437,0.276202702928));
#597 = CARTESIAN_POINT('',(-1.121997715547,0.440961817636));
#598 = CARTESIAN_POINT('',(-1.346397258656,0.620480745489));
#599 = CARTESIAN_POINT('',(-1.570796801766,0.800000379977));
#600 = ( GEOMETRIC_REPRESENTATION_CONTEXT(2) 
PARAMETRIC_REPRESENTATION_CONTEXT() REPRESENTATION_CONTEXT('2D SPACE',''
  ) );
#601 = ORIENTED_EDGE('',*,*,#142,.F.);
#602 = ADVANCED_FACE('',(#603),#186,.F.);
#603 = FACE_BOUND('',#604,.F.);
#604 = EDGE_LOOP('',(#605,#606,#629,#657));
#605 = ORIENTED_EDGE('',*,*,#170,.T.);
#606 = ORIENTED_EDGE('',*,*,#607,.T.);
#607 = EDGE_CURVE('',#143,#608,#610,.T.);
#608 = VERTEX_POINT('',#609);
#609 = CARTESIAN_POINT('',(-65.5,-73.61130814466,3.2));
#610 = SURFACE_CURVE('',#611,(#615,#622),.PCURVE_S1.);
#611 = LINE('',#612,#613);
#612 = CARTESIAN_POINT('',(-65.5,-74.8,3.2));
#613 = VECTOR('',#614,1.);
#614 = DIRECTION('',(2.22044604925E-16,1.,0.));
#615 = PCURVE('',#186,#616);
#616 = DEFINITIONAL_REPRESENTATION('',(#617),#621);
#617 = LINE('',#618,#619);
#618 = CARTESIAN_POINT('',(0.,-3.2));
#619 = VECTOR('',#620,1.);
#620 = DIRECTION('',(1.,0.));
#621 = ( GEOMETRIC_REPRESENTATION_CONTEXT(2) 
PARAMETRIC_REPRESENTATION_CONTEXT() REPRESENTATION_CONTEXT('2D SPACE',''
  ) );
#622 = PCURVE('',#585,#623);
#623 = DEFINITIONAL_REPRESENTATION('',(#624),#628);
#624 = LINE('',#625,#626);
#625 = CARTESIAN_POINT('',(-0.,0.));
#626 = VECTOR('',#627,1.);
#627 = DIRECTION('',(-0.,1.));
#628 = ( GEOMETRIC_REPRESENTATION_CONTEXT(2) 
PARAMETRIC_REPRESENTATION_CONTEXT() REPRESENTATION_CONTEXT('2D SPACE',''
  ) );
#629 = ORIENTED_EDGE('',*,*,#630,.F.);
#630 = EDGE_CURVE('',#631,#608,#633,.T.);
#631 = VERTEX_POINT('',#632);
#632 = CARTESIAN_POINT('',(-65.5,-73.61130814466,0.4));
#633 = SURFACE_CURVE('',#634,(#638,#645),.PCURVE_S1.);
#634 = LINE('',#635,#636);
#635 = CARTESIAN_POINT('',(-65.5,-73.61130814466,0.));
#636 = VECTOR('',#637,1.);
#637 = DIRECTION('',(0.,0.,1.));
#638 = PCURVE('',#186,#639);
#639 = DEFINITIONAL_REPRESENTATION('',(#640),#644);
#640 = LINE('',#641,#642);
#641 = CARTESIAN_POINT('',(1.188691855334,0.));
#642 = VECTOR('',#643,1.);
#643 = DIRECTION('',(0.,-1.));
#644 = ( GEOMETRIC_REPRESENTATION_CONTEXT(2) 
PARAMETRIC_REPRESENTATION_CONTEXT() REPRESENTATION_CONTEXT('2D SPACE',''
  ) );
#645 = PCURVE('',#646,#651);
#646 = CYLINDRICAL_SURFACE('',#647,4.75);
#647 = AXIS2_PLACEMENT_3D('',#648,#649,#650);
#648 = CARTESIAN_POINT('',(-62.,-70.4,0.));
#649 = DIRECTION('',(0.,-0.,-1.));
#650 = DIRECTION('',(0.736842105263,-0.676064872561,0.));
#651 = DEFINITIONAL_REPRESENTATION('',(#652),#656);
#652 = LINE('',#653,#654);
#653 = CARTESIAN_POINT('',(-4.62641051363,0.));
#654 = VECTOR('',#655,1.);
#655 = DIRECTION('',(-0.,-1.));
#656 = ( GEOMETRIC_REPRESENTATION_CONTEXT(2) 
PARAMETRIC_REPRESENTATION_CONTEXT() REPRESENTATION_CONTEXT('2D SPACE',''
  ) );
#657 = ORIENTED_EDGE('',*,*,#658,.F.);
#658 = EDGE_CURVE('',#171,#631,#659,.T.);
#659 = SURFACE_CURVE('',#660,(#664,#671),.PCURVE_S1.);
#660 = LINE('',#661,#662);
#661 = CARTESIAN_POINT('',(-65.5,-74.8,0.4));
#662 = VECTOR('',#663,1.);
#663 = DIRECTION('',(2.22044604925E-16,1.,0.));
#664 = PCURVE('',#186,#665);
#665 = DEFINITIONAL_REPRESENTATION('',(#666),#670);
#666 = LINE('',#667,#668);
#667 = CARTESIAN_POINT('',(0.,-0.4));
#668 = VECTOR('',#669,1.);
#669 = DIRECTION('',(1.,0.));
#670 = ( GEOMETRIC_REPRESENTATION_CONTEXT(2) 
PARAMETRIC_REPRESENTATION_CONTEXT() REPRESENTATION_CONTEXT('2D SPACE',''
  ) );
#671 = PCURVE('',#505,#672);
#672 = DEFINITIONAL_REPRESENTATION('',(#673),#677);
#673 = LINE('',#674,#675);
#674 = CARTESIAN_POINT('',(0.,0.282842712475));
#675 = VECTOR('',#676,1.);
#676 = DIRECTION('',(1.,0.));
#677 = ( GEOMETRIC_REPRESENTATION_CONTEXT(2) 
PARAMETRIC_REPRESENTATION_CONTEXT() REPRESENTATION_CONTEXT('2D SPACE',''
  ) );
#678 = ADVANCED_FACE('',(#679),#293,.F.);
#679 = FACE_BOUND('',#680,.F.);
#680 = EDGE_LOOP('',(#681,#682,#683,#706,#735,#763,#791,#819,#848,#876,
    #904,#932,#961,#989,#1017,#1045,#1074,#1102,#1130,#1158,#1186,#1215,
    #1243,#1271,#1299,#1328,#1356,#1384,#1412,#1441,#1469,#1497,#1525,
    #1553,#1581,#1610,#1638,#1666,#1694,#1723,#1751,#1779,#1807,#1836));
#681 = ORIENTED_EDGE('',*,*,#279,.F.);
#682 = ORIENTED_EDGE('',*,*,#517,.T.);
#683 = ORIENTED_EDGE('',*,*,#684,.T.);
#684 = EDGE_CURVE('',#490,#685,#687,.T.);
#685 = VERTEX_POINT('',#686);
#686 = CARTESIAN_POINT('',(-65.9,-73.76340601176,-3.10862446895E-15));
#687 = SURFACE_CURVE('',#688,(#692,#699),.PCURVE_S1.);
#688 = LINE('',#689,#690);
#689 = CARTESIAN_POINT('',(-65.9,-74.8,0.));
#690 = VECTOR('',#691,1.);
#691 = DIRECTION('',(2.22044604925E-16,1.,0.));
#692 = PCURVE('',#293,#693);
#693 = DEFINITIONAL_REPRESENTATION('',(#694),#698);
#694 = LINE('',#695,#696);
#695 = CARTESIAN_POINT('',(-65.9,-74.8));
#696 = VECTOR('',#697,1.);
#697 = DIRECTION('',(2.22044604925E-16,1.));
#698 = ( GEOMETRIC_REPRESENTATION_CONTEXT(2) 
PARAMETRIC_REPRESENTATION_CONTEXT() REPRESENTATION_CONTEXT('2D SPACE',''
  ) );
#699 = PCURVE('',#505,#700);
#700 = DEFINITIONAL_REPRESENTATION('',(#701),#705);
#701 = LINE('',#702,#703);
#702 = CARTESIAN_POINT('',(0.,-0.282842712475));
#703 = VECTOR('',#704,1.);
#704 = DIRECTION('',(1.,0.));
#705 = ( GEOMETRIC_REPRESENTATION_CONTEXT(2) 
PARAMETRIC_REPRESENTATION_CONTEXT() REPRESENTATION_CONTEXT('2D SPACE',''
  ) );
#706 = ORIENTED_EDGE('',*,*,#707,.F.);
#707 = EDGE_CURVE('',#708,#685,#710,.T.);
#708 = VERTEX_POINT('',#709);
#709 = CARTESIAN_POINT('',(-58.1,-73.76340601176,-7.771561172376E-16));
#710 = SURFACE_CURVE('',#711,(#716,#723),.PCURVE_S1.);
#711 = CIRCLE('',#712,5.15);
#712 = AXIS2_PLACEMENT_3D('',#713,#714,#715);
#713 = CARTESIAN_POINT('',(-62.,-70.4,0.));
#714 = DIRECTION('',(0.,0.,1.));
#715 = DIRECTION('',(0.736842105263,-0.676064872561,0.));
#716 = PCURVE('',#293,#717);
#717 = DEFINITIONAL_REPRESENTATION('',(#718),#722);
#718 = CIRCLE('',#719,5.15);
#719 = AXIS2_PLACEMENT_2D('',#720,#721);
#720 = CARTESIAN_POINT('',(-62.,-70.4));
#721 = DIRECTION('',(0.736842105263,-0.676064872561));
#722 = ( GEOMETRIC_REPRESENTATION_CONTEXT(2) 
PARAMETRIC_REPRESENTATION_CONTEXT() REPRESENTATION_CONTEXT('2D SPACE',''
  ) );
#723 = PCURVE('',#724,#729);
#724 = CONICAL_SURFACE('',#725,4.75,0.785398163397);
#725 = AXIS2_PLACEMENT_3D('',#726,#727,#728);
#726 = CARTESIAN_POINT('',(-62.,-70.4,0.4));
#727 = DIRECTION('',(-0.,-0.,-1.));
#728 = DIRECTION('',(0.736842105263,-0.676064872561,0.));
#729 = DEFINITIONAL_REPRESENTATION('',(#730),#734);
#730 = LINE('',#731,#732);
#731 = CARTESIAN_POINT('',(0.,0.4));
#732 = VECTOR('',#733,1.);
#733 = DIRECTION('',(-1.,-0.));
#734 = ( GEOMETRIC_REPRESENTATION_CONTEXT(2) 
PARAMETRIC_REPRESENTATION_CONTEXT() REPRESENTATION_CONTEXT('2D SPACE',''
  ) );
#735 = ORIENTED_EDGE('',*,*,#736,.F.);
#736 = EDGE_CURVE('',#737,#708,#739,.T.);
#737 = VERTEX_POINT('',#738);
#738 = CARTESIAN_POINT('',(-58.1,-74.4,5.023759186429E-15));
#739 = SURFACE_CURVE('',#740,(#744,#751),.PCURVE_S1.);
#740 = LINE('',#741,#742);
#741 = CARTESIAN_POINT('',(-58.1,-74.8,0.));
#742 = VECTOR('',#743,1.);
#743 = DIRECTION('',(2.22044604925E-16,1.,0.));
#744 = PCURVE('',#293,#745);
#745 = DEFINITIONAL_REPRESENTATION('',(#746),#750);
#746 = LINE('',#747,#748);
#747 = CARTESIAN_POINT('',(-58.1,-74.8));
#748 = VECTOR('',#749,1.);
#749 = DIRECTION('',(2.22044604925E-16,1.));
#750 = ( GEOMETRIC_REPRESENTATION_CONTEXT(2) 
PARAMETRIC_REPRESENTATION_CONTEXT() REPRESENTATION_CONTEXT('2D SPACE',''
  ) );
#751 = PCURVE('',#752,#757);
#752 = PLANE('',#753);
#753 = AXIS2_PLACEMENT_3D('',#754,#755,#756);
#754 = CARTESIAN_POINT('',(-58.3,-74.8,0.2));
#755 = DIRECTION('',(0.707106781187,-5.332783484717E-18,0.707106781187)
  );
#756 = DIRECTION('',(1.147931498272E-16,1.,-1.072514550979E-16));
#757 = DEFINITIONAL_REPRESENTATION('',(#758),#762);
#758 = LINE('',#759,#760);
#759 = CARTESIAN_POINT('',(0.,-0.282842712475));
#760 = VECTOR('',#761,1.);
#761 = DIRECTION('',(1.,0.));
#762 = ( GEOMETRIC_REPRESENTATION_CONTEXT(2) 
PARAMETRIC_REPRESENTATION_CONTEXT() REPRESENTATION_CONTEXT('2D SPACE',''
  ) );
#763 = ORIENTED_EDGE('',*,*,#764,.T.);
#764 = EDGE_CURVE('',#737,#765,#767,.T.);
#765 = VERTEX_POINT('',#766);
#766 = CARTESIAN_POINT('',(-15.9,-74.4,-3.10862446895E-15));
#767 = SURFACE_CURVE('',#768,(#772,#779),.PCURVE_S1.);
#768 = LINE('',#769,#770);
#769 = CARTESIAN_POINT('',(-58.5,-74.4,0.));
#770 = VECTOR('',#771,1.);
#771 = DIRECTION('',(1.,0.,-0.));
#772 = PCURVE('',#293,#773);
#773 = DEFINITIONAL_REPRESENTATION('',(#774),#778);
#774 = LINE('',#775,#776);
#775 = CARTESIAN_POINT('',(-58.5,-74.4));
#776 = VECTOR('',#777,1.);
#777 = DIRECTION('',(1.,0.));
#778 = ( GEOMETRIC_REPRESENTATION_CONTEXT(2) 
PARAMETRIC_REPRESENTATION_CONTEXT() REPRESENTATION_CONTEXT('2D SPACE',''
  ) );
#779 = PCURVE('',#780,#785);
#780 = PLANE('',#781);
#781 = AXIS2_PLACEMENT_3D('',#782,#783,#784);
#782 = CARTESIAN_POINT('',(-58.5,-74.6,0.2));
#783 = DIRECTION('',(3.978141013962E-18,-0.707106781187,-0.707106781187)
  );
#784 = DIRECTION('',(1.,2.812970487489E-18,2.812970487489E-18));
#785 = DEFINITIONAL_REPRESENTATION('',(#786),#790);
#786 = LINE('',#787,#788);
#787 = CARTESIAN_POINT('',(0.,-0.282842712475));
#788 = VECTOR('',#789,1.);
#789 = DIRECTION('',(1.,0.));
#790 = ( GEOMETRIC_REPRESENTATION_CONTEXT(2) 
PARAMETRIC_REPRESENTATION_CONTEXT() REPRESENTATION_CONTEXT('2D SPACE',''
  ) );
#791 = ORIENTED_EDGE('',*,*,#792,.T.);
#792 = EDGE_CURVE('',#765,#793,#795,.T.);
#793 = VERTEX_POINT('',#794);
#794 = CARTESIAN_POINT('',(-15.9,-73.76340601176,5.273559366969E-16));
#795 = SURFACE_CURVE('',#796,(#800,#807),.PCURVE_S1.);
#796 = LINE('',#797,#798);
#797 = CARTESIAN_POINT('',(-15.9,-74.8,0.));
#798 = VECTOR('',#799,1.);
#799 = DIRECTION('',(2.22044604925E-16,1.,0.));
#800 = PCURVE('',#293,#801);
#801 = DEFINITIONAL_REPRESENTATION('',(#802),#806);
#802 = LINE('',#803,#804);
#803 = CARTESIAN_POINT('',(-15.9,-74.8));
#804 = VECTOR('',#805,1.);
#805 = DIRECTION('',(2.22044604925E-16,1.));
#806 = ( GEOMETRIC_REPRESENTATION_CONTEXT(2) 
PARAMETRIC_REPRESENTATION_CONTEXT() REPRESENTATION_CONTEXT('2D SPACE',''
  ) );
#807 = PCURVE('',#808,#813);
#808 = PLANE('',#809);
#809 = AXIS2_PLACEMENT_3D('',#810,#811,#812);
#810 = CARTESIAN_POINT('',(-15.7,-74.8,0.2));
#811 = DIRECTION('',(0.707106781187,-1.263395785598E-16,-0.707106781187)
  );
#812 = DIRECTION('',(2.003578751944E-16,1.,2.168672973062E-17));
#813 = DEFINITIONAL_REPRESENTATION('',(#814),#818);
#814 = LINE('',#815,#816);
#815 = CARTESIAN_POINT('',(0.,-0.282842712475));
#816 = VECTOR('',#817,1.);
#817 = DIRECTION('',(1.,0.));
#818 = ( GEOMETRIC_REPRESENTATION_CONTEXT(2) 
PARAMETRIC_REPRESENTATION_CONTEXT() REPRESENTATION_CONTEXT('2D SPACE',''
  ) );
#819 = ORIENTED_EDGE('',*,*,#820,.F.);
#820 = EDGE_CURVE('',#821,#793,#823,.T.);
#821 = VERTEX_POINT('',#822);
#822 = CARTESIAN_POINT('',(-8.1,-73.76340601176,1.110223024625E-16));
#823 = SURFACE_CURVE('',#824,(#829,#836),.PCURVE_S1.);
#824 = CIRCLE('',#825,5.15);
#825 = AXIS2_PLACEMENT_3D('',#826,#827,#828);
#826 = CARTESIAN_POINT('',(-12.,-70.4,0.));
#827 = DIRECTION('',(0.,0.,1.));
#828 = DIRECTION('',(0.736842105263,-0.676064872561,0.));
#829 = PCURVE('',#293,#830);
#830 = DEFINITIONAL_REPRESENTATION('',(#831),#835);
#831 = CIRCLE('',#832,5.15);
#832 = AXIS2_PLACEMENT_2D('',#833,#834);
#833 = CARTESIAN_POINT('',(-12.,-70.4));
#834 = DIRECTION('',(0.736842105263,-0.676064872561));
#835 = ( GEOMETRIC_REPRESENTATION_CONTEXT(2) 
PARAMETRIC_REPRESENTATION_CONTEXT() REPRESENTATION_CONTEXT('2D SPACE',''
  ) );
#836 = PCURVE('',#837,#842);
#837 = CONICAL_SURFACE('',#838,4.75,0.785398163397);
#838 = AXIS2_PLACEMENT_3D('',#839,#840,#841);
#839 = CARTESIAN_POINT('',(-12.,-70.4,0.4));
#840 = DIRECTION('',(-0.,-0.,-1.));
#841 = DIRECTION('',(0.736842105263,-0.676064872561,0.));
#842 = DEFINITIONAL_REPRESENTATION('',(#843),#847);
#843 = LINE('',#844,#845);
#844 = CARTESIAN_POINT('',(0.,0.4));
#845 = VECTOR('',#846,1.);
#846 = DIRECTION('',(-1.,-0.));
#847 = ( GEOMETRIC_REPRESENTATION_CONTEXT(2) 
PARAMETRIC_REPRESENTATION_CONTEXT() REPRESENTATION_CONTEXT('2D SPACE',''
  ) );
#848 = ORIENTED_EDGE('',*,*,#849,.F.);
#849 = EDGE_CURVE('',#850,#821,#852,.T.);
#850 = VERTEX_POINT('',#851);
#851 = CARTESIAN_POINT('',(-8.1,-74.4,4.996003610813E-16));
#852 = SURFACE_CURVE('',#853,(#857,#864),.PCURVE_S1.);
#853 = LINE('',#854,#855);
#854 = CARTESIAN_POINT('',(-8.1,-74.8,0.));
#855 = VECTOR('',#856,1.);
#856 = DIRECTION('',(2.22044604925E-16,1.,0.));
#857 = PCURVE('',#293,#858);
#858 = DEFINITIONAL_REPRESENTATION('',(#859),#863);
#859 = LINE('',#860,#861);
#860 = CARTESIAN_POINT('',(-8.1,-74.8));
#861 = VECTOR('',#862,1.);
#862 = DIRECTION('',(2.22044604925E-16,1.));
#863 = ( GEOMETRIC_REPRESENTATION_CONTEXT(2) 
PARAMETRIC_REPRESENTATION_CONTEXT() REPRESENTATION_CONTEXT('2D SPACE',''
  ) );
#864 = PCURVE('',#865,#870);
#865 = PLANE('',#866);
#866 = AXIS2_PLACEMENT_3D('',#867,#868,#869);
#867 = CARTESIAN_POINT('',(-8.3,-74.8,0.2));
#868 = DIRECTION('',(0.707106781187,-1.242939608325E-16,0.707106781187)
  );
#869 = DIRECTION('',(1.989114050277E-16,1.,-2.313319989734E-17));
#870 = DEFINITIONAL_REPRESENTATION('',(#871),#875);
#871 = LINE('',#872,#873);
#872 = CARTESIAN_POINT('',(0.,-0.282842712475));
#873 = VECTOR('',#874,1.);
#874 = DIRECTION('',(1.,0.));
#875 = ( GEOMETRIC_REPRESENTATION_CONTEXT(2) 
PARAMETRIC_REPRESENTATION_CONTEXT() REPRESENTATION_CONTEXT('2D SPACE',''
  ) );
#876 = ORIENTED_EDGE('',*,*,#877,.T.);
#877 = EDGE_CURVE('',#850,#878,#880,.T.);
#878 = VERTEX_POINT('',#879);
#879 = CARTESIAN_POINT('',(34.1,-74.4,-3.10862446895E-15));
#880 = SURFACE_CURVE('',#881,(#885,#892),.PCURVE_S1.);
#881 = LINE('',#882,#883);
#882 = CARTESIAN_POINT('',(-8.5,-74.4,0.));
#883 = VECTOR('',#884,1.);
#884 = DIRECTION('',(1.,0.,-0.));
#885 = PCURVE('',#293,#886);
#886 = DEFINITIONAL_REPRESENTATION('',(#887),#891);
#887 = LINE('',#888,#889);
#888 = CARTESIAN_POINT('',(-8.5,-74.4));
#889 = VECTOR('',#890,1.);
#890 = DIRECTION('',(1.,0.));
#891 = ( GEOMETRIC_REPRESENTATION_CONTEXT(2) 
PARAMETRIC_REPRESENTATION_CONTEXT() REPRESENTATION_CONTEXT('2D SPACE',''
  ) );
#892 = PCURVE('',#893,#898);
#893 = PLANE('',#894);
#894 = AXIS2_PLACEMENT_3D('',#895,#896,#897);
#895 = CARTESIAN_POINT('',(-8.5,-74.6,0.2));
#896 = DIRECTION('',(3.978141013962E-18,-0.707106781187,-0.707106781187)
  );
#897 = DIRECTION('',(1.,2.812970487489E-18,2.812970487489E-18));
#898 = DEFINITIONAL_REPRESENTATION('',(#899),#903);
#899 = LINE('',#900,#901);
#900 = CARTESIAN_POINT('',(0.,-0.282842712475));
#901 = VECTOR('',#902,1.);
#902 = DIRECTION('',(1.,0.));
#903 = ( GEOMETRIC_REPRESENTATION_CONTEXT(2) 
PARAMETRIC_REPRESENTATION_CONTEXT() REPRESENTATION_CONTEXT('2D SPACE',''
  ) );
#904 = ORIENTED_EDGE('',*,*,#905,.T.);
#905 = EDGE_CURVE('',#878,#906,#908,.T.);
#906 = VERTEX_POINT('',#907);
#907 = CARTESIAN_POINT('',(34.1,-73.76340601176,2.6645352591E-15));
#908 = SURFACE_CURVE('',#909,(#913,#920),.PCURVE_S1.);
#909 = LINE('',#910,#911);
#910 = CARTESIAN_POINT('',(34.1,-74.8,0.));
#911 = VECTOR('',#912,1.);
#912 = DIRECTION('',(2.22044604925E-16,1.,0.));
#913 = PCURVE('',#293,#914);
#914 = DEFINITIONAL_REPRESENTATION('',(#915),#919);
#915 = LINE('',#916,#917);
#916 = CARTESIAN_POINT('',(34.1,-74.8));
#917 = VECTOR('',#918,1.);
#918 = DIRECTION('',(2.22044604925E-16,1.));
#919 = ( GEOMETRIC_REPRESENTATION_CONTEXT(2) 
PARAMETRIC_REPRESENTATION_CONTEXT() REPRESENTATION_CONTEXT('2D SPACE',''
  ) );
#920 = PCURVE('',#921,#926);
#921 = PLANE('',#922);
#922 = AXIS2_PLACEMENT_3D('',#923,#924,#925);
#923 = CARTESIAN_POINT('',(34.3,-74.8,0.2));
#924 = DIRECTION('',(0.707106781187,5.332783484717E-18,-0.707106781187)
  );
#925 = DIRECTION('',(1.072514550979E-16,1.,1.147931498272E-16));
#926 = DEFINITIONAL_REPRESENTATION('',(#927),#931);
#927 = LINE('',#928,#929);
#928 = CARTESIAN_POINT('',(0.,-0.282842712475));
#929 = VECTOR('',#930,1.);
#930 = DIRECTION('',(1.,0.));
#931 = ( GEOMETRIC_REPRESENTATION_CONTEXT(2) 
PARAMETRIC_REPRESENTATION_CONTEXT() REPRESENTATION_CONTEXT('2D SPACE',''
  ) );
#932 = ORIENTED_EDGE('',*,*,#933,.F.);
#933 = EDGE_CURVE('',#934,#906,#936,.T.);
#934 = VERTEX_POINT('',#935);
#935 = CARTESIAN_POINT('',(41.9,-73.76340601176,-7.771561172376E-16));
#936 = SURFACE_CURVE('',#937,(#942,#949),.PCURVE_S1.);
#937 = CIRCLE('',#938,5.15);
#938 = AXIS2_PLACEMENT_3D('',#939,#940,#941);
#939 = CARTESIAN_POINT('',(38.,-70.4,0.));
#940 = DIRECTION('',(0.,0.,1.));
#941 = DIRECTION('',(0.736842105263,-0.676064872561,0.));
#942 = PCURVE('',#293,#943);
#943 = DEFINITIONAL_REPRESENTATION('',(#944),#948);
#944 = CIRCLE('',#945,5.15);
#945 = AXIS2_PLACEMENT_2D('',#946,#947);
#946 = CARTESIAN_POINT('',(38.,-70.4));
#947 = DIRECTION('',(0.736842105263,-0.676064872561));
#948 = ( GEOMETRIC_REPRESENTATION_CONTEXT(2) 
PARAMETRIC_REPRESENTATION_CONTEXT() REPRESENTATION_CONTEXT('2D SPACE',''
  ) );
#949 = PCURVE('',#950,#955);
#950 = CONICAL_SURFACE('',#951,4.75,0.785398163397);
#951 = AXIS2_PLACEMENT_3D('',#952,#953,#954);
#952 = CARTESIAN_POINT('',(38.,-70.4,0.4));
#953 = DIRECTION('',(-0.,-0.,-1.));
#954 = DIRECTION('',(0.736842105263,-0.676064872561,0.));
#955 = DEFINITIONAL_REPRESENTATION('',(#956),#960);
#956 = LINE('',#957,#958);
#957 = CARTESIAN_POINT('',(0.,0.4));
#958 = VECTOR('',#959,1.);
#959 = DIRECTION('',(-1.,-0.));
#960 = ( GEOMETRIC_REPRESENTATION_CONTEXT(2) 
PARAMETRIC_REPRESENTATION_CONTEXT() REPRESENTATION_CONTEXT('2D SPACE',''
  ) );
#961 = ORIENTED_EDGE('',*,*,#962,.F.);
#962 = EDGE_CURVE('',#963,#934,#965,.T.);
#963 = VERTEX_POINT('',#964);
#964 = CARTESIAN_POINT('',(41.9,-74.4,2.498001805407E-15));
#965 = SURFACE_CURVE('',#966,(#970,#977),.PCURVE_S1.);
#966 = LINE('',#967,#968);
#967 = CARTESIAN_POINT('',(41.9,-74.8,0.));
#968 = VECTOR('',#969,1.);
#969 = DIRECTION('',(2.22044604925E-16,1.,0.));
#970 = PCURVE('',#293,#971);
#971 = DEFINITIONAL_REPRESENTATION('',(#972),#976);
#972 = LINE('',#973,#974);
#973 = CARTESIAN_POINT('',(41.9,-74.8));
#974 = VECTOR('',#975,1.);
#975 = DIRECTION('',(2.22044604925E-16,1.));
#976 = ( GEOMETRIC_REPRESENTATION_CONTEXT(2) 
PARAMETRIC_REPRESENTATION_CONTEXT() REPRESENTATION_CONTEXT('2D SPACE',''
  ) );
#977 = PCURVE('',#978,#983);
#978 = PLANE('',#979);
#979 = AXIS2_PLACEMENT_3D('',#980,#981,#982);
#980 = CARTESIAN_POINT('',(41.7,-74.8,0.2));
#981 = DIRECTION('',(0.707106781187,-5.332783484717E-18,0.707106781187)
  );
#982 = DIRECTION('',(1.147931498272E-16,1.,-1.072514550979E-16));
#983 = DEFINITIONAL_REPRESENTATION('',(#984),#988);
#984 = LINE('',#985,#986);
#985 = CARTESIAN_POINT('',(0.,-0.282842712475));
#986 = VECTOR('',#987,1.);
#987 = DIRECTION('',(1.,0.));
#988 = ( GEOMETRIC_REPRESENTATION_CONTEXT(2) 
PARAMETRIC_REPRESENTATION_CONTEXT() REPRESENTATION_CONTEXT('2D SPACE',''
  ) );
#989 = ORIENTED_EDGE('',*,*,#990,.T.);
#990 = EDGE_CURVE('',#963,#991,#993,.T.);
#991 = VERTEX_POINT('',#992);
#992 = CARTESIAN_POINT('',(84.1,-74.4,-3.10862446895E-15));
#993 = SURFACE_CURVE('',#994,(#998,#1005),.PCURVE_S1.);
#994 = LINE('',#995,#996);
#995 = CARTESIAN_POINT('',(41.5,-74.4,0.));
#996 = VECTOR('',#997,1.);
#997 = DIRECTION('',(1.,0.,-0.));
#998 = PCURVE('',#293,#999);
#999 = DEFINITIONAL_REPRESENTATION('',(#1000),#1004);
#1000 = LINE('',#1001,#1002);
#1001 = CARTESIAN_POINT('',(41.5,-74.4));
#1002 = VECTOR('',#1003,1.);
#1003 = DIRECTION('',(1.,0.));
#1004 = ( GEOMETRIC_REPRESENTATION_CONTEXT(2) 
PARAMETRIC_REPRESENTATION_CONTEXT() REPRESENTATION_CONTEXT('2D SPACE',''
  ) );
#1005 = PCURVE('',#1006,#1011);
#1006 = PLANE('',#1007);
#1007 = AXIS2_PLACEMENT_3D('',#1008,#1009,#1010);
#1008 = CARTESIAN_POINT('',(41.5,-74.6,0.2));
#1009 = DIRECTION('',(3.978141013962E-18,-0.707106781187,-0.707106781187
    ));
#1010 = DIRECTION('',(1.,2.812970487489E-18,2.812970487489E-18));
#1011 = DEFINITIONAL_REPRESENTATION('',(#1012),#1016);
#1012 = LINE('',#1013,#1014);
#1013 = CARTESIAN_POINT('',(0.,-0.282842712475));
#1014 = VECTOR('',#1015,1.);
#1015 = DIRECTION('',(1.,0.));
#1016 = ( GEOMETRIC_REPRESENTATION_CONTEXT(2) 
PARAMETRIC_REPRESENTATION_CONTEXT() REPRESENTATION_CONTEXT('2D SPACE',''
  ) );
#1017 = ORIENTED_EDGE('',*,*,#1018,.T.);
#1018 = EDGE_CURVE('',#991,#1019,#1021,.T.);
#1019 = VERTEX_POINT('',#1020);
#1020 = CARTESIAN_POINT('',(84.1,-73.76340601176,-3.10862446895E-15));
#1021 = SURFACE_CURVE('',#1022,(#1026,#1033),.PCURVE_S1.);
#1022 = LINE('',#1023,#1024);
#1023 = CARTESIAN_POINT('',(84.1,-74.8,0.));
#1024 = VECTOR('',#1025,1.);
#1025 = DIRECTION('',(2.22044604925E-16,1.,0.));
#1026 = PCURVE('',#293,#1027);
#1027 = DEFINITIONAL_REPRESENTATION('',(#1028),#1032);
#1028 = LINE('',#1029,#1030);
#1029 = CARTESIAN_POINT('',(84.1,-74.8));
#1030 = VECTOR('',#1031,1.);
#1031 = DIRECTION('',(2.22044604925E-16,1.));
#1032 = ( GEOMETRIC_REPRESENTATION_CONTEXT(2) 
PARAMETRIC_REPRESENTATION_CONTEXT() REPRESENTATION_CONTEXT('2D SPACE',''
  ) );
#1033 = PCURVE('',#1034,#1039);
#1034 = PLANE('',#1035);
#1035 = AXIS2_PLACEMENT_3D('',#1036,#1037,#1038);
#1036 = CARTESIAN_POINT('',(84.3,-74.8,0.2));
#1037 = DIRECTION('',(0.707106781187,2.795980032047E-18,-0.707106781187)
  );
#1038 = DIRECTION('',(1.090452460218E-16,1.,1.129993589032E-16));
#1039 = DEFINITIONAL_REPRESENTATION('',(#1040),#1044);
#1040 = LINE('',#1041,#1042);
#1041 = CARTESIAN_POINT('',(0.,-0.282842712475));
#1042 = VECTOR('',#1043,1.);
#1043 = DIRECTION('',(1.,0.));
#1044 = ( GEOMETRIC_REPRESENTATION_CONTEXT(2) 
PARAMETRIC_REPRESENTATION_CONTEXT() REPRESENTATION_CONTEXT('2D SPACE',''
  ) );
#1045 = ORIENTED_EDGE('',*,*,#1046,.F.);
#1046 = EDGE_CURVE('',#1047,#1019,#1049,.T.);
#1047 = VERTEX_POINT('',#1048);
#1048 = CARTESIAN_POINT('',(91.9,-73.76340601176,2.720046410332E-15));
#1049 = SURFACE_CURVE('',#1050,(#1055,#1062),.PCURVE_S1.);
#1050 = CIRCLE('',#1051,5.15);
#1051 = AXIS2_PLACEMENT_3D('',#1052,#1053,#1054);
#1052 = CARTESIAN_POINT('',(88.,-70.4,0.));
#1053 = DIRECTION('',(0.,0.,1.));
#1054 = DIRECTION('',(0.736842105263,-0.676064872561,0.));
#1055 = PCURVE('',#293,#1056);
#1056 = DEFINITIONAL_REPRESENTATION('',(#1057),#1061);
#1057 = CIRCLE('',#1058,5.15);
#1058 = AXIS2_PLACEMENT_2D('',#1059,#1060);
#1059 = CARTESIAN_POINT('',(88.,-70.4));
#1060 = DIRECTION('',(0.736842105263,-0.676064872561));
#1061 = ( GEOMETRIC_REPRESENTATION_CONTEXT(2) 
PARAMETRIC_REPRESENTATION_CONTEXT() REPRESENTATION_CONTEXT('2D SPACE',''
  ) );
#1062 = PCURVE('',#1063,#1068);
#1063 = CONICAL_SURFACE('',#1064,4.75,0.785398163397);
#1064 = AXIS2_PLACEMENT_3D('',#1065,#1066,#1067);
#1065 = CARTESIAN_POINT('',(88.,-70.4,0.4));
#1066 = DIRECTION('',(-0.,-0.,-1.));
#1067 = DIRECTION('',(0.736842105263,-0.676064872561,0.));
#1068 = DEFINITIONAL_REPRESENTATION('',(#1069),#1073);
#1069 = LINE('',#1070,#1071);
#1070 = CARTESIAN_POINT('',(0.,0.4));
#1071 = VECTOR('',#1072,1.);
#1072 = DIRECTION('',(-1.,-0.));
#1073 = ( GEOMETRIC_REPRESENTATION_CONTEXT(2) 
PARAMETRIC_REPRESENTATION_CONTEXT() REPRESENTATION_CONTEXT('2D SPACE',''
  ) );
#1074 = ORIENTED_EDGE('',*,*,#1075,.F.);
#1075 = EDGE_CURVE('',#1076,#1047,#1078,.T.);
#1076 = VERTEX_POINT('',#1077);
#1077 = CARTESIAN_POINT('',(91.9,-74.4,1.748601263785E-15));
#1078 = SURFACE_CURVE('',#1079,(#1083,#1090),.PCURVE_S1.);
#1079 = LINE('',#1080,#1081);
#1080 = CARTESIAN_POINT('',(91.9,-74.8,0.));
#1081 = VECTOR('',#1082,1.);
#1082 = DIRECTION('',(2.22044604925E-16,1.,0.));
#1083 = PCURVE('',#293,#1084);
#1084 = DEFINITIONAL_REPRESENTATION('',(#1085),#1089);
#1085 = LINE('',#1086,#1087);
#1086 = CARTESIAN_POINT('',(91.9,-74.8));
#1087 = VECTOR('',#1088,1.);
#1088 = DIRECTION('',(2.22044604925E-16,1.));
#1089 = ( GEOMETRIC_REPRESENTATION_CONTEXT(2) 
PARAMETRIC_REPRESENTATION_CONTEXT() REPRESENTATION_CONTEXT('2D SPACE',''
  ) );
#1090 = PCURVE('',#1091,#1096);
#1091 = PLANE('',#1092);
#1092 = AXIS2_PLACEMENT_3D('',#1093,#1094,#1095);
#1093 = CARTESIAN_POINT('',(91.7,-74.8,0.2));
#1094 = DIRECTION('',(0.707106781187,-2.795980032047E-18,0.707106781187)
  );
#1095 = DIRECTION('',(1.129993589032E-16,1.,-1.090452460218E-16));
#1096 = DEFINITIONAL_REPRESENTATION('',(#1097),#1101);
#1097 = LINE('',#1098,#1099);
#1098 = CARTESIAN_POINT('',(0.,-0.282842712475));
#1099 = VECTOR('',#1100,1.);
#1100 = DIRECTION('',(1.,0.));
#1101 = ( GEOMETRIC_REPRESENTATION_CONTEXT(2) 
PARAMETRIC_REPRESENTATION_CONTEXT() REPRESENTATION_CONTEXT('2D SPACE',''
  ) );
#1102 = ORIENTED_EDGE('',*,*,#1103,.T.);
#1103 = EDGE_CURVE('',#1076,#1104,#1106,.T.);
#1104 = VERTEX_POINT('',#1105);
#1105 = CARTESIAN_POINT('',(99.4,-74.4,-3.191891195797E-15));
#1106 = SURFACE_CURVE('',#1107,(#1111,#1118),.PCURVE_S1.);
#1107 = LINE('',#1108,#1109);
#1108 = CARTESIAN_POINT('',(91.5,-74.4,0.));
#1109 = VECTOR('',#1110,1.);
#1110 = DIRECTION('',(1.,0.,-0.));
#1111 = PCURVE('',#293,#1112);
#1112 = DEFINITIONAL_REPRESENTATION('',(#1113),#1117);
#1113 = LINE('',#1114,#1115);
#1114 = CARTESIAN_POINT('',(91.5,-74.4));
#1115 = VECTOR('',#1116,1.);
#1116 = DIRECTION('',(1.,0.));
#1117 = ( GEOMETRIC_REPRESENTATION_CONTEXT(2) 
PARAMETRIC_REPRESENTATION_CONTEXT() REPRESENTATION_CONTEXT('2D SPACE',''
  ) );
#1118 = PCURVE('',#1119,#1124);
#1119 = PLANE('',#1120);
#1120 = AXIS2_PLACEMENT_3D('',#1121,#1122,#1123);
#1121 = CARTESIAN_POINT('',(91.5,-74.6,0.2));
#1122 = DIRECTION('',(3.978141013962E-18,-0.707106781187,-0.707106781187
    ));
#1123 = DIRECTION('',(1.,2.812970487489E-18,2.812970487489E-18));
#1124 = DEFINITIONAL_REPRESENTATION('',(#1125),#1129);
#1125 = LINE('',#1126,#1127);
#1126 = CARTESIAN_POINT('',(0.,-0.282842712475));
#1127 = VECTOR('',#1128,1.);
#1128 = DIRECTION('',(1.,0.));
#1129 = ( GEOMETRIC_REPRESENTATION_CONTEXT(2) 
PARAMETRIC_REPRESENTATION_CONTEXT() REPRESENTATION_CONTEXT('2D SPACE',''
  ) );
#1130 = ORIENTED_EDGE('',*,*,#1131,.T.);
#1131 = EDGE_CURVE('',#1104,#1132,#1134,.T.);
#1132 = VERTEX_POINT('',#1133);
#1133 = CARTESIAN_POINT('',(99.4,-39.85,1.859623566247E-15));
#1134 = SURFACE_CURVE('',#1135,(#1139,#1146),.PCURVE_S1.);
#1135 = LINE('',#1136,#1137);
#1136 = CARTESIAN_POINT('',(99.4,-74.8,0.));
#1137 = VECTOR('',#1138,1.);
#1138 = DIRECTION('',(-0.,1.,0.));
#1139 = PCURVE('',#293,#1140);
#1140 = DEFINITIONAL_REPRESENTATION('',(#1141),#1145);
#1141 = LINE('',#1142,#1143);
#1142 = CARTESIAN_POINT('',(99.4,-74.8));
#1143 = VECTOR('',#1144,1.);
#1144 = DIRECTION('',(0.,1.));
#1145 = ( GEOMETRIC_REPRESENTATION_CONTEXT(2) 
PARAMETRIC_REPRESENTATION_CONTEXT() REPRESENTATION_CONTEXT('2D SPACE',''
  ) );
#1146 = PCURVE('',#1147,#1152);
#1147 = PLANE('',#1148);
#1148 = AXIS2_PLACEMENT_3D('',#1149,#1150,#1151);
#1149 = CARTESIAN_POINT('',(99.6,-74.8,0.2));
#1150 = DIRECTION('',(0.707106781187,2.795980032047E-18,-0.707106781187)
  );
#1151 = DIRECTION('',(-1.977056440722E-18,1.,1.977056440722E-18));
#1152 = DEFINITIONAL_REPRESENTATION('',(#1153),#1157);
#1153 = LINE('',#1154,#1155);
#1154 = CARTESIAN_POINT('',(0.,-0.282842712475));
#1155 = VECTOR('',#1156,1.);
#1156 = DIRECTION('',(1.,0.));
#1157 = ( GEOMETRIC_REPRESENTATION_CONTEXT(2) 
PARAMETRIC_REPRESENTATION_CONTEXT() REPRESENTATION_CONTEXT('2D SPACE',''
  ) );
#1158 = ORIENTED_EDGE('',*,*,#1159,.T.);
#1159 = EDGE_CURVE('',#1132,#1160,#1162,.T.);
#1160 = VERTEX_POINT('',#1161);
#1161 = CARTESIAN_POINT('',(101.65254346936,-39.85,2.553512956638E-15));
#1162 = SURFACE_CURVE('',#1163,(#1167,#1174),.PCURVE_S1.);
#1163 = LINE('',#1164,#1165);
#1164 = CARTESIAN_POINT('',(99.8,-39.85,0.));
#1165 = VECTOR('',#1166,1.);
#1166 = DIRECTION('',(1.,0.,-0.));
#1167 = PCURVE('',#293,#1168);
#1168 = DEFINITIONAL_REPRESENTATION('',(#1169),#1173);
#1169 = LINE('',#1170,#1171);
#1170 = CARTESIAN_POINT('',(99.8,-39.85));
#1171 = VECTOR('',#1172,1.);
#1172 = DIRECTION('',(1.,0.));
#1173 = ( GEOMETRIC_REPRESENTATION_CONTEXT(2) 
PARAMETRIC_REPRESENTATION_CONTEXT() REPRESENTATION_CONTEXT('2D SPACE',''
  ) );
#1174 = PCURVE('',#1175,#1180);
#1175 = PLANE('',#1176);
#1176 = AXIS2_PLACEMENT_3D('',#1177,#1178,#1179);
#1177 = CARTESIAN_POINT('',(99.8,-40.05,0.2));
#1178 = DIRECTION('',(5.47005954057E-18,-0.707106781187,-0.707106781187)
  );
#1179 = DIRECTION('',(1.,3.867916194631E-18,3.867916194631E-18));
#1180 = DEFINITIONAL_REPRESENTATION('',(#1181),#1185);
#1181 = LINE('',#1182,#1183);
#1182 = CARTESIAN_POINT('',(0.,-0.282842712475));
#1183 = VECTOR('',#1184,1.);
#1184 = DIRECTION('',(1.,0.));
#1185 = ( GEOMETRIC_REPRESENTATION_CONTEXT(2) 
PARAMETRIC_REPRESENTATION_CONTEXT() REPRESENTATION_CONTEXT('2D SPACE',''
  ) );
#1186 = ORIENTED_EDGE('',*,*,#1187,.T.);
#1187 = EDGE_CURVE('',#1160,#1188,#1190,.T.);
#1188 = VERTEX_POINT('',#1189);
#1189 = CARTESIAN_POINT('',(101.65254346936,-34.15,2.720046410332E-15));
#1190 = SURFACE_CURVE('',#1191,(#1196,#1203),.PCURVE_S1.);
#1191 = CIRCLE('',#1192,4.1);
#1192 = AXIS2_PLACEMENT_3D('',#1193,#1194,#1195);
#1193 = CARTESIAN_POINT('',(104.6,-37.,0.));
#1194 = DIRECTION('',(0.,0.,1.));
#1195 = DIRECTION('',(-0.691661088777,-0.722222222222,0.));
#1196 = PCURVE('',#293,#1197);
#1197 = DEFINITIONAL_REPRESENTATION('',(#1198),#1202);
#1198 = CIRCLE('',#1199,4.1);
#1199 = AXIS2_PLACEMENT_2D('',#1200,#1201);
#1200 = CARTESIAN_POINT('',(104.6,-37.));
#1201 = DIRECTION('',(-0.691661088777,-0.722222222222));
#1202 = ( GEOMETRIC_REPRESENTATION_CONTEXT(2) 
PARAMETRIC_REPRESENTATION_CONTEXT() REPRESENTATION_CONTEXT('2D SPACE',''
  ) );
#1203 = PCURVE('',#1204,#1209);
#1204 = CONICAL_SURFACE('',#1205,4.5,0.785398163397);
#1205 = AXIS2_PLACEMENT_3D('',#1206,#1207,#1208);
#1206 = CARTESIAN_POINT('',(104.6,-37.,0.4));
#1207 = DIRECTION('',(0.,0.,1.));
#1208 = DIRECTION('',(-0.691661088777,-0.722222222222,0.));
#1209 = DEFINITIONAL_REPRESENTATION('',(#1210),#1214);
#1210 = LINE('',#1211,#1212);
#1211 = CARTESIAN_POINT('',(0.,-0.4));
#1212 = VECTOR('',#1213,1.);
#1213 = DIRECTION('',(1.,0.));
#1214 = ( GEOMETRIC_REPRESENTATION_CONTEXT(2) 
PARAMETRIC_REPRESENTATION_CONTEXT() REPRESENTATION_CONTEXT('2D SPACE',''
  ) );
#1215 = ORIENTED_EDGE('',*,*,#1216,.F.);
#1216 = EDGE_CURVE('',#1217,#1188,#1219,.T.);
#1217 = VERTEX_POINT('',#1218);
#1218 = CARTESIAN_POINT('',(99.4,-34.15,2.553512956638E-15));
#1219 = SURFACE_CURVE('',#1220,(#1224,#1231),.PCURVE_S1.);
#1220 = LINE('',#1221,#1222);
#1221 = CARTESIAN_POINT('',(99.8,-34.15,0.));
#1222 = VECTOR('',#1223,1.);
#1223 = DIRECTION('',(1.,0.,-0.));
#1224 = PCURVE('',#293,#1225);
#1225 = DEFINITIONAL_REPRESENTATION('',(#1226),#1230);
#1226 = LINE('',#1227,#1228);
#1227 = CARTESIAN_POINT('',(99.8,-34.15));
#1228 = VECTOR('',#1229,1.);
#1229 = DIRECTION('',(1.,0.));
#1230 = ( GEOMETRIC_REPRESENTATION_CONTEXT(2) 
PARAMETRIC_REPRESENTATION_CONTEXT() REPRESENTATION_CONTEXT('2D SPACE',''
  ) );
#1231 = PCURVE('',#1232,#1237);
#1232 = PLANE('',#1233);
#1233 = AXIS2_PLACEMENT_3D('',#1234,#1235,#1236);
#1234 = CARTESIAN_POINT('',(99.8,-33.95,0.2));
#1235 = DIRECTION('',(-5.47005954057E-18,-0.707106781187,0.707106781187)
  );
#1236 = DIRECTION('',(1.,-3.867916194631E-18,3.867916194631E-18));
#1237 = DEFINITIONAL_REPRESENTATION('',(#1238),#1242);
#1238 = LINE('',#1239,#1240);
#1239 = CARTESIAN_POINT('',(0.,-0.282842712475));
#1240 = VECTOR('',#1241,1.);
#1241 = DIRECTION('',(1.,0.));
#1242 = ( GEOMETRIC_REPRESENTATION_CONTEXT(2) 
PARAMETRIC_REPRESENTATION_CONTEXT() REPRESENTATION_CONTEXT('2D SPACE',''
  ) );
#1243 = ORIENTED_EDGE('',*,*,#1244,.T.);
#1244 = EDGE_CURVE('',#1217,#1245,#1247,.T.);
#1245 = VERTEX_POINT('',#1246);
#1246 = CARTESIAN_POINT('',(99.4,10.15,1.887379141863E-15));
#1247 = SURFACE_CURVE('',#1248,(#1252,#1259),.PCURVE_S1.);
#1248 = LINE('',#1249,#1250);
#1249 = CARTESIAN_POINT('',(99.4,-33.75,0.));
#1250 = VECTOR('',#1251,1.);
#1251 = DIRECTION('',(-0.,1.,0.));
#1252 = PCURVE('',#293,#1253);
#1253 = DEFINITIONAL_REPRESENTATION('',(#1254),#1258);
#1254 = LINE('',#1255,#1256);
#1255 = CARTESIAN_POINT('',(99.4,-33.75));
#1256 = VECTOR('',#1257,1.);
#1257 = DIRECTION('',(0.,1.));
#1258 = ( GEOMETRIC_REPRESENTATION_CONTEXT(2) 
PARAMETRIC_REPRESENTATION_CONTEXT() REPRESENTATION_CONTEXT('2D SPACE',''
  ) );
#1259 = PCURVE('',#1260,#1265);
#1260 = PLANE('',#1261);
#1261 = AXIS2_PLACEMENT_3D('',#1262,#1263,#1264);
#1262 = CARTESIAN_POINT('',(99.6,-33.75,0.2));
#1263 = DIRECTION('',(0.707106781187,2.795980032047E-18,-0.707106781187)
  );
#1264 = DIRECTION('',(-1.977056440722E-18,1.,1.977056440722E-18));
#1265 = DEFINITIONAL_REPRESENTATION('',(#1266),#1270);
#1266 = LINE('',#1267,#1268);
#1267 = CARTESIAN_POINT('',(0.,-0.282842712475));
#1268 = VECTOR('',#1269,1.);
#1269 = DIRECTION('',(1.,0.));
#1270 = ( GEOMETRIC_REPRESENTATION_CONTEXT(2) 
PARAMETRIC_REPRESENTATION_CONTEXT() REPRESENTATION_CONTEXT('2D SPACE',''
  ) );
#1271 = ORIENTED_EDGE('',*,*,#1272,.T.);
#1272 = EDGE_CURVE('',#1245,#1273,#1275,.T.);
#1273 = VERTEX_POINT('',#1274);
#1274 = CARTESIAN_POINT('',(101.65254346936,10.15,-7.771561172376E-16));
#1275 = SURFACE_CURVE('',#1276,(#1280,#1287),.PCURVE_S1.);
#1276 = LINE('',#1277,#1278);
#1277 = CARTESIAN_POINT('',(99.8,10.15,0.));
#1278 = VECTOR('',#1279,1.);
#1279 = DIRECTION('',(1.,0.,-0.));
#1280 = PCURVE('',#293,#1281);
#1281 = DEFINITIONAL_REPRESENTATION('',(#1282),#1286);
#1282 = LINE('',#1283,#1284);
#1283 = CARTESIAN_POINT('',(99.8,10.15));
#1284 = VECTOR('',#1285,1.);
#1285 = DIRECTION('',(1.,0.));
#1286 = ( GEOMETRIC_REPRESENTATION_CONTEXT(2) 
PARAMETRIC_REPRESENTATION_CONTEXT() REPRESENTATION_CONTEXT('2D SPACE',''
  ) );
#1287 = PCURVE('',#1288,#1293);
#1288 = PLANE('',#1289);
#1289 = AXIS2_PLACEMENT_3D('',#1290,#1291,#1292);
#1290 = CARTESIAN_POINT('',(99.8,9.95,0.2));
#1291 = DIRECTION('',(-2.068430171249E-18,-0.707106781187,
    -0.707106781187));
#1292 = DIRECTION('',(1.,-1.462601000501E-18,-1.462601000501E-18));
#1293 = DEFINITIONAL_REPRESENTATION('',(#1294),#1298);
#1294 = LINE('',#1295,#1296);
#1295 = CARTESIAN_POINT('',(0.,-0.282842712475));
#1296 = VECTOR('',#1297,1.);
#1297 = DIRECTION('',(1.,0.));
#1298 = ( GEOMETRIC_REPRESENTATION_CONTEXT(2) 
PARAMETRIC_REPRESENTATION_CONTEXT() REPRESENTATION_CONTEXT('2D SPACE',''
  ) );
#1299 = ORIENTED_EDGE('',*,*,#1300,.T.);
#1300 = EDGE_CURVE('',#1273,#1301,#1303,.T.);
#1301 = VERTEX_POINT('',#1302);
#1302 = CARTESIAN_POINT('',(101.65254346936,15.85,2.720046410332E-15));
#1303 = SURFACE_CURVE('',#1304,(#1309,#1316),.PCURVE_S1.);
#1304 = CIRCLE('',#1305,4.1);
#1305 = AXIS2_PLACEMENT_3D('',#1306,#1307,#1308);
#1306 = CARTESIAN_POINT('',(104.6,13.,0.));
#1307 = DIRECTION('',(0.,0.,1.));
#1308 = DIRECTION('',(-0.691661088777,-0.722222222222,0.));
#1309 = PCURVE('',#293,#1310);
#1310 = DEFINITIONAL_REPRESENTATION('',(#1311),#1315);
#1311 = CIRCLE('',#1312,4.1);
#1312 = AXIS2_PLACEMENT_2D('',#1313,#1314);
#1313 = CARTESIAN_POINT('',(104.6,13.));
#1314 = DIRECTION('',(-0.691661088777,-0.722222222222));
#1315 = ( GEOMETRIC_REPRESENTATION_CONTEXT(2) 
PARAMETRIC_REPRESENTATION_CONTEXT() REPRESENTATION_CONTEXT('2D SPACE',''
  ) );
#1316 = PCURVE('',#1317,#1322);
#1317 = CONICAL_SURFACE('',#1318,4.5,0.785398163397);
#1318 = AXIS2_PLACEMENT_3D('',#1319,#1320,#1321);
#1319 = CARTESIAN_POINT('',(104.6,13.,0.4));
#1320 = DIRECTION('',(0.,0.,1.));
#1321 = DIRECTION('',(-0.691661088777,-0.722222222222,0.));
#1322 = DEFINITIONAL_REPRESENTATION('',(#1323),#1327);
#1323 = LINE('',#1324,#1325);
#1324 = CARTESIAN_POINT('',(0.,-0.4));
#1325 = VECTOR('',#1326,1.);
#1326 = DIRECTION('',(1.,0.));
#1327 = ( GEOMETRIC_REPRESENTATION_CONTEXT(2) 
PARAMETRIC_REPRESENTATION_CONTEXT() REPRESENTATION_CONTEXT('2D SPACE',''
  ) );
#1328 = ORIENTED_EDGE('',*,*,#1329,.F.);
#1329 = EDGE_CURVE('',#1330,#1301,#1332,.T.);
#1330 = VERTEX_POINT('',#1331);
#1331 = CARTESIAN_POINT('',(99.4,15.85,4.996003610813E-16));
#1332 = SURFACE_CURVE('',#1333,(#1337,#1344),.PCURVE_S1.);
#1333 = LINE('',#1334,#1335);
#1334 = CARTESIAN_POINT('',(99.8,15.85,0.));
#1335 = VECTOR('',#1336,1.);
#1336 = DIRECTION('',(1.,0.,-0.));
#1337 = PCURVE('',#293,#1338);
#1338 = DEFINITIONAL_REPRESENTATION('',(#1339),#1343);
#1339 = LINE('',#1340,#1341);
#1340 = CARTESIAN_POINT('',(99.8,15.85));
#1341 = VECTOR('',#1342,1.);
#1342 = DIRECTION('',(1.,0.));
#1343 = ( GEOMETRIC_REPRESENTATION_CONTEXT(2) 
PARAMETRIC_REPRESENTATION_CONTEXT() REPRESENTATION_CONTEXT('2D SPACE',''
  ) );
#1344 = PCURVE('',#1345,#1350);
#1345 = PLANE('',#1346);
#1346 = AXIS2_PLACEMENT_3D('',#1347,#1348,#1349);
#1347 = CARTESIAN_POINT('',(99.8,16.05,0.2));
#1348 = DIRECTION('',(2.068430171249E-18,-0.707106781187,0.707106781187)
  );
#1349 = DIRECTION('',(1.,1.462601000501E-18,-1.462601000501E-18));
#1350 = DEFINITIONAL_REPRESENTATION('',(#1351),#1355);
#1351 = LINE('',#1352,#1353);
#1352 = CARTESIAN_POINT('',(0.,-0.282842712475));
#1353 = VECTOR('',#1354,1.);
#1354 = DIRECTION('',(1.,0.));
#1355 = ( GEOMETRIC_REPRESENTATION_CONTEXT(2) 
PARAMETRIC_REPRESENTATION_CONTEXT() REPRESENTATION_CONTEXT('2D SPACE',''
  ) );
#1356 = ORIENTED_EDGE('',*,*,#1357,.T.);
#1357 = EDGE_CURVE('',#1330,#1358,#1360,.T.);
#1358 = VERTEX_POINT('',#1359);
#1359 = CARTESIAN_POINT('',(99.4,60.15,1.887379141863E-15));
#1360 = SURFACE_CURVE('',#1361,(#1365,#1372),.PCURVE_S1.);
#1361 = LINE('',#1362,#1363);
#1362 = CARTESIAN_POINT('',(99.4,16.25,0.));
#1363 = VECTOR('',#1364,1.);
#1364 = DIRECTION('',(-0.,1.,0.));
#1365 = PCURVE('',#293,#1366);
#1366 = DEFINITIONAL_REPRESENTATION('',(#1367),#1371);
#1367 = LINE('',#1368,#1369);
#1368 = CARTESIAN_POINT('',(99.4,16.25));
#1369 = VECTOR('',#1370,1.);
#1370 = DIRECTION('',(0.,1.));
#1371 = ( GEOMETRIC_REPRESENTATION_CONTEXT(2) 
PARAMETRIC_REPRESENTATION_CONTEXT() REPRESENTATION_CONTEXT('2D SPACE',''
  ) );
#1372 = PCURVE('',#1373,#1378);
#1373 = PLANE('',#1374);
#1374 = AXIS2_PLACEMENT_3D('',#1375,#1376,#1377);
#1375 = CARTESIAN_POINT('',(99.6,16.25,0.2));
#1376 = DIRECTION('',(0.707106781187,2.795980032047E-18,-0.707106781187)
  );
#1377 = DIRECTION('',(-1.977056440722E-18,1.,1.977056440722E-18));
#1378 = DEFINITIONAL_REPRESENTATION('',(#1379),#1383);
#1379 = LINE('',#1380,#1381);
#1380 = CARTESIAN_POINT('',(0.,-0.282842712475));
#1381 = VECTOR('',#1382,1.);
#1382 = DIRECTION('',(1.,0.));
#1383 = ( GEOMETRIC_REPRESENTATION_CONTEXT(2) 
PARAMETRIC_REPRESENTATION_CONTEXT() REPRESENTATION_CONTEXT('2D SPACE',''
  ) );
#1384 = ORIENTED_EDGE('',*,*,#1385,.T.);
#1385 = EDGE_CURVE('',#1358,#1386,#1388,.T.);
#1386 = VERTEX_POINT('',#1387);
#1387 = CARTESIAN_POINT('',(101.65254346936,60.15,5.551115123126E-17));
#1388 = SURFACE_CURVE('',#1389,(#1393,#1400),.PCURVE_S1.);
#1389 = LINE('',#1390,#1391);
#1390 = CARTESIAN_POINT('',(99.8,60.15,0.));
#1391 = VECTOR('',#1392,1.);
#1392 = DIRECTION('',(1.,0.,-0.));
#1393 = PCURVE('',#293,#1394);
#1394 = DEFINITIONAL_REPRESENTATION('',(#1395),#1399);
#1395 = LINE('',#1396,#1397);
#1396 = CARTESIAN_POINT('',(99.8,60.15));
#1397 = VECTOR('',#1398,1.);
#1398 = DIRECTION('',(1.,0.));
#1399 = ( GEOMETRIC_REPRESENTATION_CONTEXT(2) 
PARAMETRIC_REPRESENTATION_CONTEXT() REPRESENTATION_CONTEXT('2D SPACE',''
  ) );
#1400 = PCURVE('',#1401,#1406);
#1401 = PLANE('',#1402);
#1402 = AXIS2_PLACEMENT_3D('',#1403,#1404,#1405);
#1403 = CARTESIAN_POINT('',(99.8,59.95,0.2));
#1404 = DIRECTION('',(5.47005954057E-18,-0.707106781187,-0.707106781187)
  );
#1405 = DIRECTION('',(1.,3.867916194631E-18,3.867916194631E-18));
#1406 = DEFINITIONAL_REPRESENTATION('',(#1407),#1411);
#1407 = LINE('',#1408,#1409);
#1408 = CARTESIAN_POINT('',(0.,-0.282842712475));
#1409 = VECTOR('',#1410,1.);
#1410 = DIRECTION('',(1.,0.));
#1411 = ( GEOMETRIC_REPRESENTATION_CONTEXT(2) 
PARAMETRIC_REPRESENTATION_CONTEXT() REPRESENTATION_CONTEXT('2D SPACE',''
  ) );
#1412 = ORIENTED_EDGE('',*,*,#1413,.T.);
#1413 = EDGE_CURVE('',#1386,#1414,#1416,.T.);
#1414 = VERTEX_POINT('',#1415);
#1415 = CARTESIAN_POINT('',(101.65254346936,65.85,2.720046410332E-15));
#1416 = SURFACE_CURVE('',#1417,(#1422,#1429),.PCURVE_S1.);
#1417 = CIRCLE('',#1418,4.1);
#1418 = AXIS2_PLACEMENT_3D('',#1419,#1420,#1421);
#1419 = CARTESIAN_POINT('',(104.6,63.,0.));
#1420 = DIRECTION('',(0.,0.,1.));
#1421 = DIRECTION('',(-0.691661088777,-0.722222222222,0.));
#1422 = PCURVE('',#293,#1423);
#1423 = DEFINITIONAL_REPRESENTATION('',(#1424),#1428);
#1424 = CIRCLE('',#1425,4.1);
#1425 = AXIS2_PLACEMENT_2D('',#1426,#1427);
#1426 = CARTESIAN_POINT('',(104.6,63.));
#1427 = DIRECTION('',(-0.691661088777,-0.722222222222));
#1428 = ( GEOMETRIC_REPRESENTATION_CONTEXT(2) 
PARAMETRIC_REPRESENTATION_CONTEXT() REPRESENTATION_CONTEXT('2D SPACE',''
  ) );
#1429 = PCURVE('',#1430,#1435);
#1430 = CONICAL_SURFACE('',#1431,4.5,0.785398163397);
#1431 = AXIS2_PLACEMENT_3D('',#1432,#1433,#1434);
#1432 = CARTESIAN_POINT('',(104.6,63.,0.4));
#1433 = DIRECTION('',(0.,0.,1.));
#1434 = DIRECTION('',(-0.691661088777,-0.722222222222,0.));
#1435 = DEFINITIONAL_REPRESENTATION('',(#1436),#1440);
#1436 = LINE('',#1437,#1438);
#1437 = CARTESIAN_POINT('',(0.,-0.4));
#1438 = VECTOR('',#1439,1.);
#1439 = DIRECTION('',(1.,0.));
#1440 = ( GEOMETRIC_REPRESENTATION_CONTEXT(2) 
PARAMETRIC_REPRESENTATION_CONTEXT() REPRESENTATION_CONTEXT('2D SPACE',''
  ) );
#1441 = ORIENTED_EDGE('',*,*,#1442,.F.);
#1442 = EDGE_CURVE('',#1443,#1414,#1445,.T.);
#1443 = VERTEX_POINT('',#1444);
#1444 = CARTESIAN_POINT('',(99.4,65.85,1.804112415016E-15));
#1445 = SURFACE_CURVE('',#1446,(#1450,#1457),.PCURVE_S1.);
#1446 = LINE('',#1447,#1448);
#1447 = CARTESIAN_POINT('',(99.8,65.85,0.));
#1448 = VECTOR('',#1449,1.);
#1449 = DIRECTION('',(1.,0.,-0.));
#1450 = PCURVE('',#293,#1451);
#1451 = DEFINITIONAL_REPRESENTATION('',(#1452),#1456);
#1452 = LINE('',#1453,#1454);
#1453 = CARTESIAN_POINT('',(99.8,65.85));
#1454 = VECTOR('',#1455,1.);
#1455 = DIRECTION('',(1.,0.));
#1456 = ( GEOMETRIC_REPRESENTATION_CONTEXT(2) 
PARAMETRIC_REPRESENTATION_CONTEXT() REPRESENTATION_CONTEXT('2D SPACE',''
  ) );
#1457 = PCURVE('',#1458,#1463);
#1458 = PLANE('',#1459);
#1459 = AXIS2_PLACEMENT_3D('',#1460,#1461,#1462);
#1460 = CARTESIAN_POINT('',(99.8,66.05,0.2));
#1461 = DIRECTION('',(-3.978141013962E-18,-0.707106781187,0.707106781187
    ));
#1462 = DIRECTION('',(1.,-2.812970487489E-18,2.812970487489E-18));
#1463 = DEFINITIONAL_REPRESENTATION('',(#1464),#1468);
#1464 = LINE('',#1465,#1466);
#1465 = CARTESIAN_POINT('',(0.,-0.282842712475));
#1466 = VECTOR('',#1467,1.);
#1467 = DIRECTION('',(1.,0.));
#1468 = ( GEOMETRIC_REPRESENTATION_CONTEXT(2) 
PARAMETRIC_REPRESENTATION_CONTEXT() REPRESENTATION_CONTEXT('2D SPACE',''
  ) );
#1469 = ORIENTED_EDGE('',*,*,#1470,.T.);
#1470 = EDGE_CURVE('',#1443,#1471,#1473,.T.);
#1471 = VERTEX_POINT('',#1472);
#1472 = CARTESIAN_POINT('',(99.4,74.4,1.831867990632E-15));
#1473 = SURFACE_CURVE('',#1474,(#1478,#1485),.PCURVE_S1.);
#1474 = LINE('',#1475,#1476);
#1475 = CARTESIAN_POINT('',(99.4,66.25,0.));
#1476 = VECTOR('',#1477,1.);
#1477 = DIRECTION('',(-0.,1.,0.));
#1478 = PCURVE('',#293,#1479);
#1479 = DEFINITIONAL_REPRESENTATION('',(#1480),#1484);
#1480 = LINE('',#1481,#1482);
#1481 = CARTESIAN_POINT('',(99.4,66.25));
#1482 = VECTOR('',#1483,1.);
#1483 = DIRECTION('',(0.,1.));
#1484 = ( GEOMETRIC_REPRESENTATION_CONTEXT(2) 
PARAMETRIC_REPRESENTATION_CONTEXT() REPRESENTATION_CONTEXT('2D SPACE',''
  ) );
#1485 = PCURVE('',#1486,#1491);
#1486 = PLANE('',#1487);
#1487 = AXIS2_PLACEMENT_3D('',#1488,#1489,#1490);
#1488 = CARTESIAN_POINT('',(99.6,66.25,0.2));
#1489 = DIRECTION('',(0.707106781187,2.795980032047E-18,-0.707106781187)
  );
#1490 = DIRECTION('',(-1.977056440722E-18,1.,1.977056440722E-18));
#1491 = DEFINITIONAL_REPRESENTATION('',(#1492),#1496);
#1492 = LINE('',#1493,#1494);
#1493 = CARTESIAN_POINT('',(0.,-0.282842712475));
#1494 = VECTOR('',#1495,1.);
#1495 = DIRECTION('',(1.,0.));
#1496 = ( GEOMETRIC_REPRESENTATION_CONTEXT(2) 
PARAMETRIC_REPRESENTATION_CONTEXT() REPRESENTATION_CONTEXT('2D SPACE',''
  ) );
#1497 = ORIENTED_EDGE('',*,*,#1498,.F.);
#1498 = EDGE_CURVE('',#1499,#1471,#1501,.T.);
#1499 = VERTEX_POINT('',#1500);
#1500 = CARTESIAN_POINT('',(-99.4,74.4,-3.219646771413E-15));
#1501 = SURFACE_CURVE('',#1502,(#1506,#1513),.PCURVE_S1.);
#1502 = LINE('',#1503,#1504);
#1503 = CARTESIAN_POINT('',(-99.8,74.4,0.));
#1504 = VECTOR('',#1505,1.);
#1505 = DIRECTION('',(1.,0.,-0.));
#1506 = PCURVE('',#293,#1507);
#1507 = DEFINITIONAL_REPRESENTATION('',(#1508),#1512);
#1508 = LINE('',#1509,#1510);
#1509 = CARTESIAN_POINT('',(-99.8,74.4));
#1510 = VECTOR('',#1511,1.);
#1511 = DIRECTION('',(1.,0.));
#1512 = ( GEOMETRIC_REPRESENTATION_CONTEXT(2) 
PARAMETRIC_REPRESENTATION_CONTEXT() REPRESENTATION_CONTEXT('2D SPACE',''
  ) );
#1513 = PCURVE('',#1514,#1519);
#1514 = PLANE('',#1515);
#1515 = AXIS2_PLACEMENT_3D('',#1516,#1517,#1518);
#1516 = CARTESIAN_POINT('',(-99.8,74.6,0.2));
#1517 = DIRECTION('',(-3.978141013962E-18,-0.707106781187,0.707106781187
    ));
#1518 = DIRECTION('',(1.,-2.812970487489E-18,2.812970487489E-18));
#1519 = DEFINITIONAL_REPRESENTATION('',(#1520),#1524);
#1520 = LINE('',#1521,#1522);
#1521 = CARTESIAN_POINT('',(0.,-0.282842712475));
#1522 = VECTOR('',#1523,1.);
#1523 = DIRECTION('',(1.,0.));
#1524 = ( GEOMETRIC_REPRESENTATION_CONTEXT(2) 
PARAMETRIC_REPRESENTATION_CONTEXT() REPRESENTATION_CONTEXT('2D SPACE',''
  ) );
#1525 = ORIENTED_EDGE('',*,*,#1526,.F.);
#1526 = EDGE_CURVE('',#1527,#1499,#1529,.T.);
#1527 = VERTEX_POINT('',#1528);
#1528 = CARTESIAN_POINT('',(-99.4,66.9,1.804112415016E-15));
#1529 = SURFACE_CURVE('',#1530,(#1534,#1541),.PCURVE_S1.);
#1530 = LINE('',#1531,#1532);
#1531 = CARTESIAN_POINT('',(-99.4,66.5,0.));
#1532 = VECTOR('',#1533,1.);
#1533 = DIRECTION('',(-0.,1.,0.));
#1534 = PCURVE('',#293,#1535);
#1535 = DEFINITIONAL_REPRESENTATION('',(#1536),#1540);
#1536 = LINE('',#1537,#1538);
#1537 = CARTESIAN_POINT('',(-99.4,66.5));
#1538 = VECTOR('',#1539,1.);
#1539 = DIRECTION('',(0.,1.));
#1540 = ( GEOMETRIC_REPRESENTATION_CONTEXT(2) 
PARAMETRIC_REPRESENTATION_CONTEXT() REPRESENTATION_CONTEXT('2D SPACE',''
  ) );
#1541 = PCURVE('',#1542,#1547);
#1542 = PLANE('',#1543);
#1543 = AXIS2_PLACEMENT_3D('',#1544,#1545,#1546);
#1544 = CARTESIAN_POINT('',(-99.6,66.5,0.2));
#1545 = DIRECTION('',(0.707106781187,-2.795980032047E-18,0.707106781187)
  );
#1546 = DIRECTION('',(1.977056440722E-18,1.,1.977056440722E-18));
#1547 = DEFINITIONAL_REPRESENTATION('',(#1548),#1552);
#1548 = LINE('',#1549,#1550);
#1549 = CARTESIAN_POINT('',(0.,-0.282842712475));
#1550 = VECTOR('',#1551,1.);
#1551 = DIRECTION('',(1.,0.));
#1552 = ( GEOMETRIC_REPRESENTATION_CONTEXT(2) 
PARAMETRIC_REPRESENTATION_CONTEXT() REPRESENTATION_CONTEXT('2D SPACE',''
  ) );
#1553 = ORIENTED_EDGE('',*,*,#1554,.T.);
#1554 = EDGE_CURVE('',#1527,#1555,#1557,.T.);
#1555 = VERTEX_POINT('',#1556);
#1556 = CARTESIAN_POINT('',(-98.76340601176,66.9,-3.219646771413E-15));
#1557 = SURFACE_CURVE('',#1558,(#1562,#1569),.PCURVE_S1.);
#1558 = LINE('',#1559,#1560);
#1559 = CARTESIAN_POINT('',(-99.8,66.9,0.));
#1560 = VECTOR('',#1561,1.);
#1561 = DIRECTION('',(1.,0.,-0.));
#1562 = PCURVE('',#293,#1563);
#1563 = DEFINITIONAL_REPRESENTATION('',(#1564),#1568);
#1564 = LINE('',#1565,#1566);
#1565 = CARTESIAN_POINT('',(-99.8,66.9));
#1566 = VECTOR('',#1567,1.);
#1567 = DIRECTION('',(1.,0.));
#1568 = ( GEOMETRIC_REPRESENTATION_CONTEXT(2) 
PARAMETRIC_REPRESENTATION_CONTEXT() REPRESENTATION_CONTEXT('2D SPACE',''
  ) );
#1569 = PCURVE('',#1570,#1575);
#1570 = PLANE('',#1571);
#1571 = AXIS2_PLACEMENT_3D('',#1572,#1573,#1574);
#1572 = CARTESIAN_POINT('',(-99.8,66.7,0.2));
#1573 = DIRECTION('',(3.978141013962E-18,-0.707106781187,-0.707106781187
    ));
#1574 = DIRECTION('',(1.,2.812970487489E-18,2.812970487489E-18));
#1575 = DEFINITIONAL_REPRESENTATION('',(#1576),#1580);
#1576 = LINE('',#1577,#1578);
#1577 = CARTESIAN_POINT('',(0.,-0.282842712475));
#1578 = VECTOR('',#1579,1.);
#1579 = DIRECTION('',(1.,0.));
#1580 = ( GEOMETRIC_REPRESENTATION_CONTEXT(2) 
PARAMETRIC_REPRESENTATION_CONTEXT() REPRESENTATION_CONTEXT('2D SPACE',''
  ) );
#1581 = ORIENTED_EDGE('',*,*,#1582,.F.);
#1582 = EDGE_CURVE('',#1583,#1555,#1585,.T.);
#1583 = VERTEX_POINT('',#1584);
#1584 = CARTESIAN_POINT('',(-98.76340601176,59.1,2.720046410332E-15));
#1585 = SURFACE_CURVE('',#1586,(#1591,#1598),.PCURVE_S1.);
#1586 = CIRCLE('',#1587,5.15);
#1587 = AXIS2_PLACEMENT_3D('',#1588,#1589,#1590);
#1588 = CARTESIAN_POINT('',(-95.4,63.,0.));
#1589 = DIRECTION('',(0.,0.,1.));
#1590 = DIRECTION('',(-0.676064872561,-0.736842105263,0.));
#1591 = PCURVE('',#293,#1592);
#1592 = DEFINITIONAL_REPRESENTATION('',(#1593),#1597);
#1593 = CIRCLE('',#1594,5.15);
#1594 = AXIS2_PLACEMENT_2D('',#1595,#1596);
#1595 = CARTESIAN_POINT('',(-95.4,63.));
#1596 = DIRECTION('',(-0.676064872561,-0.736842105263));
#1597 = ( GEOMETRIC_REPRESENTATION_CONTEXT(2) 
PARAMETRIC_REPRESENTATION_CONTEXT() REPRESENTATION_CONTEXT('2D SPACE',''
  ) );
#1598 = PCURVE('',#1599,#1604);
#1599 = CONICAL_SURFACE('',#1600,4.75,0.785398163397);
#1600 = AXIS2_PLACEMENT_3D('',#1601,#1602,#1603);
#1601 = CARTESIAN_POINT('',(-95.4,63.,0.4));
#1602 = DIRECTION('',(-0.,-0.,-1.));
#1603 = DIRECTION('',(-0.676064872561,-0.736842105263,0.));
#1604 = DEFINITIONAL_REPRESENTATION('',(#1605),#1609);
#1605 = LINE('',#1606,#1607);
#1606 = CARTESIAN_POINT('',(0.,0.4));
#1607 = VECTOR('',#1608,1.);
#1608 = DIRECTION('',(-1.,-0.));
#1609 = ( GEOMETRIC_REPRESENTATION_CONTEXT(2) 
PARAMETRIC_REPRESENTATION_CONTEXT() REPRESENTATION_CONTEXT('2D SPACE',''
  ) );
#1610 = ORIENTED_EDGE('',*,*,#1611,.F.);
#1611 = EDGE_CURVE('',#1612,#1583,#1614,.T.);
#1612 = VERTEX_POINT('',#1613);
#1613 = CARTESIAN_POINT('',(-99.4,59.1,5.07927033766E-15));
#1614 = SURFACE_CURVE('',#1615,(#1619,#1626),.PCURVE_S1.);
#1615 = LINE('',#1616,#1617);
#1616 = CARTESIAN_POINT('',(-99.8,59.1,0.));
#1617 = VECTOR('',#1618,1.);
#1618 = DIRECTION('',(1.,0.,-0.));
#1619 = PCURVE('',#293,#1620);
#1620 = DEFINITIONAL_REPRESENTATION('',(#1621),#1625);
#1621 = LINE('',#1622,#1623);
#1622 = CARTESIAN_POINT('',(-99.8,59.1));
#1623 = VECTOR('',#1624,1.);
#1624 = DIRECTION('',(1.,0.));
#1625 = ( GEOMETRIC_REPRESENTATION_CONTEXT(2) 
PARAMETRIC_REPRESENTATION_CONTEXT() REPRESENTATION_CONTEXT('2D SPACE',''
  ) );
#1626 = PCURVE('',#1627,#1632);
#1627 = PLANE('',#1628);
#1628 = AXIS2_PLACEMENT_3D('',#1629,#1630,#1631);
#1629 = CARTESIAN_POINT('',(-99.8,59.3,0.2));
#1630 = DIRECTION('',(-5.47005954057E-18,-0.707106781187,0.707106781187)
  );
#1631 = DIRECTION('',(1.,-3.867916194631E-18,3.867916194631E-18));
#1632 = DEFINITIONAL_REPRESENTATION('',(#1633),#1637);
#1633 = LINE('',#1634,#1635);
#1634 = CARTESIAN_POINT('',(0.,-0.282842712475));
#1635 = VECTOR('',#1636,1.);
#1636 = DIRECTION('',(1.,0.));
#1637 = ( GEOMETRIC_REPRESENTATION_CONTEXT(2) 
PARAMETRIC_REPRESENTATION_CONTEXT() REPRESENTATION_CONTEXT('2D SPACE',''
  ) );
#1638 = ORIENTED_EDGE('',*,*,#1639,.F.);
#1639 = EDGE_CURVE('',#1640,#1612,#1642,.T.);
#1640 = VERTEX_POINT('',#1641);
#1641 = CARTESIAN_POINT('',(-99.4,16.9,1.804112415016E-15));
#1642 = SURFACE_CURVE('',#1643,(#1647,#1654),.PCURVE_S1.);
#1643 = LINE('',#1644,#1645);
#1644 = CARTESIAN_POINT('',(-99.4,16.5,0.));
#1645 = VECTOR('',#1646,1.);
#1646 = DIRECTION('',(-0.,1.,0.));
#1647 = PCURVE('',#293,#1648);
#1648 = DEFINITIONAL_REPRESENTATION('',(#1649),#1653);
#1649 = LINE('',#1650,#1651);
#1650 = CARTESIAN_POINT('',(-99.4,16.5));
#1651 = VECTOR('',#1652,1.);
#1652 = DIRECTION('',(0.,1.));
#1653 = ( GEOMETRIC_REPRESENTATION_CONTEXT(2) 
PARAMETRIC_REPRESENTATION_CONTEXT() REPRESENTATION_CONTEXT('2D SPACE',''
  ) );
#1654 = PCURVE('',#1655,#1660);
#1655 = PLANE('',#1656);
#1656 = AXIS2_PLACEMENT_3D('',#1657,#1658,#1659);
#1657 = CARTESIAN_POINT('',(-99.6,16.5,0.2));
#1658 = DIRECTION('',(0.707106781187,-2.795980032047E-18,0.707106781187)
  );
#1659 = DIRECTION('',(1.977056440722E-18,1.,1.977056440722E-18));
#1660 = DEFINITIONAL_REPRESENTATION('',(#1661),#1665);
#1661 = LINE('',#1662,#1663);
#1662 = CARTESIAN_POINT('',(0.,-0.282842712475));
#1663 = VECTOR('',#1664,1.);
#1664 = DIRECTION('',(1.,0.));
#1665 = ( GEOMETRIC_REPRESENTATION_CONTEXT(2) 
PARAMETRIC_REPRESENTATION_CONTEXT() REPRESENTATION_CONTEXT('2D SPACE',''
  ) );
#1666 = ORIENTED_EDGE('',*,*,#1667,.T.);
#1667 = EDGE_CURVE('',#1640,#1668,#1670,.T.);
#1668 = VERTEX_POINT('',#1669);
#1669 = CARTESIAN_POINT('',(-98.76340601176,16.9,1.304512053935E-15));
#1670 = SURFACE_CURVE('',#1671,(#1675,#1682),.PCURVE_S1.);
#1671 = LINE('',#1672,#1673);
#1672 = CARTESIAN_POINT('',(-99.8,16.9,0.));
#1673 = VECTOR('',#1674,1.);
#1674 = DIRECTION('',(1.,0.,-0.));
#1675 = PCURVE('',#293,#1676);
#1676 = DEFINITIONAL_REPRESENTATION('',(#1677),#1681);
#1677 = LINE('',#1678,#1679);
#1678 = CARTESIAN_POINT('',(-99.8,16.9));
#1679 = VECTOR('',#1680,1.);
#1680 = DIRECTION('',(1.,0.));
#1681 = ( GEOMETRIC_REPRESENTATION_CONTEXT(2) 
PARAMETRIC_REPRESENTATION_CONTEXT() REPRESENTATION_CONTEXT('2D SPACE',''
  ) );
#1682 = PCURVE('',#1683,#1688);
#1683 = PLANE('',#1684);
#1684 = AXIS2_PLACEMENT_3D('',#1685,#1686,#1687);
#1685 = CARTESIAN_POINT('',(-99.8,16.7,0.2));
#1686 = DIRECTION('',(5.47005954057E-18,-0.707106781187,-0.707106781187)
  );
#1687 = DIRECTION('',(1.,3.867916194631E-18,3.867916194631E-18));
#1688 = DEFINITIONAL_REPRESENTATION('',(#1689),#1693);
#1689 = LINE('',#1690,#1691);
#1690 = CARTESIAN_POINT('',(0.,-0.282842712475));
#1691 = VECTOR('',#1692,1.);
#1692 = DIRECTION('',(1.,0.));
#1693 = ( GEOMETRIC_REPRESENTATION_CONTEXT(2) 
PARAMETRIC_REPRESENTATION_CONTEXT() REPRESENTATION_CONTEXT('2D SPACE',''
  ) );
#1694 = ORIENTED_EDGE('',*,*,#1695,.F.);
#1695 = EDGE_CURVE('',#1696,#1668,#1698,.T.);
#1696 = VERTEX_POINT('',#1697);
#1697 = CARTESIAN_POINT('',(-98.76340601176,9.1,2.720046410332E-15));
#1698 = SURFACE_CURVE('',#1699,(#1704,#1711),.PCURVE_S1.);
#1699 = CIRCLE('',#1700,5.15);
#1700 = AXIS2_PLACEMENT_3D('',#1701,#1702,#1703);
#1701 = CARTESIAN_POINT('',(-95.4,13.,0.));
#1702 = DIRECTION('',(0.,0.,1.));
#1703 = DIRECTION('',(-0.676064872561,-0.736842105263,0.));
#1704 = PCURVE('',#293,#1705);
#1705 = DEFINITIONAL_REPRESENTATION('',(#1706),#1710);
#1706 = CIRCLE('',#1707,5.15);
#1707 = AXIS2_PLACEMENT_2D('',#1708,#1709);
#1708 = CARTESIAN_POINT('',(-95.4,13.));
#1709 = DIRECTION('',(-0.676064872561,-0.736842105263));
#1710 = ( GEOMETRIC_REPRESENTATION_CONTEXT(2) 
PARAMETRIC_REPRESENTATION_CONTEXT() REPRESENTATION_CONTEXT('2D SPACE',''
  ) );
#1711 = PCURVE('',#1712,#1717);
#1712 = CONICAL_SURFACE('',#1713,4.75,0.785398163397);
#1713 = AXIS2_PLACEMENT_3D('',#1714,#1715,#1716);
#1714 = CARTESIAN_POINT('',(-95.4,13.,0.4));
#1715 = DIRECTION('',(-0.,-0.,-1.));
#1716 = DIRECTION('',(-0.676064872561,-0.736842105263,0.));
#1717 = DEFINITIONAL_REPRESENTATION('',(#1718),#1722);
#1718 = LINE('',#1719,#1720);
#1719 = CARTESIAN_POINT('',(0.,0.4));
#1720 = VECTOR('',#1721,1.);
#1721 = DIRECTION('',(-1.,-0.));
#1722 = ( GEOMETRIC_REPRESENTATION_CONTEXT(2) 
PARAMETRIC_REPRESENTATION_CONTEXT() REPRESENTATION_CONTEXT('2D SPACE',''
  ) );
#1723 = ORIENTED_EDGE('',*,*,#1724,.F.);
#1724 = EDGE_CURVE('',#1725,#1696,#1727,.T.);
#1725 = VERTEX_POINT('',#1726);
#1726 = CARTESIAN_POINT('',(-99.4,9.1,-1.387778780781E-16));
#1727 = SURFACE_CURVE('',#1728,(#1732,#1739),.PCURVE_S1.);
#1728 = LINE('',#1729,#1730);
#1729 = CARTESIAN_POINT('',(-99.8,9.1,0.));
#1730 = VECTOR('',#1731,1.);
#1731 = DIRECTION('',(1.,0.,-0.));
#1732 = PCURVE('',#293,#1733);
#1733 = DEFINITIONAL_REPRESENTATION('',(#1734),#1738);
#1734 = LINE('',#1735,#1736);
#1735 = CARTESIAN_POINT('',(-99.8,9.1));
#1736 = VECTOR('',#1737,1.);
#1737 = DIRECTION('',(1.,0.));
#1738 = ( GEOMETRIC_REPRESENTATION_CONTEXT(2) 
PARAMETRIC_REPRESENTATION_CONTEXT() REPRESENTATION_CONTEXT('2D SPACE',''
  ) );
#1739 = PCURVE('',#1740,#1745);
#1740 = PLANE('',#1741);
#1741 = AXIS2_PLACEMENT_3D('',#1742,#1743,#1744);
#1742 = CARTESIAN_POINT('',(-99.8,9.3,0.2));
#1743 = DIRECTION('',(2.068430171249E-18,-0.707106781187,0.707106781187)
  );
#1744 = DIRECTION('',(1.,1.462601000501E-18,-1.462601000501E-18));
#1745 = DEFINITIONAL_REPRESENTATION('',(#1746),#1750);
#1746 = LINE('',#1747,#1748);
#1747 = CARTESIAN_POINT('',(0.,-0.282842712475));
#1748 = VECTOR('',#1749,1.);
#1749 = DIRECTION('',(1.,0.));
#1750 = ( GEOMETRIC_REPRESENTATION_CONTEXT(2) 
PARAMETRIC_REPRESENTATION_CONTEXT() REPRESENTATION_CONTEXT('2D SPACE',''
  ) );
#1751 = ORIENTED_EDGE('',*,*,#1752,.F.);
#1752 = EDGE_CURVE('',#1753,#1725,#1755,.T.);
#1753 = VERTEX_POINT('',#1754);
#1754 = CARTESIAN_POINT('',(-99.4,-33.1,1.804112415016E-15));
#1755 = SURFACE_CURVE('',#1756,(#1760,#1767),.PCURVE_S1.);
#1756 = LINE('',#1757,#1758);
#1757 = CARTESIAN_POINT('',(-99.4,-33.5,0.));
#1758 = VECTOR('',#1759,1.);
#1759 = DIRECTION('',(-0.,1.,0.));
#1760 = PCURVE('',#293,#1761);
#1761 = DEFINITIONAL_REPRESENTATION('',(#1762),#1766);
#1762 = LINE('',#1763,#1764);
#1763 = CARTESIAN_POINT('',(-99.4,-33.5));
#1764 = VECTOR('',#1765,1.);
#1765 = DIRECTION('',(0.,1.));
#1766 = ( GEOMETRIC_REPRESENTATION_CONTEXT(2) 
PARAMETRIC_REPRESENTATION_CONTEXT() REPRESENTATION_CONTEXT('2D SPACE',''
  ) );
#1767 = PCURVE('',#1768,#1773);
#1768 = PLANE('',#1769);
#1769 = AXIS2_PLACEMENT_3D('',#1770,#1771,#1772);
#1770 = CARTESIAN_POINT('',(-99.6,-33.5,0.2));
#1771 = DIRECTION('',(0.707106781187,-2.795980032047E-18,0.707106781187)
  );
#1772 = DIRECTION('',(1.977056440722E-18,1.,1.977056440722E-18));
#1773 = DEFINITIONAL_REPRESENTATION('',(#1774),#1778);
#1774 = LINE('',#1775,#1776);
#1775 = CARTESIAN_POINT('',(0.,-0.282842712475));
#1776 = VECTOR('',#1777,1.);
#1777 = DIRECTION('',(1.,0.));
#1778 = ( GEOMETRIC_REPRESENTATION_CONTEXT(2) 
PARAMETRIC_REPRESENTATION_CONTEXT() REPRESENTATION_CONTEXT('2D SPACE',''
  ) );
#1779 = ORIENTED_EDGE('',*,*,#1780,.T.);
#1780 = EDGE_CURVE('',#1753,#1781,#1783,.T.);
#1781 = VERTEX_POINT('',#1782);
#1782 = CARTESIAN_POINT('',(-98.76340601176,-33.1,2.553512956638E-15));
#1783 = SURFACE_CURVE('',#1784,(#1788,#1795),.PCURVE_S1.);
#1784 = LINE('',#1785,#1786);
#1785 = CARTESIAN_POINT('',(-99.8,-33.1,0.));
#1786 = VECTOR('',#1787,1.);
#1787 = DIRECTION('',(1.,0.,-0.));
#1788 = PCURVE('',#293,#1789);
#1789 = DEFINITIONAL_REPRESENTATION('',(#1790),#1794);
#1790 = LINE('',#1791,#1792);
#1791 = CARTESIAN_POINT('',(-99.8,-33.1));
#1792 = VECTOR('',#1793,1.);
#1793 = DIRECTION('',(1.,0.));
#1794 = ( GEOMETRIC_REPRESENTATION_CONTEXT(2) 
PARAMETRIC_REPRESENTATION_CONTEXT() REPRESENTATION_CONTEXT('2D SPACE',''
  ) );
#1795 = PCURVE('',#1796,#1801);
#1796 = PLANE('',#1797);
#1797 = AXIS2_PLACEMENT_3D('',#1798,#1799,#1800);
#1798 = CARTESIAN_POINT('',(-99.8,-33.3,0.2));
#1799 = DIRECTION('',(5.47005954057E-18,-0.707106781187,-0.707106781187)
  );
#1800 = DIRECTION('',(1.,3.867916194631E-18,3.867916194631E-18));
#1801 = DEFINITIONAL_REPRESENTATION('',(#1802),#1806);
#1802 = LINE('',#1803,#1804);
#1803 = CARTESIAN_POINT('',(0.,-0.282842712475));
#1804 = VECTOR('',#1805,1.);
#1805 = DIRECTION('',(1.,0.));
#1806 = ( GEOMETRIC_REPRESENTATION_CONTEXT(2) 
PARAMETRIC_REPRESENTATION_CONTEXT() REPRESENTATION_CONTEXT('2D SPACE',''
  ) );
#1807 = ORIENTED_EDGE('',*,*,#1808,.F.);
#1808 = EDGE_CURVE('',#1809,#1781,#1811,.T.);
#1809 = VERTEX_POINT('',#1810);
#1810 = CARTESIAN_POINT('',(-98.76340601176,-40.9,2.720046410332E-15));
#1811 = SURFACE_CURVE('',#1812,(#1817,#1824),.PCURVE_S1.);
#1812 = CIRCLE('',#1813,5.15);
#1813 = AXIS2_PLACEMENT_3D('',#1814,#1815,#1816);
#1814 = CARTESIAN_POINT('',(-95.4,-37.,0.));
#1815 = DIRECTION('',(0.,0.,1.));
#1816 = DIRECTION('',(-0.676064872561,-0.736842105263,0.));
#1817 = PCURVE('',#293,#1818);
#1818 = DEFINITIONAL_REPRESENTATION('',(#1819),#1823);
#1819 = CIRCLE('',#1820,5.15);
#1820 = AXIS2_PLACEMENT_2D('',#1821,#1822);
#1821 = CARTESIAN_POINT('',(-95.4,-37.));
#1822 = DIRECTION('',(-0.676064872561,-0.736842105263));
#1823 = ( GEOMETRIC_REPRESENTATION_CONTEXT(2) 
PARAMETRIC_REPRESENTATION_CONTEXT() REPRESENTATION_CONTEXT('2D SPACE',''
  ) );
#1824 = PCURVE('',#1825,#1830);
#1825 = CONICAL_SURFACE('',#1826,4.75,0.785398163397);
#1826 = AXIS2_PLACEMENT_3D('',#1827,#1828,#1829);
#1827 = CARTESIAN_POINT('',(-95.4,-37.,0.4));
#1828 = DIRECTION('',(-0.,-0.,-1.));
#1829 = DIRECTION('',(-0.676064872561,-0.736842105263,0.));
#1830 = DEFINITIONAL_REPRESENTATION('',(#1831),#1835);
#1831 = LINE('',#1832,#1833);
#1832 = CARTESIAN_POINT('',(0.,0.4));
#1833 = VECTOR('',#1834,1.);
#1834 = DIRECTION('',(-1.,-0.));
#1835 = ( GEOMETRIC_REPRESENTATION_CONTEXT(2) 
PARAMETRIC_REPRESENTATION_CONTEXT() REPRESENTATION_CONTEXT('2D SPACE',''
  ) );
#1836 = ORIENTED_EDGE('',*,*,#1837,.F.);
#1837 = EDGE_CURVE('',#252,#1809,#1838,.T.);
#1838 = SURFACE_CURVE('',#1839,(#1843,#1850),.PCURVE_S1.);
#1839 = LINE('',#1840,#1841);
#1840 = CARTESIAN_POINT('',(-99.8,-40.9,0.));
#1841 = VECTOR('',#1842,1.);
#1842 = DIRECTION('',(1.,0.,-0.));
#1843 = PCURVE('',#293,#1844);
#1844 = DEFINITIONAL_REPRESENTATION('',(#1845),#1849);
#1845 = LINE('',#1846,#1847);
#1846 = CARTESIAN_POINT('',(-99.8,-40.9));
#1847 = VECTOR('',#1848,1.);
#1848 = DIRECTION('',(1.,0.));
#1849 = ( GEOMETRIC_REPRESENTATION_CONTEXT(2) 
PARAMETRIC_REPRESENTATION_CONTEXT() REPRESENTATION_CONTEXT('2D SPACE',''
  ) );
#1850 = PCURVE('',#267,#1851);
#1851 = DEFINITIONAL_REPRESENTATION('',(#1852),#1856);
#1852 = LINE('',#1853,#1854);
#1853 = CARTESIAN_POINT('',(0.,-0.282842712475));
#1854 = VECTOR('',#1855,1.);
#1855 = DIRECTION('',(1.,0.));
#1856 = ( GEOMETRIC_REPRESENTATION_CONTEXT(2) 
PARAMETRIC_REPRESENTATION_CONTEXT() REPRESENTATION_CONTEXT('2D SPACE',''
  ) );
#1857 = ADVANCED_FACE('',(#1858),#267,.F.);
#1858 = FACE_BOUND('',#1859,.F.);
#1859 = EDGE_LOOP('',(#1860,#1861,#1862,#1887));
#1860 = ORIENTED_EDGE('',*,*,#251,.T.);
#1861 = ORIENTED_EDGE('',*,*,#1837,.T.);
#1862 = ORIENTED_EDGE('',*,*,#1863,.T.);
#1863 = EDGE_CURVE('',#1809,#436,#1864,.T.);
#1864 = SURFACE_CURVE('',#1865,(#1870,#1877),.PCURVE_S1.);
#1865 = PARABOLA('',#1866,0.441941738242);
#1866 = AXIS2_PLACEMENT_3D('',#1867,#1868,#1869);
#1867 = CARTESIAN_POINT('',(-95.4,-36.375,4.525));
#1868 = DIRECTION('',(-5.47005954057E-18,-0.707106781187,0.707106781187)
  );
#1869 = DIRECTION('',(-5.47005954057E-18,-0.707106781187,-0.707106781187
    ));
#1870 = PCURVE('',#267,#1871);
#1871 = DEFINITIONAL_REPRESENTATION('',(#1872),#1876);
#1872 = B_SPLINE_CURVE_WITH_KNOTS('',2,(#1873,#1874,#1875),
  .UNSPECIFIED.,.F.,.F.,(3,3),(-3.363406011768,-3.211308144666),
  .PIECEWISE_BEZIER_KNOTS.);
#1873 = CARTESIAN_POINT('',(1.036593988232,-0.282842712475));
#1874 = CARTESIAN_POINT('',(1.112642921783,6.543215760722E-03));
#1875 = CARTESIAN_POINT('',(1.188691855334,0.282842712474));
#1876 = ( GEOMETRIC_REPRESENTATION_CONTEXT(2) 
PARAMETRIC_REPRESENTATION_CONTEXT() REPRESENTATION_CONTEXT('2D SPACE',''
  ) );
#1877 = PCURVE('',#1825,#1878);
#1878 = DEFINITIONAL_REPRESENTATION('',(#1879),#1886);
#1879 = B_SPLINE_CURVE_WITH_KNOTS('',5,(#1880,#1881,#1882,#1883,#1884,
    #1885),.UNSPECIFIED.,.F.,.F.,(6,6),(-3.363406011768,-3.211308144666)
  ,.PIECEWISE_BEZIER_KNOTS.);
#1880 = CARTESIAN_POINT('',(-3.075316502711E-02,0.4));
#1881 = CARTESIAN_POINT('',(-2.484645174159E-02,0.318149299106));
#1882 = CARTESIAN_POINT('',(-1.882239174193E-02,0.23722394866));
#1883 = CARTESIAN_POINT('',(-1.267653686239E-02,0.157223948658));
#1884 = CARTESIAN_POINT('',(-6.404120720083E-03,7.814929910604E-02));
#1885 = CARTESIAN_POINT('',(7.105427357601E-15,1.983413433493E-13));
#1886 = ( GEOMETRIC_REPRESENTATION_CONTEXT(2) 
PARAMETRIC_REPRESENTATION_CONTEXT() REPRESENTATION_CONTEXT('2D SPACE',''
  ) );
#1887 = ORIENTED_EDGE('',*,*,#463,.F.);
#1888 = ADVANCED_FACE('',(#1889,#2163,#2194,#2225,#2256),#358,.T.);
#1889 = FACE_BOUND('',#1890,.T.);
#1890 = EDGE_LOOP('',(#1891,#1892,#1893,#1916,#1945,#1973,#2001,#2029,
    #2057,#2085,#2113,#2142));
#1891 = ORIENTED_EDGE('',*,*,#342,.F.);
#1892 = ORIENTED_EDGE('',*,*,#542,.T.);
#1893 = ORIENTED_EDGE('',*,*,#1894,.T.);
#1894 = EDGE_CURVE('',#543,#1895,#1897,.T.);
#1895 = VERTEX_POINT('',#1896);
#1896 = CARTESIAN_POINT('',(-66.3,-73.9089172119,4.));
#1897 = SURFACE_CURVE('',#1898,(#1902,#1909),.PCURVE_S1.);
#1898 = LINE('',#1899,#1900);
#1899 = CARTESIAN_POINT('',(-66.3,-74.8,4.));
#1900 = VECTOR('',#1901,1.);
#1901 = DIRECTION('',(2.22044604925E-16,1.,0.));
#1902 = PCURVE('',#358,#1903);
#1903 = DEFINITIONAL_REPRESENTATION('',(#1904),#1908);
#1904 = LINE('',#1905,#1906);
#1905 = CARTESIAN_POINT('',(-66.3,-74.8));
#1906 = VECTOR('',#1907,1.);
#1907 = DIRECTION('',(2.22044604925E-16,1.));
#1908 = ( GEOMETRIC_REPRESENTATION_CONTEXT(2) 
PARAMETRIC_REPRESENTATION_CONTEXT() REPRESENTATION_CONTEXT('2D SPACE',''
  ) );
#1909 = PCURVE('',#585,#1910);
#1910 = DEFINITIONAL_REPRESENTATION('',(#1911),#1915);
#1911 = LINE('',#1912,#1913);
#1912 = CARTESIAN_POINT('',(-1.570796326795,0.));
#1913 = VECTOR('',#1914,1.);
#1914 = DIRECTION('',(-0.,1.));
#1915 = ( GEOMETRIC_REPRESENTATION_CONTEXT(2) 
PARAMETRIC_REPRESENTATION_CONTEXT() REPRESENTATION_CONTEXT('2D SPACE',''
  ) );
#1916 = ORIENTED_EDGE('',*,*,#1917,.F.);
#1917 = EDGE_CURVE('',#1918,#1895,#1920,.T.);
#1918 = VERTEX_POINT('',#1919);
#1919 = CARTESIAN_POINT('',(-57.7,-73.9089172119,4.));
#1920 = SURFACE_CURVE('',#1921,(#1926,#1933),.PCURVE_S1.);
#1921 = CIRCLE('',#1922,5.55);
#1922 = AXIS2_PLACEMENT_3D('',#1923,#1924,#1925);
#1923 = CARTESIAN_POINT('',(-62.,-70.4,4.));
#1924 = DIRECTION('',(0.,0.,1.));
#1925 = DIRECTION('',(0.736842105263,-0.676064872561,0.));
#1926 = PCURVE('',#358,#1927);
#1927 = DEFINITIONAL_REPRESENTATION('',(#1928),#1932);
#1928 = CIRCLE('',#1929,5.55);
#1929 = AXIS2_PLACEMENT_2D('',#1930,#1931);
#1930 = CARTESIAN_POINT('',(-62.,-70.4));
#1931 = DIRECTION('',(0.736842105263,-0.676064872561));
#1932 = ( GEOMETRIC_REPRESENTATION_CONTEXT(2) 
PARAMETRIC_REPRESENTATION_CONTEXT() REPRESENTATION_CONTEXT('2D SPACE',''
  ) );
#1933 = PCURVE('',#1934,#1939);
#1934 = TOROIDAL_SURFACE('',#1935,5.55,0.8);
#1935 = AXIS2_PLACEMENT_3D('',#1936,#1937,#1938);
#1936 = CARTESIAN_POINT('',(-62.,-70.4,3.2));
#1937 = DIRECTION('',(-0.,-0.,-1.));
#1938 = DIRECTION('',(0.736842105263,-0.676064872561,0.));
#1939 = DEFINITIONAL_REPRESENTATION('',(#1940),#1944);
#1940 = LINE('',#1941,#1942);
#1941 = CARTESIAN_POINT('',(-0.,4.712388980385));
#1942 = VECTOR('',#1943,1.);
#1943 = DIRECTION('',(-1.,0.));
#1944 = ( GEOMETRIC_REPRESENTATION_CONTEXT(2) 
PARAMETRIC_REPRESENTATION_CONTEXT() REPRESENTATION_CONTEXT('2D SPACE',''
  ) );
#1945 = ORIENTED_EDGE('',*,*,#1946,.F.);
#1946 = EDGE_CURVE('',#1947,#1918,#1949,.T.);
#1947 = VERTEX_POINT('',#1948);
#1948 = CARTESIAN_POINT('',(-57.7,-74.,4.));
#1949 = SURFACE_CURVE('',#1950,(#1954,#1961),.PCURVE_S1.);
#1950 = LINE('',#1951,#1952);
#1951 = CARTESIAN_POINT('',(-57.7,-74.8,4.));
#1952 = VECTOR('',#1953,1.);
#1953 = DIRECTION('',(2.22044604925E-16,1.,0.));
#1954 = PCURVE('',#358,#1955);
#1955 = DEFINITIONAL_REPRESENTATION('',(#1956),#1960);
#1956 = LINE('',#1957,#1958);
#1957 = CARTESIAN_POINT('',(-57.7,-74.8));
#1958 = VECTOR('',#1959,1.);
#1959 = DIRECTION('',(2.22044604925E-16,1.));
#1960 = ( GEOMETRIC_REPRESENTATION_CONTEXT(2) 
PARAMETRIC_REPRESENTATION_CONTEXT() REPRESENTATION_CONTEXT('2D SPACE',''
  ) );
#1961 = PCURVE('',#1962,#1967);
#1962 = CYLINDRICAL_SURFACE('',#1963,0.8);
#1963 = AXIS2_PLACEMENT_3D('',#1964,#1965,#1966);
#1964 = CARTESIAN_POINT('',(-57.7,-74.8,3.2));
#1965 = DIRECTION('',(2.22044604925E-16,1.,0.));
#1966 = DIRECTION('',(-1.,2.22044604925E-16,0.));
#1967 = DEFINITIONAL_REPRESENTATION('',(#1968),#1972);
#1968 = LINE('',#1969,#1970);
#1969 = CARTESIAN_POINT('',(1.570796326795,0.));
#1970 = VECTOR('',#1971,1.);
#1971 = DIRECTION('',(0.,1.));
#1972 = ( GEOMETRIC_REPRESENTATION_CONTEXT(2) 
PARAMETRIC_REPRESENTATION_CONTEXT() REPRESENTATION_CONTEXT('2D SPACE',''
  ) );
#1973 = ORIENTED_EDGE('',*,*,#1974,.T.);
#1974 = EDGE_CURVE('',#1947,#1975,#1977,.T.);
#1975 = VERTEX_POINT('',#1976);
#1976 = CARTESIAN_POINT('',(-50.5,-74.,4.));
#1977 = SURFACE_CURVE('',#1978,(#1982,#1989),.PCURVE_S1.);
#1978 = LINE('',#1979,#1980);
#1979 = CARTESIAN_POINT('',(-58.5,-74.,4.));
#1980 = VECTOR('',#1981,1.);
#1981 = DIRECTION('',(1.,0.,-0.));
#1982 = PCURVE('',#358,#1983);
#1983 = DEFINITIONAL_REPRESENTATION('',(#1984),#1988);
#1984 = LINE('',#1985,#1986);
#1985 = CARTESIAN_POINT('',(-58.5,-74.));
#1986 = VECTOR('',#1987,1.);
#1987 = DIRECTION('',(1.,0.));
#1988 = ( GEOMETRIC_REPRESENTATION_CONTEXT(2) 
PARAMETRIC_REPRESENTATION_CONTEXT() REPRESENTATION_CONTEXT('2D SPACE',''
  ) );
#1989 = PCURVE('',#1990,#1995);
#1990 = CYLINDRICAL_SURFACE('',#1991,0.8);
#1991 = AXIS2_PLACEMENT_3D('',#1992,#1993,#1994);
#1992 = CARTESIAN_POINT('',(-58.5,-74.,3.2));
#1993 = DIRECTION('',(1.,0.,-0.));
#1994 = DIRECTION('',(0.,-1.,-0.));
#1995 = DEFINITIONAL_REPRESENTATION('',(#1996),#2000);
#1996 = LINE('',#1997,#1998);
#1997 = CARTESIAN_POINT('',(-1.570796326795,0.));
#1998 = VECTOR('',#1999,1.);
#1999 = DIRECTION('',(-0.,1.));
#2000 = ( GEOMETRIC_REPRESENTATION_CONTEXT(2) 
PARAMETRIC_REPRESENTATION_CONTEXT() REPRESENTATION_CONTEXT('2D SPACE',''
  ) );
#2001 = ORIENTED_EDGE('',*,*,#2002,.T.);
#2002 = EDGE_CURVE('',#1975,#2003,#2005,.T.);
#2003 = VERTEX_POINT('',#2004);
#2004 = CARTESIAN_POINT('',(-50.5,-25.5,4.));
#2005 = SURFACE_CURVE('',#2006,(#2010,#2017),.PCURVE_S1.);
#2006 = LINE('',#2007,#2008);
#2007 = CARTESIAN_POINT('',(-50.5,-75.8,4.));
#2008 = VECTOR('',#2009,1.);
#2009 = DIRECTION('',(0.,1.,0.));
#2010 = PCURVE('',#358,#2011);
#2011 = DEFINITIONAL_REPRESENTATION('',(#2012),#2016);
#2012 = LINE('',#2013,#2014);
#2013 = CARTESIAN_POINT('',(-50.5,-75.8));
#2014 = VECTOR('',#2015,1.);
#2015 = DIRECTION('',(0.,1.));
#2016 = ( GEOMETRIC_REPRESENTATION_CONTEXT(2) 
PARAMETRIC_REPRESENTATION_CONTEXT() REPRESENTATION_CONTEXT('2D SPACE',''
  ) );
#2017 = PCURVE('',#2018,#2023);
#2018 = PLANE('',#2019);
#2019 = AXIS2_PLACEMENT_3D('',#2020,#2021,#2022);
#2020 = CARTESIAN_POINT('',(-50.5,-75.8,4.));
#2021 = DIRECTION('',(0.707106781187,0.,0.707106781187));
#2022 = DIRECTION('',(0.707106781187,0.,-0.707106781187));
#2023 = DEFINITIONAL_REPRESENTATION('',(#2024),#2028);
#2024 = LINE('',#2025,#2026);
#2025 = CARTESIAN_POINT('',(0.,0.));
#2026 = VECTOR('',#2027,1.);
#2027 = DIRECTION('',(0.,1.));
#2028 = ( GEOMETRIC_REPRESENTATION_CONTEXT(2) 
PARAMETRIC_REPRESENTATION_CONTEXT() REPRESENTATION_CONTEXT('2D SPACE',''
  ) );
#2029 = ORIENTED_EDGE('',*,*,#2030,.F.);
#2030 = EDGE_CURVE('',#2031,#2003,#2033,.T.);
#2031 = VERTEX_POINT('',#2032);
#2032 = CARTESIAN_POINT('',(-99.,-25.5,4.));
#2033 = SURFACE_CURVE('',#2034,(#2038,#2045),.PCURVE_S1.);
#2034 = LINE('',#2035,#2036);
#2035 = CARTESIAN_POINT('',(-100.8,-25.5,4.));
#2036 = VECTOR('',#2037,1.);
#2037 = DIRECTION('',(1.,0.,0.));
#2038 = PCURVE('',#358,#2039);
#2039 = DEFINITIONAL_REPRESENTATION('',(#2040),#2044);
#2040 = LINE('',#2041,#2042);
#2041 = CARTESIAN_POINT('',(-100.8,-25.5));
#2042 = VECTOR('',#2043,1.);
#2043 = DIRECTION('',(1.,0.));
#2044 = ( GEOMETRIC_REPRESENTATION_CONTEXT(2) 
PARAMETRIC_REPRESENTATION_CONTEXT() REPRESENTATION_CONTEXT('2D SPACE',''
  ) );
#2045 = PCURVE('',#2046,#2051);
#2046 = PLANE('',#2047);
#2047 = AXIS2_PLACEMENT_3D('',#2048,#2049,#2050);
#2048 = CARTESIAN_POINT('',(-100.8,-25.,3.5));
#2049 = DIRECTION('',(0.,0.707106781187,0.707106781187));
#2050 = DIRECTION('',(0.,-0.707106781187,0.707106781187));
#2051 = DEFINITIONAL_REPRESENTATION('',(#2052),#2056);
#2052 = LINE('',#2053,#2054);
#2053 = CARTESIAN_POINT('',(0.707106781187,0.));
#2054 = VECTOR('',#2055,1.);
#2055 = DIRECTION('',(0.,1.));
#2056 = ( GEOMETRIC_REPRESENTATION_CONTEXT(2) 
PARAMETRIC_REPRESENTATION_CONTEXT() REPRESENTATION_CONTEXT('2D SPACE',''
  ) );
#2057 = ORIENTED_EDGE('',*,*,#2058,.F.);
#2058 = EDGE_CURVE('',#2059,#2031,#2061,.T.);
#2059 = VERTEX_POINT('',#2060);
#2060 = CARTESIAN_POINT('',(-99.,-32.7,4.));
#2061 = SURFACE_CURVE('',#2062,(#2066,#2073),.PCURVE_S1.);
#2062 = LINE('',#2063,#2064);
#2063 = CARTESIAN_POINT('',(-99.,-33.5,4.));
#2064 = VECTOR('',#2065,1.);
#2065 = DIRECTION('',(-0.,1.,0.));
#2066 = PCURVE('',#358,#2067);
#2067 = DEFINITIONAL_REPRESENTATION('',(#2068),#2072);
#2068 = LINE('',#2069,#2070);
#2069 = CARTESIAN_POINT('',(-99.,-33.5));
#2070 = VECTOR('',#2071,1.);
#2071 = DIRECTION('',(0.,1.));
#2072 = ( GEOMETRIC_REPRESENTATION_CONTEXT(2) 
PARAMETRIC_REPRESENTATION_CONTEXT() REPRESENTATION_CONTEXT('2D SPACE',''
  ) );
#2073 = PCURVE('',#2074,#2079);
#2074 = CYLINDRICAL_SURFACE('',#2075,0.8);
#2075 = AXIS2_PLACEMENT_3D('',#2076,#2077,#2078);
#2076 = CARTESIAN_POINT('',(-99.,-33.5,3.2));
#2077 = DIRECTION('',(-0.,1.,0.));
#2078 = DIRECTION('',(-1.,-0.,0.));
#2079 = DEFINITIONAL_REPRESENTATION('',(#2080),#2084);
#2080 = LINE('',#2081,#2082);
#2081 = CARTESIAN_POINT('',(1.570796326795,0.));
#2082 = VECTOR('',#2083,1.);
#2083 = DIRECTION('',(0.,1.));
#2084 = ( GEOMETRIC_REPRESENTATION_CONTEXT(2) 
PARAMETRIC_REPRESENTATION_CONTEXT() REPRESENTATION_CONTEXT('2D SPACE',''
  ) );
#2085 = ORIENTED_EDGE('',*,*,#2086,.T.);
#2086 = EDGE_CURVE('',#2059,#2087,#2089,.T.);
#2087 = VERTEX_POINT('',#2088);
#2088 = CARTESIAN_POINT('',(-98.9089172119,-32.7,4.));
#2089 = SURFACE_CURVE('',#2090,(#2094,#2101),.PCURVE_S1.);
#2090 = LINE('',#2091,#2092);
#2091 = CARTESIAN_POINT('',(-99.8,-32.7,4.));
#2092 = VECTOR('',#2093,1.);
#2093 = DIRECTION('',(1.,0.,-0.));
#2094 = PCURVE('',#358,#2095);
#2095 = DEFINITIONAL_REPRESENTATION('',(#2096),#2100);
#2096 = LINE('',#2097,#2098);
#2097 = CARTESIAN_POINT('',(-99.8,-32.7));
#2098 = VECTOR('',#2099,1.);
#2099 = DIRECTION('',(1.,0.));
#2100 = ( GEOMETRIC_REPRESENTATION_CONTEXT(2) 
PARAMETRIC_REPRESENTATION_CONTEXT() REPRESENTATION_CONTEXT('2D SPACE',''
  ) );
#2101 = PCURVE('',#2102,#2107);
#2102 = CYLINDRICAL_SURFACE('',#2103,0.8);
#2103 = AXIS2_PLACEMENT_3D('',#2104,#2105,#2106);
#2104 = CARTESIAN_POINT('',(-99.8,-32.7,3.2));
#2105 = DIRECTION('',(1.,0.,-0.));
#2106 = DIRECTION('',(0.,-1.,-0.));
#2107 = DEFINITIONAL_REPRESENTATION('',(#2108),#2112);
#2108 = LINE('',#2109,#2110);
#2109 = CARTESIAN_POINT('',(-1.570796326795,0.));
#2110 = VECTOR('',#2111,1.);
#2111 = DIRECTION('',(-0.,1.));
#2112 = ( GEOMETRIC_REPRESENTATION_CONTEXT(2) 
PARAMETRIC_REPRESENTATION_CONTEXT() REPRESENTATION_CONTEXT('2D SPACE',''
  ) );
#2113 = ORIENTED_EDGE('',*,*,#2114,.F.);
#2114 = EDGE_CURVE('',#2115,#2087,#2117,.T.);
#2115 = VERTEX_POINT('',#2116);
#2116 = CARTESIAN_POINT('',(-98.9089172119,-41.3,4.));
#2117 = SURFACE_CURVE('',#2118,(#2123,#2130),.PCURVE_S1.);
#2118 = CIRCLE('',#2119,5.55);
#2119 = AXIS2_PLACEMENT_3D('',#2120,#2121,#2122);
#2120 = CARTESIAN_POINT('',(-95.4,-37.,4.));
#2121 = DIRECTION('',(0.,0.,1.));
#2122 = DIRECTION('',(-0.676064872561,-0.736842105263,0.));
#2123 = PCURVE('',#358,#2124);
#2124 = DEFINITIONAL_REPRESENTATION('',(#2125),#2129);
#2125 = CIRCLE('',#2126,5.55);
#2126 = AXIS2_PLACEMENT_2D('',#2127,#2128);
#2127 = CARTESIAN_POINT('',(-95.4,-37.));
#2128 = DIRECTION('',(-0.676064872561,-0.736842105263));
#2129 = ( GEOMETRIC_REPRESENTATION_CONTEXT(2) 
PARAMETRIC_REPRESENTATION_CONTEXT() REPRESENTATION_CONTEXT('2D SPACE',''
  ) );
#2130 = PCURVE('',#2131,#2136);
#2131 = TOROIDAL_SURFACE('',#2132,5.55,0.8);
#2132 = AXIS2_PLACEMENT_3D('',#2133,#2134,#2135);
#2133 = CARTESIAN_POINT('',(-95.4,-37.,3.2));
#2134 = DIRECTION('',(-0.,-0.,-1.));
#2135 = DIRECTION('',(-0.676064872561,-0.736842105263,0.));
#2136 = DEFINITIONAL_REPRESENTATION('',(#2137),#2141);
#2137 = LINE('',#2138,#2139);
#2138 = CARTESIAN_POINT('',(-0.,4.712388980385));
#2139 = VECTOR('',#2140,1.);
#2140 = DIRECTION('',(-1.,0.));
#2141 = ( GEOMETRIC_REPRESENTATION_CONTEXT(2) 
PARAMETRIC_REPRESENTATION_CONTEXT() REPRESENTATION_CONTEXT('2D SPACE',''
  ) );
#2142 = ORIENTED_EDGE('',*,*,#2143,.F.);
#2143 = EDGE_CURVE('',#343,#2115,#2144,.T.);
#2144 = SURFACE_CURVE('',#2145,(#2149,#2156),.PCURVE_S1.);
#2145 = LINE('',#2146,#2147);
#2146 = CARTESIAN_POINT('',(-99.8,-41.3,4.));
#2147 = VECTOR('',#2148,1.);
#2148 = DIRECTION('',(1.,0.,-0.));
#2149 = PCURVE('',#358,#2150);
#2150 = DEFINITIONAL_REPRESENTATION('',(#2151),#2155);
#2151 = LINE('',#2152,#2153);
#2152 = CARTESIAN_POINT('',(-99.8,-41.3));
#2153 = VECTOR('',#2154,1.);
#2154 = DIRECTION('',(1.,0.));
#2155 = ( GEOMETRIC_REPRESENTATION_CONTEXT(2) 
PARAMETRIC_REPRESENTATION_CONTEXT() REPRESENTATION_CONTEXT('2D SPACE',''
  ) );
#2156 = PCURVE('',#390,#2157);
#2157 = DEFINITIONAL_REPRESENTATION('',(#2158),#2162);
#2158 = LINE('',#2159,#2160);
#2159 = CARTESIAN_POINT('',(1.570796326795,0.));
#2160 = VECTOR('',#2161,1.);
#2161 = DIRECTION('',(0.,1.));
#2162 = ( GEOMETRIC_REPRESENTATION_CONTEXT(2) 
PARAMETRIC_REPRESENTATION_CONTEXT() REPRESENTATION_CONTEXT('2D SPACE',''
  ) );
#2163 = FACE_BOUND('',#2164,.T.);
#2164 = EDGE_LOOP('',(#2165));
#2165 = ORIENTED_EDGE('',*,*,#2166,.F.);
#2166 = EDGE_CURVE('',#2167,#2167,#2169,.T.);
#2167 = VERTEX_POINT('',#2168);
#2168 = CARTESIAN_POINT('',(-73.4,-71.5,4.));
#2169 = SURFACE_CURVE('',#2170,(#2175,#2182),.PCURVE_S1.);
#2170 = CIRCLE('',#2171,1.6);
#2171 = AXIS2_PLACEMENT_3D('',#2172,#2173,#2174);
#2172 = CARTESIAN_POINT('',(-75.,-71.5,4.));
#2173 = DIRECTION('',(0.,0.,1.));
#2174 = DIRECTION('',(1.,0.,-0.));
#2175 = PCURVE('',#358,#2176);
#2176 = DEFINITIONAL_REPRESENTATION('',(#2177),#2181);
#2177 = CIRCLE('',#2178,1.6);
#2178 = AXIS2_PLACEMENT_2D('',#2179,#2180);
#2179 = CARTESIAN_POINT('',(-75.,-71.5));
#2180 = DIRECTION('',(1.,0.));
#2181 = ( GEOMETRIC_REPRESENTATION_CONTEXT(2) 
PARAMETRIC_REPRESENTATION_CONTEXT() REPRESENTATION_CONTEXT('2D SPACE',''
  ) );
#2182 = PCURVE('',#2183,#2188);
#2183 = CYLINDRICAL_SURFACE('',#2184,1.6);
#2184 = AXIS2_PLACEMENT_3D('',#2185,#2186,#2187);
#2185 = CARTESIAN_POINT('',(-75.,-71.5,4.));
#2186 = DIRECTION('',(0.,0.,1.));
#2187 = DIRECTION('',(1.,0.,-0.));
#2188 = DEFINITIONAL_REPRESENTATION('',(#2189),#2193);
#2189 = LINE('',#2190,#2191);
#2190 = CARTESIAN_POINT('',(0.,0.));
#2191 = VECTOR('',#2192,1.);
#2192 = DIRECTION('',(1.,0.));
#2193 = ( GEOMETRIC_REPRESENTATION_CONTEXT(2) 
PARAMETRIC_REPRESENTATION_CONTEXT() REPRESENTATION_CONTEXT('2D SPACE',''
  ) );
#2194 = FACE_BOUND('',#2195,.T.);
#2195 = EDGE_LOOP('',(#2196));
#2196 = ORIENTED_EDGE('',*,*,#2197,.F.);
#2197 = EDGE_CURVE('',#2198,#2198,#2200,.T.);
#2198 = VERTEX_POINT('',#2199);
#2199 = CARTESIAN_POINT('',(-94.9,-50.,4.));
#2200 = SURFACE_CURVE('',#2201,(#2206,#2213),.PCURVE_S1.);
#2201 = CIRCLE('',#2202,1.6);
#2202 = AXIS2_PLACEMENT_3D('',#2203,#2204,#2205);
#2203 = CARTESIAN_POINT('',(-96.5,-50.,4.));
#2204 = DIRECTION('',(0.,0.,1.));
#2205 = DIRECTION('',(1.,0.,-0.));
#2206 = PCURVE('',#358,#2207);
#2207 = DEFINITIONAL_REPRESENTATION('',(#2208),#2212);
#2208 = CIRCLE('',#2209,1.6);
#2209 = AXIS2_PLACEMENT_2D('',#2210,#2211);
#2210 = CARTESIAN_POINT('',(-96.5,-50.));
#2211 = DIRECTION('',(1.,0.));
#2212 = ( GEOMETRIC_REPRESENTATION_CONTEXT(2) 
PARAMETRIC_REPRESENTATION_CONTEXT() REPRESENTATION_CONTEXT('2D SPACE',''
  ) );
#2213 = PCURVE('',#2214,#2219);
#2214 = CYLINDRICAL_SURFACE('',#2215,1.6);
#2215 = AXIS2_PLACEMENT_3D('',#2216,#2217,#2218);
#2216 = CARTESIAN_POINT('',(-96.5,-50.,4.));
#2217 = DIRECTION('',(0.,0.,1.));
#2218 = DIRECTION('',(1.,0.,-0.));
#2219 = DEFINITIONAL_REPRESENTATION('',(#2220),#2224);
#2220 = LINE('',#2221,#2222);
#2221 = CARTESIAN_POINT('',(0.,0.));
#2222 = VECTOR('',#2223,1.);
#2223 = DIRECTION('',(1.,0.));
#2224 = ( GEOMETRIC_REPRESENTATION_CONTEXT(2) 
PARAMETRIC_REPRESENTATION_CONTEXT() REPRESENTATION_CONTEXT('2D SPACE',''
  ) );
#2225 = FACE_BOUND('',#2226,.T.);
#2226 = EDGE_LOOP('',(#2227));
#2227 = ORIENTED_EDGE('',*,*,#2228,.F.);
#2228 = EDGE_CURVE('',#2229,#2229,#2231,.T.);
#2229 = VERTEX_POINT('',#2230);
#2230 = CARTESIAN_POINT('',(-73.4,-28.5,4.));
#2231 = SURFACE_CURVE('',#2232,(#2237,#2244),.PCURVE_S1.);
#2232 = CIRCLE('',#2233,1.6);
#2233 = AXIS2_PLACEMENT_3D('',#2234,#2235,#2236);
#2234 = CARTESIAN_POINT('',(-75.,-28.5,4.));
#2235 = DIRECTION('',(0.,0.,1.));
#2236 = DIRECTION('',(1.,0.,-0.));
#2237 = PCURVE('',#358,#2238);
#2238 = DEFINITIONAL_REPRESENTATION('',(#2239),#2243);
#2239 = CIRCLE('',#2240,1.6);
#2240 = AXIS2_PLACEMENT_2D('',#2241,#2242);
#2241 = CARTESIAN_POINT('',(-75.,-28.5));
#2242 = DIRECTION('',(1.,0.));
#2243 = ( GEOMETRIC_REPRESENTATION_CONTEXT(2) 
PARAMETRIC_REPRESENTATION_CONTEXT() REPRESENTATION_CONTEXT('2D SPACE',''
  ) );
#2244 = PCURVE('',#2245,#2250);
#2245 = CYLINDRICAL_SURFACE('',#2246,1.6);
#2246 = AXIS2_PLACEMENT_3D('',#2247,#2248,#2249);
#2247 = CARTESIAN_POINT('',(-75.,-28.5,4.));
#2248 = DIRECTION('',(0.,0.,1.));
#2249 = DIRECTION('',(1.,0.,-0.));
#2250 = DEFINITIONAL_REPRESENTATION('',(#2251),#2255);
#2251 = LINE('',#2252,#2253);
#2252 = CARTESIAN_POINT('',(0.,0.));
#2253 = VECTOR('',#2254,1.);
#2254 = DIRECTION('',(1.,0.));
#2255 = ( GEOMETRIC_REPRESENTATION_CONTEXT(2) 
PARAMETRIC_REPRESENTATION_CONTEXT() REPRESENTATION_CONTEXT('2D SPACE',''
  ) );
#2256 = FACE_BOUND('',#2257,.T.);
#2257 = EDGE_LOOP('',(#2258));
#2258 = ORIENTED_EDGE('',*,*,#2259,.F.);
#2259 = EDGE_CURVE('',#2260,#2260,#2262,.T.);
#2260 = VERTEX_POINT('',#2261);
#2261 = CARTESIAN_POINT('',(-51.9,-50.,4.));
#2262 = SURFACE_CURVE('',#2263,(#2268,#2275),.PCURVE_S1.);
#2263 = CIRCLE('',#2264,1.6);
#2264 = AXIS2_PLACEMENT_3D('',#2265,#2266,#2267);
#2265 = CARTESIAN_POINT('',(-53.5,-50.,4.));
#2266 = DIRECTION('',(0.,0.,1.));
#2267 = DIRECTION('',(1.,0.,-0.));
#2268 = PCURVE('',#358,#2269);
#2269 = DEFINITIONAL_REPRESENTATION('',(#2270),#2274);
#2270 = CIRCLE('',#2271,1.6);
#2271 = AXIS2_PLACEMENT_2D('',#2272,#2273);
#2272 = CARTESIAN_POINT('',(-53.5,-50.));
#2273 = DIRECTION('',(1.,0.));
#2274 = ( GEOMETRIC_REPRESENTATION_CONTEXT(2) 
PARAMETRIC_REPRESENTATION_CONTEXT() REPRESENTATION_CONTEXT('2D SPACE',''
  ) );
#2275 = PCURVE('',#2276,#2281);
#2276 = CYLINDRICAL_SURFACE('',#2277,1.6);
#2277 = AXIS2_PLACEMENT_3D('',#2278,#2279,#2280);
#2278 = CARTESIAN_POINT('',(-53.5,-50.,4.));
#2279 = DIRECTION('',(0.,0.,1.));
#2280 = DIRECTION('',(1.,0.,-0.));
#2281 = DEFINITIONAL_REPRESENTATION('',(#2282),#2286);
#2282 = LINE('',#2283,#2284);
#2283 = CARTESIAN_POINT('',(0.,0.));
#2284 = VECTOR('',#2285,1.);
#2285 = DIRECTION('',(1.,0.));
#2286 = ( GEOMETRIC_REPRESENTATION_CONTEXT(2) 
PARAMETRIC_REPRESENTATION_CONTEXT() REPRESENTATION_CONTEXT('2D SPACE',''
  ) );
#2287 = ADVANCED_FACE('',(#2288),#390,.T.);
#2288 = FACE_BOUND('',#2289,.T.);
#2289 = EDGE_LOOP('',(#2290,#2291,#2292,#2370));
#2290 = ORIENTED_EDGE('',*,*,#370,.T.);
#2291 = ORIENTED_EDGE('',*,*,#2143,.T.);
#2292 = ORIENTED_EDGE('',*,*,#2293,.F.);
#2293 = EDGE_CURVE('',#413,#2115,#2294,.T.);
#2294 = SURFACE_CURVE('',#2295,(#2318,#2344),.PCURVE_S1.);
#2295 = B_SPLINE_CURVE_WITH_KNOTS('',6,(#2296,#2297,#2298,#2299,#2300,
    #2301,#2302,#2303,#2304,#2305,#2306,#2307,#2308,#2309,#2310,#2311,
    #2312,#2313,#2314,#2315,#2316,#2317),.UNSPECIFIED.,.F.,.F.,(7,5,5,5,
    7),(0.,0.438656155049,0.691710081781,0.945880623315,1.),
  .UNSPECIFIED.);
#2296 = CARTESIAN_POINT('',(-98.61130814466,-40.5,3.2));
#2297 = CARTESIAN_POINT('',(-98.61130814466,-40.5,3.293405276508));
#2298 = CARTESIAN_POINT('',(-98.61640203258,-40.51308684943,
    3.386838899114));
#2299 = CARTESIAN_POINT('',(-98.62659657626,-40.53927508688,
    3.477756443784));
#2300 = CARTESIAN_POINT('',(-98.64153396803,-40.57781101369,
    3.563769019722));
#2301 = CARTESIAN_POINT('',(-98.66061165348,-40.62743297157,
    3.642861475863));
#2302 = CARTESIAN_POINT('',(-98.69608019596,-40.72059051529,
    3.75416994265));
#2303 = CARTESIAN_POINT('',(-98.71019572796,-40.75782628617,
    3.792070670674));
#2304 = CARTESIAN_POINT('',(-98.72531569669,-40.79791535786,
    3.826855295937));
#2305 = CARTESIAN_POINT('',(-98.74129595218,-40.84052824295,
    3.858279046575));
#2306 = CARTESIAN_POINT('',(-98.75798920605,-40.88531741962,
    3.886144416646));
#2307 = CARTESIAN_POINT('',(-98.79258834757,-40.97874204074,
    3.934556669363));
#2308 = CARTESIAN_POINT('',(-98.81049919805,-41.02739343398,
    3.955070629362));
#2309 = CARTESIAN_POINT('',(-98.82883632875,-41.07752046697,
    3.971683629799));
#2310 = CARTESIAN_POINT('',(-98.84745463472,-41.12875214817,
    3.984282674582));
#2311 = CARTESIAN_POINT('',(-98.86621248988,-41.18071082108,
    3.992795829113));
#2312 = CARTESIAN_POINT('',(-98.88896809345,-41.24415295988,
    3.99812656787));
#2313 = CARTESIAN_POINT('',(-98.89296290583,-41.25530573105,
    3.998875656228));
#2314 = CARTESIAN_POINT('',(-98.89695653113,-41.2664705136,
    3.999437727798));
#2315 = CARTESIAN_POINT('',(-98.90094765751,-41.27764361846,
    3.999812556517));
#2316 = CARTESIAN_POINT('',(-98.90493498227,-41.28882134879,
    4.000000000091));
#2317 = CARTESIAN_POINT('',(-98.9089172119,-41.3,4.));
#2318 = PCURVE('',#390,#2319);
#2319 = DEFINITIONAL_REPRESENTATION('',(#2320),#2343);
#2320 = B_SPLINE_CURVE_WITH_KNOTS('',6,(#2321,#2322,#2323,#2324,#2325,
    #2326,#2327,#2328,#2329,#2330,#2331,#2332,#2333,#2334,#2335,#2336,
    #2337,#2338,#2339,#2340,#2341,#2342),.UNSPECIFIED.,.F.,.F.,(7,5,5,5,
    7),(0.,0.438656155049,0.691710081781,0.945880623315,1.),
  .UNSPECIFIED.);
#2321 = CARTESIAN_POINT('',(0.,1.188691855333));
#2322 = CARTESIAN_POINT('',(0.116756595636,1.188691855333));
#2323 = CARTESIAN_POINT('',(0.233547991854,1.183597967415));
#2324 = CARTESIAN_POINT('',(0.350063040083,1.173403423731));
#2325 = CARTESIAN_POINT('',(0.466173188764,1.158466031963));
#2326 = CARTESIAN_POINT('',(0.581798882242,1.139388346511));
#2327 = CARTESIAN_POINT('',(0.763233713557,1.10391980404));
#2328 = CARTESIAN_POINT('',(0.829437293298,1.089804272036));
#2329 = CARTESIAN_POINT('',(0.895469950026,1.074684303306));
#2330 = CARTESIAN_POINT('',(0.961343796039,1.058704047811));
#2331 = CARTESIAN_POINT('',(1.027078533843,1.042010793942));
#2332 = CARTESIAN_POINT('',(1.158607440151,1.007411652422));
#2333 = CARTESIAN_POINT('',(1.224400514833,0.989500801943));
#2334 = CARTESIAN_POINT('',(1.290103309828,0.971163671244));
#2335 = CARTESIAN_POINT('',(1.355744982122,0.952545365279));
#2336 = CARTESIAN_POINT('',(1.421356310365,0.933787510118));
#2337 = CARTESIAN_POINT('',(1.500938439248,0.911031906541));
#2338 = CARTESIAN_POINT('',(1.514908850315,0.907037094167));
#2339 = CARTESIAN_POINT('',(1.528879557933,0.903043468863));
#2340 = CARTESIAN_POINT('',(1.542850850256,0.899052342488));
#2341 = CARTESIAN_POINT('',(1.55682301247,0.895065017728));
#2342 = CARTESIAN_POINT('',(1.570796326795,0.891082788098));
#2343 = ( GEOMETRIC_REPRESENTATION_CONTEXT(2) 
PARAMETRIC_REPRESENTATION_CONTEXT() REPRESENTATION_CONTEXT('2D SPACE',''
  ) );
#2344 = PCURVE('',#2131,#2345);
#2345 = DEFINITIONAL_REPRESENTATION('',(#2346),#2369);
#2346 = B_SPLINE_CURVE_WITH_KNOTS('',6,(#2347,#2348,#2349,#2350,#2351,
    #2352,#2353,#2354,#2355,#2356,#2357,#2358,#2359,#2360,#2361,#2362,
    #2363,#2364,#2365,#2366,#2367,#2368),.UNSPECIFIED.,.F.,.F.,(7,5,5,5,
    7),(0.,0.438656155049,0.691710081781,0.945880623315,1.),
  .UNSPECIFIED.);
#2347 = CARTESIAN_POINT('',(1.305622276959E-13,3.14159265359));
#2348 = CARTESIAN_POINT('',(1.305622276959E-13,3.258349249225));
#2349 = CARTESIAN_POINT('',(-1.072320489492E-03,3.375140645443));
#2350 = CARTESIAN_POINT('',(-3.218914420082E-03,3.491655693673));
#2351 = CARTESIAN_POINT('',(-6.340479253456E-03,3.607765842354));
#2352 = CARTESIAN_POINT('',(-1.027044580799E-02,3.723391535832));
#2353 = CARTESIAN_POINT('',(-1.745538880449E-02,3.904826367147));
#2354 = CARTESIAN_POINT('',(-2.029304195835E-02,3.971029946888));
#2355 = CARTESIAN_POINT('',(-2.330548628238E-02,4.037062603615));
#2356 = CARTESIAN_POINT('',(-2.645753588819E-02,4.102936449629));
#2357 = CARTESIAN_POINT('',(-2.971491323418E-02,4.168671187432));
#2358 = CARTESIAN_POINT('',(-3.639180046357E-02,4.30020009374));
#2359 = CARTESIAN_POINT('',(-3.981194420614E-02,4.365993168422));
#2360 = CARTESIAN_POINT('',(-4.327425151167E-02,4.431695963418));
#2361 = CARTESIAN_POINT('',(-4.674902399531E-02,4.497337635712));
#2362 = CARTESIAN_POINT('',(-5.020926818906E-02,4.562948963955));
#2363 = CARTESIAN_POINT('',(-5.435946655955E-02,4.642531092837));
#2364 = CARTESIAN_POINT('',(-5.508627012682E-02,4.656501503904));
#2365 = CARTESIAN_POINT('',(-5.581108897991E-02,4.670472211523));
#2366 = CARTESIAN_POINT('',(-5.653369520642E-02,4.684443503846));
#2367 = CARTESIAN_POINT('',(-5.725386630337E-02,4.69841566606));
#2368 = CARTESIAN_POINT('',(-5.797138517716E-02,4.712388980385));
#2369 = ( GEOMETRIC_REPRESENTATION_CONTEXT(2) 
PARAMETRIC_REPRESENTATION_CONTEXT() REPRESENTATION_CONTEXT('2D SPACE',''
  ) );
#2370 = ORIENTED_EDGE('',*,*,#412,.F.);
#2371 = ADVANCED_FACE('',(#2372),#451,.F.);
#2372 = FACE_BOUND('',#2373,.T.);
#2373 = EDGE_LOOP('',(#2374,#2375,#2399,#2427));
#2374 = ORIENTED_EDGE('',*,*,#435,.T.);
#2375 = ORIENTED_EDGE('',*,*,#2376,.T.);
#2376 = EDGE_CURVE('',#413,#2377,#2379,.T.);
#2377 = VERTEX_POINT('',#2378);
#2378 = CARTESIAN_POINT('',(-98.61130814466,-33.5,3.2));
#2379 = SURFACE_CURVE('',#2380,(#2385,#2392),.PCURVE_S1.);
#2380 = CIRCLE('',#2381,4.75);
#2381 = AXIS2_PLACEMENT_3D('',#2382,#2383,#2384);
#2382 = CARTESIAN_POINT('',(-95.4,-37.,3.2));
#2383 = DIRECTION('',(0.,0.,1.));
#2384 = DIRECTION('',(-0.676064872561,-0.736842105263,0.));
#2385 = PCURVE('',#451,#2386);
#2386 = DEFINITIONAL_REPRESENTATION('',(#2387),#2391);
#2387 = LINE('',#2388,#2389);
#2388 = CARTESIAN_POINT('',(-0.,-3.2));
#2389 = VECTOR('',#2390,1.);
#2390 = DIRECTION('',(-1.,0.));
#2391 = ( GEOMETRIC_REPRESENTATION_CONTEXT(2) 
PARAMETRIC_REPRESENTATION_CONTEXT() REPRESENTATION_CONTEXT('2D SPACE',''
  ) );
#2392 = PCURVE('',#2131,#2393);
#2393 = DEFINITIONAL_REPRESENTATION('',(#2394),#2398);
#2394 = LINE('',#2395,#2396);
#2395 = CARTESIAN_POINT('',(-0.,3.14159265359));
#2396 = VECTOR('',#2397,1.);
#2397 = DIRECTION('',(-1.,0.));
#2398 = ( GEOMETRIC_REPRESENTATION_CONTEXT(2) 
PARAMETRIC_REPRESENTATION_CONTEXT() REPRESENTATION_CONTEXT('2D SPACE',''
  ) );
#2399 = ORIENTED_EDGE('',*,*,#2400,.F.);
#2400 = EDGE_CURVE('',#2401,#2377,#2403,.T.);
#2401 = VERTEX_POINT('',#2402);
#2402 = CARTESIAN_POINT('',(-98.61130814466,-33.5,0.4));
#2403 = SURFACE_CURVE('',#2404,(#2408,#2415),.PCURVE_S1.);
#2404 = LINE('',#2405,#2406);
#2405 = CARTESIAN_POINT('',(-98.61130814466,-33.5,0.));
#2406 = VECTOR('',#2407,1.);
#2407 = DIRECTION('',(0.,0.,1.));
#2408 = PCURVE('',#451,#2409);
#2409 = DEFINITIONAL_REPRESENTATION('',(#2410),#2414);
#2410 = LINE('',#2411,#2412);
#2411 = CARTESIAN_POINT('',(-4.62641051363,0.));
#2412 = VECTOR('',#2413,1.);
#2413 = DIRECTION('',(-0.,-1.));
#2414 = ( GEOMETRIC_REPRESENTATION_CONTEXT(2) 
PARAMETRIC_REPRESENTATION_CONTEXT() REPRESENTATION_CONTEXT('2D SPACE',''
  ) );
#2415 = PCURVE('',#2416,#2421);
#2416 = PLANE('',#2417);
#2417 = AXIS2_PLACEMENT_3D('',#2418,#2419,#2420);
#2418 = CARTESIAN_POINT('',(-99.8,-33.5,0.));
#2419 = DIRECTION('',(-0.,1.,0.));
#2420 = DIRECTION('',(1.,0.,-0.));
#2421 = DEFINITIONAL_REPRESENTATION('',(#2422),#2426);
#2422 = LINE('',#2423,#2424);
#2423 = CARTESIAN_POINT('',(1.188691855334,0.));
#2424 = VECTOR('',#2425,1.);
#2425 = DIRECTION('',(0.,-1.));
#2426 = ( GEOMETRIC_REPRESENTATION_CONTEXT(2) 
PARAMETRIC_REPRESENTATION_CONTEXT() REPRESENTATION_CONTEXT('2D SPACE',''
  ) );
#2427 = ORIENTED_EDGE('',*,*,#2428,.F.);
#2428 = EDGE_CURVE('',#436,#2401,#2429,.T.);
#2429 = SURFACE_CURVE('',#2430,(#2435,#2442),.PCURVE_S1.);
#2430 = CIRCLE('',#2431,4.75);
#2431 = AXIS2_PLACEMENT_3D('',#2432,#2433,#2434);
#2432 = CARTESIAN_POINT('',(-95.4,-37.,0.4));
#2433 = DIRECTION('',(0.,0.,1.));
#2434 = DIRECTION('',(-0.676064872561,-0.736842105263,0.));
#2435 = PCURVE('',#451,#2436);
#2436 = DEFINITIONAL_REPRESENTATION('',(#2437),#2441);
#2437 = LINE('',#2438,#2439);
#2438 = CARTESIAN_POINT('',(-0.,-0.4));
#2439 = VECTOR('',#2440,1.);
#2440 = DIRECTION('',(-1.,0.));
#2441 = ( GEOMETRIC_REPRESENTATION_CONTEXT(2) 
PARAMETRIC_REPRESENTATION_CONTEXT() REPRESENTATION_CONTEXT('2D SPACE',''
  ) );
#2442 = PCURVE('',#1825,#2443);
#2443 = DEFINITIONAL_REPRESENTATION('',(#2444),#2448);
#2444 = LINE('',#2445,#2446);
#2445 = CARTESIAN_POINT('',(-0.,-0.));
#2446 = VECTOR('',#2447,1.);
#2447 = DIRECTION('',(-1.,-0.));
#2448 = ( GEOMETRIC_REPRESENTATION_CONTEXT(2) 
PARAMETRIC_REPRESENTATION_CONTEXT() REPRESENTATION_CONTEXT('2D SPACE',''
  ) );
#2449 = ADVANCED_FACE('',(#2450),#505,.T.);
#2450 = FACE_BOUND('',#2451,.T.);
#2451 = EDGE_LOOP('',(#2452,#2453,#2454,#2479));
#2452 = ORIENTED_EDGE('',*,*,#489,.T.);
#2453 = ORIENTED_EDGE('',*,*,#684,.T.);
#2454 = ORIENTED_EDGE('',*,*,#2455,.T.);
#2455 = EDGE_CURVE('',#685,#631,#2456,.T.);
#2456 = SURFACE_CURVE('',#2457,(#2462,#2469),.PCURVE_S1.);
#2457 = PARABOLA('',#2458,0.441941738242);
#2458 = AXIS2_PLACEMENT_3D('',#2459,#2460,#2461);
#2459 = CARTESIAN_POINT('',(-61.375,-70.4,4.525));
#2460 = DIRECTION('',(0.707106781187,2.795980032047E-18,-0.707106781187)
  );
#2461 = DIRECTION('',(-0.707106781187,-2.795980032047E-18,
    -0.707106781187));
#2462 = PCURVE('',#505,#2463);
#2463 = DEFINITIONAL_REPRESENTATION('',(#2464),#2468);
#2464 = B_SPLINE_CURVE_WITH_KNOTS('',2,(#2465,#2466,#2467),
  .UNSPECIFIED.,.F.,.F.,(3,3),(-3.363406011768,-3.211308144666),
  .PIECEWISE_BEZIER_KNOTS.);
#2465 = CARTESIAN_POINT('',(1.036593988232,-0.282842712472));
#2466 = CARTESIAN_POINT('',(1.112642921783,6.54321576263E-03));
#2467 = CARTESIAN_POINT('',(1.188691855334,0.282842712475));
#2468 = ( GEOMETRIC_REPRESENTATION_CONTEXT(2) 
PARAMETRIC_REPRESENTATION_CONTEXT() REPRESENTATION_CONTEXT('2D SPACE',''
  ) );
#2469 = PCURVE('',#724,#2470);
#2470 = DEFINITIONAL_REPRESENTATION('',(#2471),#2478);
#2471 = B_SPLINE_CURVE_WITH_KNOTS('',5,(#2472,#2473,#2474,#2475,#2476,
    #2477),.UNSPECIFIED.,.F.,.F.,(6,6),(-3.363406011768,-3.211308144666)
  ,.PIECEWISE_BEZIER_KNOTS.);
#2472 = CARTESIAN_POINT('',(-4.595657348603,0.399999999998));
#2473 = CARTESIAN_POINT('',(-4.601564061889,0.318149299104));
#2474 = CARTESIAN_POINT('',(-4.607588121889,0.237223948658));
#2475 = CARTESIAN_POINT('',(-4.613733976768,0.157223948658));
#2476 = CARTESIAN_POINT('',(-4.62000639291,7.814929910518E-02));
#2477 = CARTESIAN_POINT('',(-4.62641051363,-3.75421915777E-13));
#2478 = ( GEOMETRIC_REPRESENTATION_CONTEXT(2) 
PARAMETRIC_REPRESENTATION_CONTEXT() REPRESENTATION_CONTEXT('2D SPACE',''
  ) );
#2479 = ORIENTED_EDGE('',*,*,#658,.F.);
#2480 = ADVANCED_FACE('',(#2481),#585,.T.);
#2481 = FACE_BOUND('',#2482,.F.);
#2482 = EDGE_LOOP('',(#2483,#2484,#2485,#2563));
#2483 = ORIENTED_EDGE('',*,*,#565,.T.);
#2484 = ORIENTED_EDGE('',*,*,#1894,.T.);
#2485 = ORIENTED_EDGE('',*,*,#2486,.F.);
#2486 = EDGE_CURVE('',#608,#1895,#2487,.T.);
#2487 = SURFACE_CURVE('',#2488,(#2511,#2537),.PCURVE_S1.);
#2488 = B_SPLINE_CURVE_WITH_KNOTS('',6,(#2489,#2490,#2491,#2492,#2493,
    #2494,#2495,#2496,#2497,#2498,#2499,#2500,#2501,#2502,#2503,#2504,
    #2505,#2506,#2507,#2508,#2509,#2510),.UNSPECIFIED.,.F.,.F.,(7,5,5,5,
    7),(0.,0.438656152043,0.691710078607,0.945880619992,1.),
  .UNSPECIFIED.);
#2489 = CARTESIAN_POINT('',(-65.5,-73.61130814466,3.2));
#2490 = CARTESIAN_POINT('',(-65.5,-73.61130814466,3.293405275918));
#2491 = CARTESIAN_POINT('',(-65.51308684926,-73.61640203252,
    3.386838897932));
#2492 = CARTESIAN_POINT('',(-65.53927508638,-73.62659657607,
    3.47775644206));
#2493 = CARTESIAN_POINT('',(-65.57781101272,-73.64153396766,
    3.563769017548));
#2494 = CARTESIAN_POINT('',(-65.62743297001,-73.66061165288,
    3.642861473363));
#2495 = CARTESIAN_POINT('',(-65.72059051287,-73.69608019504,
    3.754169940122));
#2496 = CARTESIAN_POINT('',(-65.75782628358,-73.71019572698,
    3.792070668308));
#2497 = CARTESIAN_POINT('',(-65.79791535513,-73.72531569566,
    3.826855293748));
#2498 = CARTESIAN_POINT('',(-65.84052824008,-73.74129595111,
    3.858279044571));
#2499 = CARTESIAN_POINT('',(-65.88531741663,-73.75798920494,
    3.886144414836));
#2500 = CARTESIAN_POINT('',(-65.97874203754,-73.79258834639,
    3.934556667962));
#2501 = CARTESIAN_POINT('',(-66.02739343069,-73.81049919685,
    3.955070628173));
#2502 = CARTESIAN_POINT('',(-66.07752046361,-73.82883632753,
    3.971683628829));
#2503 = CARTESIAN_POINT('',(-66.12875214475,-73.84745463348,
    3.984282673835));
#2504 = CARTESIAN_POINT('',(-66.18071081762,-73.86621248863,
    3.992795828592));
#2505 = CARTESIAN_POINT('',(-66.24415295709,-73.88896809245,
    3.998126567684));
#2506 = CARTESIAN_POINT('',(-66.25530572928,-73.89296290432,
    3.998875656125));
#2507 = CARTESIAN_POINT('',(-66.26647051239,-73.89695653018,
    3.999437727756));
#2508 = CARTESIAN_POINT('',(-66.27764361733,-73.90094765816,
    3.999812556512));
#2509 = CARTESIAN_POINT('',(-66.28882134808,-73.90493498376,4.0000000001
    ));
#2510 = CARTESIAN_POINT('',(-66.30000000168,-73.90891720984,4.));
#2511 = PCURVE('',#585,#2512);
#2512 = DEFINITIONAL_REPRESENTATION('',(#2513),#2536);
#2513 = B_SPLINE_CURVE_WITH_KNOTS('',6,(#2514,#2515,#2516,#2517,#2518,
    #2519,#2520,#2521,#2522,#2523,#2524,#2525,#2526,#2527,#2528,#2529,
    #2530,#2531,#2532,#2533,#2534,#2535),.UNSPECIFIED.,.F.,.F.,(7,5,5,5,
    7),(0.,0.438656152043,0.691710078607,0.945880619992,1.),
  .UNSPECIFIED.);
#2514 = CARTESIAN_POINT('',(0.,1.188691855334));
#2515 = CARTESIAN_POINT('',(-0.116756594898,1.188691855334));
#2516 = CARTESIAN_POINT('',(-0.233547990377,1.183597967478));
#2517 = CARTESIAN_POINT('',(-0.350063037874,1.173403423927));
#2518 = CARTESIAN_POINT('',(-0.466173185828,1.15846603234));
#2519 = CARTESIAN_POINT('',(-0.581798878588,1.139388347114));
#2520 = CARTESIAN_POINT('',(-0.763233709194,1.103919804957));
#2521 = CARTESIAN_POINT('',(-0.829437288936,1.089804273012));
#2522 = CARTESIAN_POINT('',(-0.895469945664,1.074684304334));
#2523 = CARTESIAN_POINT('',(-0.961343791677,1.058704048885));
#2524 = CARTESIAN_POINT('',(-1.02707852948,1.042010795057));
#2525 = CARTESIAN_POINT('',(-1.158607435789,1.007411653602));
#2526 = CARTESIAN_POINT('',(-1.224400510473,0.989500803149));
#2527 = CARTESIAN_POINT('',(-1.290103305469,0.97116367247));
#2528 = CARTESIAN_POINT('',(-1.355744977763,0.952545366519));
#2529 = CARTESIAN_POINT('',(-1.421356306004,0.933787511364));
#2530 = CARTESIAN_POINT('',(-1.500938435749,0.911031907542));
#2531 = CARTESIAN_POINT('',(-1.514908848098,0.907037095672));
#2532 = CARTESIAN_POINT('',(-1.528879556409,0.903043469817));
#2533 = CARTESIAN_POINT('',(-1.542850848838,0.899052341838));
#2534 = CARTESIAN_POINT('',(-1.556823011585,0.895065016238));
#2535 = CARTESIAN_POINT('',(-1.570796328898,0.891082790158));
#2536 = ( GEOMETRIC_REPRESENTATION_CONTEXT(2) 
PARAMETRIC_REPRESENTATION_CONTEXT() REPRESENTATION_CONTEXT('2D SPACE',''
  ) );
#2537 = PCURVE('',#1934,#2538);
#2538 = DEFINITIONAL_REPRESENTATION('',(#2539),#2562);
#2539 = B_SPLINE_CURVE_WITH_KNOTS('',6,(#2540,#2541,#2542,#2543,#2544,
    #2545,#2546,#2547,#2548,#2549,#2550,#2551,#2552,#2553,#2554,#2555,
    #2556,#2557,#2558,#2559,#2560,#2561),.UNSPECIFIED.,.F.,.F.,(7,5,5,5,
    7),(0.,0.438656152043,0.691710078607,0.945880619992,1.),
  .UNSPECIFIED.);
#2540 = CARTESIAN_POINT('',(-4.62641051363,3.14159265359));
#2541 = CARTESIAN_POINT('',(-4.62641051363,3.258349248487));
#2542 = CARTESIAN_POINT('',(-4.625338193155,3.375140643967));
#2543 = CARTESIAN_POINT('',(-4.62319159925,3.491655691463));
#2544 = CARTESIAN_POINT('',(-4.620070034456,3.607765839418));
#2545 = CARTESIAN_POINT('',(-4.616140067947,3.723391532178));
#2546 = CARTESIAN_POINT('',(-4.60895512501,3.904826362783));
#2547 = CARTESIAN_POINT('',(-4.606117471867,3.971029942526));
#2548 = CARTESIAN_POINT('',(-4.603105027552,4.037062599254));
#2549 = CARTESIAN_POINT('',(-4.599952977953,4.102936445267));
#2550 = CARTESIAN_POINT('',(-4.596695600613,4.16867118307));
#2551 = CARTESIAN_POINT('',(-4.590018713393,4.300200089379));
#2552 = CARTESIAN_POINT('',(-4.586598569653,4.365993164063));
#2553 = CARTESIAN_POINT('',(-4.583136262349,4.431695959059));
#2554 = CARTESIAN_POINT('',(-4.579661489865,4.497337631353));
#2555 = CARTESIAN_POINT('',(-4.576201245671,4.562948959594));
#2556 = CARTESIAN_POINT('',(-4.572051047253,4.642531089338));
#2557 = CARTESIAN_POINT('',(-4.571324243497,4.656501500999));
#2558 = CARTESIAN_POINT('',(-4.570599424657,4.670472209589));
#2559 = CARTESIAN_POINT('',(-4.569876818644,4.684443503262));
#2560 = CARTESIAN_POINT('',(-4.569156647615,4.698415666553));
#2561 = CARTESIAN_POINT('',(-4.568439127974,4.712388980385));
#2562 = ( GEOMETRIC_REPRESENTATION_CONTEXT(2) 
PARAMETRIC_REPRESENTATION_CONTEXT() REPRESENTATION_CONTEXT('2D SPACE',''
  ) );
#2563 = ORIENTED_EDGE('',*,*,#607,.F.);
#2564 = ADVANCED_FACE('',(#2565),#646,.F.);
#2565 = FACE_BOUND('',#2566,.T.);
#2566 = EDGE_LOOP('',(#2567,#2597,#2619,#2620));
#2567 = ORIENTED_EDGE('',*,*,#2568,.T.);
#2568 = EDGE_CURVE('',#2569,#2571,#2573,.T.);
#2569 = VERTEX_POINT('',#2570);
#2570 = CARTESIAN_POINT('',(-58.5,-73.61130814466,0.4));
#2571 = VERTEX_POINT('',#2572);
#2572 = CARTESIAN_POINT('',(-58.5,-73.61130814466,3.2));
#2573 = SURFACE_CURVE('',#2574,(#2578,#2585),.PCURVE_S1.);
#2574 = LINE('',#2575,#2576);
#2575 = CARTESIAN_POINT('',(-58.5,-73.61130814466,0.));
#2576 = VECTOR('',#2577,1.);
#2577 = DIRECTION('',(0.,0.,1.));
#2578 = PCURVE('',#646,#2579);
#2579 = DEFINITIONAL_REPRESENTATION('',(#2580),#2584);
#2580 = LINE('',#2581,#2582);
#2581 = CARTESIAN_POINT('',(-0.,0.));
#2582 = VECTOR('',#2583,1.);
#2583 = DIRECTION('',(-0.,-1.));
#2584 = ( GEOMETRIC_REPRESENTATION_CONTEXT(2) 
PARAMETRIC_REPRESENTATION_CONTEXT() REPRESENTATION_CONTEXT('2D SPACE',''
  ) );
#2585 = PCURVE('',#2586,#2591);
#2586 = PLANE('',#2587);
#2587 = AXIS2_PLACEMENT_3D('',#2588,#2589,#2590);
#2588 = CARTESIAN_POINT('',(-58.5,-74.8,0.));
#2589 = DIRECTION('',(-1.,2.22044604925E-16,0.));
#2590 = DIRECTION('',(2.22044604925E-16,1.,0.));
#2591 = DEFINITIONAL_REPRESENTATION('',(#2592),#2596);
#2592 = LINE('',#2593,#2594);
#2593 = CARTESIAN_POINT('',(1.188691855334,0.));
#2594 = VECTOR('',#2595,1.);
#2595 = DIRECTION('',(0.,-1.));
#2596 = ( GEOMETRIC_REPRESENTATION_CONTEXT(2) 
PARAMETRIC_REPRESENTATION_CONTEXT() REPRESENTATION_CONTEXT('2D SPACE',''
  ) );
#2597 = ORIENTED_EDGE('',*,*,#2598,.T.);
#2598 = EDGE_CURVE('',#2571,#608,#2599,.T.);
#2599 = SURFACE_CURVE('',#2600,(#2605,#2612),.PCURVE_S1.);
#2600 = CIRCLE('',#2601,4.75);
#2601 = AXIS2_PLACEMENT_3D('',#2602,#2603,#2604);
#2602 = CARTESIAN_POINT('',(-62.,-70.4,3.2));
#2603 = DIRECTION('',(0.,0.,1.));
#2604 = DIRECTION('',(0.736842105263,-0.676064872561,0.));
#2605 = PCURVE('',#646,#2606);
#2606 = DEFINITIONAL_REPRESENTATION('',(#2607),#2611);
#2607 = LINE('',#2608,#2609);
#2608 = CARTESIAN_POINT('',(-2.991758887411E-15,-3.2));
#2609 = VECTOR('',#2610,1.);
#2610 = DIRECTION('',(-1.,0.));
#2611 = ( GEOMETRIC_REPRESENTATION_CONTEXT(2) 
PARAMETRIC_REPRESENTATION_CONTEXT() REPRESENTATION_CONTEXT('2D SPACE',''
  ) );
#2612 = PCURVE('',#1934,#2613);
#2613 = DEFINITIONAL_REPRESENTATION('',(#2614),#2618);
#2614 = LINE('',#2615,#2616);
#2615 = CARTESIAN_POINT('',(-0.,3.14159265359));
#2616 = VECTOR('',#2617,1.);
#2617 = DIRECTION('',(-1.,0.));
#2618 = ( GEOMETRIC_REPRESENTATION_CONTEXT(2) 
PARAMETRIC_REPRESENTATION_CONTEXT() REPRESENTATION_CONTEXT('2D SPACE',''
  ) );
#2619 = ORIENTED_EDGE('',*,*,#630,.F.);
#2620 = ORIENTED_EDGE('',*,*,#2621,.F.);
#2621 = EDGE_CURVE('',#2569,#631,#2622,.T.);
#2622 = SURFACE_CURVE('',#2623,(#2628,#2635),.PCURVE_S1.);
#2623 = CIRCLE('',#2624,4.75);
#2624 = AXIS2_PLACEMENT_3D('',#2625,#2626,#2627);
#2625 = CARTESIAN_POINT('',(-62.,-70.4,0.4));
#2626 = DIRECTION('',(0.,0.,1.));
#2627 = DIRECTION('',(0.736842105263,-0.676064872561,0.));
#2628 = PCURVE('',#646,#2629);
#2629 = DEFINITIONAL_REPRESENTATION('',(#2630),#2634);
#2630 = LINE('',#2631,#2632);
#2631 = CARTESIAN_POINT('',(-2.991758887411E-15,-0.4));
#2632 = VECTOR('',#2633,1.);
#2633 = DIRECTION('',(-1.,0.));
#2634 = ( GEOMETRIC_REPRESENTATION_CONTEXT(2) 
PARAMETRIC_REPRESENTATION_CONTEXT() REPRESENTATION_CONTEXT('2D SPACE',''
  ) );
#2635 = PCURVE('',#724,#2636);
#2636 = DEFINITIONAL_REPRESENTATION('',(#2637),#2641);
#2637 = LINE('',#2638,#2639);
#2638 = CARTESIAN_POINT('',(-0.,-0.));
#2639 = VECTOR('',#2640,1.);
#2640 = DIRECTION('',(-1.,-0.));
#2641 = ( GEOMETRIC_REPRESENTATION_CONTEXT(2) 
PARAMETRIC_REPRESENTATION_CONTEXT() REPRESENTATION_CONTEXT('2D SPACE',''
  ) );
#2642 = ADVANCED_FACE('',(#2643),#1825,.F.);
#2643 = FACE_BOUND('',#2644,.F.);
#2644 = EDGE_LOOP('',(#2645,#2646,#2647,#2672));
#2645 = ORIENTED_EDGE('',*,*,#1863,.F.);
#2646 = ORIENTED_EDGE('',*,*,#1808,.T.);
#2647 = ORIENTED_EDGE('',*,*,#2648,.T.);
#2648 = EDGE_CURVE('',#1781,#2401,#2649,.T.);
#2649 = SURFACE_CURVE('',#2650,(#2655,#2665),.PCURVE_S1.);
#2650 = PARABOLA('',#2651,0.441941738242);
#2651 = AXIS2_PLACEMENT_3D('',#2652,#2653,#2654);
#2652 = CARTESIAN_POINT('',(-95.4,-37.625,4.525));
#2653 = DIRECTION('',(5.47005954057E-18,-0.707106781187,-0.707106781187)
  );
#2654 = DIRECTION('',(-5.47005954057E-18,0.707106781187,-0.707106781187)
  );
#2655 = PCURVE('',#1825,#2656);
#2656 = DEFINITIONAL_REPRESENTATION('',(#2657),#2664);
#2657 = B_SPLINE_CURVE_WITH_KNOTS('',5,(#2658,#2659,#2660,#2661,#2662,
    #2663),.UNSPECIFIED.,.F.,.F.,(6,6),(-3.363406011768,-3.211308144666)
  ,.PIECEWISE_BEZIER_KNOTS.);
#2658 = CARTESIAN_POINT('',(-4.595657348603,0.4));
#2659 = CARTESIAN_POINT('',(-4.601564061889,0.318149299106));
#2660 = CARTESIAN_POINT('',(-4.607588121889,0.237223948659));
#2661 = CARTESIAN_POINT('',(-4.613733976768,0.157223948659));
#2662 = CARTESIAN_POINT('',(-4.62000639291,7.814929910577E-02));
#2663 = CARTESIAN_POINT('',(-4.62641051363,-7.788214517745E-14));
#2664 = ( GEOMETRIC_REPRESENTATION_CONTEXT(2) 
PARAMETRIC_REPRESENTATION_CONTEXT() REPRESENTATION_CONTEXT('2D SPACE',''
  ) );
#2665 = PCURVE('',#1796,#2666);
#2666 = DEFINITIONAL_REPRESENTATION('',(#2667),#2671);
#2667 = B_SPLINE_CURVE_WITH_KNOTS('',2,(#2668,#2669,#2670),
  .UNSPECIFIED.,.F.,.F.,(3,3),(-3.363406011768,-3.211308144666),
  .PIECEWISE_BEZIER_KNOTS.);
#2668 = CARTESIAN_POINT('',(1.036593988232,-0.282842712475));
#2669 = CARTESIAN_POINT('',(1.112642921783,6.543215761094E-03));
#2670 = CARTESIAN_POINT('',(1.188691855334,0.282842712475));
#2671 = ( GEOMETRIC_REPRESENTATION_CONTEXT(2) 
PARAMETRIC_REPRESENTATION_CONTEXT() REPRESENTATION_CONTEXT('2D SPACE',''
  ) );
#2672 = ORIENTED_EDGE('',*,*,#2428,.F.);
#2673 = ADVANCED_FACE('',(#2674),#724,.F.);
#2674 = FACE_BOUND('',#2675,.F.);
#2675 = EDGE_LOOP('',(#2676,#2701,#2702,#2703));
#2676 = ORIENTED_EDGE('',*,*,#2677,.F.);
#2677 = EDGE_CURVE('',#708,#2569,#2678,.T.);
#2678 = SURFACE_CURVE('',#2679,(#2684,#2694),.PCURVE_S1.);
#2679 = PARABOLA('',#2680,0.441941738242);
#2680 = AXIS2_PLACEMENT_3D('',#2681,#2682,#2683);
#2681 = CARTESIAN_POINT('',(-62.625,-70.4,4.525));
#2682 = DIRECTION('',(0.707106781187,-5.332783484717E-18,0.707106781187)
  );
#2683 = DIRECTION('',(0.707106781187,-5.332783484717E-18,-0.707106781187
    ));
#2684 = PCURVE('',#724,#2685);
#2685 = DEFINITIONAL_REPRESENTATION('',(#2686),#2693);
#2686 = B_SPLINE_CURVE_WITH_KNOTS('',5,(#2687,#2688,#2689,#2690,#2691,
    #2692),.UNSPECIFIED.,.F.,.F.,(6,6),(-3.363406011768,-3.211308144666)
  ,.PIECEWISE_BEZIER_KNOTS.);
#2687 = CARTESIAN_POINT('',(-3.075316502708E-02,0.4));
#2688 = CARTESIAN_POINT('',(-2.484645174156E-02,0.318149299106));
#2689 = CARTESIAN_POINT('',(-1.882239174189E-02,0.23722394866));
#2690 = CARTESIAN_POINT('',(-1.267653686238E-02,0.157223948658));
#2691 = CARTESIAN_POINT('',(-6.404120720049E-03,7.814929910582E-02));
#2692 = CARTESIAN_POINT('',(4.174438572591E-14,-1.482147737875E-14));
#2693 = ( GEOMETRIC_REPRESENTATION_CONTEXT(2) 
PARAMETRIC_REPRESENTATION_CONTEXT() REPRESENTATION_CONTEXT('2D SPACE',''
  ) );
#2694 = PCURVE('',#752,#2695);
#2695 = DEFINITIONAL_REPRESENTATION('',(#2696),#2700);
#2696 = B_SPLINE_CURVE_WITH_KNOTS('',2,(#2697,#2698,#2699),
  .UNSPECIFIED.,.F.,.F.,(3,3),(-3.363406011768,-3.211308144666),
  .PIECEWISE_BEZIER_KNOTS.);
#2697 = CARTESIAN_POINT('',(1.036593988232,-0.282842712475));
#2698 = CARTESIAN_POINT('',(1.112642921783,6.543215761075E-03));
#2699 = CARTESIAN_POINT('',(1.188691855334,0.282842712475));
#2700 = ( GEOMETRIC_REPRESENTATION_CONTEXT(2) 
PARAMETRIC_REPRESENTATION_CONTEXT() REPRESENTATION_CONTEXT('2D SPACE',''
  ) );
#2701 = ORIENTED_EDGE('',*,*,#707,.T.);
#2702 = ORIENTED_EDGE('',*,*,#2455,.T.);
#2703 = ORIENTED_EDGE('',*,*,#2621,.F.);
#2704 = ADVANCED_FACE('',(#2705),#1796,.T.);
#2705 = FACE_BOUND('',#2706,.T.);
#2706 = EDGE_LOOP('',(#2707,#2730,#2731,#2732));
#2707 = ORIENTED_EDGE('',*,*,#2708,.F.);
#2708 = EDGE_CURVE('',#1753,#2709,#2711,.T.);
#2709 = VERTEX_POINT('',#2710);
#2710 = CARTESIAN_POINT('',(-99.8,-33.5,0.4));
#2711 = SURFACE_CURVE('',#2712,(#2716,#2723),.PCURVE_S1.);
#2712 = LINE('',#2713,#2714);
#2713 = CARTESIAN_POINT('',(-99.66666666666,-33.36666666666,
    0.266666666667));
#2714 = VECTOR('',#2715,1.);
#2715 = DIRECTION('',(-0.57735026919,-0.57735026919,0.57735026919));
#2716 = PCURVE('',#1796,#2717);
#2717 = DEFINITIONAL_REPRESENTATION('',(#2718),#2722);
#2718 = LINE('',#2719,#2720);
#2719 = CARTESIAN_POINT('',(0.133333333333,9.42809041582E-02));
#2720 = VECTOR('',#2721,1.);
#2721 = DIRECTION('',(-0.57735026919,0.816496580928));
#2722 = ( GEOMETRIC_REPRESENTATION_CONTEXT(2) 
PARAMETRIC_REPRESENTATION_CONTEXT() REPRESENTATION_CONTEXT('2D SPACE',''
  ) );
#2723 = PCURVE('',#1768,#2724);
#2724 = DEFINITIONAL_REPRESENTATION('',(#2725),#2729);
#2725 = LINE('',#2726,#2727);
#2726 = CARTESIAN_POINT('',(0.133333333333,9.42809041582E-02));
#2727 = VECTOR('',#2728,1.);
#2728 = DIRECTION('',(-0.57735026919,0.816496580928));
#2729 = ( GEOMETRIC_REPRESENTATION_CONTEXT(2) 
PARAMETRIC_REPRESENTATION_CONTEXT() REPRESENTATION_CONTEXT('2D SPACE',''
  ) );
#2730 = ORIENTED_EDGE('',*,*,#1780,.T.);
#2731 = ORIENTED_EDGE('',*,*,#2648,.T.);
#2732 = ORIENTED_EDGE('',*,*,#2733,.F.);
#2733 = EDGE_CURVE('',#2709,#2401,#2734,.T.);
#2734 = SURFACE_CURVE('',#2735,(#2739,#2746),.PCURVE_S1.);
#2735 = LINE('',#2736,#2737);
#2736 = CARTESIAN_POINT('',(-99.8,-33.5,0.4));
#2737 = VECTOR('',#2738,1.);
#2738 = DIRECTION('',(1.,0.,-0.));
#2739 = PCURVE('',#1796,#2740);
#2740 = DEFINITIONAL_REPRESENTATION('',(#2741),#2745);
#2741 = LINE('',#2742,#2743);
#2742 = CARTESIAN_POINT('',(0.,0.282842712475));
#2743 = VECTOR('',#2744,1.);
#2744 = DIRECTION('',(1.,0.));
#2745 = ( GEOMETRIC_REPRESENTATION_CONTEXT(2) 
PARAMETRIC_REPRESENTATION_CONTEXT() REPRESENTATION_CONTEXT('2D SPACE',''
  ) );
#2746 = PCURVE('',#2416,#2747);
#2747 = DEFINITIONAL_REPRESENTATION('',(#2748),#2752);
#2748 = LINE('',#2749,#2750);
#2749 = CARTESIAN_POINT('',(0.,-0.4));
#2750 = VECTOR('',#2751,1.);
#2751 = DIRECTION('',(1.,0.));
#2752 = ( GEOMETRIC_REPRESENTATION_CONTEXT(2) 
PARAMETRIC_REPRESENTATION_CONTEXT() REPRESENTATION_CONTEXT('2D SPACE',''
  ) );
#2753 = ADVANCED_FACE('',(#2754),#752,.F.);
#2754 = FACE_BOUND('',#2755,.F.);
#2755 = EDGE_LOOP('',(#2756,#2779,#2780,#2781));
#2756 = ORIENTED_EDGE('',*,*,#2757,.F.);
#2757 = EDGE_CURVE('',#737,#2758,#2760,.T.);
#2758 = VERTEX_POINT('',#2759);
#2759 = CARTESIAN_POINT('',(-58.5,-74.8,0.4));
#2760 = SURFACE_CURVE('',#2761,(#2765,#2772),.PCURVE_S1.);
#2761 = LINE('',#2762,#2763);
#2762 = CARTESIAN_POINT('',(-58.36666666666,-74.66666666666,
    0.266666666667));
#2763 = VECTOR('',#2764,1.);
#2764 = DIRECTION('',(-0.57735026919,-0.57735026919,0.57735026919));
#2765 = PCURVE('',#752,#2766);
#2766 = DEFINITIONAL_REPRESENTATION('',(#2767),#2771);
#2767 = LINE('',#2768,#2769);
#2768 = CARTESIAN_POINT('',(0.133333333333,9.428090415821E-02));
#2769 = VECTOR('',#2770,1.);
#2770 = DIRECTION('',(-0.57735026919,0.816496580928));
#2771 = ( GEOMETRIC_REPRESENTATION_CONTEXT(2) 
PARAMETRIC_REPRESENTATION_CONTEXT() REPRESENTATION_CONTEXT('2D SPACE',''
  ) );
#2772 = PCURVE('',#780,#2773);
#2773 = DEFINITIONAL_REPRESENTATION('',(#2774),#2778);
#2774 = LINE('',#2775,#2776);
#2775 = CARTESIAN_POINT('',(0.133333333333,9.42809041582E-02));
#2776 = VECTOR('',#2777,1.);
#2777 = DIRECTION('',(-0.57735026919,0.816496580928));
#2778 = ( GEOMETRIC_REPRESENTATION_CONTEXT(2) 
PARAMETRIC_REPRESENTATION_CONTEXT() REPRESENTATION_CONTEXT('2D SPACE',''
  ) );
#2779 = ORIENTED_EDGE('',*,*,#736,.T.);
#2780 = ORIENTED_EDGE('',*,*,#2677,.T.);
#2781 = ORIENTED_EDGE('',*,*,#2782,.F.);
#2782 = EDGE_CURVE('',#2758,#2569,#2783,.T.);
#2783 = SURFACE_CURVE('',#2784,(#2788,#2795),.PCURVE_S1.);
#2784 = LINE('',#2785,#2786);
#2785 = CARTESIAN_POINT('',(-58.5,-74.8,0.4));
#2786 = VECTOR('',#2787,1.);
#2787 = DIRECTION('',(2.22044604925E-16,1.,0.));
#2788 = PCURVE('',#752,#2789);
#2789 = DEFINITIONAL_REPRESENTATION('',(#2790),#2794);
#2790 = LINE('',#2791,#2792);
#2791 = CARTESIAN_POINT('',(0.,0.282842712475));
#2792 = VECTOR('',#2793,1.);
#2793 = DIRECTION('',(1.,0.));
#2794 = ( GEOMETRIC_REPRESENTATION_CONTEXT(2) 
PARAMETRIC_REPRESENTATION_CONTEXT() REPRESENTATION_CONTEXT('2D SPACE',''
  ) );
#2795 = PCURVE('',#2586,#2796);
#2796 = DEFINITIONAL_REPRESENTATION('',(#2797),#2801);
#2797 = LINE('',#2798,#2799);
#2798 = CARTESIAN_POINT('',(0.,-0.4));
#2799 = VECTOR('',#2800,1.);
#2800 = DIRECTION('',(1.,0.));
#2801 = ( GEOMETRIC_REPRESENTATION_CONTEXT(2) 
PARAMETRIC_REPRESENTATION_CONTEXT() REPRESENTATION_CONTEXT('2D SPACE',''
  ) );
#2802 = ADVANCED_FACE('',(#2803),#1768,.F.);
#2803 = FACE_BOUND('',#2804,.F.);
#2804 = EDGE_LOOP('',(#2805,#2806,#2807,#2830));
#2805 = ORIENTED_EDGE('',*,*,#2708,.F.);
#2806 = ORIENTED_EDGE('',*,*,#1752,.T.);
#2807 = ORIENTED_EDGE('',*,*,#2808,.T.);
#2808 = EDGE_CURVE('',#1725,#2809,#2811,.T.);
#2809 = VERTEX_POINT('',#2810);
#2810 = CARTESIAN_POINT('',(-99.8,9.5,0.4));
#2811 = SURFACE_CURVE('',#2812,(#2816,#2823),.PCURVE_S1.);
#2812 = LINE('',#2813,#2814);
#2813 = CARTESIAN_POINT('',(-92.5,2.2,-6.9));
#2814 = VECTOR('',#2815,1.);
#2815 = DIRECTION('',(-0.57735026919,0.57735026919,0.57735026919));
#2816 = PCURVE('',#1768,#2817);
#2817 = DEFINITIONAL_REPRESENTATION('',(#2818),#2822);
#2818 = LINE('',#2819,#2820);
#2819 = CARTESIAN_POINT('',(35.7,-10.04091629284));
#2820 = VECTOR('',#2821,1.);
#2821 = DIRECTION('',(0.57735026919,0.816496580928));
#2822 = ( GEOMETRIC_REPRESENTATION_CONTEXT(2) 
PARAMETRIC_REPRESENTATION_CONTEXT() REPRESENTATION_CONTEXT('2D SPACE',''
  ) );
#2823 = PCURVE('',#1740,#2824);
#2824 = DEFINITIONAL_REPRESENTATION('',(#2825),#2829);
#2825 = LINE('',#2826,#2827);
#2826 = CARTESIAN_POINT('',(7.3,-10.04091629284));
#2827 = VECTOR('',#2828,1.);
#2828 = DIRECTION('',(-0.57735026919,0.816496580928));
#2829 = ( GEOMETRIC_REPRESENTATION_CONTEXT(2) 
PARAMETRIC_REPRESENTATION_CONTEXT() REPRESENTATION_CONTEXT('2D SPACE',''
  ) );
#2830 = ORIENTED_EDGE('',*,*,#2831,.F.);
#2831 = EDGE_CURVE('',#2709,#2809,#2832,.T.);
#2832 = SURFACE_CURVE('',#2833,(#2837,#2844),.PCURVE_S1.);
#2833 = LINE('',#2834,#2835);
#2834 = CARTESIAN_POINT('',(-99.8,-33.5,0.4));
#2835 = VECTOR('',#2836,1.);
#2836 = DIRECTION('',(-0.,1.,0.));
#2837 = PCURVE('',#1768,#2838);
#2838 = DEFINITIONAL_REPRESENTATION('',(#2839),#2843);
#2839 = LINE('',#2840,#2841);
#2840 = CARTESIAN_POINT('',(0.,0.282842712475));
#2841 = VECTOR('',#2842,1.);
#2842 = DIRECTION('',(1.,0.));
#2843 = ( GEOMETRIC_REPRESENTATION_CONTEXT(2) 
PARAMETRIC_REPRESENTATION_CONTEXT() REPRESENTATION_CONTEXT('2D SPACE',''
  ) );
#2844 = PCURVE('',#2845,#2850);
#2845 = PLANE('',#2846);
#2846 = AXIS2_PLACEMENT_3D('',#2847,#2848,#2849);
#2847 = CARTESIAN_POINT('',(-99.8,-33.5,0.));
#2848 = DIRECTION('',(-1.,-0.,0.));
#2849 = DIRECTION('',(-0.,1.,0.));
#2850 = DEFINITIONAL_REPRESENTATION('',(#2851),#2855);
#2851 = LINE('',#2852,#2853);
#2852 = CARTESIAN_POINT('',(0.,-0.4));
#2853 = VECTOR('',#2854,1.);
#2854 = DIRECTION('',(1.,0.));
#2855 = ( GEOMETRIC_REPRESENTATION_CONTEXT(2) 
PARAMETRIC_REPRESENTATION_CONTEXT() REPRESENTATION_CONTEXT('2D SPACE',''
  ) );
#2856 = ADVANCED_FACE('',(#2857),#780,.T.);
#2857 = FACE_BOUND('',#2858,.T.);
#2858 = EDGE_LOOP('',(#2859,#2860,#2861,#2884));
#2859 = ORIENTED_EDGE('',*,*,#2757,.F.);
#2860 = ORIENTED_EDGE('',*,*,#764,.T.);
#2861 = ORIENTED_EDGE('',*,*,#2862,.T.);
#2862 = EDGE_CURVE('',#765,#2863,#2865,.T.);
#2863 = VERTEX_POINT('',#2864);
#2864 = CARTESIAN_POINT('',(-15.5,-74.8,0.4));
#2865 = SURFACE_CURVE('',#2866,(#2870,#2877),.PCURVE_S1.);
#2866 = LINE('',#2867,#2868);
#2867 = CARTESIAN_POINT('',(-22.8,-67.5,-6.9));
#2868 = VECTOR('',#2869,1.);
#2869 = DIRECTION('',(0.57735026919,-0.57735026919,0.57735026919));
#2870 = PCURVE('',#780,#2871);
#2871 = DEFINITIONAL_REPRESENTATION('',(#2872),#2876);
#2872 = LINE('',#2873,#2874);
#2873 = CARTESIAN_POINT('',(35.7,-10.04091629284));
#2874 = VECTOR('',#2875,1.);
#2875 = DIRECTION('',(0.57735026919,0.816496580928));
#2876 = ( GEOMETRIC_REPRESENTATION_CONTEXT(2) 
PARAMETRIC_REPRESENTATION_CONTEXT() REPRESENTATION_CONTEXT('2D SPACE',''
  ) );
#2877 = PCURVE('',#808,#2878);
#2878 = DEFINITIONAL_REPRESENTATION('',(#2879),#2883);
#2879 = LINE('',#2880,#2881);
#2880 = CARTESIAN_POINT('',(7.3,-10.04091629284));
#2881 = VECTOR('',#2882,1.);
#2882 = DIRECTION('',(-0.57735026919,0.816496580928));
#2883 = ( GEOMETRIC_REPRESENTATION_CONTEXT(2) 
PARAMETRIC_REPRESENTATION_CONTEXT() REPRESENTATION_CONTEXT('2D SPACE',''
  ) );
#2884 = ORIENTED_EDGE('',*,*,#2885,.F.);
#2885 = EDGE_CURVE('',#2758,#2863,#2886,.T.);
#2886 = SURFACE_CURVE('',#2887,(#2891,#2898),.PCURVE_S1.);
#2887 = LINE('',#2888,#2889);
#2888 = CARTESIAN_POINT('',(-58.5,-74.8,0.4));
#2889 = VECTOR('',#2890,1.);
#2890 = DIRECTION('',(1.,0.,-0.));
#2891 = PCURVE('',#780,#2892);
#2892 = DEFINITIONAL_REPRESENTATION('',(#2893),#2897);
#2893 = LINE('',#2894,#2895);
#2894 = CARTESIAN_POINT('',(0.,0.282842712475));
#2895 = VECTOR('',#2896,1.);
#2896 = DIRECTION('',(1.,0.));
#2897 = ( GEOMETRIC_REPRESENTATION_CONTEXT(2) 
PARAMETRIC_REPRESENTATION_CONTEXT() REPRESENTATION_CONTEXT('2D SPACE',''
  ) );
#2898 = PCURVE('',#2899,#2904);
#2899 = PLANE('',#2900);
#2900 = AXIS2_PLACEMENT_3D('',#2901,#2902,#2903);
#2901 = CARTESIAN_POINT('',(-58.5,-74.8,0.));
#2902 = DIRECTION('',(-0.,1.,0.));
#2903 = DIRECTION('',(1.,0.,-0.));
#2904 = DEFINITIONAL_REPRESENTATION('',(#2905),#2909);
#2905 = LINE('',#2906,#2907);
#2906 = CARTESIAN_POINT('',(0.,-0.4));
#2907 = VECTOR('',#2908,1.);
#2908 = DIRECTION('',(1.,0.));
#2909 = ( GEOMETRIC_REPRESENTATION_CONTEXT(2) 
PARAMETRIC_REPRESENTATION_CONTEXT() REPRESENTATION_CONTEXT('2D SPACE',''
  ) );
#2910 = ADVANCED_FACE('',(#2911),#1740,.F.);
#2911 = FACE_BOUND('',#2912,.F.);
#2912 = EDGE_LOOP('',(#2913,#2914,#2915,#2942));
#2913 = ORIENTED_EDGE('',*,*,#2808,.F.);
#2914 = ORIENTED_EDGE('',*,*,#1724,.T.);
#2915 = ORIENTED_EDGE('',*,*,#2916,.T.);
#2916 = EDGE_CURVE('',#1696,#2917,#2919,.T.);
#2917 = VERTEX_POINT('',#2918);
#2918 = CARTESIAN_POINT('',(-98.61130814466,9.5,0.4));
#2919 = SURFACE_CURVE('',#2920,(#2925,#2932),.PCURVE_S1.);
#2920 = PARABOLA('',#2921,0.441941738242);
#2921 = AXIS2_PLACEMENT_3D('',#2922,#2923,#2924);
#2922 = CARTESIAN_POINT('',(-95.4,13.625,4.525));
#2923 = DIRECTION('',(2.068430171249E-18,-0.707106781187,0.707106781187)
  );
#2924 = DIRECTION('',(2.068430171249E-18,-0.707106781187,-0.707106781187
    ));
#2925 = PCURVE('',#1740,#2926);
#2926 = DEFINITIONAL_REPRESENTATION('',(#2927),#2931);
#2927 = B_SPLINE_CURVE_WITH_KNOTS('',2,(#2928,#2929,#2930),
  .UNSPECIFIED.,.F.,.F.,(3,3),(-3.363406011768,-3.211308144666),
  .PIECEWISE_BEZIER_KNOTS.);
#2928 = CARTESIAN_POINT('',(1.036593988232,-0.282842712475));
#2929 = CARTESIAN_POINT('',(1.112642921783,6.543215760789E-03));
#2930 = CARTESIAN_POINT('',(1.188691855334,0.282842712474));
#2931 = ( GEOMETRIC_REPRESENTATION_CONTEXT(2) 
PARAMETRIC_REPRESENTATION_CONTEXT() REPRESENTATION_CONTEXT('2D SPACE',''
  ) );
#2932 = PCURVE('',#1712,#2933);
#2933 = DEFINITIONAL_REPRESENTATION('',(#2934),#2941);
#2934 = B_SPLINE_CURVE_WITH_KNOTS('',5,(#2935,#2936,#2937,#2938,#2939,
    #2940),.UNSPECIFIED.,.F.,.F.,(6,6),(-3.363406011768,-3.211308144666)
  ,.PIECEWISE_BEZIER_KNOTS.);
#2935 = CARTESIAN_POINT('',(-3.075316502711E-02,0.4));
#2936 = CARTESIAN_POINT('',(-2.484645174159E-02,0.318149299106));
#2937 = CARTESIAN_POINT('',(-1.88223917419E-02,0.23722394866));
#2938 = CARTESIAN_POINT('',(-1.267653686241E-02,0.157223948658));
#2939 = CARTESIAN_POINT('',(-6.404120720076E-03,7.814929910599E-02));
#2940 = CARTESIAN_POINT('',(1.50990331349E-14,1.45938816587E-13));
#2941 = ( GEOMETRIC_REPRESENTATION_CONTEXT(2) 
PARAMETRIC_REPRESENTATION_CONTEXT() REPRESENTATION_CONTEXT('2D SPACE',''
  ) );
#2942 = ORIENTED_EDGE('',*,*,#2943,.F.);
#2943 = EDGE_CURVE('',#2809,#2917,#2944,.T.);
#2944 = SURFACE_CURVE('',#2945,(#2949,#2956),.PCURVE_S1.);
#2945 = LINE('',#2946,#2947);
#2946 = CARTESIAN_POINT('',(-99.8,9.5,0.4));
#2947 = VECTOR('',#2948,1.);
#2948 = DIRECTION('',(1.,0.,-0.));
#2949 = PCURVE('',#1740,#2950);
#2950 = DEFINITIONAL_REPRESENTATION('',(#2951),#2955);
#2951 = LINE('',#2952,#2953);
#2952 = CARTESIAN_POINT('',(0.,0.282842712475));
#2953 = VECTOR('',#2954,1.);
#2954 = DIRECTION('',(1.,0.));
#2955 = ( GEOMETRIC_REPRESENTATION_CONTEXT(2) 
PARAMETRIC_REPRESENTATION_CONTEXT() REPRESENTATION_CONTEXT('2D SPACE',''
  ) );
#2956 = PCURVE('',#2957,#2962);
#2957 = PLANE('',#2958);
#2958 = AXIS2_PLACEMENT_3D('',#2959,#2960,#2961);
#2959 = CARTESIAN_POINT('',(-99.8,9.5,0.));
#2960 = DIRECTION('',(-0.,1.,0.));
#2961 = DIRECTION('',(1.,0.,-0.));
#2962 = DEFINITIONAL_REPRESENTATION('',(#2963),#2967);
#2963 = LINE('',#2964,#2965);
#2964 = CARTESIAN_POINT('',(0.,-0.4));
#2965 = VECTOR('',#2966,1.);
#2966 = DIRECTION('',(1.,0.));
#2967 = ( GEOMETRIC_REPRESENTATION_CONTEXT(2) 
PARAMETRIC_REPRESENTATION_CONTEXT() REPRESENTATION_CONTEXT('2D SPACE',''
  ) );
#2968 = ADVANCED_FACE('',(#2969),#808,.T.);
#2969 = FACE_BOUND('',#2970,.T.);
#2970 = EDGE_LOOP('',(#2971,#2972,#2973,#3000));
#2971 = ORIENTED_EDGE('',*,*,#2862,.F.);
#2972 = ORIENTED_EDGE('',*,*,#792,.T.);
#2973 = ORIENTED_EDGE('',*,*,#2974,.T.);
#2974 = EDGE_CURVE('',#793,#2975,#2977,.T.);
#2975 = VERTEX_POINT('',#2976);
#2976 = CARTESIAN_POINT('',(-15.5,-73.61130814466,0.4));
#2977 = SURFACE_CURVE('',#2978,(#2983,#2990),.PCURVE_S1.);
#2978 = PARABOLA('',#2979,0.441941738242);
#2979 = AXIS2_PLACEMENT_3D('',#2980,#2981,#2982);
#2980 = CARTESIAN_POINT('',(-11.375,-70.4,4.525));
#2981 = DIRECTION('',(0.707106781187,-1.263395785598E-16,-0.707106781187
    ));
#2982 = DIRECTION('',(-0.707106781187,1.263395785598E-16,-0.707106781187
    ));
#2983 = PCURVE('',#808,#2984);
#2984 = DEFINITIONAL_REPRESENTATION('',(#2985),#2989);
#2985 = B_SPLINE_CURVE_WITH_KNOTS('',2,(#2986,#2987,#2988),
  .UNSPECIFIED.,.F.,.F.,(3,3),(-3.363406011768,-3.211308144666),
  .PIECEWISE_BEZIER_KNOTS.);
#2986 = CARTESIAN_POINT('',(1.036593988232,-0.282842712474));
#2987 = CARTESIAN_POINT('',(1.112642921783,6.543215761397E-03));
#2988 = CARTESIAN_POINT('',(1.188691855334,0.282842712475));
#2989 = ( GEOMETRIC_REPRESENTATION_CONTEXT(2) 
PARAMETRIC_REPRESENTATION_CONTEXT() REPRESENTATION_CONTEXT('2D SPACE',''
  ) );
#2990 = PCURVE('',#837,#2991);
#2991 = DEFINITIONAL_REPRESENTATION('',(#2992),#2999);
#2992 = B_SPLINE_CURVE_WITH_KNOTS('',5,(#2993,#2994,#2995,#2996,#2997,
    #2998),.UNSPECIFIED.,.F.,.F.,(6,6),(-3.363406011768,-3.211308144666)
  ,.PIECEWISE_BEZIER_KNOTS.);
#2993 = CARTESIAN_POINT('',(-4.595657348603,0.4));
#2994 = CARTESIAN_POINT('',(-4.601564061889,0.318149299106));
#2995 = CARTESIAN_POINT('',(-4.607588121889,0.237223948659));
#2996 = CARTESIAN_POINT('',(-4.613733976768,0.157223948659));
#2997 = CARTESIAN_POINT('',(-4.62000639291,7.814929910559E-02));
#2998 = CARTESIAN_POINT('',(-4.62641051363,-2.564060075372E-13));
#2999 = ( GEOMETRIC_REPRESENTATION_CONTEXT(2) 
PARAMETRIC_REPRESENTATION_CONTEXT() REPRESENTATION_CONTEXT('2D SPACE',''
  ) );
#3000 = ORIENTED_EDGE('',*,*,#3001,.F.);
#3001 = EDGE_CURVE('',#2863,#2975,#3002,.T.);
#3002 = SURFACE_CURVE('',#3003,(#3007,#3014),.PCURVE_S1.);
#3003 = LINE('',#3004,#3005);
#3004 = CARTESIAN_POINT('',(-15.5,-74.8,0.4));
#3005 = VECTOR('',#3006,1.);
#3006 = DIRECTION('',(2.22044604925E-16,1.,0.));
#3007 = PCURVE('',#808,#3008);
#3008 = DEFINITIONAL_REPRESENTATION('',(#3009),#3013);
#3009 = LINE('',#3010,#3011);
#3010 = CARTESIAN_POINT('',(0.,0.282842712475));
#3011 = VECTOR('',#3012,1.);
#3012 = DIRECTION('',(1.,0.));
#3013 = ( GEOMETRIC_REPRESENTATION_CONTEXT(2) 
PARAMETRIC_REPRESENTATION_CONTEXT() REPRESENTATION_CONTEXT('2D SPACE',''
  ) );
#3014 = PCURVE('',#3015,#3020);
#3015 = PLANE('',#3016);
#3016 = AXIS2_PLACEMENT_3D('',#3017,#3018,#3019);
#3017 = CARTESIAN_POINT('',(-15.5,-74.8,0.));
#3018 = DIRECTION('',(-1.,2.22044604925E-16,0.));
#3019 = DIRECTION('',(2.22044604925E-16,1.,0.));
#3020 = DEFINITIONAL_REPRESENTATION('',(#3021),#3025);
#3021 = LINE('',#3022,#3023);
#3022 = CARTESIAN_POINT('',(0.,-0.4));
#3023 = VECTOR('',#3024,1.);
#3024 = DIRECTION('',(1.,0.));
#3025 = ( GEOMETRIC_REPRESENTATION_CONTEXT(2) 
PARAMETRIC_REPRESENTATION_CONTEXT() REPRESENTATION_CONTEXT('2D SPACE',''
  ) );
#3026 = ADVANCED_FACE('',(#3027),#1712,.F.);
#3027 = FACE_BOUND('',#3028,.F.);
#3028 = EDGE_LOOP('',(#3029,#3030,#3031,#3058));
#3029 = ORIENTED_EDGE('',*,*,#2916,.F.);
#3030 = ORIENTED_EDGE('',*,*,#1695,.T.);
#3031 = ORIENTED_EDGE('',*,*,#3032,.T.);
#3032 = EDGE_CURVE('',#1668,#3033,#3035,.T.);
#3033 = VERTEX_POINT('',#3034);
#3034 = CARTESIAN_POINT('',(-98.61130814466,16.5,0.4));
#3035 = SURFACE_CURVE('',#3036,(#3041,#3051),.PCURVE_S1.);
#3036 = PARABOLA('',#3037,0.441941738242);
#3037 = AXIS2_PLACEMENT_3D('',#3038,#3039,#3040);
#3038 = CARTESIAN_POINT('',(-95.4,12.375,4.525));
#3039 = DIRECTION('',(5.47005954057E-18,-0.707106781187,-0.707106781187)
  );
#3040 = DIRECTION('',(-5.47005954057E-18,0.707106781187,-0.707106781187)
  );
#3041 = PCURVE('',#1712,#3042);
#3042 = DEFINITIONAL_REPRESENTATION('',(#3043),#3050);
#3043 = B_SPLINE_CURVE_WITH_KNOTS('',5,(#3044,#3045,#3046,#3047,#3048,
    #3049),.UNSPECIFIED.,.F.,.F.,(6,6),(-3.363406011768,-3.211308144666)
  ,.PIECEWISE_BEZIER_KNOTS.);
#3044 = CARTESIAN_POINT('',(-4.595657348603,0.4));
#3045 = CARTESIAN_POINT('',(-4.601564061889,0.318149299106));
#3046 = CARTESIAN_POINT('',(-4.607588121889,0.237223948659));
#3047 = CARTESIAN_POINT('',(-4.613733976768,0.157223948659));
#3048 = CARTESIAN_POINT('',(-4.62000639291,7.814929910574E-02));
#3049 = CARTESIAN_POINT('',(-4.62641051363,-1.0008660567E-13));
#3050 = ( GEOMETRIC_REPRESENTATION_CONTEXT(2) 
PARAMETRIC_REPRESENTATION_CONTEXT() REPRESENTATION_CONTEXT('2D SPACE',''
  ) );
#3051 = PCURVE('',#1683,#3052);
#3052 = DEFINITIONAL_REPRESENTATION('',(#3053),#3057);
#3053 = B_SPLINE_CURVE_WITH_KNOTS('',2,(#3054,#3055,#3056),
  .UNSPECIFIED.,.F.,.F.,(3,3),(-3.363406011768,-3.211308144666),
  .PIECEWISE_BEZIER_KNOTS.);
#3054 = CARTESIAN_POINT('',(1.036593988232,-0.282842712475));
#3055 = CARTESIAN_POINT('',(1.112642921783,6.54321576113E-03));
#3056 = CARTESIAN_POINT('',(1.188691855334,0.282842712475));
#3057 = ( GEOMETRIC_REPRESENTATION_CONTEXT(2) 
PARAMETRIC_REPRESENTATION_CONTEXT() REPRESENTATION_CONTEXT('2D SPACE',''
  ) );
#3058 = ORIENTED_EDGE('',*,*,#3059,.F.);
#3059 = EDGE_CURVE('',#2917,#3033,#3060,.T.);
#3060 = SURFACE_CURVE('',#3061,(#3066,#3073),.PCURVE_S1.);
#3061 = CIRCLE('',#3062,4.75);
#3062 = AXIS2_PLACEMENT_3D('',#3063,#3064,#3065);
#3063 = CARTESIAN_POINT('',(-95.4,13.,0.4));
#3064 = DIRECTION('',(0.,0.,1.));
#3065 = DIRECTION('',(-0.676064872561,-0.736842105263,0.));
#3066 = PCURVE('',#1712,#3067);
#3067 = DEFINITIONAL_REPRESENTATION('',(#3068),#3072);
#3068 = LINE('',#3069,#3070);
#3069 = CARTESIAN_POINT('',(-0.,-0.));
#3070 = VECTOR('',#3071,1.);
#3071 = DIRECTION('',(-1.,-0.));
#3072 = ( GEOMETRIC_REPRESENTATION_CONTEXT(2) 
PARAMETRIC_REPRESENTATION_CONTEXT() REPRESENTATION_CONTEXT('2D SPACE',''
  ) );
#3073 = PCURVE('',#3074,#3079);
#3074 = CYLINDRICAL_SURFACE('',#3075,4.75);
#3075 = AXIS2_PLACEMENT_3D('',#3076,#3077,#3078);
#3076 = CARTESIAN_POINT('',(-95.4,13.,0.));
#3077 = DIRECTION('',(-0.,-0.,-1.));
#3078 = DIRECTION('',(-0.676064872561,-0.736842105263,0.));
#3079 = DEFINITIONAL_REPRESENTATION('',(#3080),#3084);
#3080 = LINE('',#3081,#3082);
#3081 = CARTESIAN_POINT('',(-2.991758887411E-15,-0.4));
#3082 = VECTOR('',#3083,1.);
#3083 = DIRECTION('',(-1.,0.));
#3084 = ( GEOMETRIC_REPRESENTATION_CONTEXT(2) 
PARAMETRIC_REPRESENTATION_CONTEXT() REPRESENTATION_CONTEXT('2D SPACE',''
  ) );
#3085 = ADVANCED_FACE('',(#3086),#837,.F.);
#3086 = FACE_BOUND('',#3087,.F.);
#3087 = EDGE_LOOP('',(#3088,#3115,#3116,#3117));
#3088 = ORIENTED_EDGE('',*,*,#3089,.F.);
#3089 = EDGE_CURVE('',#821,#3090,#3092,.T.);
#3090 = VERTEX_POINT('',#3091);
#3091 = CARTESIAN_POINT('',(-8.5,-73.61130814466,0.4));
#3092 = SURFACE_CURVE('',#3093,(#3098,#3108),.PCURVE_S1.);
#3093 = PARABOLA('',#3094,0.441941738242);
#3094 = AXIS2_PLACEMENT_3D('',#3095,#3096,#3097);
#3095 = CARTESIAN_POINT('',(-12.625,-70.4,4.525));
#3096 = DIRECTION('',(0.707106781187,-1.242939608325E-16,0.707106781187)
  );
#3097 = DIRECTION('',(0.707106781187,-1.242939608325E-16,-0.707106781187
    ));
#3098 = PCURVE('',#837,#3099);
#3099 = DEFINITIONAL_REPRESENTATION('',(#3100),#3107);
#3100 = B_SPLINE_CURVE_WITH_KNOTS('',5,(#3101,#3102,#3103,#3104,#3105,
    #3106),.UNSPECIFIED.,.F.,.F.,(6,6),(-3.363406011768,-3.211308144666)
  ,.PIECEWISE_BEZIER_KNOTS.);
#3101 = CARTESIAN_POINT('',(-3.075316502709E-02,0.4));
#3102 = CARTESIAN_POINT('',(-2.484645174157E-02,0.318149299106));
#3103 = CARTESIAN_POINT('',(-1.882239174189E-02,0.23722394866));
#3104 = CARTESIAN_POINT('',(-1.267653686238E-02,0.157223948658));
#3105 = CARTESIAN_POINT('',(-6.404120720052E-03,7.814929910585E-02));
#3106 = CARTESIAN_POINT('',(3.730349362741E-14,1.759703494031E-14));
#3107 = ( GEOMETRIC_REPRESENTATION_CONTEXT(2) 
PARAMETRIC_REPRESENTATION_CONTEXT() REPRESENTATION_CONTEXT('2D SPACE',''
  ) );
#3108 = PCURVE('',#865,#3109);
#3109 = DEFINITIONAL_REPRESENTATION('',(#3110),#3114);
#3110 = B_SPLINE_CURVE_WITH_KNOTS('',2,(#3111,#3112,#3113),
  .UNSPECIFIED.,.F.,.F.,(3,3),(-3.363406011768,-3.211308144666),
  .PIECEWISE_BEZIER_KNOTS.);
#3111 = CARTESIAN_POINT('',(1.036593988232,-0.282842712475));
#3112 = CARTESIAN_POINT('',(1.112642921783,6.543215761035E-03));
#3113 = CARTESIAN_POINT('',(1.188691855334,0.282842712475));
#3114 = ( GEOMETRIC_REPRESENTATION_CONTEXT(2) 
PARAMETRIC_REPRESENTATION_CONTEXT() REPRESENTATION_CONTEXT('2D SPACE',''
  ) );
#3115 = ORIENTED_EDGE('',*,*,#820,.T.);
#3116 = ORIENTED_EDGE('',*,*,#2974,.T.);
#3117 = ORIENTED_EDGE('',*,*,#3118,.F.);
#3118 = EDGE_CURVE('',#3090,#2975,#3119,.T.);
#3119 = SURFACE_CURVE('',#3120,(#3125,#3132),.PCURVE_S1.);
#3120 = CIRCLE('',#3121,4.75);
#3121 = AXIS2_PLACEMENT_3D('',#3122,#3123,#3124);
#3122 = CARTESIAN_POINT('',(-12.,-70.4,0.4));
#3123 = DIRECTION('',(0.,0.,1.));
#3124 = DIRECTION('',(0.736842105263,-0.676064872561,0.));
#3125 = PCURVE('',#837,#3126);
#3126 = DEFINITIONAL_REPRESENTATION('',(#3127),#3131);
#3127 = LINE('',#3128,#3129);
#3128 = CARTESIAN_POINT('',(-0.,-0.));
#3129 = VECTOR('',#3130,1.);
#3130 = DIRECTION('',(-1.,-0.));
#3131 = ( GEOMETRIC_REPRESENTATION_CONTEXT(2) 
PARAMETRIC_REPRESENTATION_CONTEXT() REPRESENTATION_CONTEXT('2D SPACE',''
  ) );
#3132 = PCURVE('',#3133,#3138);
#3133 = CYLINDRICAL_SURFACE('',#3134,4.75);
#3134 = AXIS2_PLACEMENT_3D('',#3135,#3136,#3137);
#3135 = CARTESIAN_POINT('',(-12.,-70.4,0.));
#3136 = DIRECTION('',(0.,-0.,-1.));
#3137 = DIRECTION('',(0.736842105263,-0.676064872561,0.));
#3138 = DEFINITIONAL_REPRESENTATION('',(#3139),#3143);
#3139 = LINE('',#3140,#3141);
#3140 = CARTESIAN_POINT('',(-1.495879443705E-15,-0.4));
#3141 = VECTOR('',#3142,1.);
#3142 = DIRECTION('',(-1.,0.));
#3143 = ( GEOMETRIC_REPRESENTATION_CONTEXT(2) 
PARAMETRIC_REPRESENTATION_CONTEXT() REPRESENTATION_CONTEXT('2D SPACE',''
  ) );
#3144 = ADVANCED_FACE('',(#3145),#1683,.T.);
#3145 = FACE_BOUND('',#3146,.T.);
#3146 = EDGE_LOOP('',(#3147,#3170,#3171,#3172));
#3147 = ORIENTED_EDGE('',*,*,#3148,.F.);
#3148 = EDGE_CURVE('',#1640,#3149,#3151,.T.);
#3149 = VERTEX_POINT('',#3150);
#3150 = CARTESIAN_POINT('',(-99.8,16.5,0.4));
#3151 = SURFACE_CURVE('',#3152,(#3156,#3163),.PCURVE_S1.);
#3152 = LINE('',#3153,#3154);
#3153 = CARTESIAN_POINT('',(-99.66666666666,16.633333333333,
    0.266666666667));
#3154 = VECTOR('',#3155,1.);
#3155 = DIRECTION('',(-0.57735026919,-0.57735026919,0.57735026919));
#3156 = PCURVE('',#1683,#3157);
#3157 = DEFINITIONAL_REPRESENTATION('',(#3158),#3162);
#3158 = LINE('',#3159,#3160);
#3159 = CARTESIAN_POINT('',(0.133333333333,9.42809041582E-02));
#3160 = VECTOR('',#3161,1.);
#3161 = DIRECTION('',(-0.57735026919,0.816496580928));
#3162 = ( GEOMETRIC_REPRESENTATION_CONTEXT(2) 
PARAMETRIC_REPRESENTATION_CONTEXT() REPRESENTATION_CONTEXT('2D SPACE',''
  ) );
#3163 = PCURVE('',#1655,#3164);
#3164 = DEFINITIONAL_REPRESENTATION('',(#3165),#3169);
#3165 = LINE('',#3166,#3167);
#3166 = CARTESIAN_POINT('',(0.133333333333,9.42809041582E-02));
#3167 = VECTOR('',#3168,1.);
#3168 = DIRECTION('',(-0.57735026919,0.816496580928));
#3169 = ( GEOMETRIC_REPRESENTATION_CONTEXT(2) 
PARAMETRIC_REPRESENTATION_CONTEXT() REPRESENTATION_CONTEXT('2D SPACE',''
  ) );
#3170 = ORIENTED_EDGE('',*,*,#1667,.T.);
#3171 = ORIENTED_EDGE('',*,*,#3032,.T.);
#3172 = ORIENTED_EDGE('',*,*,#3173,.F.);
#3173 = EDGE_CURVE('',#3149,#3033,#3174,.T.);
#3174 = SURFACE_CURVE('',#3175,(#3179,#3186),.PCURVE_S1.);
#3175 = LINE('',#3176,#3177);
#3176 = CARTESIAN_POINT('',(-99.8,16.5,0.4));
#3177 = VECTOR('',#3178,1.);
#3178 = DIRECTION('',(1.,0.,-0.));
#3179 = PCURVE('',#1683,#3180);
#3180 = DEFINITIONAL_REPRESENTATION('',(#3181),#3185);
#3181 = LINE('',#3182,#3183);
#3182 = CARTESIAN_POINT('',(0.,0.282842712475));
#3183 = VECTOR('',#3184,1.);
#3184 = DIRECTION('',(1.,0.));
#3185 = ( GEOMETRIC_REPRESENTATION_CONTEXT(2) 
PARAMETRIC_REPRESENTATION_CONTEXT() REPRESENTATION_CONTEXT('2D SPACE',''
  ) );
#3186 = PCURVE('',#3187,#3192);
#3187 = PLANE('',#3188);
#3188 = AXIS2_PLACEMENT_3D('',#3189,#3190,#3191);
#3189 = CARTESIAN_POINT('',(-99.8,16.5,0.));
#3190 = DIRECTION('',(-0.,1.,0.));
#3191 = DIRECTION('',(1.,0.,-0.));
#3192 = DEFINITIONAL_REPRESENTATION('',(#3193),#3197);
#3193 = LINE('',#3194,#3195);
#3194 = CARTESIAN_POINT('',(0.,-0.4));
#3195 = VECTOR('',#3196,1.);
#3196 = DIRECTION('',(1.,0.));
#3197 = ( GEOMETRIC_REPRESENTATION_CONTEXT(2) 
PARAMETRIC_REPRESENTATION_CONTEXT() REPRESENTATION_CONTEXT('2D SPACE',''
  ) );
#3198 = ADVANCED_FACE('',(#3199),#865,.F.);
#3199 = FACE_BOUND('',#3200,.F.);
#3200 = EDGE_LOOP('',(#3201,#3224,#3225,#3226));
#3201 = ORIENTED_EDGE('',*,*,#3202,.F.);
#3202 = EDGE_CURVE('',#850,#3203,#3205,.T.);
#3203 = VERTEX_POINT('',#3204);
#3204 = CARTESIAN_POINT('',(-8.5,-74.8,0.4));
#3205 = SURFACE_CURVE('',#3206,(#3210,#3217),.PCURVE_S1.);
#3206 = LINE('',#3207,#3208);
#3207 = CARTESIAN_POINT('',(-8.366666666667,-74.66666666666,
    0.266666666667));
#3208 = VECTOR('',#3209,1.);
#3209 = DIRECTION('',(-0.57735026919,-0.57735026919,0.57735026919));
#3210 = PCURVE('',#865,#3211);
#3211 = DEFINITIONAL_REPRESENTATION('',(#3212),#3216);
#3212 = LINE('',#3213,#3214);
#3213 = CARTESIAN_POINT('',(0.133333333333,9.428090415821E-02));
#3214 = VECTOR('',#3215,1.);
#3215 = DIRECTION('',(-0.57735026919,0.816496580928));
#3216 = ( GEOMETRIC_REPRESENTATION_CONTEXT(2) 
PARAMETRIC_REPRESENTATION_CONTEXT() REPRESENTATION_CONTEXT('2D SPACE',''
  ) );
#3217 = PCURVE('',#893,#3218);
#3218 = DEFINITIONAL_REPRESENTATION('',(#3219),#3223);
#3219 = LINE('',#3220,#3221);
#3220 = CARTESIAN_POINT('',(0.133333333333,9.42809041582E-02));
#3221 = VECTOR('',#3222,1.);
#3222 = DIRECTION('',(-0.57735026919,0.816496580928));
#3223 = ( GEOMETRIC_REPRESENTATION_CONTEXT(2) 
PARAMETRIC_REPRESENTATION_CONTEXT() REPRESENTATION_CONTEXT('2D SPACE',''
  ) );
#3224 = ORIENTED_EDGE('',*,*,#849,.T.);
#3225 = ORIENTED_EDGE('',*,*,#3089,.T.);
#3226 = ORIENTED_EDGE('',*,*,#3227,.F.);
#3227 = EDGE_CURVE('',#3203,#3090,#3228,.T.);
#3228 = SURFACE_CURVE('',#3229,(#3233,#3240),.PCURVE_S1.);
#3229 = LINE('',#3230,#3231);
#3230 = CARTESIAN_POINT('',(-8.5,-74.8,0.4));
#3231 = VECTOR('',#3232,1.);
#3232 = DIRECTION('',(2.22044604925E-16,1.,0.));
#3233 = PCURVE('',#865,#3234);
#3234 = DEFINITIONAL_REPRESENTATION('',(#3235),#3239);
#3235 = LINE('',#3236,#3237);
#3236 = CARTESIAN_POINT('',(0.,0.282842712475));
#3237 = VECTOR('',#3238,1.);
#3238 = DIRECTION('',(1.,0.));
#3239 = ( GEOMETRIC_REPRESENTATION_CONTEXT(2) 
PARAMETRIC_REPRESENTATION_CONTEXT() REPRESENTATION_CONTEXT('2D SPACE',''
  ) );
#3240 = PCURVE('',#3241,#3246);
#3241 = PLANE('',#3242);
#3242 = AXIS2_PLACEMENT_3D('',#3243,#3244,#3245);
#3243 = CARTESIAN_POINT('',(-8.5,-74.8,0.));
#3244 = DIRECTION('',(-1.,2.22044604925E-16,0.));
#3245 = DIRECTION('',(2.22044604925E-16,1.,0.));
#3246 = DEFINITIONAL_REPRESENTATION('',(#3247),#3251);
#3247 = LINE('',#3248,#3249);
#3248 = CARTESIAN_POINT('',(0.,-0.4));
#3249 = VECTOR('',#3250,1.);
#3250 = DIRECTION('',(1.,0.));
#3251 = ( GEOMETRIC_REPRESENTATION_CONTEXT(2) 
PARAMETRIC_REPRESENTATION_CONTEXT() REPRESENTATION_CONTEXT('2D SPACE',''
  ) );
#3252 = ADVANCED_FACE('',(#3253),#1655,.F.);
#3253 = FACE_BOUND('',#3254,.F.);
#3254 = EDGE_LOOP('',(#3255,#3256,#3257,#3280));
#3255 = ORIENTED_EDGE('',*,*,#3148,.F.);
#3256 = ORIENTED_EDGE('',*,*,#1639,.T.);
#3257 = ORIENTED_EDGE('',*,*,#3258,.T.);
#3258 = EDGE_CURVE('',#1612,#3259,#3261,.T.);
#3259 = VERTEX_POINT('',#3260);
#3260 = CARTESIAN_POINT('',(-99.8,59.5,0.4));
#3261 = SURFACE_CURVE('',#3262,(#3266,#3273),.PCURVE_S1.);
#3262 = LINE('',#3263,#3264);
#3263 = CARTESIAN_POINT('',(-92.5,52.2,-6.9));
#3264 = VECTOR('',#3265,1.);
#3265 = DIRECTION('',(-0.57735026919,0.57735026919,0.57735026919));
#3266 = PCURVE('',#1655,#3267);
#3267 = DEFINITIONAL_REPRESENTATION('',(#3268),#3272);
#3268 = LINE('',#3269,#3270);
#3269 = CARTESIAN_POINT('',(35.7,-10.04091629284));
#3270 = VECTOR('',#3271,1.);
#3271 = DIRECTION('',(0.57735026919,0.816496580928));
#3272 = ( GEOMETRIC_REPRESENTATION_CONTEXT(2) 
PARAMETRIC_REPRESENTATION_CONTEXT() REPRESENTATION_CONTEXT('2D SPACE',''
  ) );
#3273 = PCURVE('',#1627,#3274);
#3274 = DEFINITIONAL_REPRESENTATION('',(#3275),#3279);
#3275 = LINE('',#3276,#3277);
#3276 = CARTESIAN_POINT('',(7.3,-10.04091629284));
#3277 = VECTOR('',#3278,1.);
#3278 = DIRECTION('',(-0.57735026919,0.816496580928));
#3279 = ( GEOMETRIC_REPRESENTATION_CONTEXT(2) 
PARAMETRIC_REPRESENTATION_CONTEXT() REPRESENTATION_CONTEXT('2D SPACE',''
  ) );
#3280 = ORIENTED_EDGE('',*,*,#3281,.F.);
#3281 = EDGE_CURVE('',#3149,#3259,#3282,.T.);
#3282 = SURFACE_CURVE('',#3283,(#3287,#3294),.PCURVE_S1.);
#3283 = LINE('',#3284,#3285);
#3284 = CARTESIAN_POINT('',(-99.8,16.5,0.4));
#3285 = VECTOR('',#3286,1.);
#3286 = DIRECTION('',(-0.,1.,0.));
#3287 = PCURVE('',#1655,#3288);
#3288 = DEFINITIONAL_REPRESENTATION('',(#3289),#3293);
#3289 = LINE('',#3290,#3291);
#3290 = CARTESIAN_POINT('',(0.,0.282842712475));
#3291 = VECTOR('',#3292,1.);
#3292 = DIRECTION('',(1.,0.));
#3293 = ( GEOMETRIC_REPRESENTATION_CONTEXT(2) 
PARAMETRIC_REPRESENTATION_CONTEXT() REPRESENTATION_CONTEXT('2D SPACE',''
  ) );
#3294 = PCURVE('',#3295,#3300);
#3295 = PLANE('',#3296);
#3296 = AXIS2_PLACEMENT_3D('',#3297,#3298,#3299);
#3297 = CARTESIAN_POINT('',(-99.8,16.5,0.));
#3298 = DIRECTION('',(-1.,-0.,0.));
#3299 = DIRECTION('',(-0.,1.,0.));
#3300 = DEFINITIONAL_REPRESENTATION('',(#3301),#3305);
#3301 = LINE('',#3302,#3303);
#3302 = CARTESIAN_POINT('',(0.,-0.4));
#3303 = VECTOR('',#3304,1.);
#3304 = DIRECTION('',(1.,0.));
#3305 = ( GEOMETRIC_REPRESENTATION_CONTEXT(2) 
PARAMETRIC_REPRESENTATION_CONTEXT() REPRESENTATION_CONTEXT('2D SPACE',''
  ) );
#3306 = ADVANCED_FACE('',(#3307),#893,.T.);
#3307 = FACE_BOUND('',#3308,.T.);
#3308 = EDGE_LOOP('',(#3309,#3310,#3311,#3334));
#3309 = ORIENTED_EDGE('',*,*,#3202,.F.);
#3310 = ORIENTED_EDGE('',*,*,#877,.T.);
#3311 = ORIENTED_EDGE('',*,*,#3312,.T.);
#3312 = EDGE_CURVE('',#878,#3313,#3315,.T.);
#3313 = VERTEX_POINT('',#3314);
#3314 = CARTESIAN_POINT('',(34.5,-74.8,0.4));
#3315 = SURFACE_CURVE('',#3316,(#3320,#3327),.PCURVE_S1.);
#3316 = LINE('',#3317,#3318);
#3317 = CARTESIAN_POINT('',(27.2,-67.5,-6.9));
#3318 = VECTOR('',#3319,1.);
#3319 = DIRECTION('',(0.57735026919,-0.57735026919,0.57735026919));
#3320 = PCURVE('',#893,#3321);
#3321 = DEFINITIONAL_REPRESENTATION('',(#3322),#3326);
#3322 = LINE('',#3323,#3324);
#3323 = CARTESIAN_POINT('',(35.7,-10.04091629284));
#3324 = VECTOR('',#3325,1.);
#3325 = DIRECTION('',(0.57735026919,0.816496580928));
#3326 = ( GEOMETRIC_REPRESENTATION_CONTEXT(2) 
PARAMETRIC_REPRESENTATION_CONTEXT() REPRESENTATION_CONTEXT('2D SPACE',''
  ) );
#3327 = PCURVE('',#921,#3328);
#3328 = DEFINITIONAL_REPRESENTATION('',(#3329),#3333);
#3329 = LINE('',#3330,#3331);
#3330 = CARTESIAN_POINT('',(7.3,-10.04091629284));
#3331 = VECTOR('',#3332,1.);
#3332 = DIRECTION('',(-0.57735026919,0.816496580928));
#3333 = ( GEOMETRIC_REPRESENTATION_CONTEXT(2) 
PARAMETRIC_REPRESENTATION_CONTEXT() REPRESENTATION_CONTEXT('2D SPACE',''
  ) );
#3334 = ORIENTED_EDGE('',*,*,#3335,.F.);
#3335 = EDGE_CURVE('',#3203,#3313,#3336,.T.);
#3336 = SURFACE_CURVE('',#3337,(#3341,#3348),.PCURVE_S1.);
#3337 = LINE('',#3338,#3339);
#3338 = CARTESIAN_POINT('',(-8.5,-74.8,0.4));
#3339 = VECTOR('',#3340,1.);
#3340 = DIRECTION('',(1.,0.,-0.));
#3341 = PCURVE('',#893,#3342);
#3342 = DEFINITIONAL_REPRESENTATION('',(#3343),#3347);
#3343 = LINE('',#3344,#3345);
#3344 = CARTESIAN_POINT('',(0.,0.282842712475));
#3345 = VECTOR('',#3346,1.);
#3346 = DIRECTION('',(1.,0.));
#3347 = ( GEOMETRIC_REPRESENTATION_CONTEXT(2) 
PARAMETRIC_REPRESENTATION_CONTEXT() REPRESENTATION_CONTEXT('2D SPACE',''
  ) );
#3348 = PCURVE('',#3349,#3354);
#3349 = PLANE('',#3350);
#3350 = AXIS2_PLACEMENT_3D('',#3351,#3352,#3353);
#3351 = CARTESIAN_POINT('',(-8.5,-74.8,0.));
#3352 = DIRECTION('',(-0.,1.,0.));
#3353 = DIRECTION('',(1.,0.,-0.));
#3354 = DEFINITIONAL_REPRESENTATION('',(#3355),#3359);
#3355 = LINE('',#3356,#3357);
#3356 = CARTESIAN_POINT('',(0.,-0.4));
#3357 = VECTOR('',#3358,1.);
#3358 = DIRECTION('',(1.,0.));
#3359 = ( GEOMETRIC_REPRESENTATION_CONTEXT(2) 
PARAMETRIC_REPRESENTATION_CONTEXT() REPRESENTATION_CONTEXT('2D SPACE',''
  ) );
#3360 = ADVANCED_FACE('',(#3361),#1627,.F.);
#3361 = FACE_BOUND('',#3362,.F.);
#3362 = EDGE_LOOP('',(#3363,#3364,#3365,#3392));
#3363 = ORIENTED_EDGE('',*,*,#3258,.F.);
#3364 = ORIENTED_EDGE('',*,*,#1611,.T.);
#3365 = ORIENTED_EDGE('',*,*,#3366,.T.);
#3366 = EDGE_CURVE('',#1583,#3367,#3369,.T.);
#3367 = VERTEX_POINT('',#3368);
#3368 = CARTESIAN_POINT('',(-98.61130814466,59.5,0.4));
#3369 = SURFACE_CURVE('',#3370,(#3375,#3382),.PCURVE_S1.);
#3370 = PARABOLA('',#3371,0.441941738242);
#3371 = AXIS2_PLACEMENT_3D('',#3372,#3373,#3374);
#3372 = CARTESIAN_POINT('',(-95.4,63.625,4.525));
#3373 = DIRECTION('',(-5.47005954057E-18,-0.707106781187,0.707106781187)
  );
#3374 = DIRECTION('',(-5.47005954057E-18,-0.707106781187,-0.707106781187
    ));
#3375 = PCURVE('',#1627,#3376);
#3376 = DEFINITIONAL_REPRESENTATION('',(#3377),#3381);
#3377 = B_SPLINE_CURVE_WITH_KNOTS('',2,(#3378,#3379,#3380),
  .UNSPECIFIED.,.F.,.F.,(3,3),(-3.363406011768,-3.211308144666),
  .PIECEWISE_BEZIER_KNOTS.);
#3378 = CARTESIAN_POINT('',(1.036593988232,-0.282842712475));
#3379 = CARTESIAN_POINT('',(1.112642921783,6.543215760702E-03));
#3380 = CARTESIAN_POINT('',(1.188691855334,0.282842712474));
#3381 = ( GEOMETRIC_REPRESENTATION_CONTEXT(2) 
PARAMETRIC_REPRESENTATION_CONTEXT() REPRESENTATION_CONTEXT('2D SPACE',''
  ) );
#3382 = PCURVE('',#1599,#3383);
#3383 = DEFINITIONAL_REPRESENTATION('',(#3384),#3391);
#3384 = B_SPLINE_CURVE_WITH_KNOTS('',5,(#3385,#3386,#3387,#3388,#3389,
    #3390),.UNSPECIFIED.,.F.,.F.,(6,6),(-3.363406011768,-3.211308144666)
  ,.PIECEWISE_BEZIER_KNOTS.);
#3385 = CARTESIAN_POINT('',(-3.075316502712E-02,0.4));
#3386 = CARTESIAN_POINT('',(-2.48464517416E-02,0.318149299106));
#3387 = CARTESIAN_POINT('',(-1.882239174191E-02,0.23722394866));
#3388 = CARTESIAN_POINT('',(-1.267653686241E-02,0.157223948658));
#3389 = CARTESIAN_POINT('',(-6.404120720084E-03,7.814929910604E-02));
#3390 = CARTESIAN_POINT('',(6.217248937901E-15,1.894595591523E-13));
#3391 = ( GEOMETRIC_REPRESENTATION_CONTEXT(2) 
PARAMETRIC_REPRESENTATION_CONTEXT() REPRESENTATION_CONTEXT('2D SPACE',''
  ) );
#3392 = ORIENTED_EDGE('',*,*,#3393,.F.);
#3393 = EDGE_CURVE('',#3259,#3367,#3394,.T.);
#3394 = SURFACE_CURVE('',#3395,(#3399,#3406),.PCURVE_S1.);
#3395 = LINE('',#3396,#3397);
#3396 = CARTESIAN_POINT('',(-99.8,59.5,0.4));
#3397 = VECTOR('',#3398,1.);
#3398 = DIRECTION('',(1.,0.,-0.));
#3399 = PCURVE('',#1627,#3400);
#3400 = DEFINITIONAL_REPRESENTATION('',(#3401),#3405);
#3401 = LINE('',#3402,#3403);
#3402 = CARTESIAN_POINT('',(0.,0.282842712475));
#3403 = VECTOR('',#3404,1.);
#3404 = DIRECTION('',(1.,0.));
#3405 = ( GEOMETRIC_REPRESENTATION_CONTEXT(2) 
PARAMETRIC_REPRESENTATION_CONTEXT() REPRESENTATION_CONTEXT('2D SPACE',''
  ) );
#3406 = PCURVE('',#3407,#3412);
#3407 = PLANE('',#3408);
#3408 = AXIS2_PLACEMENT_3D('',#3409,#3410,#3411);
#3409 = CARTESIAN_POINT('',(-99.8,59.5,0.));
#3410 = DIRECTION('',(-0.,1.,0.));
#3411 = DIRECTION('',(1.,0.,-0.));
#3412 = DEFINITIONAL_REPRESENTATION('',(#3413),#3417);
#3413 = LINE('',#3414,#3415);
#3414 = CARTESIAN_POINT('',(0.,-0.4));
#3415 = VECTOR('',#3416,1.);
#3416 = DIRECTION('',(1.,0.));
#3417 = ( GEOMETRIC_REPRESENTATION_CONTEXT(2) 
PARAMETRIC_REPRESENTATION_CONTEXT() REPRESENTATION_CONTEXT('2D SPACE',''
  ) );
#3418 = ADVANCED_FACE('',(#3419),#921,.T.);
#3419 = FACE_BOUND('',#3420,.T.);
#3420 = EDGE_LOOP('',(#3421,#3422,#3423,#3450));
#3421 = ORIENTED_EDGE('',*,*,#3312,.F.);
#3422 = ORIENTED_EDGE('',*,*,#905,.T.);
#3423 = ORIENTED_EDGE('',*,*,#3424,.T.);
#3424 = EDGE_CURVE('',#906,#3425,#3427,.T.);
#3425 = VERTEX_POINT('',#3426);
#3426 = CARTESIAN_POINT('',(34.5,-73.61130814466,0.4));
#3427 = SURFACE_CURVE('',#3428,(#3433,#3440),.PCURVE_S1.);
#3428 = PARABOLA('',#3429,0.441941738242);
#3429 = AXIS2_PLACEMENT_3D('',#3430,#3431,#3432);
#3430 = CARTESIAN_POINT('',(38.625,-70.4,4.525));
#3431 = DIRECTION('',(0.707106781187,5.332783484717E-18,-0.707106781187)
  );
#3432 = DIRECTION('',(-0.707106781187,-5.332783484717E-18,
    -0.707106781187));
#3433 = PCURVE('',#921,#3434);
#3434 = DEFINITIONAL_REPRESENTATION('',(#3435),#3439);
#3435 = B_SPLINE_CURVE_WITH_KNOTS('',2,(#3436,#3437,#3438),
  .UNSPECIFIED.,.F.,.F.,(3,3),(-3.363406011769,-3.211308144666),
  .PIECEWISE_BEZIER_KNOTS.);
#3436 = CARTESIAN_POINT('',(1.036593988231,-0.282842712475));
#3437 = CARTESIAN_POINT('',(1.112642921783,6.543215760929E-03));
#3438 = CARTESIAN_POINT('',(1.188691855334,0.282842712475));
#3439 = ( GEOMETRIC_REPRESENTATION_CONTEXT(2) 
PARAMETRIC_REPRESENTATION_CONTEXT() REPRESENTATION_CONTEXT('2D SPACE',''
  ) );
#3440 = PCURVE('',#950,#3441);
#3441 = DEFINITIONAL_REPRESENTATION('',(#3442),#3449);
#3442 = B_SPLINE_CURVE_WITH_KNOTS('',5,(#3443,#3444,#3445,#3446,#3447,
    #3448),.UNSPECIFIED.,.F.,.F.,(6,6),(-3.363406011769,-3.211308144666)
  ,.PIECEWISE_BEZIER_KNOTS.);
#3443 = CARTESIAN_POINT('',(-4.595657348603,0.4));
#3444 = CARTESIAN_POINT('',(-4.601564061889,0.318149299106));
#3445 = CARTESIAN_POINT('',(-4.607588121888,0.237223948659));
#3446 = CARTESIAN_POINT('',(-4.613733976768,0.157223948659));
#3447 = CARTESIAN_POINT('',(-4.62000639291,7.814929910571E-02));
#3448 = CARTESIAN_POINT('',(-4.62641051363,-2.732813975115E-13));
#3449 = ( GEOMETRIC_REPRESENTATION_CONTEXT(2) 
PARAMETRIC_REPRESENTATION_CONTEXT() REPRESENTATION_CONTEXT('2D SPACE',''
  ) );
#3450 = ORIENTED_EDGE('',*,*,#3451,.F.);
#3451 = EDGE_CURVE('',#3313,#3425,#3452,.T.);
#3452 = SURFACE_CURVE('',#3453,(#3457,#3464),.PCURVE_S1.);
#3453 = LINE('',#3454,#3455);
#3454 = CARTESIAN_POINT('',(34.5,-74.8,0.4));
#3455 = VECTOR('',#3456,1.);
#3456 = DIRECTION('',(2.22044604925E-16,1.,0.));
#3457 = PCURVE('',#921,#3458);
#3458 = DEFINITIONAL_REPRESENTATION('',(#3459),#3463);
#3459 = LINE('',#3460,#3461);
#3460 = CARTESIAN_POINT('',(0.,0.282842712475));
#3461 = VECTOR('',#3462,1.);
#3462 = DIRECTION('',(1.,0.));
#3463 = ( GEOMETRIC_REPRESENTATION_CONTEXT(2) 
PARAMETRIC_REPRESENTATION_CONTEXT() REPRESENTATION_CONTEXT('2D SPACE',''
  ) );
#3464 = PCURVE('',#3465,#3470);
#3465 = PLANE('',#3466);
#3466 = AXIS2_PLACEMENT_3D('',#3467,#3468,#3469);
#3467 = CARTESIAN_POINT('',(34.5,-74.8,0.));
#3468 = DIRECTION('',(-1.,2.22044604925E-16,0.));
#3469 = DIRECTION('',(2.22044604925E-16,1.,0.));
#3470 = DEFINITIONAL_REPRESENTATION('',(#3471),#3475);
#3471 = LINE('',#3472,#3473);
#3472 = CARTESIAN_POINT('',(0.,-0.4));
#3473 = VECTOR('',#3474,1.);
#3474 = DIRECTION('',(1.,0.));
#3475 = ( GEOMETRIC_REPRESENTATION_CONTEXT(2) 
PARAMETRIC_REPRESENTATION_CONTEXT() REPRESENTATION_CONTEXT('2D SPACE',''
  ) );
#3476 = ADVANCED_FACE('',(#3477),#1599,.F.);
#3477 = FACE_BOUND('',#3478,.F.);
#3478 = EDGE_LOOP('',(#3479,#3480,#3481,#3508));
#3479 = ORIENTED_EDGE('',*,*,#3366,.F.);
#3480 = ORIENTED_EDGE('',*,*,#1582,.T.);
#3481 = ORIENTED_EDGE('',*,*,#3482,.T.);
#3482 = EDGE_CURVE('',#1555,#3483,#3485,.T.);
#3483 = VERTEX_POINT('',#3484);
#3484 = CARTESIAN_POINT('',(-98.61130814466,66.5,0.4));
#3485 = SURFACE_CURVE('',#3486,(#3491,#3501),.PCURVE_S1.);
#3486 = PARABOLA('',#3487,0.441941738242);
#3487 = AXIS2_PLACEMENT_3D('',#3488,#3489,#3490);
#3488 = CARTESIAN_POINT('',(-95.4,62.375,4.525));
#3489 = DIRECTION('',(3.978141013962E-18,-0.707106781187,-0.707106781187
    ));
#3490 = DIRECTION('',(-3.978141013962E-18,0.707106781187,-0.707106781187
    ));
#3491 = PCURVE('',#1599,#3492);
#3492 = DEFINITIONAL_REPRESENTATION('',(#3493),#3500);
#3493 = B_SPLINE_CURVE_WITH_KNOTS('',5,(#3494,#3495,#3496,#3497,#3498,
    #3499),.UNSPECIFIED.,.F.,.F.,(6,6),(-3.363406011768,-3.211308144666)
  ,.PIECEWISE_BEZIER_KNOTS.);
#3494 = CARTESIAN_POINT('',(-4.595657348603,0.399999999998));
#3495 = CARTESIAN_POINT('',(-4.601564061889,0.318149299104));
#3496 = CARTESIAN_POINT('',(-4.607588121889,0.237223948657));
#3497 = CARTESIAN_POINT('',(-4.613733976768,0.157223948657));
#3498 = CARTESIAN_POINT('',(-4.62000639291,7.814929910412E-02));
#3499 = CARTESIAN_POINT('',(-4.62641051363,-1.716571329524E-12));
#3500 = ( GEOMETRIC_REPRESENTATION_CONTEXT(2) 
PARAMETRIC_REPRESENTATION_CONTEXT() REPRESENTATION_CONTEXT('2D SPACE',''
  ) );
#3501 = PCURVE('',#1570,#3502);
#3502 = DEFINITIONAL_REPRESENTATION('',(#3503),#3507);
#3503 = B_SPLINE_CURVE_WITH_KNOTS('',2,(#3504,#3505,#3506),
  .UNSPECIFIED.,.F.,.F.,(3,3),(-3.363406011768,-3.211308144666),
  .PIECEWISE_BEZIER_KNOTS.);
#3504 = CARTESIAN_POINT('',(1.036593988232,-0.282842712472));
#3505 = CARTESIAN_POINT('',(1.112642921783,6.543215763505E-03));
#3506 = CARTESIAN_POINT('',(1.188691855334,0.282842712477));
#3507 = ( GEOMETRIC_REPRESENTATION_CONTEXT(2) 
PARAMETRIC_REPRESENTATION_CONTEXT() REPRESENTATION_CONTEXT('2D SPACE',''
  ) );
#3508 = ORIENTED_EDGE('',*,*,#3509,.F.);
#3509 = EDGE_CURVE('',#3367,#3483,#3510,.T.);
#3510 = SURFACE_CURVE('',#3511,(#3516,#3523),.PCURVE_S1.);
#3511 = CIRCLE('',#3512,4.75);
#3512 = AXIS2_PLACEMENT_3D('',#3513,#3514,#3515);
#3513 = CARTESIAN_POINT('',(-95.4,63.,0.4));
#3514 = DIRECTION('',(0.,0.,1.));
#3515 = DIRECTION('',(-0.676064872561,-0.736842105263,0.));
#3516 = PCURVE('',#1599,#3517);
#3517 = DEFINITIONAL_REPRESENTATION('',(#3518),#3522);
#3518 = LINE('',#3519,#3520);
#3519 = CARTESIAN_POINT('',(-0.,-0.));
#3520 = VECTOR('',#3521,1.);
#3521 = DIRECTION('',(-1.,-0.));
#3522 = ( GEOMETRIC_REPRESENTATION_CONTEXT(2) 
PARAMETRIC_REPRESENTATION_CONTEXT() REPRESENTATION_CONTEXT('2D SPACE',''
  ) );
#3523 = PCURVE('',#3524,#3529);
#3524 = CYLINDRICAL_SURFACE('',#3525,4.75);
#3525 = AXIS2_PLACEMENT_3D('',#3526,#3527,#3528);
#3526 = CARTESIAN_POINT('',(-95.4,63.,0.));
#3527 = DIRECTION('',(-0.,-0.,-1.));
#3528 = DIRECTION('',(-0.676064872561,-0.736842105263,0.));
#3529 = DEFINITIONAL_REPRESENTATION('',(#3530),#3534);
#3530 = LINE('',#3531,#3532);
#3531 = CARTESIAN_POINT('',(-0.,-0.4));
#3532 = VECTOR('',#3533,1.);
#3533 = DIRECTION('',(-1.,0.));
#3534 = ( GEOMETRIC_REPRESENTATION_CONTEXT(2) 
PARAMETRIC_REPRESENTATION_CONTEXT() REPRESENTATION_CONTEXT('2D SPACE',''
  ) );
#3535 = ADVANCED_FACE('',(#3536),#950,.F.);
#3536 = FACE_BOUND('',#3537,.F.);
#3537 = EDGE_LOOP('',(#3538,#3565,#3566,#3567));
#3538 = ORIENTED_EDGE('',*,*,#3539,.F.);
#3539 = EDGE_CURVE('',#934,#3540,#3542,.T.);
#3540 = VERTEX_POINT('',#3541);
#3541 = CARTESIAN_POINT('',(41.5,-73.61130814466,0.4));
#3542 = SURFACE_CURVE('',#3543,(#3548,#3558),.PCURVE_S1.);
#3543 = PARABOLA('',#3544,0.441941738242);
#3544 = AXIS2_PLACEMENT_3D('',#3545,#3546,#3547);
#3545 = CARTESIAN_POINT('',(37.375,-70.4,4.525));
#3546 = DIRECTION('',(0.707106781187,-5.332783484717E-18,0.707106781187)
  );
#3547 = DIRECTION('',(0.707106781187,-5.332783484717E-18,-0.707106781187
    ));
#3548 = PCURVE('',#950,#3549);
#3549 = DEFINITIONAL_REPRESENTATION('',(#3550),#3557);
#3550 = B_SPLINE_CURVE_WITH_KNOTS('',5,(#3551,#3552,#3553,#3554,#3555,
    #3556),.UNSPECIFIED.,.F.,.F.,(6,6),(-3.363406011768,-3.211308144666)
  ,.PIECEWISE_BEZIER_KNOTS.);
#3551 = CARTESIAN_POINT('',(-3.075316502708E-02,0.4));
#3552 = CARTESIAN_POINT('',(-2.484645174156E-02,0.318149299106));
#3553 = CARTESIAN_POINT('',(-1.882239174188E-02,0.23722394866));
#3554 = CARTESIAN_POINT('',(-1.267653686238E-02,0.157223948658));
#3555 = CARTESIAN_POINT('',(-6.404120720052E-03,7.814929910582E-02));
#3556 = CARTESIAN_POINT('',(3.907985046681E-14,-1.43773881689E-14));
#3557 = ( GEOMETRIC_REPRESENTATION_CONTEXT(2) 
PARAMETRIC_REPRESENTATION_CONTEXT() REPRESENTATION_CONTEXT('2D SPACE',''
  ) );
#3558 = PCURVE('',#978,#3559);
#3559 = DEFINITIONAL_REPRESENTATION('',(#3560),#3564);
#3560 = B_SPLINE_CURVE_WITH_KNOTS('',2,(#3561,#3562,#3563),
  .UNSPECIFIED.,.F.,.F.,(3,3),(-3.363406011768,-3.211308144666),
  .PIECEWISE_BEZIER_KNOTS.);
#3561 = CARTESIAN_POINT('',(1.036593988232,-0.282842712475));
#3562 = CARTESIAN_POINT('',(1.112642921783,6.543215761075E-03));
#3563 = CARTESIAN_POINT('',(1.188691855334,0.282842712475));
#3564 = ( GEOMETRIC_REPRESENTATION_CONTEXT(2) 
PARAMETRIC_REPRESENTATION_CONTEXT() REPRESENTATION_CONTEXT('2D SPACE',''
  ) );
#3565 = ORIENTED_EDGE('',*,*,#933,.T.);
#3566 = ORIENTED_EDGE('',*,*,#3424,.T.);
#3567 = ORIENTED_EDGE('',*,*,#3568,.F.);
#3568 = EDGE_CURVE('',#3540,#3425,#3569,.T.);
#3569 = SURFACE_CURVE('',#3570,(#3575,#3582),.PCURVE_S1.);
#3570 = CIRCLE('',#3571,4.75);
#3571 = AXIS2_PLACEMENT_3D('',#3572,#3573,#3574);
#3572 = CARTESIAN_POINT('',(38.,-70.4,0.4));
#3573 = DIRECTION('',(0.,0.,1.));
#3574 = DIRECTION('',(0.736842105263,-0.676064872561,0.));
#3575 = PCURVE('',#950,#3576);
#3576 = DEFINITIONAL_REPRESENTATION('',(#3577),#3581);
#3577 = LINE('',#3578,#3579);
#3578 = CARTESIAN_POINT('',(-0.,-0.));
#3579 = VECTOR('',#3580,1.);
#3580 = DIRECTION('',(-1.,-0.));
#3581 = ( GEOMETRIC_REPRESENTATION_CONTEXT(2) 
PARAMETRIC_REPRESENTATION_CONTEXT() REPRESENTATION_CONTEXT('2D SPACE',''
  ) );
#3582 = PCURVE('',#3583,#3588);
#3583 = CYLINDRICAL_SURFACE('',#3584,4.75);
#3584 = AXIS2_PLACEMENT_3D('',#3585,#3586,#3587);
#3585 = CARTESIAN_POINT('',(38.,-70.4,0.));
#3586 = DIRECTION('',(0.,-0.,-1.));
#3587 = DIRECTION('',(0.736842105263,-0.676064872561,0.));
#3588 = DEFINITIONAL_REPRESENTATION('',(#3589),#3593);
#3589 = LINE('',#3590,#3591);
#3590 = CARTESIAN_POINT('',(-1.495879443705E-15,-0.4));
#3591 = VECTOR('',#3592,1.);
#3592 = DIRECTION('',(-1.,0.));
#3593 = ( GEOMETRIC_REPRESENTATION_CONTEXT(2) 
PARAMETRIC_REPRESENTATION_CONTEXT() REPRESENTATION_CONTEXT('2D SPACE',''
  ) );
#3594 = ADVANCED_FACE('',(#3595),#1570,.T.);
#3595 = FACE_BOUND('',#3596,.T.);
#3596 = EDGE_LOOP('',(#3597,#3620,#3621,#3622));
#3597 = ORIENTED_EDGE('',*,*,#3598,.F.);
#3598 = EDGE_CURVE('',#1527,#3599,#3601,.T.);
#3599 = VERTEX_POINT('',#3600);
#3600 = CARTESIAN_POINT('',(-99.8,66.5,0.4));
#3601 = SURFACE_CURVE('',#3602,(#3606,#3613),.PCURVE_S1.);
#3602 = LINE('',#3603,#3604);
#3603 = CARTESIAN_POINT('',(-99.66666666666,66.633333333333,
    0.266666666667));
#3604 = VECTOR('',#3605,1.);
#3605 = DIRECTION('',(-0.57735026919,-0.57735026919,0.57735026919));
#3606 = PCURVE('',#1570,#3607);
#3607 = DEFINITIONAL_REPRESENTATION('',(#3608),#3612);
#3608 = LINE('',#3609,#3610);
#3609 = CARTESIAN_POINT('',(0.133333333333,9.42809041582E-02));
#3610 = VECTOR('',#3611,1.);
#3611 = DIRECTION('',(-0.57735026919,0.816496580928));
#3612 = ( GEOMETRIC_REPRESENTATION_CONTEXT(2) 
PARAMETRIC_REPRESENTATION_CONTEXT() REPRESENTATION_CONTEXT('2D SPACE',''
  ) );
#3613 = PCURVE('',#1542,#3614);
#3614 = DEFINITIONAL_REPRESENTATION('',(#3615),#3619);
#3615 = LINE('',#3616,#3617);
#3616 = CARTESIAN_POINT('',(0.133333333333,9.42809041582E-02));
#3617 = VECTOR('',#3618,1.);
#3618 = DIRECTION('',(-0.57735026919,0.816496580928));
#3619 = ( GEOMETRIC_REPRESENTATION_CONTEXT(2) 
PARAMETRIC_REPRESENTATION_CONTEXT() REPRESENTATION_CONTEXT('2D SPACE',''
  ) );
#3620 = ORIENTED_EDGE('',*,*,#1554,.T.);
#3621 = ORIENTED_EDGE('',*,*,#3482,.T.);
#3622 = ORIENTED_EDGE('',*,*,#3623,.F.);
#3623 = EDGE_CURVE('',#3599,#3483,#3624,.T.);
#3624 = SURFACE_CURVE('',#3625,(#3629,#3636),.PCURVE_S1.);
#3625 = LINE('',#3626,#3627);
#3626 = CARTESIAN_POINT('',(-99.8,66.5,0.4));
#3627 = VECTOR('',#3628,1.);
#3628 = DIRECTION('',(1.,0.,-0.));
#3629 = PCURVE('',#1570,#3630);
#3630 = DEFINITIONAL_REPRESENTATION('',(#3631),#3635);
#3631 = LINE('',#3632,#3633);
#3632 = CARTESIAN_POINT('',(0.,0.282842712475));
#3633 = VECTOR('',#3634,1.);
#3634 = DIRECTION('',(1.,0.));
#3635 = ( GEOMETRIC_REPRESENTATION_CONTEXT(2) 
PARAMETRIC_REPRESENTATION_CONTEXT() REPRESENTATION_CONTEXT('2D SPACE',''
  ) );
#3636 = PCURVE('',#3637,#3642);
#3637 = PLANE('',#3638);
#3638 = AXIS2_PLACEMENT_3D('',#3639,#3640,#3641);
#3639 = CARTESIAN_POINT('',(-99.8,66.5,0.));
#3640 = DIRECTION('',(-0.,1.,0.));
#3641 = DIRECTION('',(1.,0.,-0.));
#3642 = DEFINITIONAL_REPRESENTATION('',(#3643),#3647);
#3643 = LINE('',#3644,#3645);
#3644 = CARTESIAN_POINT('',(0.,-0.4));
#3645 = VECTOR('',#3646,1.);
#3646 = DIRECTION('',(1.,0.));
#3647 = ( GEOMETRIC_REPRESENTATION_CONTEXT(2) 
PARAMETRIC_REPRESENTATION_CONTEXT() REPRESENTATION_CONTEXT('2D SPACE',''
  ) );
#3648 = ADVANCED_FACE('',(#3649),#978,.F.);
#3649 = FACE_BOUND('',#3650,.F.);
#3650 = EDGE_LOOP('',(#3651,#3674,#3675,#3676));
#3651 = ORIENTED_EDGE('',*,*,#3652,.F.);
#3652 = EDGE_CURVE('',#963,#3653,#3655,.T.);
#3653 = VERTEX_POINT('',#3654);
#3654 = CARTESIAN_POINT('',(41.5,-74.8,0.4));
#3655 = SURFACE_CURVE('',#3656,(#3660,#3667),.PCURVE_S1.);
#3656 = LINE('',#3657,#3658);
#3657 = CARTESIAN_POINT('',(41.633333333333,-74.66666666666,
    0.266666666667));
#3658 = VECTOR('',#3659,1.);
#3659 = DIRECTION('',(-0.57735026919,-0.57735026919,0.57735026919));
#3660 = PCURVE('',#978,#3661);
#3661 = DEFINITIONAL_REPRESENTATION('',(#3662),#3666);
#3662 = LINE('',#3663,#3664);
#3663 = CARTESIAN_POINT('',(0.133333333333,9.42809041582E-02));
#3664 = VECTOR('',#3665,1.);
#3665 = DIRECTION('',(-0.57735026919,0.816496580928));
#3666 = ( GEOMETRIC_REPRESENTATION_CONTEXT(2) 
PARAMETRIC_REPRESENTATION_CONTEXT() REPRESENTATION_CONTEXT('2D SPACE',''
  ) );
#3667 = PCURVE('',#1006,#3668);
#3668 = DEFINITIONAL_REPRESENTATION('',(#3669),#3673);
#3669 = LINE('',#3670,#3671);
#3670 = CARTESIAN_POINT('',(0.133333333333,9.42809041582E-02));
#3671 = VECTOR('',#3672,1.);
#3672 = DIRECTION('',(-0.57735026919,0.816496580928));
#3673 = ( GEOMETRIC_REPRESENTATION_CONTEXT(2) 
PARAMETRIC_REPRESENTATION_CONTEXT() REPRESENTATION_CONTEXT('2D SPACE',''
  ) );
#3674 = ORIENTED_EDGE('',*,*,#962,.T.);
#3675 = ORIENTED_EDGE('',*,*,#3539,.T.);
#3676 = ORIENTED_EDGE('',*,*,#3677,.F.);
#3677 = EDGE_CURVE('',#3653,#3540,#3678,.T.);
#3678 = SURFACE_CURVE('',#3679,(#3683,#3690),.PCURVE_S1.);
#3679 = LINE('',#3680,#3681);
#3680 = CARTESIAN_POINT('',(41.5,-74.8,0.4));
#3681 = VECTOR('',#3682,1.);
#3682 = DIRECTION('',(2.22044604925E-16,1.,0.));
#3683 = PCURVE('',#978,#3684);
#3684 = DEFINITIONAL_REPRESENTATION('',(#3685),#3689);
#3685 = LINE('',#3686,#3687);
#3686 = CARTESIAN_POINT('',(0.,0.282842712475));
#3687 = VECTOR('',#3688,1.);
#3688 = DIRECTION('',(1.,0.));
#3689 = ( GEOMETRIC_REPRESENTATION_CONTEXT(2) 
PARAMETRIC_REPRESENTATION_CONTEXT() REPRESENTATION_CONTEXT('2D SPACE',''
  ) );
#3690 = PCURVE('',#3691,#3696);
#3691 = PLANE('',#3692);
#3692 = AXIS2_PLACEMENT_3D('',#3693,#3694,#3695);
#3693 = CARTESIAN_POINT('',(41.5,-74.8,0.));
#3694 = DIRECTION('',(-1.,2.22044604925E-16,0.));
#3695 = DIRECTION('',(2.22044604925E-16,1.,0.));
#3696 = DEFINITIONAL_REPRESENTATION('',(#3697),#3701);
#3697 = LINE('',#3698,#3699);
#3698 = CARTESIAN_POINT('',(0.,-0.4));
#3699 = VECTOR('',#3700,1.);
#3700 = DIRECTION('',(1.,0.));
#3701 = ( GEOMETRIC_REPRESENTATION_CONTEXT(2) 
PARAMETRIC_REPRESENTATION_CONTEXT() REPRESENTATION_CONTEXT('2D SPACE',''
  ) );
#3702 = ADVANCED_FACE('',(#3703),#1542,.F.);
#3703 = FACE_BOUND('',#3704,.F.);
#3704 = EDGE_LOOP('',(#3705,#3706,#3707,#3730));
#3705 = ORIENTED_EDGE('',*,*,#3598,.F.);
#3706 = ORIENTED_EDGE('',*,*,#1526,.T.);
#3707 = ORIENTED_EDGE('',*,*,#3708,.T.);
#3708 = EDGE_CURVE('',#1499,#3709,#3711,.T.);
#3709 = VERTEX_POINT('',#3710);
#3710 = CARTESIAN_POINT('',(-99.8,74.8,0.4));
#3711 = SURFACE_CURVE('',#3712,(#3716,#3723),.PCURVE_S1.);
#3712 = LINE('',#3713,#3714);
#3713 = CARTESIAN_POINT('',(-98.28333333333,73.283333333333,
    -1.116666666667));
#3714 = VECTOR('',#3715,1.);
#3715 = DIRECTION('',(-0.57735026919,0.57735026919,0.57735026919));
#3716 = PCURVE('',#1542,#3717);
#3717 = DEFINITIONAL_REPRESENTATION('',(#3718),#3722);
#3718 = LINE('',#3719,#3720);
#3719 = CARTESIAN_POINT('',(6.783333333333,-1.862047857125));
#3720 = VECTOR('',#3721,1.);
#3721 = DIRECTION('',(0.57735026919,0.816496580928));
#3722 = ( GEOMETRIC_REPRESENTATION_CONTEXT(2) 
PARAMETRIC_REPRESENTATION_CONTEXT() REPRESENTATION_CONTEXT('2D SPACE',''
  ) );
#3723 = PCURVE('',#1514,#3724);
#3724 = DEFINITIONAL_REPRESENTATION('',(#3725),#3729);
#3725 = LINE('',#3726,#3727);
#3726 = CARTESIAN_POINT('',(1.516666666667,-1.862047857125));
#3727 = VECTOR('',#3728,1.);
#3728 = DIRECTION('',(-0.57735026919,0.816496580928));
#3729 = ( GEOMETRIC_REPRESENTATION_CONTEXT(2) 
PARAMETRIC_REPRESENTATION_CONTEXT() REPRESENTATION_CONTEXT('2D SPACE',''
  ) );
#3730 = ORIENTED_EDGE('',*,*,#3731,.F.);
#3731 = EDGE_CURVE('',#3599,#3709,#3732,.T.);
#3732 = SURFACE_CURVE('',#3733,(#3737,#3744),.PCURVE_S1.);
#3733 = LINE('',#3734,#3735);
#3734 = CARTESIAN_POINT('',(-99.8,66.5,0.4));
#3735 = VECTOR('',#3736,1.);
#3736 = DIRECTION('',(-0.,1.,0.));
#3737 = PCURVE('',#1542,#3738);
#3738 = DEFINITIONAL_REPRESENTATION('',(#3739),#3743);
#3739 = LINE('',#3740,#3741);
#3740 = CARTESIAN_POINT('',(0.,0.282842712475));
#3741 = VECTOR('',#3742,1.);
#3742 = DIRECTION('',(1.,0.));
#3743 = ( GEOMETRIC_REPRESENTATION_CONTEXT(2) 
PARAMETRIC_REPRESENTATION_CONTEXT() REPRESENTATION_CONTEXT('2D SPACE',''
  ) );
#3744 = PCURVE('',#3745,#3750);
#3745 = PLANE('',#3746);
#3746 = AXIS2_PLACEMENT_3D('',#3747,#3748,#3749);
#3747 = CARTESIAN_POINT('',(-99.8,66.5,0.));
#3748 = DIRECTION('',(-1.,-0.,0.));
#3749 = DIRECTION('',(-0.,1.,0.));
#3750 = DEFINITIONAL_REPRESENTATION('',(#3751),#3755);
#3751 = LINE('',#3752,#3753);
#3752 = CARTESIAN_POINT('',(0.,-0.4));
#3753 = VECTOR('',#3754,1.);
#3754 = DIRECTION('',(1.,0.));
#3755 = ( GEOMETRIC_REPRESENTATION_CONTEXT(2) 
PARAMETRIC_REPRESENTATION_CONTEXT() REPRESENTATION_CONTEXT('2D SPACE',''
  ) );
#3756 = ADVANCED_FACE('',(#3757),#1006,.T.);
#3757 = FACE_BOUND('',#3758,.T.);
#3758 = EDGE_LOOP('',(#3759,#3760,#3761,#3784));
#3759 = ORIENTED_EDGE('',*,*,#3652,.F.);
#3760 = ORIENTED_EDGE('',*,*,#990,.T.);
#3761 = ORIENTED_EDGE('',*,*,#3762,.T.);
#3762 = EDGE_CURVE('',#991,#3763,#3765,.T.);
#3763 = VERTEX_POINT('',#3764);
#3764 = CARTESIAN_POINT('',(84.5,-74.8,0.4));
#3765 = SURFACE_CURVE('',#3766,(#3770,#3777),.PCURVE_S1.);
#3766 = LINE('',#3767,#3768);
#3767 = CARTESIAN_POINT('',(77.2,-67.5,-6.9));
#3768 = VECTOR('',#3769,1.);
#3769 = DIRECTION('',(0.57735026919,-0.57735026919,0.57735026919));
#3770 = PCURVE('',#1006,#3771);
#3771 = DEFINITIONAL_REPRESENTATION('',(#3772),#3776);
#3772 = LINE('',#3773,#3774);
#3773 = CARTESIAN_POINT('',(35.7,-10.04091629284));
#3774 = VECTOR('',#3775,1.);
#3775 = DIRECTION('',(0.57735026919,0.816496580928));
#3776 = ( GEOMETRIC_REPRESENTATION_CONTEXT(2) 
PARAMETRIC_REPRESENTATION_CONTEXT() REPRESENTATION_CONTEXT('2D SPACE',''
  ) );
#3777 = PCURVE('',#1034,#3778);
#3778 = DEFINITIONAL_REPRESENTATION('',(#3779),#3783);
#3779 = LINE('',#3780,#3781);
#3780 = CARTESIAN_POINT('',(7.3,-10.04091629284));
#3781 = VECTOR('',#3782,1.);
#3782 = DIRECTION('',(-0.57735026919,0.816496580928));
#3783 = ( GEOMETRIC_REPRESENTATION_CONTEXT(2) 
PARAMETRIC_REPRESENTATION_CONTEXT() REPRESENTATION_CONTEXT('2D SPACE',''
  ) );
#3784 = ORIENTED_EDGE('',*,*,#3785,.F.);
#3785 = EDGE_CURVE('',#3653,#3763,#3786,.T.);
#3786 = SURFACE_CURVE('',#3787,(#3791,#3798),.PCURVE_S1.);
#3787 = LINE('',#3788,#3789);
#3788 = CARTESIAN_POINT('',(41.5,-74.8,0.4));
#3789 = VECTOR('',#3790,1.);
#3790 = DIRECTION('',(1.,0.,-0.));
#3791 = PCURVE('',#1006,#3792);
#3792 = DEFINITIONAL_REPRESENTATION('',(#3793),#3797);
#3793 = LINE('',#3794,#3795);
#3794 = CARTESIAN_POINT('',(0.,0.282842712475));
#3795 = VECTOR('',#3796,1.);
#3796 = DIRECTION('',(1.,0.));
#3797 = ( GEOMETRIC_REPRESENTATION_CONTEXT(2) 
PARAMETRIC_REPRESENTATION_CONTEXT() REPRESENTATION_CONTEXT('2D SPACE',''
  ) );
#3798 = PCURVE('',#3799,#3804);
#3799 = PLANE('',#3800);
#3800 = AXIS2_PLACEMENT_3D('',#3801,#3802,#3803);
#3801 = CARTESIAN_POINT('',(41.5,-74.8,0.));
#3802 = DIRECTION('',(-0.,1.,0.));
#3803 = DIRECTION('',(1.,0.,-0.));
#3804 = DEFINITIONAL_REPRESENTATION('',(#3805),#3809);
#3805 = LINE('',#3806,#3807);
#3806 = CARTESIAN_POINT('',(0.,-0.4));
#3807 = VECTOR('',#3808,1.);
#3808 = DIRECTION('',(1.,0.));
#3809 = ( GEOMETRIC_REPRESENTATION_CONTEXT(2) 
PARAMETRIC_REPRESENTATION_CONTEXT() REPRESENTATION_CONTEXT('2D SPACE',''
  ) );
#3810 = ADVANCED_FACE('',(#3811),#1514,.F.);
#3811 = FACE_BOUND('',#3812,.F.);
#3812 = EDGE_LOOP('',(#3813,#3814,#3815,#3838));
#3813 = ORIENTED_EDGE('',*,*,#3708,.F.);
#3814 = ORIENTED_EDGE('',*,*,#1498,.T.);
#3815 = ORIENTED_EDGE('',*,*,#3816,.T.);
#3816 = EDGE_CURVE('',#1471,#3817,#3819,.T.);
#3817 = VERTEX_POINT('',#3818);
#3818 = CARTESIAN_POINT('',(99.8,74.8,0.4));
#3819 = SURFACE_CURVE('',#3820,(#3824,#3831),.PCURVE_S1.);
#3820 = LINE('',#3821,#3822);
#3821 = CARTESIAN_POINT('',(64.975,39.975,-34.425));
#3822 = VECTOR('',#3823,1.);
#3823 = DIRECTION('',(0.57735026919,0.57735026919,0.57735026919));
#3824 = PCURVE('',#1514,#3825);
#3825 = DEFINITIONAL_REPRESENTATION('',(#3826),#3830);
#3826 = LINE('',#3827,#3828);
#3827 = CARTESIAN_POINT('',(164.775,-48.96714459716));
#3828 = VECTOR('',#3829,1.);
#3829 = DIRECTION('',(0.57735026919,0.816496580928));
#3830 = ( GEOMETRIC_REPRESENTATION_CONTEXT(2) 
PARAMETRIC_REPRESENTATION_CONTEXT() REPRESENTATION_CONTEXT('2D SPACE',''
  ) );
#3831 = PCURVE('',#1486,#3832);
#3832 = DEFINITIONAL_REPRESENTATION('',(#3833),#3837);
#3833 = LINE('',#3834,#3835);
#3834 = CARTESIAN_POINT('',(-26.275,-48.96714459716));
#3835 = VECTOR('',#3836,1.);
#3836 = DIRECTION('',(0.57735026919,0.816496580928));
#3837 = ( GEOMETRIC_REPRESENTATION_CONTEXT(2) 
PARAMETRIC_REPRESENTATION_CONTEXT() REPRESENTATION_CONTEXT('2D SPACE',''
  ) );
#3838 = ORIENTED_EDGE('',*,*,#3839,.F.);
#3839 = EDGE_CURVE('',#3709,#3817,#3840,.T.);
#3840 = SURFACE_CURVE('',#3841,(#3845,#3852),.PCURVE_S1.);
#3841 = LINE('',#3842,#3843);
#3842 = CARTESIAN_POINT('',(-99.8,74.8,0.4));
#3843 = VECTOR('',#3844,1.);
#3844 = DIRECTION('',(1.,0.,-0.));
#3845 = PCURVE('',#1514,#3846);
#3846 = DEFINITIONAL_REPRESENTATION('',(#3847),#3851);
#3847 = LINE('',#3848,#3849);
#3848 = CARTESIAN_POINT('',(0.,0.282842712475));
#3849 = VECTOR('',#3850,1.);
#3850 = DIRECTION('',(1.,0.));
#3851 = ( GEOMETRIC_REPRESENTATION_CONTEXT(2) 
PARAMETRIC_REPRESENTATION_CONTEXT() REPRESENTATION_CONTEXT('2D SPACE',''
  ) );
#3852 = PCURVE('',#3853,#3858);
#3853 = PLANE('',#3854);
#3854 = AXIS2_PLACEMENT_3D('',#3855,#3856,#3857);
#3855 = CARTESIAN_POINT('',(-99.8,74.8,0.));
#3856 = DIRECTION('',(-0.,1.,0.));
#3857 = DIRECTION('',(1.,0.,-0.));
#3858 = DEFINITIONAL_REPRESENTATION('',(#3859),#3863);
#3859 = LINE('',#3860,#3861);
#3860 = CARTESIAN_POINT('',(0.,-0.4));
#3861 = VECTOR('',#3862,1.);
#3862 = DIRECTION('',(1.,0.));
#3863 = ( GEOMETRIC_REPRESENTATION_CONTEXT(2) 
PARAMETRIC_REPRESENTATION_CONTEXT() REPRESENTATION_CONTEXT('2D SPACE',''
  ) );
#3864 = ADVANCED_FACE('',(#3865),#1034,.T.);
#3865 = FACE_BOUND('',#3866,.T.);
#3866 = EDGE_LOOP('',(#3867,#3868,#3869,#3896));
#3867 = ORIENTED_EDGE('',*,*,#3762,.F.);
#3868 = ORIENTED_EDGE('',*,*,#1018,.T.);
#3869 = ORIENTED_EDGE('',*,*,#3870,.T.);
#3870 = EDGE_CURVE('',#1019,#3871,#3873,.T.);
#3871 = VERTEX_POINT('',#3872);
#3872 = CARTESIAN_POINT('',(84.5,-73.61130814466,0.4));
#3873 = SURFACE_CURVE('',#3874,(#3879,#3886),.PCURVE_S1.);
#3874 = PARABOLA('',#3875,0.441941738242);
#3875 = AXIS2_PLACEMENT_3D('',#3876,#3877,#3878);
#3876 = CARTESIAN_POINT('',(88.625,-70.4,4.525));
#3877 = DIRECTION('',(0.707106781187,2.795980032047E-18,-0.707106781187)
  );
#3878 = DIRECTION('',(-0.707106781187,-2.795980032047E-18,
    -0.707106781187));
#3879 = PCURVE('',#1034,#3880);
#3880 = DEFINITIONAL_REPRESENTATION('',(#3881),#3885);
#3881 = B_SPLINE_CURVE_WITH_KNOTS('',2,(#3882,#3883,#3884),
  .UNSPECIFIED.,.F.,.F.,(3,3),(-3.363406011768,-3.211308144666),
  .PIECEWISE_BEZIER_KNOTS.);
#3882 = CARTESIAN_POINT('',(1.036593988232,-0.282842712472));
#3883 = CARTESIAN_POINT('',(1.112642921783,6.543215762365E-03));
#3884 = CARTESIAN_POINT('',(1.188691855334,0.282842712475));
#3885 = ( GEOMETRIC_REPRESENTATION_CONTEXT(2) 
PARAMETRIC_REPRESENTATION_CONTEXT() REPRESENTATION_CONTEXT('2D SPACE',''
  ) );
#3886 = PCURVE('',#1063,#3887);
#3887 = DEFINITIONAL_REPRESENTATION('',(#3888),#3895);
#3888 = B_SPLINE_CURVE_WITH_KNOTS('',5,(#3889,#3890,#3891,#3892,#3893,
    #3894),.UNSPECIFIED.,.F.,.F.,(6,6),(-3.363406011768,-3.211308144666)
  ,.PIECEWISE_BEZIER_KNOTS.);
#3889 = CARTESIAN_POINT('',(-4.595657348603,0.399999999998));
#3890 = CARTESIAN_POINT('',(-4.601564061889,0.318149299104));
#3891 = CARTESIAN_POINT('',(-4.607588121889,0.237223948658));
#3892 = CARTESIAN_POINT('',(-4.613733976768,0.157223948658));
#3893 = CARTESIAN_POINT('',(-4.62000639291,7.814929910533E-02));
#3894 = CARTESIAN_POINT('',(-4.62641051363,-2.377542607235E-13));
#3895 = ( GEOMETRIC_REPRESENTATION_CONTEXT(2) 
PARAMETRIC_REPRESENTATION_CONTEXT() REPRESENTATION_CONTEXT('2D SPACE',''
  ) );
#3896 = ORIENTED_EDGE('',*,*,#3897,.F.);
#3897 = EDGE_CURVE('',#3763,#3871,#3898,.T.);
#3898 = SURFACE_CURVE('',#3899,(#3903,#3910),.PCURVE_S1.);
#3899 = LINE('',#3900,#3901);
#3900 = CARTESIAN_POINT('',(84.5,-74.8,0.4));
#3901 = VECTOR('',#3902,1.);
#3902 = DIRECTION('',(2.22044604925E-16,1.,0.));
#3903 = PCURVE('',#1034,#3904);
#3904 = DEFINITIONAL_REPRESENTATION('',(#3905),#3909);
#3905 = LINE('',#3906,#3907);
#3906 = CARTESIAN_POINT('',(0.,0.282842712475));
#3907 = VECTOR('',#3908,1.);
#3908 = DIRECTION('',(1.,0.));
#3909 = ( GEOMETRIC_REPRESENTATION_CONTEXT(2) 
PARAMETRIC_REPRESENTATION_CONTEXT() REPRESENTATION_CONTEXT('2D SPACE',''
  ) );
#3910 = PCURVE('',#3911,#3916);
#3911 = PLANE('',#3912);
#3912 = AXIS2_PLACEMENT_3D('',#3913,#3914,#3915);
#3913 = CARTESIAN_POINT('',(84.5,-74.8,0.));
#3914 = DIRECTION('',(-1.,2.22044604925E-16,0.));
#3915 = DIRECTION('',(2.22044604925E-16,1.,0.));
#3916 = DEFINITIONAL_REPRESENTATION('',(#3917),#3921);
#3917 = LINE('',#3918,#3919);
#3918 = CARTESIAN_POINT('',(0.,-0.4));
#3919 = VECTOR('',#3920,1.);
#3920 = DIRECTION('',(1.,0.));
#3921 = ( GEOMETRIC_REPRESENTATION_CONTEXT(2) 
PARAMETRIC_REPRESENTATION_CONTEXT() REPRESENTATION_CONTEXT('2D SPACE',''
  ) );
#3922 = ADVANCED_FACE('',(#3923),#1486,.T.);
#3923 = FACE_BOUND('',#3924,.T.);
#3924 = EDGE_LOOP('',(#3925,#3948,#3949,#3950));
#3925 = ORIENTED_EDGE('',*,*,#3926,.F.);
#3926 = EDGE_CURVE('',#1443,#3927,#3929,.T.);
#3927 = VERTEX_POINT('',#3928);
#3928 = CARTESIAN_POINT('',(99.8,66.25,0.4));
#3929 = SURFACE_CURVE('',#3930,(#3934,#3941),.PCURVE_S1.);
#3930 = LINE('',#3931,#3932);
#3931 = CARTESIAN_POINT('',(99.666666666667,66.116666666667,
    0.266666666667));
#3932 = VECTOR('',#3933,1.);
#3933 = DIRECTION('',(0.57735026919,0.57735026919,0.57735026919));
#3934 = PCURVE('',#1486,#3935);
#3935 = DEFINITIONAL_REPRESENTATION('',(#3936),#3940);
#3936 = LINE('',#3937,#3938);
#3937 = CARTESIAN_POINT('',(-0.133333333333,9.428090415821E-02));
#3938 = VECTOR('',#3939,1.);
#3939 = DIRECTION('',(0.57735026919,0.816496580928));
#3940 = ( GEOMETRIC_REPRESENTATION_CONTEXT(2) 
PARAMETRIC_REPRESENTATION_CONTEXT() REPRESENTATION_CONTEXT('2D SPACE',''
  ) );
#3941 = PCURVE('',#1458,#3942);
#3942 = DEFINITIONAL_REPRESENTATION('',(#3943),#3947);
#3943 = LINE('',#3944,#3945);
#3944 = CARTESIAN_POINT('',(-0.133333333333,9.42809041582E-02));
#3945 = VECTOR('',#3946,1.);
#3946 = DIRECTION('',(0.57735026919,0.816496580928));
#3947 = ( GEOMETRIC_REPRESENTATION_CONTEXT(2) 
PARAMETRIC_REPRESENTATION_CONTEXT() REPRESENTATION_CONTEXT('2D SPACE',''
  ) );
#3948 = ORIENTED_EDGE('',*,*,#1470,.T.);
#3949 = ORIENTED_EDGE('',*,*,#3816,.T.);
#3950 = ORIENTED_EDGE('',*,*,#3951,.F.);
#3951 = EDGE_CURVE('',#3927,#3817,#3952,.T.);
#3952 = SURFACE_CURVE('',#3953,(#3957,#3964),.PCURVE_S1.);
#3953 = LINE('',#3954,#3955);
#3954 = CARTESIAN_POINT('',(99.8,66.25,0.4));
#3955 = VECTOR('',#3956,1.);
#3956 = DIRECTION('',(-0.,1.,0.));
#3957 = PCURVE('',#1486,#3958);
#3958 = DEFINITIONAL_REPRESENTATION('',(#3959),#3963);
#3959 = LINE('',#3960,#3961);
#3960 = CARTESIAN_POINT('',(0.,0.282842712475));
#3961 = VECTOR('',#3962,1.);
#3962 = DIRECTION('',(1.,0.));
#3963 = ( GEOMETRIC_REPRESENTATION_CONTEXT(2) 
PARAMETRIC_REPRESENTATION_CONTEXT() REPRESENTATION_CONTEXT('2D SPACE',''
  ) );
#3964 = PCURVE('',#3965,#3970);
#3965 = PLANE('',#3966);
#3966 = AXIS2_PLACEMENT_3D('',#3967,#3968,#3969);
#3967 = CARTESIAN_POINT('',(99.8,66.25,0.));
#3968 = DIRECTION('',(-1.,-0.,0.));
#3969 = DIRECTION('',(-0.,1.,0.));
#3970 = DEFINITIONAL_REPRESENTATION('',(#3971),#3975);
#3971 = LINE('',#3972,#3973);
#3972 = CARTESIAN_POINT('',(0.,-0.4));
#3973 = VECTOR('',#3974,1.);
#3974 = DIRECTION('',(1.,0.));
#3975 = ( GEOMETRIC_REPRESENTATION_CONTEXT(2) 
PARAMETRIC_REPRESENTATION_CONTEXT() REPRESENTATION_CONTEXT('2D SPACE',''
  ) );
#3976 = ADVANCED_FACE('',(#3977),#1063,.F.);
#3977 = FACE_BOUND('',#3978,.F.);
#3978 = EDGE_LOOP('',(#3979,#4006,#4007,#4008));
#3979 = ORIENTED_EDGE('',*,*,#3980,.F.);
#3980 = EDGE_CURVE('',#1047,#3981,#3983,.T.);
#3981 = VERTEX_POINT('',#3982);
#3982 = CARTESIAN_POINT('',(91.5,-73.61130814466,0.4));
#3983 = SURFACE_CURVE('',#3984,(#3989,#3999),.PCURVE_S1.);
#3984 = PARABOLA('',#3985,0.441941738242);
#3985 = AXIS2_PLACEMENT_3D('',#3986,#3987,#3988);
#3986 = CARTESIAN_POINT('',(87.375,-70.4,4.525));
#3987 = DIRECTION('',(0.707106781187,-2.795980032047E-18,0.707106781187)
  );
#3988 = DIRECTION('',(0.707106781187,-2.795980032047E-18,-0.707106781187
    ));
#3989 = PCURVE('',#1063,#3990);
#3990 = DEFINITIONAL_REPRESENTATION('',(#3991),#3998);
#3991 = B_SPLINE_CURVE_WITH_KNOTS('',5,(#3992,#3993,#3994,#3995,#3996,
    #3997),.UNSPECIFIED.,.F.,.F.,(6,6),(-3.363406011768,-3.211308144666)
  ,.PIECEWISE_BEZIER_KNOTS.);
#3992 = CARTESIAN_POINT('',(-3.07531650271E-02,0.4));
#3993 = CARTESIAN_POINT('',(-2.484645174158E-02,0.318149299106));
#3994 = CARTESIAN_POINT('',(-1.882239174184E-02,0.237223948659));
#3995 = CARTESIAN_POINT('',(-1.267653686242E-02,0.157223948659));
#3996 = CARTESIAN_POINT('',(-6.404120720053E-03,7.814929910587E-02));
#3997 = CARTESIAN_POINT('',(3.641531520771E-14,3.758104938356E-14));
#3998 = ( GEOMETRIC_REPRESENTATION_CONTEXT(2) 
PARAMETRIC_REPRESENTATION_CONTEXT() REPRESENTATION_CONTEXT('2D SPACE',''
  ) );
#3999 = PCURVE('',#1091,#4000);
#4000 = DEFINITIONAL_REPRESENTATION('',(#4001),#4005);
#4001 = B_SPLINE_CURVE_WITH_KNOTS('',2,(#4002,#4003,#4004),
  .UNSPECIFIED.,.F.,.F.,(3,3),(-3.363406011768,-3.211308144666),
  .PIECEWISE_BEZIER_KNOTS.);
#4002 = CARTESIAN_POINT('',(1.036593988232,-0.282842712475));
#4003 = CARTESIAN_POINT('',(1.112642921783,6.543215761005E-03));
#4004 = CARTESIAN_POINT('',(1.188691855334,0.282842712475));
#4005 = ( GEOMETRIC_REPRESENTATION_CONTEXT(2) 
PARAMETRIC_REPRESENTATION_CONTEXT() REPRESENTATION_CONTEXT('2D SPACE',''
  ) );
#4006 = ORIENTED_EDGE('',*,*,#1046,.T.);
#4007 = ORIENTED_EDGE('',*,*,#3870,.T.);
#4008 = ORIENTED_EDGE('',*,*,#4009,.F.);
#4009 = EDGE_CURVE('',#3981,#3871,#4010,.T.);
#4010 = SURFACE_CURVE('',#4011,(#4016,#4023),.PCURVE_S1.);
#4011 = CIRCLE('',#4012,4.75);
#4012 = AXIS2_PLACEMENT_3D('',#4013,#4014,#4015);
#4013 = CARTESIAN_POINT('',(88.,-70.4,0.4));
#4014 = DIRECTION('',(0.,0.,1.));
#4015 = DIRECTION('',(0.736842105263,-0.676064872561,0.));
#4016 = PCURVE('',#1063,#4017);
#4017 = DEFINITIONAL_REPRESENTATION('',(#4018),#4022);
#4018 = LINE('',#4019,#4020);
#4019 = CARTESIAN_POINT('',(-0.,-0.));
#4020 = VECTOR('',#4021,1.);
#4021 = DIRECTION('',(-1.,-0.));
#4022 = ( GEOMETRIC_REPRESENTATION_CONTEXT(2) 
PARAMETRIC_REPRESENTATION_CONTEXT() REPRESENTATION_CONTEXT('2D SPACE',''
  ) );
#4023 = PCURVE('',#4024,#4029);
#4024 = CYLINDRICAL_SURFACE('',#4025,4.75);
#4025 = AXIS2_PLACEMENT_3D('',#4026,#4027,#4028);
#4026 = CARTESIAN_POINT('',(88.,-70.4,0.));
#4027 = DIRECTION('',(0.,-0.,-1.));
#4028 = DIRECTION('',(0.736842105263,-0.676064872561,0.));
#4029 = DEFINITIONAL_REPRESENTATION('',(#4030),#4034);
#4030 = LINE('',#4031,#4032);
#4031 = CARTESIAN_POINT('',(-7.479397218527E-16,-0.4));
#4032 = VECTOR('',#4033,1.);
#4033 = DIRECTION('',(-1.,0.));
#4034 = ( GEOMETRIC_REPRESENTATION_CONTEXT(2) 
PARAMETRIC_REPRESENTATION_CONTEXT() REPRESENTATION_CONTEXT('2D SPACE',''
  ) );
#4035 = ADVANCED_FACE('',(#4036),#1458,.F.);
#4036 = FACE_BOUND('',#4037,.F.);
#4037 = EDGE_LOOP('',(#4038,#4039,#4040,#4067));
#4038 = ORIENTED_EDGE('',*,*,#3926,.F.);
#4039 = ORIENTED_EDGE('',*,*,#1442,.T.);
#4040 = ORIENTED_EDGE('',*,*,#4041,.T.);
#4041 = EDGE_CURVE('',#1414,#4042,#4044,.T.);
#4042 = VERTEX_POINT('',#4043);
#4043 = CARTESIAN_POINT('',(101.4875251005,66.25,0.4));
#4044 = SURFACE_CURVE('',#4045,(#4050,#4057),.PCURVE_S1.);
#4045 = PARABOLA('',#4046,0.441941738242);
#4046 = AXIS2_PLACEMENT_3D('',#4047,#4048,#4049);
#4047 = CARTESIAN_POINT('',(104.6,62.375,-3.475));
#4048 = DIRECTION('',(-3.978141013962E-18,-0.707106781187,0.707106781187
    ));
#4049 = DIRECTION('',(3.978141013962E-18,0.707106781187,0.707106781187)
  );
#4050 = PCURVE('',#1458,#4051);
#4051 = DEFINITIONAL_REPRESENTATION('',(#4052),#4056);
#4052 = B_SPLINE_CURVE_WITH_KNOTS('',2,(#4053,#4054,#4055),
  .UNSPECIFIED.,.F.,.F.,(3,3),(2.947456530638,3.112474899497),
  .PIECEWISE_BEZIER_KNOTS.);
#4053 = CARTESIAN_POINT('',(1.852543469362,-0.282842712475));
#4054 = CARTESIAN_POINT('',(1.770034284932,-7.702107456941E-03));
#4055 = CARTESIAN_POINT('',(1.687525100503,0.282842712475));
#4056 = ( GEOMETRIC_REPRESENTATION_CONTEXT(2) 
PARAMETRIC_REPRESENTATION_CONTEXT() REPRESENTATION_CONTEXT('2D SPACE',''
  ) );
#4057 = PCURVE('',#1430,#4058);
#4058 = DEFINITIONAL_REPRESENTATION('',(#4059),#4066);
#4059 = B_SPLINE_CURVE_WITH_KNOTS('',5,(#4060,#4061,#4062,#4063,#4064,
    #4065),.UNSPECIFIED.,.F.,.F.,(6,6),(2.947456530638,3.112474899497),
  .PIECEWISE_BEZIER_KNOTS.);
#4060 = CARTESIAN_POINT('',(4.707585952106,-0.4));
#4061 = CARTESIAN_POINT('',(4.699536275576,-0.322178484965));
#4062 = CARTESIAN_POINT('',(4.691677586163,-0.243267727447));
#4063 = CARTESIAN_POINT('',(4.684001365009,-0.163267727447));
#4064 = CARTESIAN_POINT('',(4.676499796113,-8.21784849649E-02));
#4065 = CARTESIAN_POINT('',(4.669165646385,-2.003952559448E-14));
#4066 = ( GEOMETRIC_REPRESENTATION_CONTEXT(2) 
PARAMETRIC_REPRESENTATION_CONTEXT() REPRESENTATION_CONTEXT('2D SPACE',''
  ) );
#4067 = ORIENTED_EDGE('',*,*,#4068,.F.);
#4068 = EDGE_CURVE('',#3927,#4042,#4069,.T.);
#4069 = SURFACE_CURVE('',#4070,(#4074,#4081),.PCURVE_S1.);
#4070 = LINE('',#4071,#4072);
#4071 = CARTESIAN_POINT('',(99.8,66.25,0.4));
#4072 = VECTOR('',#4073,1.);
#4073 = DIRECTION('',(1.,0.,-0.));
#4074 = PCURVE('',#1458,#4075);
#4075 = DEFINITIONAL_REPRESENTATION('',(#4076),#4080);
#4076 = LINE('',#4077,#4078);
#4077 = CARTESIAN_POINT('',(0.,0.282842712475));
#4078 = VECTOR('',#4079,1.);
#4079 = DIRECTION('',(1.,0.));
#4080 = ( GEOMETRIC_REPRESENTATION_CONTEXT(2) 
PARAMETRIC_REPRESENTATION_CONTEXT() REPRESENTATION_CONTEXT('2D SPACE',''
  ) );
#4081 = PCURVE('',#4082,#4087);
#4082 = PLANE('',#4083);
#4083 = AXIS2_PLACEMENT_3D('',#4084,#4085,#4086);
#4084 = CARTESIAN_POINT('',(99.8,66.25,0.));
#4085 = DIRECTION('',(-0.,1.,0.));
#4086 = DIRECTION('',(1.,0.,-0.));
#4087 = DEFINITIONAL_REPRESENTATION('',(#4088),#4092);
#4088 = LINE('',#4089,#4090);
#4089 = CARTESIAN_POINT('',(0.,-0.4));
#4090 = VECTOR('',#4091,1.);
#4091 = DIRECTION('',(1.,0.));
#4092 = ( GEOMETRIC_REPRESENTATION_CONTEXT(2) 
PARAMETRIC_REPRESENTATION_CONTEXT() REPRESENTATION_CONTEXT('2D SPACE',''
  ) );
#4093 = ADVANCED_FACE('',(#4094),#1091,.F.);
#4094 = FACE_BOUND('',#4095,.F.);
#4095 = EDGE_LOOP('',(#4096,#4119,#4120,#4121));
#4096 = ORIENTED_EDGE('',*,*,#4097,.F.);
#4097 = EDGE_CURVE('',#1076,#4098,#4100,.T.);
#4098 = VERTEX_POINT('',#4099);
#4099 = CARTESIAN_POINT('',(91.5,-74.8,0.4));
#4100 = SURFACE_CURVE('',#4101,(#4105,#4112),.PCURVE_S1.);
#4101 = LINE('',#4102,#4103);
#4102 = CARTESIAN_POINT('',(91.633333333333,-74.66666666666,
    0.266666666667));
#4103 = VECTOR('',#4104,1.);
#4104 = DIRECTION('',(-0.57735026919,-0.57735026919,0.57735026919));
#4105 = PCURVE('',#1091,#4106);
#4106 = DEFINITIONAL_REPRESENTATION('',(#4107),#4111);
#4107 = LINE('',#4108,#4109);
#4108 = CARTESIAN_POINT('',(0.133333333333,9.42809041582E-02));
#4109 = VECTOR('',#4110,1.);
#4110 = DIRECTION('',(-0.57735026919,0.816496580928));
#4111 = ( GEOMETRIC_REPRESENTATION_CONTEXT(2) 
PARAMETRIC_REPRESENTATION_CONTEXT() REPRESENTATION_CONTEXT('2D SPACE',''
  ) );
#4112 = PCURVE('',#1119,#4113);
#4113 = DEFINITIONAL_REPRESENTATION('',(#4114),#4118);
#4114 = LINE('',#4115,#4116);
#4115 = CARTESIAN_POINT('',(0.133333333333,9.42809041582E-02));
#4116 = VECTOR('',#4117,1.);
#4117 = DIRECTION('',(-0.57735026919,0.816496580928));
#4118 = ( GEOMETRIC_REPRESENTATION_CONTEXT(2) 
PARAMETRIC_REPRESENTATION_CONTEXT() REPRESENTATION_CONTEXT('2D SPACE',''
  ) );
#4119 = ORIENTED_EDGE('',*,*,#1075,.T.);
#4120 = ORIENTED_EDGE('',*,*,#3980,.T.);
#4121 = ORIENTED_EDGE('',*,*,#4122,.F.);
#4122 = EDGE_CURVE('',#4098,#3981,#4123,.T.);
#4123 = SURFACE_CURVE('',#4124,(#4128,#4135),.PCURVE_S1.);
#4124 = LINE('',#4125,#4126);
#4125 = CARTESIAN_POINT('',(91.5,-74.8,0.4));
#4126 = VECTOR('',#4127,1.);
#4127 = DIRECTION('',(2.22044604925E-16,1.,0.));
#4128 = PCURVE('',#1091,#4129);
#4129 = DEFINITIONAL_REPRESENTATION('',(#4130),#4134);
#4130 = LINE('',#4131,#4132);
#4131 = CARTESIAN_POINT('',(0.,0.282842712475));
#4132 = VECTOR('',#4133,1.);
#4133 = DIRECTION('',(1.,0.));
#4134 = ( GEOMETRIC_REPRESENTATION_CONTEXT(2) 
PARAMETRIC_REPRESENTATION_CONTEXT() REPRESENTATION_CONTEXT('2D SPACE',''
  ) );
#4135 = PCURVE('',#4136,#4141);
#4136 = PLANE('',#4137);
#4137 = AXIS2_PLACEMENT_3D('',#4138,#4139,#4140);
#4138 = CARTESIAN_POINT('',(91.5,-74.8,0.));
#4139 = DIRECTION('',(-1.,2.22044604925E-16,0.));
#4140 = DIRECTION('',(2.22044604925E-16,1.,0.));
#4141 = DEFINITIONAL_REPRESENTATION('',(#4142),#4146);
#4142 = LINE('',#4143,#4144);
#4143 = CARTESIAN_POINT('',(0.,-0.4));
#4144 = VECTOR('',#4145,1.);
#4145 = DIRECTION('',(1.,0.));
#4146 = ( GEOMETRIC_REPRESENTATION_CONTEXT(2) 
PARAMETRIC_REPRESENTATION_CONTEXT() REPRESENTATION_CONTEXT('2D SPACE',''
  ) );
#4147 = ADVANCED_FACE('',(#4148),#1430,.T.);
#4148 = FACE_BOUND('',#4149,.T.);
#4149 = EDGE_LOOP('',(#4150,#4177,#4178,#4179));
#4150 = ORIENTED_EDGE('',*,*,#4151,.F.);
#4151 = EDGE_CURVE('',#1386,#4152,#4154,.T.);
#4152 = VERTEX_POINT('',#4153);
#4153 = CARTESIAN_POINT('',(101.4875251005,59.75,0.4));
#4154 = SURFACE_CURVE('',#4155,(#4160,#4170),.PCURVE_S1.);
#4155 = PARABOLA('',#4156,0.441941738242);
#4156 = AXIS2_PLACEMENT_3D('',#4157,#4158,#4159);
#4157 = CARTESIAN_POINT('',(104.6,63.625,-3.475));
#4158 = DIRECTION('',(5.47005954057E-18,-0.707106781187,-0.707106781187)
  );
#4159 = DIRECTION('',(5.47005954057E-18,-0.707106781187,0.707106781187)
  );
#4160 = PCURVE('',#1430,#4161);
#4161 = DEFINITIONAL_REPRESENTATION('',(#4162),#4169);
#4162 = B_SPLINE_CURVE_WITH_KNOTS('',5,(#4163,#4164,#4165,#4166,#4167,
    #4168),.UNSPECIFIED.,.F.,.F.,(6,6),(2.947456530638,3.112474899498),
  .PIECEWISE_BEZIER_KNOTS.);
#4163 = CARTESIAN_POINT('',(-3.842030572042E-02,-0.4));
#4164 = CARTESIAN_POINT('',(-3.03706291907E-02,-0.322178484965));
#4165 = CARTESIAN_POINT('',(-2.25119397776E-02,-0.243267727447));
#4166 = CARTESIAN_POINT('',(-1.483571862386E-02,-0.163267727447));
#4167 = CARTESIAN_POINT('',(-7.334149727117E-03,-8.217848496486E-02));
#4168 = CARTESIAN_POINT('',(-4.085620730621E-14,2.646678130022E-14));
#4169 = ( GEOMETRIC_REPRESENTATION_CONTEXT(2) 
PARAMETRIC_REPRESENTATION_CONTEXT() REPRESENTATION_CONTEXT('2D SPACE',''
  ) );
#4170 = PCURVE('',#1401,#4171);
#4171 = DEFINITIONAL_REPRESENTATION('',(#4172),#4176);
#4172 = B_SPLINE_CURVE_WITH_KNOTS('',2,(#4173,#4174,#4175),
  .UNSPECIFIED.,.F.,.F.,(3,3),(2.947456530638,3.112474899498),
  .PIECEWISE_BEZIER_KNOTS.);
#4173 = CARTESIAN_POINT('',(1.852543469362,-0.282842712473));
#4174 = CARTESIAN_POINT('',(1.770034284932,-7.702107455092E-03));
#4175 = CARTESIAN_POINT('',(1.687525100502,0.282842712476));
#4176 = ( GEOMETRIC_REPRESENTATION_CONTEXT(2) 
PARAMETRIC_REPRESENTATION_CONTEXT() REPRESENTATION_CONTEXT('2D SPACE',''
  ) );
#4177 = ORIENTED_EDGE('',*,*,#1413,.T.);
#4178 = ORIENTED_EDGE('',*,*,#4041,.T.);
#4179 = ORIENTED_EDGE('',*,*,#4180,.F.);
#4180 = EDGE_CURVE('',#4152,#4042,#4181,.T.);
#4181 = SURFACE_CURVE('',#4182,(#4187,#4194),.PCURVE_S1.);
#4182 = CIRCLE('',#4183,4.5);
#4183 = AXIS2_PLACEMENT_3D('',#4184,#4185,#4186);
#4184 = CARTESIAN_POINT('',(104.6,63.,0.4));
#4185 = DIRECTION('',(0.,0.,1.));
#4186 = DIRECTION('',(-0.691661088777,-0.722222222222,0.));
#4187 = PCURVE('',#1430,#4188);
#4188 = DEFINITIONAL_REPRESENTATION('',(#4189),#4193);
#4189 = LINE('',#4190,#4191);
#4190 = CARTESIAN_POINT('',(0.,0.));
#4191 = VECTOR('',#4192,1.);
#4192 = DIRECTION('',(1.,0.));
#4193 = ( GEOMETRIC_REPRESENTATION_CONTEXT(2) 
PARAMETRIC_REPRESENTATION_CONTEXT() REPRESENTATION_CONTEXT('2D SPACE',''
  ) );
#4194 = PCURVE('',#4195,#4200);
#4195 = CYLINDRICAL_SURFACE('',#4196,4.5);
#4196 = AXIS2_PLACEMENT_3D('',#4197,#4198,#4199);
#4197 = CARTESIAN_POINT('',(104.6,63.,0.));
#4198 = DIRECTION('',(-0.,-0.,-1.));
#4199 = DIRECTION('',(-0.691661088777,-0.722222222222,0.));
#4200 = DEFINITIONAL_REPRESENTATION('',(#4201),#4205);
#4201 = LINE('',#4202,#4203);
#4202 = CARTESIAN_POINT('',(-1.578983857245E-15,-0.4));
#4203 = VECTOR('',#4204,1.);
#4204 = DIRECTION('',(-1.,0.));
#4205 = ( GEOMETRIC_REPRESENTATION_CONTEXT(2) 
PARAMETRIC_REPRESENTATION_CONTEXT() REPRESENTATION_CONTEXT('2D SPACE',''
  ) );
#4206 = ADVANCED_FACE('',(#4207),#1119,.T.);
#4207 = FACE_BOUND('',#4208,.T.);
#4208 = EDGE_LOOP('',(#4209,#4210,#4211,#4234));
#4209 = ORIENTED_EDGE('',*,*,#4097,.F.);
#4210 = ORIENTED_EDGE('',*,*,#1103,.T.);
#4211 = ORIENTED_EDGE('',*,*,#4212,.T.);
#4212 = EDGE_CURVE('',#1104,#4213,#4215,.T.);
#4213 = VERTEX_POINT('',#4214);
#4214 = CARTESIAN_POINT('',(99.8,-74.8,0.4));
#4215 = SURFACE_CURVE('',#4216,(#4220,#4227),.PCURVE_S1.);
#4216 = LINE('',#4217,#4218);
#4217 = CARTESIAN_POINT('',(98.283333333333,-73.28333333333,
    -1.116666666667));
#4218 = VECTOR('',#4219,1.);
#4219 = DIRECTION('',(0.57735026919,-0.57735026919,0.57735026919));
#4220 = PCURVE('',#1119,#4221);
#4221 = DEFINITIONAL_REPRESENTATION('',(#4222),#4226);
#4222 = LINE('',#4223,#4224);
#4223 = CARTESIAN_POINT('',(6.783333333333,-1.862047857125));
#4224 = VECTOR('',#4225,1.);
#4225 = DIRECTION('',(0.57735026919,0.816496580928));
#4226 = ( GEOMETRIC_REPRESENTATION_CONTEXT(2) 
PARAMETRIC_REPRESENTATION_CONTEXT() REPRESENTATION_CONTEXT('2D SPACE',''
  ) );
#4227 = PCURVE('',#1147,#4228);
#4228 = DEFINITIONAL_REPRESENTATION('',(#4229),#4233);
#4229 = LINE('',#4230,#4231);
#4230 = CARTESIAN_POINT('',(1.516666666667,-1.862047857125));
#4231 = VECTOR('',#4232,1.);
#4232 = DIRECTION('',(-0.57735026919,0.816496580928));
#4233 = ( GEOMETRIC_REPRESENTATION_CONTEXT(2) 
PARAMETRIC_REPRESENTATION_CONTEXT() REPRESENTATION_CONTEXT('2D SPACE',''
  ) );
#4234 = ORIENTED_EDGE('',*,*,#4235,.F.);
#4235 = EDGE_CURVE('',#4098,#4213,#4236,.T.);
#4236 = SURFACE_CURVE('',#4237,(#4241,#4248),.PCURVE_S1.);
#4237 = LINE('',#4238,#4239);
#4238 = CARTESIAN_POINT('',(91.5,-74.8,0.4));
#4239 = VECTOR('',#4240,1.);
#4240 = DIRECTION('',(1.,0.,-0.));
#4241 = PCURVE('',#1119,#4242);
#4242 = DEFINITIONAL_REPRESENTATION('',(#4243),#4247);
#4243 = LINE('',#4244,#4245);
#4244 = CARTESIAN_POINT('',(0.,0.282842712475));
#4245 = VECTOR('',#4246,1.);
#4246 = DIRECTION('',(1.,0.));
#4247 = ( GEOMETRIC_REPRESENTATION_CONTEXT(2) 
PARAMETRIC_REPRESENTATION_CONTEXT() REPRESENTATION_CONTEXT('2D SPACE',''
  ) );
#4248 = PCURVE('',#4249,#4254);
#4249 = PLANE('',#4250);
#4250 = AXIS2_PLACEMENT_3D('',#4251,#4252,#4253);
#4251 = CARTESIAN_POINT('',(91.5,-74.8,0.));
#4252 = DIRECTION('',(-0.,1.,0.));
#4253 = DIRECTION('',(1.,0.,-0.));
#4254 = DEFINITIONAL_REPRESENTATION('',(#4255),#4259);
#4255 = LINE('',#4256,#4257);
#4256 = CARTESIAN_POINT('',(0.,-0.4));
#4257 = VECTOR('',#4258,1.);
#4258 = DIRECTION('',(1.,0.));
#4259 = ( GEOMETRIC_REPRESENTATION_CONTEXT(2) 
PARAMETRIC_REPRESENTATION_CONTEXT() REPRESENTATION_CONTEXT('2D SPACE',''
  ) );
#4260 = ADVANCED_FACE('',(#4261),#1401,.T.);
#4261 = FACE_BOUND('',#4262,.T.);
#4262 = EDGE_LOOP('',(#4263,#4286,#4287,#4288));
#4263 = ORIENTED_EDGE('',*,*,#4264,.F.);
#4264 = EDGE_CURVE('',#1358,#4265,#4267,.T.);
#4265 = VERTEX_POINT('',#4266);
#4266 = CARTESIAN_POINT('',(99.8,59.75,0.4));
#4267 = SURFACE_CURVE('',#4268,(#4272,#4279),.PCURVE_S1.);
#4268 = LINE('',#4269,#4270);
#4269 = CARTESIAN_POINT('',(106.91666666666,52.633333333333,
    7.516666666667));
#4270 = VECTOR('',#4271,1.);
#4271 = DIRECTION('',(0.57735026919,-0.57735026919,0.57735026919));
#4272 = PCURVE('',#1401,#4273);
#4273 = DEFINITIONAL_REPRESENTATION('',(#4274),#4278);
#4274 = LINE('',#4275,#4276);
#4275 = CARTESIAN_POINT('',(7.116666666667,10.347329231363));
#4276 = VECTOR('',#4277,1.);
#4277 = DIRECTION('',(0.57735026919,0.816496580928));
#4278 = ( GEOMETRIC_REPRESENTATION_CONTEXT(2) 
PARAMETRIC_REPRESENTATION_CONTEXT() REPRESENTATION_CONTEXT('2D SPACE',''
  ) );
#4279 = PCURVE('',#1373,#4280);
#4280 = DEFINITIONAL_REPRESENTATION('',(#4281),#4285);
#4281 = LINE('',#4282,#4283);
#4282 = CARTESIAN_POINT('',(36.383333333333,10.347329231363));
#4283 = VECTOR('',#4284,1.);
#4284 = DIRECTION('',(-0.57735026919,0.816496580928));
#4285 = ( GEOMETRIC_REPRESENTATION_CONTEXT(2) 
PARAMETRIC_REPRESENTATION_CONTEXT() REPRESENTATION_CONTEXT('2D SPACE',''
  ) );
#4286 = ORIENTED_EDGE('',*,*,#1385,.T.);
#4287 = ORIENTED_EDGE('',*,*,#4151,.T.);
#4288 = ORIENTED_EDGE('',*,*,#4289,.F.);
#4289 = EDGE_CURVE('',#4265,#4152,#4290,.T.);
#4290 = SURFACE_CURVE('',#4291,(#4295,#4302),.PCURVE_S1.);
#4291 = LINE('',#4292,#4293);
#4292 = CARTESIAN_POINT('',(99.8,59.75,0.4));
#4293 = VECTOR('',#4294,1.);
#4294 = DIRECTION('',(1.,0.,-0.));
#4295 = PCURVE('',#1401,#4296);
#4296 = DEFINITIONAL_REPRESENTATION('',(#4297),#4301);
#4297 = LINE('',#4298,#4299);
#4298 = CARTESIAN_POINT('',(0.,0.282842712475));
#4299 = VECTOR('',#4300,1.);
#4300 = DIRECTION('',(1.,0.));
#4301 = ( GEOMETRIC_REPRESENTATION_CONTEXT(2) 
PARAMETRIC_REPRESENTATION_CONTEXT() REPRESENTATION_CONTEXT('2D SPACE',''
  ) );
#4302 = PCURVE('',#4303,#4308);
#4303 = PLANE('',#4304);
#4304 = AXIS2_PLACEMENT_3D('',#4305,#4306,#4307);
#4305 = CARTESIAN_POINT('',(99.8,59.75,0.));
#4306 = DIRECTION('',(-0.,1.,0.));
#4307 = DIRECTION('',(1.,0.,-0.));
#4308 = DEFINITIONAL_REPRESENTATION('',(#4309),#4313);
#4309 = LINE('',#4310,#4311);
#4310 = CARTESIAN_POINT('',(0.,-0.4));
#4311 = VECTOR('',#4312,1.);
#4312 = DIRECTION('',(1.,0.));
#4313 = ( GEOMETRIC_REPRESENTATION_CONTEXT(2) 
PARAMETRIC_REPRESENTATION_CONTEXT() REPRESENTATION_CONTEXT('2D SPACE',''
  ) );
#4314 = ADVANCED_FACE('',(#4315),#1147,.T.);
#4315 = FACE_BOUND('',#4316,.T.);
#4316 = EDGE_LOOP('',(#4317,#4318,#4319,#4342));
#4317 = ORIENTED_EDGE('',*,*,#4212,.F.);
#4318 = ORIENTED_EDGE('',*,*,#1131,.T.);
#4319 = ORIENTED_EDGE('',*,*,#4320,.T.);
#4320 = EDGE_CURVE('',#1132,#4321,#4323,.T.);
#4321 = VERTEX_POINT('',#4322);
#4322 = CARTESIAN_POINT('',(99.8,-40.25,0.4));
#4323 = SURFACE_CURVE('',#4324,(#4328,#4335),.PCURVE_S1.);
#4324 = LINE('',#4325,#4326);
#4325 = CARTESIAN_POINT('',(105.425,-45.875,6.025));
#4326 = VECTOR('',#4327,1.);
#4327 = DIRECTION('',(0.57735026919,-0.57735026919,0.57735026919));
#4328 = PCURVE('',#1147,#4329);
#4329 = DEFINITIONAL_REPRESENTATION('',(#4330),#4334);
#4330 = LINE('',#4331,#4332);
#4331 = CARTESIAN_POINT('',(28.925,8.237794000823));
#4332 = VECTOR('',#4333,1.);
#4333 = DIRECTION('',(-0.57735026919,0.816496580928));
#4334 = ( GEOMETRIC_REPRESENTATION_CONTEXT(2) 
PARAMETRIC_REPRESENTATION_CONTEXT() REPRESENTATION_CONTEXT('2D SPACE',''
  ) );
#4335 = PCURVE('',#1175,#4336);
#4336 = DEFINITIONAL_REPRESENTATION('',(#4337),#4341);
#4337 = LINE('',#4338,#4339);
#4338 = CARTESIAN_POINT('',(5.625,8.237794000823));
#4339 = VECTOR('',#4340,1.);
#4340 = DIRECTION('',(0.57735026919,0.816496580928));
#4341 = ( GEOMETRIC_REPRESENTATION_CONTEXT(2) 
PARAMETRIC_REPRESENTATION_CONTEXT() REPRESENTATION_CONTEXT('2D SPACE',''
  ) );
#4342 = ORIENTED_EDGE('',*,*,#4343,.F.);
#4343 = EDGE_CURVE('',#4213,#4321,#4344,.T.);
#4344 = SURFACE_CURVE('',#4345,(#4349,#4356),.PCURVE_S1.);
#4345 = LINE('',#4346,#4347);
#4346 = CARTESIAN_POINT('',(99.8,-74.8,0.4));
#4347 = VECTOR('',#4348,1.);
#4348 = DIRECTION('',(-0.,1.,0.));
#4349 = PCURVE('',#1147,#4350);
#4350 = DEFINITIONAL_REPRESENTATION('',(#4351),#4355);
#4351 = LINE('',#4352,#4353);
#4352 = CARTESIAN_POINT('',(0.,0.282842712475));
#4353 = VECTOR('',#4354,1.);
#4354 = DIRECTION('',(1.,0.));
#4355 = ( GEOMETRIC_REPRESENTATION_CONTEXT(2) 
PARAMETRIC_REPRESENTATION_CONTEXT() REPRESENTATION_CONTEXT('2D SPACE',''
  ) );
#4356 = PCURVE('',#4357,#4362);
#4357 = PLANE('',#4358);
#4358 = AXIS2_PLACEMENT_3D('',#4359,#4360,#4361);
#4359 = CARTESIAN_POINT('',(99.8,-74.8,0.));
#4360 = DIRECTION('',(-1.,-0.,0.));
#4361 = DIRECTION('',(-0.,1.,0.));
#4362 = DEFINITIONAL_REPRESENTATION('',(#4363),#4367);
#4363 = LINE('',#4364,#4365);
#4364 = CARTESIAN_POINT('',(0.,-0.4));
#4365 = VECTOR('',#4366,1.);
#4366 = DIRECTION('',(1.,0.));
#4367 = ( GEOMETRIC_REPRESENTATION_CONTEXT(2) 
PARAMETRIC_REPRESENTATION_CONTEXT() REPRESENTATION_CONTEXT('2D SPACE',''
  ) );
#4368 = ADVANCED_FACE('',(#4369),#1373,.T.);
#4369 = FACE_BOUND('',#4370,.T.);
#4370 = EDGE_LOOP('',(#4371,#4394,#4395,#4396));
#4371 = ORIENTED_EDGE('',*,*,#4372,.F.);
#4372 = EDGE_CURVE('',#1330,#4373,#4375,.T.);
#4373 = VERTEX_POINT('',#4374);
#4374 = CARTESIAN_POINT('',(99.8,16.25,0.4));
#4375 = SURFACE_CURVE('',#4376,(#4380,#4387),.PCURVE_S1.);
#4376 = LINE('',#4377,#4378);
#4377 = CARTESIAN_POINT('',(99.666666666667,16.116666666667,
    0.266666666667));
#4378 = VECTOR('',#4379,1.);
#4379 = DIRECTION('',(0.57735026919,0.57735026919,0.57735026919));
#4380 = PCURVE('',#1373,#4381);
#4381 = DEFINITIONAL_REPRESENTATION('',(#4382),#4386);
#4382 = LINE('',#4383,#4384);
#4383 = CARTESIAN_POINT('',(-0.133333333333,9.42809041582E-02));
#4384 = VECTOR('',#4385,1.);
#4385 = DIRECTION('',(0.57735026919,0.816496580928));
#4386 = ( GEOMETRIC_REPRESENTATION_CONTEXT(2) 
PARAMETRIC_REPRESENTATION_CONTEXT() REPRESENTATION_CONTEXT('2D SPACE',''
  ) );
#4387 = PCURVE('',#1345,#4388);
#4388 = DEFINITIONAL_REPRESENTATION('',(#4389),#4393);
#4389 = LINE('',#4390,#4391);
#4390 = CARTESIAN_POINT('',(-0.133333333333,9.42809041582E-02));
#4391 = VECTOR('',#4392,1.);
#4392 = DIRECTION('',(0.57735026919,0.816496580928));
#4393 = ( GEOMETRIC_REPRESENTATION_CONTEXT(2) 
PARAMETRIC_REPRESENTATION_CONTEXT() REPRESENTATION_CONTEXT('2D SPACE',''
  ) );
#4394 = ORIENTED_EDGE('',*,*,#1357,.T.);
#4395 = ORIENTED_EDGE('',*,*,#4264,.T.);
#4396 = ORIENTED_EDGE('',*,*,#4397,.F.);
#4397 = EDGE_CURVE('',#4373,#4265,#4398,.T.);
#4398 = SURFACE_CURVE('',#4399,(#4403,#4410),.PCURVE_S1.);
#4399 = LINE('',#4400,#4401);
#4400 = CARTESIAN_POINT('',(99.8,16.25,0.4));
#4401 = VECTOR('',#4402,1.);
#4402 = DIRECTION('',(-0.,1.,0.));
#4403 = PCURVE('',#1373,#4404);
#4404 = DEFINITIONAL_REPRESENTATION('',(#4405),#4409);
#4405 = LINE('',#4406,#4407);
#4406 = CARTESIAN_POINT('',(0.,0.282842712475));
#4407 = VECTOR('',#4408,1.);
#4408 = DIRECTION('',(1.,0.));
#4409 = ( GEOMETRIC_REPRESENTATION_CONTEXT(2) 
PARAMETRIC_REPRESENTATION_CONTEXT() REPRESENTATION_CONTEXT('2D SPACE',''
  ) );
#4410 = PCURVE('',#4411,#4416);
#4411 = PLANE('',#4412);
#4412 = AXIS2_PLACEMENT_3D('',#4413,#4414,#4415);
#4413 = CARTESIAN_POINT('',(99.8,16.25,0.));
#4414 = DIRECTION('',(-1.,-0.,0.));
#4415 = DIRECTION('',(-0.,1.,0.));
#4416 = DEFINITIONAL_REPRESENTATION('',(#4417),#4421);
#4417 = LINE('',#4418,#4419);
#4418 = CARTESIAN_POINT('',(0.,-0.4));
#4419 = VECTOR('',#4420,1.);
#4420 = DIRECTION('',(1.,0.));
#4421 = ( GEOMETRIC_REPRESENTATION_CONTEXT(2) 
PARAMETRIC_REPRESENTATION_CONTEXT() REPRESENTATION_CONTEXT('2D SPACE',''
  ) );
#4422 = ADVANCED_FACE('',(#4423),#1175,.T.);
#4423 = FACE_BOUND('',#4424,.T.);
#4424 = EDGE_LOOP('',(#4425,#4426,#4427,#4454));
#4425 = ORIENTED_EDGE('',*,*,#4320,.F.);
#4426 = ORIENTED_EDGE('',*,*,#1159,.T.);
#4427 = ORIENTED_EDGE('',*,*,#4428,.T.);
#4428 = EDGE_CURVE('',#1160,#4429,#4431,.T.);
#4429 = VERTEX_POINT('',#4430);
#4430 = CARTESIAN_POINT('',(101.4875251005,-40.25,0.4));
#4431 = SURFACE_CURVE('',#4432,(#4437,#4444),.PCURVE_S1.);
#4432 = PARABOLA('',#4433,0.441941738242);
#4433 = AXIS2_PLACEMENT_3D('',#4434,#4435,#4436);
#4434 = CARTESIAN_POINT('',(104.6,-36.375,-3.475));
#4435 = DIRECTION('',(5.47005954057E-18,-0.707106781187,-0.707106781187)
  );
#4436 = DIRECTION('',(5.47005954057E-18,-0.707106781187,0.707106781187)
  );
#4437 = PCURVE('',#1175,#4438);
#4438 = DEFINITIONAL_REPRESENTATION('',(#4439),#4443);
#4439 = B_SPLINE_CURVE_WITH_KNOTS('',2,(#4440,#4441,#4442),
  .UNSPECIFIED.,.F.,.F.,(3,3),(2.947456530638,3.112474899497),
  .PIECEWISE_BEZIER_KNOTS.);
#4440 = CARTESIAN_POINT('',(1.852543469362,-0.282842712475));
#4441 = CARTESIAN_POINT('',(1.770034284933,-7.702107457163E-03));
#4442 = CARTESIAN_POINT('',(1.687525100503,0.282842712474));
#4443 = ( GEOMETRIC_REPRESENTATION_CONTEXT(2) 
PARAMETRIC_REPRESENTATION_CONTEXT() REPRESENTATION_CONTEXT('2D SPACE',''
  ) );
#4444 = PCURVE('',#1204,#4445);
#4445 = DEFINITIONAL_REPRESENTATION('',(#4446),#4453);
#4446 = B_SPLINE_CURVE_WITH_KNOTS('',5,(#4447,#4448,#4449,#4450,#4451,
    #4452),.UNSPECIFIED.,.F.,.F.,(6,6),(2.947456530638,3.112474899497),
  .PIECEWISE_BEZIER_KNOTS.);
#4447 = CARTESIAN_POINT('',(-3.842030572042E-02,-0.4));
#4448 = CARTESIAN_POINT('',(-3.03706291907E-02,-0.322178484965));
#4449 = CARTESIAN_POINT('',(-2.251193977759E-02,-0.243267727447));
#4450 = CARTESIAN_POINT('',(-1.483571862386E-02,-0.163267727447));
#4451 = CARTESIAN_POINT('',(-7.334149727102E-03,-8.217848496486E-02));
#4452 = CARTESIAN_POINT('',(-2.22044604925E-14,1.756908282494E-14));
#4453 = ( GEOMETRIC_REPRESENTATION_CONTEXT(2) 
PARAMETRIC_REPRESENTATION_CONTEXT() REPRESENTATION_CONTEXT('2D SPACE',''
  ) );
#4454 = ORIENTED_EDGE('',*,*,#4455,.F.);
#4455 = EDGE_CURVE('',#4321,#4429,#4456,.T.);
#4456 = SURFACE_CURVE('',#4457,(#4461,#4468),.PCURVE_S1.);
#4457 = LINE('',#4458,#4459);
#4458 = CARTESIAN_POINT('',(99.8,-40.25,0.4));
#4459 = VECTOR('',#4460,1.);
#4460 = DIRECTION('',(1.,0.,-0.));
#4461 = PCURVE('',#1175,#4462);
#4462 = DEFINITIONAL_REPRESENTATION('',(#4463),#4467);
#4463 = LINE('',#4464,#4465);
#4464 = CARTESIAN_POINT('',(0.,0.282842712475));
#4465 = VECTOR('',#4466,1.);
#4466 = DIRECTION('',(1.,0.));
#4467 = ( GEOMETRIC_REPRESENTATION_CONTEXT(2) 
PARAMETRIC_REPRESENTATION_CONTEXT() REPRESENTATION_CONTEXT('2D SPACE',''
  ) );
#4468 = PCURVE('',#4469,#4474);
#4469 = PLANE('',#4470);
#4470 = AXIS2_PLACEMENT_3D('',#4471,#4472,#4473);
#4471 = CARTESIAN_POINT('',(99.8,-40.25,0.));
#4472 = DIRECTION('',(-0.,1.,0.));
#4473 = DIRECTION('',(1.,0.,-0.));
#4474 = DEFINITIONAL_REPRESENTATION('',(#4475),#4479);
#4475 = LINE('',#4476,#4477);
#4476 = CARTESIAN_POINT('',(0.,-0.4));
#4477 = VECTOR('',#4478,1.);
#4478 = DIRECTION('',(1.,0.));
#4479 = ( GEOMETRIC_REPRESENTATION_CONTEXT(2) 
PARAMETRIC_REPRESENTATION_CONTEXT() REPRESENTATION_CONTEXT('2D SPACE',''
  ) );
#4480 = ADVANCED_FACE('',(#4481),#1345,.F.);
#4481 = FACE_BOUND('',#4482,.F.);
#4482 = EDGE_LOOP('',(#4483,#4484,#4485,#4512));
#4483 = ORIENTED_EDGE('',*,*,#4372,.F.);
#4484 = ORIENTED_EDGE('',*,*,#1329,.T.);
#4485 = ORIENTED_EDGE('',*,*,#4486,.T.);
#4486 = EDGE_CURVE('',#1301,#4487,#4489,.T.);
#4487 = VERTEX_POINT('',#4488);
#4488 = CARTESIAN_POINT('',(101.4875251005,16.25,0.4));
#4489 = SURFACE_CURVE('',#4490,(#4495,#4502),.PCURVE_S1.);
#4490 = PARABOLA('',#4491,0.441941738242);
#4491 = AXIS2_PLACEMENT_3D('',#4492,#4493,#4494);
#4492 = CARTESIAN_POINT('',(104.6,12.375,-3.475));
#4493 = DIRECTION('',(2.068430171249E-18,-0.707106781187,0.707106781187)
  );
#4494 = DIRECTION('',(-2.068430171249E-18,0.707106781187,0.707106781187)
  );
#4495 = PCURVE('',#1345,#4496);
#4496 = DEFINITIONAL_REPRESENTATION('',(#4497),#4501);
#4497 = B_SPLINE_CURVE_WITH_KNOTS('',2,(#4498,#4499,#4500),
  .UNSPECIFIED.,.F.,.F.,(3,3),(2.947456530638,3.112474899497),
  .PIECEWISE_BEZIER_KNOTS.);
#4498 = CARTESIAN_POINT('',(1.852543469362,-0.282842712474));
#4499 = CARTESIAN_POINT('',(1.770034284932,-7.702107456718E-03));
#4500 = CARTESIAN_POINT('',(1.687525100503,0.282842712475));
#4501 = ( GEOMETRIC_REPRESENTATION_CONTEXT(2) 
PARAMETRIC_REPRESENTATION_CONTEXT() REPRESENTATION_CONTEXT('2D SPACE',''
  ) );
#4502 = PCURVE('',#1317,#4503);
#4503 = DEFINITIONAL_REPRESENTATION('',(#4504),#4511);
#4504 = B_SPLINE_CURVE_WITH_KNOTS('',5,(#4505,#4506,#4507,#4508,#4509,
    #4510),.UNSPECIFIED.,.F.,.F.,(6,6),(2.947456530638,3.112474899497),
  .PIECEWISE_BEZIER_KNOTS.);
#4505 = CARTESIAN_POINT('',(4.707585952106,-0.4));
#4506 = CARTESIAN_POINT('',(4.699536275576,-0.322178484965));
#4507 = CARTESIAN_POINT('',(4.691677586163,-0.243267727447));
#4508 = CARTESIAN_POINT('',(4.684001365009,-0.163267727447));
#4509 = CARTESIAN_POINT('',(4.676499796112,-8.217848496476E-02));
#4510 = CARTESIAN_POINT('',(4.669165646385,1.234012891871E-13));
#4511 = ( GEOMETRIC_REPRESENTATION_CONTEXT(2) 
PARAMETRIC_REPRESENTATION_CONTEXT() REPRESENTATION_CONTEXT('2D SPACE',''
  ) );
#4512 = ORIENTED_EDGE('',*,*,#4513,.F.);
#4513 = EDGE_CURVE('',#4373,#4487,#4514,.T.);
#4514 = SURFACE_CURVE('',#4515,(#4519,#4526),.PCURVE_S1.);
#4515 = LINE('',#4516,#4517);
#4516 = CARTESIAN_POINT('',(99.8,16.25,0.4));
#4517 = VECTOR('',#4518,1.);
#4518 = DIRECTION('',(1.,0.,-0.));
#4519 = PCURVE('',#1345,#4520);
#4520 = DEFINITIONAL_REPRESENTATION('',(#4521),#4525);
#4521 = LINE('',#4522,#4523);
#4522 = CARTESIAN_POINT('',(0.,0.282842712475));
#4523 = VECTOR('',#4524,1.);
#4524 = DIRECTION('',(1.,0.));
#4525 = ( GEOMETRIC_REPRESENTATION_CONTEXT(2) 
PARAMETRIC_REPRESENTATION_CONTEXT() REPRESENTATION_CONTEXT('2D SPACE',''
  ) );
#4526 = PCURVE('',#4527,#4532);
#4527 = PLANE('',#4528);
#4528 = AXIS2_PLACEMENT_3D('',#4529,#4530,#4531);
#4529 = CARTESIAN_POINT('',(99.8,16.25,0.));
#4530 = DIRECTION('',(-0.,1.,0.));
#4531 = DIRECTION('',(1.,0.,-0.));
#4532 = DEFINITIONAL_REPRESENTATION('',(#4533),#4537);
#4533 = LINE('',#4534,#4535);
#4534 = CARTESIAN_POINT('',(0.,-0.4));
#4535 = VECTOR('',#4536,1.);
#4536 = DIRECTION('',(1.,0.));
#4537 = ( GEOMETRIC_REPRESENTATION_CONTEXT(2) 
PARAMETRIC_REPRESENTATION_CONTEXT() REPRESENTATION_CONTEXT('2D SPACE',''
  ) );
#4538 = ADVANCED_FACE('',(#4539),#1204,.T.);
#4539 = FACE_BOUND('',#4540,.T.);
#4540 = EDGE_LOOP('',(#4541,#4542,#4543,#4570));
#4541 = ORIENTED_EDGE('',*,*,#4428,.F.);
#4542 = ORIENTED_EDGE('',*,*,#1187,.T.);
#4543 = ORIENTED_EDGE('',*,*,#4544,.T.);
#4544 = EDGE_CURVE('',#1188,#4545,#4547,.T.);
#4545 = VERTEX_POINT('',#4546);
#4546 = CARTESIAN_POINT('',(101.4875251005,-33.75,0.4));
#4547 = SURFACE_CURVE('',#4548,(#4553,#4563),.PCURVE_S1.);
#4548 = PARABOLA('',#4549,0.441941738242);
#4549 = AXIS2_PLACEMENT_3D('',#4550,#4551,#4552);
#4550 = CARTESIAN_POINT('',(104.6,-37.625,-3.475));
#4551 = DIRECTION('',(-5.47005954057E-18,-0.707106781187,0.707106781187)
  );
#4552 = DIRECTION('',(5.47005954057E-18,0.707106781187,0.707106781187));
#4553 = PCURVE('',#1204,#4554);
#4554 = DEFINITIONAL_REPRESENTATION('',(#4555),#4562);
#4555 = B_SPLINE_CURVE_WITH_KNOTS('',5,(#4556,#4557,#4558,#4559,#4560,
    #4561),.UNSPECIFIED.,.F.,.F.,(6,6),(2.947456530638,3.112474899497),
  .PIECEWISE_BEZIER_KNOTS.);
#4556 = CARTESIAN_POINT('',(4.707585952106,-0.4));
#4557 = CARTESIAN_POINT('',(4.699536275576,-0.322178484965));
#4558 = CARTESIAN_POINT('',(4.691677586163,-0.243267727447));
#4559 = CARTESIAN_POINT('',(4.684001365009,-0.163267727447));
#4560 = CARTESIAN_POINT('',(4.676499796112,-8.217848496474E-02));
#4561 = CARTESIAN_POINT('',(4.669165646385,1.4427348205E-13));
#4562 = ( GEOMETRIC_REPRESENTATION_CONTEXT(2) 
PARAMETRIC_REPRESENTATION_CONTEXT() REPRESENTATION_CONTEXT('2D SPACE',''
  ) );
#4563 = PCURVE('',#1232,#4564);
#4564 = DEFINITIONAL_REPRESENTATION('',(#4565),#4569);
#4565 = B_SPLINE_CURVE_WITH_KNOTS('',2,(#4566,#4567,#4568),
  .UNSPECIFIED.,.F.,.F.,(3,3),(2.947456530638,3.112474899497),
  .PIECEWISE_BEZIER_KNOTS.);
#4566 = CARTESIAN_POINT('',(1.852543469362,-0.282842712474));
#4567 = CARTESIAN_POINT('',(1.770034284932,-7.702107456676E-03));
#4568 = CARTESIAN_POINT('',(1.687525100503,0.282842712475));
#4569 = ( GEOMETRIC_REPRESENTATION_CONTEXT(2) 
PARAMETRIC_REPRESENTATION_CONTEXT() REPRESENTATION_CONTEXT('2D SPACE',''
  ) );
#4570 = ORIENTED_EDGE('',*,*,#4571,.F.);
#4571 = EDGE_CURVE('',#4429,#4545,#4572,.T.);
#4572 = SURFACE_CURVE('',#4573,(#4578,#4585),.PCURVE_S1.);
#4573 = CIRCLE('',#4574,4.5);
#4574 = AXIS2_PLACEMENT_3D('',#4575,#4576,#4577);
#4575 = CARTESIAN_POINT('',(104.6,-37.,0.4));
#4576 = DIRECTION('',(0.,0.,1.));
#4577 = DIRECTION('',(-0.691661088777,-0.722222222222,0.));
#4578 = PCURVE('',#1204,#4579);
#4579 = DEFINITIONAL_REPRESENTATION('',(#4580),#4584);
#4580 = LINE('',#4581,#4582);
#4581 = CARTESIAN_POINT('',(0.,0.));
#4582 = VECTOR('',#4583,1.);
#4583 = DIRECTION('',(1.,0.));
#4584 = ( GEOMETRIC_REPRESENTATION_CONTEXT(2) 
PARAMETRIC_REPRESENTATION_CONTEXT() REPRESENTATION_CONTEXT('2D SPACE',''
  ) );
#4585 = PCURVE('',#4586,#4591);
#4586 = CYLINDRICAL_SURFACE('',#4587,4.5);
#4587 = AXIS2_PLACEMENT_3D('',#4588,#4589,#4590);
#4588 = CARTESIAN_POINT('',(104.6,-37.,0.));
#4589 = DIRECTION('',(-0.,-0.,-1.));
#4590 = DIRECTION('',(-0.691661088777,-0.722222222222,0.));
#4591 = DEFINITIONAL_REPRESENTATION('',(#4592),#4596);
#4592 = LINE('',#4593,#4594);
#4593 = CARTESIAN_POINT('',(-0.,-0.4));
#4594 = VECTOR('',#4595,1.);
#4595 = DIRECTION('',(-1.,0.));
#4596 = ( GEOMETRIC_REPRESENTATION_CONTEXT(2) 
PARAMETRIC_REPRESENTATION_CONTEXT() REPRESENTATION_CONTEXT('2D SPACE',''
  ) );
#4597 = ADVANCED_FACE('',(#4598),#1317,.T.);
#4598 = FACE_BOUND('',#4599,.T.);
#4599 = EDGE_LOOP('',(#4600,#4627,#4628,#4629));
#4600 = ORIENTED_EDGE('',*,*,#4601,.F.);
#4601 = EDGE_CURVE('',#1273,#4602,#4604,.T.);
#4602 = VERTEX_POINT('',#4603);
#4603 = CARTESIAN_POINT('',(101.4875251005,9.75,0.4));
#4604 = SURFACE_CURVE('',#4605,(#4610,#4620),.PCURVE_S1.);
#4605 = PARABOLA('',#4606,0.441941738242);
#4606 = AXIS2_PLACEMENT_3D('',#4607,#4608,#4609);
#4607 = CARTESIAN_POINT('',(104.6,13.625,-3.475));
#4608 = DIRECTION('',(-2.068430171249E-18,-0.707106781187,
    -0.707106781187));
#4609 = DIRECTION('',(-2.068430171249E-18,-0.707106781187,0.707106781187
    ));
#4610 = PCURVE('',#1317,#4611);
#4611 = DEFINITIONAL_REPRESENTATION('',(#4612),#4619);
#4612 = B_SPLINE_CURVE_WITH_KNOTS('',5,(#4613,#4614,#4615,#4616,#4617,
    #4618),.UNSPECIFIED.,.F.,.F.,(6,6),(2.947456530637,3.112474899496),
  .PIECEWISE_BEZIER_KNOTS.);
#4613 = CARTESIAN_POINT('',(-3.842030572042E-02,-0.4));
#4614 = CARTESIAN_POINT('',(-3.037062919069E-02,-0.322178484965));
#4615 = CARTESIAN_POINT('',(-2.251193977759E-02,-0.243267727447));
#4616 = CARTESIAN_POINT('',(-1.483571862385E-02,-0.163267727447));
#4617 = CARTESIAN_POINT('',(-7.334149727083E-03,-8.217848496488E-02));
#4618 = CARTESIAN_POINT('',(0.,-2.152148749404E-15));
#4619 = ( GEOMETRIC_REPRESENTATION_CONTEXT(2) 
PARAMETRIC_REPRESENTATION_CONTEXT() REPRESENTATION_CONTEXT('2D SPACE',''
  ) );
#4620 = PCURVE('',#1288,#4621);
#4621 = DEFINITIONAL_REPRESENTATION('',(#4622),#4626);
#4622 = B_SPLINE_CURVE_WITH_KNOTS('',2,(#4623,#4624,#4625),
  .UNSPECIFIED.,.F.,.F.,(3,3),(2.947456530637,3.112474899496),
  .PIECEWISE_BEZIER_KNOTS.);
#4623 = CARTESIAN_POINT('',(1.852543469363,-0.282842712477));
#4624 = CARTESIAN_POINT('',(1.770034284933,-7.702107459307E-03));
#4625 = CARTESIAN_POINT('',(1.687525100504,0.282842712472));
#4626 = ( GEOMETRIC_REPRESENTATION_CONTEXT(2) 
PARAMETRIC_REPRESENTATION_CONTEXT() REPRESENTATION_CONTEXT('2D SPACE',''
  ) );
#4627 = ORIENTED_EDGE('',*,*,#1300,.T.);
#4628 = ORIENTED_EDGE('',*,*,#4486,.T.);
#4629 = ORIENTED_EDGE('',*,*,#4630,.F.);
#4630 = EDGE_CURVE('',#4602,#4487,#4631,.T.);
#4631 = SURFACE_CURVE('',#4632,(#4637,#4644),.PCURVE_S1.);
#4632 = CIRCLE('',#4633,4.5);
#4633 = AXIS2_PLACEMENT_3D('',#4634,#4635,#4636);
#4634 = CARTESIAN_POINT('',(104.6,13.,0.4));
#4635 = DIRECTION('',(0.,0.,1.));
#4636 = DIRECTION('',(-0.691661088777,-0.722222222222,0.));
#4637 = PCURVE('',#1317,#4638);
#4638 = DEFINITIONAL_REPRESENTATION('',(#4639),#4643);
#4639 = LINE('',#4640,#4641);
#4640 = CARTESIAN_POINT('',(0.,0.));
#4641 = VECTOR('',#4642,1.);
#4642 = DIRECTION('',(1.,0.));
#4643 = ( GEOMETRIC_REPRESENTATION_CONTEXT(2) 
PARAMETRIC_REPRESENTATION_CONTEXT() REPRESENTATION_CONTEXT('2D SPACE',''
  ) );
#4644 = PCURVE('',#4645,#4650);
#4645 = CYLINDRICAL_SURFACE('',#4646,4.5);
#4646 = AXIS2_PLACEMENT_3D('',#4647,#4648,#4649);
#4647 = CARTESIAN_POINT('',(104.6,13.,0.));
#4648 = DIRECTION('',(-0.,-0.,-1.));
#4649 = DIRECTION('',(-0.691661088777,-0.722222222222,0.));
#4650 = DEFINITIONAL_REPRESENTATION('',(#4651),#4655);
#4651 = LINE('',#4652,#4653);
#4652 = CARTESIAN_POINT('',(-0.,-0.4));
#4653 = VECTOR('',#4654,1.);
#4654 = DIRECTION('',(-1.,0.));
#4655 = ( GEOMETRIC_REPRESENTATION_CONTEXT(2) 
PARAMETRIC_REPRESENTATION_CONTEXT() REPRESENTATION_CONTEXT('2D SPACE',''
  ) );
#4656 = ADVANCED_FACE('',(#4657),#1232,.F.);
#4657 = FACE_BOUND('',#4658,.F.);
#4658 = EDGE_LOOP('',(#4659,#4682,#4683,#4684));
#4659 = ORIENTED_EDGE('',*,*,#4660,.F.);
#4660 = EDGE_CURVE('',#1217,#4661,#4663,.T.);
#4661 = VERTEX_POINT('',#4662);
#4662 = CARTESIAN_POINT('',(99.8,-33.75,0.4));
#4663 = SURFACE_CURVE('',#4664,(#4668,#4675),.PCURVE_S1.);
#4664 = LINE('',#4665,#4666);
#4665 = CARTESIAN_POINT('',(99.666666666667,-33.88333333333,
    0.266666666667));
#4666 = VECTOR('',#4667,1.);
#4667 = DIRECTION('',(0.57735026919,0.57735026919,0.57735026919));
#4668 = PCURVE('',#1232,#4669);
#4669 = DEFINITIONAL_REPRESENTATION('',(#4670),#4674);
#4670 = LINE('',#4671,#4672);
#4671 = CARTESIAN_POINT('',(-0.133333333333,9.42809041582E-02));
#4672 = VECTOR('',#4673,1.);
#4673 = DIRECTION('',(0.57735026919,0.816496580928));
#4674 = ( GEOMETRIC_REPRESENTATION_CONTEXT(2) 
PARAMETRIC_REPRESENTATION_CONTEXT() REPRESENTATION_CONTEXT('2D SPACE',''
  ) );
#4675 = PCURVE('',#1260,#4676);
#4676 = DEFINITIONAL_REPRESENTATION('',(#4677),#4681);
#4677 = LINE('',#4678,#4679);
#4678 = CARTESIAN_POINT('',(-0.133333333333,9.42809041582E-02));
#4679 = VECTOR('',#4680,1.);
#4680 = DIRECTION('',(0.57735026919,0.816496580928));
#4681 = ( GEOMETRIC_REPRESENTATION_CONTEXT(2) 
PARAMETRIC_REPRESENTATION_CONTEXT() REPRESENTATION_CONTEXT('2D SPACE',''
  ) );
#4682 = ORIENTED_EDGE('',*,*,#1216,.T.);
#4683 = ORIENTED_EDGE('',*,*,#4544,.T.);
#4684 = ORIENTED_EDGE('',*,*,#4685,.F.);
#4685 = EDGE_CURVE('',#4661,#4545,#4686,.T.);
#4686 = SURFACE_CURVE('',#4687,(#4691,#4698),.PCURVE_S1.);
#4687 = LINE('',#4688,#4689);
#4688 = CARTESIAN_POINT('',(99.8,-33.75,0.4));
#4689 = VECTOR('',#4690,1.);
#4690 = DIRECTION('',(1.,0.,-0.));
#4691 = PCURVE('',#1232,#4692);
#4692 = DEFINITIONAL_REPRESENTATION('',(#4693),#4697);
#4693 = LINE('',#4694,#4695);
#4694 = CARTESIAN_POINT('',(0.,0.282842712475));
#4695 = VECTOR('',#4696,1.);
#4696 = DIRECTION('',(1.,0.));
#4697 = ( GEOMETRIC_REPRESENTATION_CONTEXT(2) 
PARAMETRIC_REPRESENTATION_CONTEXT() REPRESENTATION_CONTEXT('2D SPACE',''
  ) );
#4698 = PCURVE('',#4699,#4704);
#4699 = PLANE('',#4700);
#4700 = AXIS2_PLACEMENT_3D('',#4701,#4702,#4703);
#4701 = CARTESIAN_POINT('',(99.8,-33.75,0.));
#4702 = DIRECTION('',(-0.,1.,0.));
#4703 = DIRECTION('',(1.,0.,-0.));
#4704 = DEFINITIONAL_REPRESENTATION('',(#4705),#4709);
#4705 = LINE('',#4706,#4707);
#4706 = CARTESIAN_POINT('',(0.,-0.4));
#4707 = VECTOR('',#4708,1.);
#4708 = DIRECTION('',(1.,0.));
#4709 = ( GEOMETRIC_REPRESENTATION_CONTEXT(2) 
PARAMETRIC_REPRESENTATION_CONTEXT() REPRESENTATION_CONTEXT('2D SPACE',''
  ) );
#4710 = ADVANCED_FACE('',(#4711),#1288,.T.);
#4711 = FACE_BOUND('',#4712,.T.);
#4712 = EDGE_LOOP('',(#4713,#4736,#4737,#4738));
#4713 = ORIENTED_EDGE('',*,*,#4714,.F.);
#4714 = EDGE_CURVE('',#1245,#4715,#4717,.T.);
#4715 = VERTEX_POINT('',#4716);
#4716 = CARTESIAN_POINT('',(99.8,9.75,0.4));
#4717 = SURFACE_CURVE('',#4718,(#4722,#4729),.PCURVE_S1.);
#4718 = LINE('',#4719,#4720);
#4719 = CARTESIAN_POINT('',(106.91666666666,2.633333333333,
    7.516666666667));
#4720 = VECTOR('',#4721,1.);
#4721 = DIRECTION('',(0.57735026919,-0.57735026919,0.57735026919));
#4722 = PCURVE('',#1288,#4723);
#4723 = DEFINITIONAL_REPRESENTATION('',(#4724),#4728);
#4724 = LINE('',#4725,#4726);
#4725 = CARTESIAN_POINT('',(7.116666666667,10.347329231363));
#4726 = VECTOR('',#4727,1.);
#4727 = DIRECTION('',(0.57735026919,0.816496580928));
#4728 = ( GEOMETRIC_REPRESENTATION_CONTEXT(2) 
PARAMETRIC_REPRESENTATION_CONTEXT() REPRESENTATION_CONTEXT('2D SPACE',''
  ) );
#4729 = PCURVE('',#1260,#4730);
#4730 = DEFINITIONAL_REPRESENTATION('',(#4731),#4735);
#4731 = LINE('',#4732,#4733);
#4732 = CARTESIAN_POINT('',(36.383333333333,10.347329231363));
#4733 = VECTOR('',#4734,1.);
#4734 = DIRECTION('',(-0.57735026919,0.816496580928));
#4735 = ( GEOMETRIC_REPRESENTATION_CONTEXT(2) 
PARAMETRIC_REPRESENTATION_CONTEXT() REPRESENTATION_CONTEXT('2D SPACE',''
  ) );
#4736 = ORIENTED_EDGE('',*,*,#1272,.T.);
#4737 = ORIENTED_EDGE('',*,*,#4601,.T.);
#4738 = ORIENTED_EDGE('',*,*,#4739,.F.);
#4739 = EDGE_CURVE('',#4715,#4602,#4740,.T.);
#4740 = SURFACE_CURVE('',#4741,(#4745,#4752),.PCURVE_S1.);
#4741 = LINE('',#4742,#4743);
#4742 = CARTESIAN_POINT('',(99.8,9.75,0.4));
#4743 = VECTOR('',#4744,1.);
#4744 = DIRECTION('',(1.,0.,-0.));
#4745 = PCURVE('',#1288,#4746);
#4746 = DEFINITIONAL_REPRESENTATION('',(#4747),#4751);
#4747 = LINE('',#4748,#4749);
#4748 = CARTESIAN_POINT('',(0.,0.282842712475));
#4749 = VECTOR('',#4750,1.);
#4750 = DIRECTION('',(1.,0.));
#4751 = ( GEOMETRIC_REPRESENTATION_CONTEXT(2) 
PARAMETRIC_REPRESENTATION_CONTEXT() REPRESENTATION_CONTEXT('2D SPACE',''
  ) );
#4752 = PCURVE('',#4753,#4758);
#4753 = PLANE('',#4754);
#4754 = AXIS2_PLACEMENT_3D('',#4755,#4756,#4757);
#4755 = CARTESIAN_POINT('',(99.8,9.75,0.));
#4756 = DIRECTION('',(-0.,1.,0.));
#4757 = DIRECTION('',(1.,0.,-0.));
#4758 = DEFINITIONAL_REPRESENTATION('',(#4759),#4763);
#4759 = LINE('',#4760,#4761);
#4760 = CARTESIAN_POINT('',(0.,-0.4));
#4761 = VECTOR('',#4762,1.);
#4762 = DIRECTION('',(1.,0.));
#4763 = ( GEOMETRIC_REPRESENTATION_CONTEXT(2) 
PARAMETRIC_REPRESENTATION_CONTEXT() REPRESENTATION_CONTEXT('2D SPACE',''
  ) );
#4764 = ADVANCED_FACE('',(#4765),#1260,.T.);
#4765 = FACE_BOUND('',#4766,.T.);
#4766 = EDGE_LOOP('',(#4767,#4768,#4769,#4770));
#4767 = ORIENTED_EDGE('',*,*,#4660,.F.);
#4768 = ORIENTED_EDGE('',*,*,#1244,.T.);
#4769 = ORIENTED_EDGE('',*,*,#4714,.T.);
#4770 = ORIENTED_EDGE('',*,*,#4771,.F.);
#4771 = EDGE_CURVE('',#4661,#4715,#4772,.T.);
#4772 = SURFACE_CURVE('',#4773,(#4777,#4784),.PCURVE_S1.);
#4773 = LINE('',#4774,#4775);
#4774 = CARTESIAN_POINT('',(99.8,-33.75,0.4));
#4775 = VECTOR('',#4776,1.);
#4776 = DIRECTION('',(-0.,1.,0.));
#4777 = PCURVE('',#1260,#4778);
#4778 = DEFINITIONAL_REPRESENTATION('',(#4779),#4783);
#4779 = LINE('',#4780,#4781);
#4780 = CARTESIAN_POINT('',(0.,0.282842712475));
#4781 = VECTOR('',#4782,1.);
#4782 = DIRECTION('',(1.,0.));
#4783 = ( GEOMETRIC_REPRESENTATION_CONTEXT(2) 
PARAMETRIC_REPRESENTATION_CONTEXT() REPRESENTATION_CONTEXT('2D SPACE',''
  ) );
#4784 = PCURVE('',#4785,#4790);
#4785 = PLANE('',#4786);
#4786 = AXIS2_PLACEMENT_3D('',#4787,#4788,#4789);
#4787 = CARTESIAN_POINT('',(99.8,-33.75,0.));
#4788 = DIRECTION('',(-1.,-0.,0.));
#4789 = DIRECTION('',(-0.,1.,0.));
#4790 = DEFINITIONAL_REPRESENTATION('',(#4791),#4795);
#4791 = LINE('',#4792,#4793);
#4792 = CARTESIAN_POINT('',(0.,-0.4));
#4793 = VECTOR('',#4794,1.);
#4794 = DIRECTION('',(1.,0.));
#4795 = ( GEOMETRIC_REPRESENTATION_CONTEXT(2) 
PARAMETRIC_REPRESENTATION_CONTEXT() REPRESENTATION_CONTEXT('2D SPACE',''
  ) );
#4796 = ADVANCED_FACE('',(#4797),#2131,.T.);
#4797 = FACE_BOUND('',#4798,.F.);
#4798 = EDGE_LOOP('',(#4799,#4800,#4801,#4802));
#4799 = ORIENTED_EDGE('',*,*,#2114,.F.);
#4800 = ORIENTED_EDGE('',*,*,#2293,.F.);
#4801 = ORIENTED_EDGE('',*,*,#2376,.T.);
#4802 = ORIENTED_EDGE('',*,*,#4803,.T.);
#4803 = EDGE_CURVE('',#2377,#2087,#4804,.T.);
#4804 = SURFACE_CURVE('',#4805,(#4828,#4854),.PCURVE_S1.);
#4805 = B_SPLINE_CURVE_WITH_KNOTS('',6,(#4806,#4807,#4808,#4809,#4810,
    #4811,#4812,#4813,#4814,#4815,#4816,#4817,#4818,#4819,#4820,#4821,
    #4822,#4823,#4824,#4825,#4826,#4827),.UNSPECIFIED.,.F.,.F.,(7,5,5,5,
    7),(0.,0.438656155906,0.691710082941,0.945880624776,1.),
  .UNSPECIFIED.);
#4806 = CARTESIAN_POINT('',(-98.61130814466,-33.5,3.2));
#4807 = CARTESIAN_POINT('',(-98.61130814466,-33.5,3.293405276581));
#4808 = CARTESIAN_POINT('',(-98.61640203259,-33.48691315054,
    3.386838899258));
#4809 = CARTESIAN_POINT('',(-98.62659657629,-33.46072491305,
    3.477756443995));
#4810 = CARTESIAN_POINT('',(-98.64153396808,-33.42218898618,
    3.563769019988));
#4811 = CARTESIAN_POINT('',(-98.66061165356,-33.37256702822,
    3.642861476168));
#4812 = CARTESIAN_POINT('',(-98.69608019607,-33.27940948441,
    3.754169942959));
#4813 = CARTESIAN_POINT('',(-98.71019572808,-33.24217371351,
    3.792070670963));
#4814 = CARTESIAN_POINT('',(-98.72531569681,-33.2020846418,
    3.826855296205));
#4815 = CARTESIAN_POINT('',(-98.74129595232,-33.15947175669,
    3.85827904682));
#4816 = CARTESIAN_POINT('',(-98.75798920619,-33.11468258,3.886144416867)
  );
#4817 = CARTESIAN_POINT('',(-98.79258834772,-33.02125795886,
    3.934556669535));
#4818 = CARTESIAN_POINT('',(-98.8104991982,-32.97260656561,
    3.955070629507));
#4819 = CARTESIAN_POINT('',(-98.8288363289,-32.92247953261,
    3.971683629917));
#4820 = CARTESIAN_POINT('',(-98.84745463487,-32.87124785141,
    3.984282674673));
#4821 = CARTESIAN_POINT('',(-98.86621249003,-32.81928917849,
    3.992795829176));
#4822 = CARTESIAN_POINT('',(-98.88896809349,-32.75584704,3.998126567874)
  );
#4823 = CARTESIAN_POINT('',(-98.89296290742,-32.74469426988,
    3.99887565621));
#4824 = CARTESIAN_POINT('',(-98.89695653194,-32.73352948733,
    3.999437727769));
#4825 = CARTESIAN_POINT('',(-98.90094765521,-32.72235638145,
    3.999812556487));
#4826 = CARTESIAN_POINT('',(-98.90493497854,-32.71117865086,
    4.00000000007));
#4827 = CARTESIAN_POINT('',(-98.90891721645,-32.70000000371,4.));
#4828 = PCURVE('',#2131,#4829);
#4829 = DEFINITIONAL_REPRESENTATION('',(#4830),#4853);
#4830 = B_SPLINE_CURVE_WITH_KNOTS('',6,(#4831,#4832,#4833,#4834,#4835,
    #4836,#4837,#4838,#4839,#4840,#4841,#4842,#4843,#4844,#4845,#4846,
    #4847,#4848,#4849,#4850,#4851,#4852),.UNSPECIFIED.,.F.,.F.,(7,5,5,5,
    7),(0.,0.438656155906,0.691710082941,0.945880624776,1.),
  .UNSPECIFIED.);
#4831 = CARTESIAN_POINT('',(-4.62641051363,3.14159265359));
#4832 = CARTESIAN_POINT('',(-4.62641051363,3.258349249316));
#4833 = CARTESIAN_POINT('',(-4.625338193139,3.375140645624));
#4834 = CARTESIAN_POINT('',(-4.623191599205,3.491655693943));
#4835 = CARTESIAN_POINT('',(-4.620070034367,3.607765842713));
#4836 = CARTESIAN_POINT('',(-4.616140067807,3.723391536278));
#4837 = CARTESIAN_POINT('',(-4.608955124803,3.90482636768));
#4838 = CARTESIAN_POINT('',(-4.606117471648,3.971029947422));
#4839 = CARTESIAN_POINT('',(-4.603105027323,4.037062604149));
#4840 = CARTESIAN_POINT('',(-4.599952977716,4.102936450162));
#4841 = CARTESIAN_POINT('',(-4.59669560037,4.168671187966));
#4842 = CARTESIAN_POINT('',(-4.590018713139,4.300200094274));
#4843 = CARTESIAN_POINT('',(-4.586598569396,4.365993168956));
#4844 = CARTESIAN_POINT('',(-4.58313626209,4.431695963951));
#4845 = CARTESIAN_POINT('',(-4.579661489607,4.497337636245));
#4846 = CARTESIAN_POINT('',(-4.576201245413,4.562948964488));
#4847 = CARTESIAN_POINT('',(-4.572051047064,4.642531092978));
#4848 = CARTESIAN_POINT('',(-4.571324243833,4.65650150425));
#4849 = CARTESIAN_POINT('',(-4.570599424871,4.670472211241));
#4850 = CARTESIAN_POINT('',(-4.569876818094,4.684443502103));
#4851 = CARTESIAN_POINT('',(-4.569156646768,4.698415663456));
#4852 = CARTESIAN_POINT('',(-4.568439129511,4.712388980385));
#4853 = ( GEOMETRIC_REPRESENTATION_CONTEXT(2) 
PARAMETRIC_REPRESENTATION_CONTEXT() REPRESENTATION_CONTEXT('2D SPACE',''
  ) );
#4854 = PCURVE('',#2102,#4855);
#4855 = DEFINITIONAL_REPRESENTATION('',(#4856),#4879);
#4856 = B_SPLINE_CURVE_WITH_KNOTS('',6,(#4857,#4858,#4859,#4860,#4861,
    #4862,#4863,#4864,#4865,#4866,#4867,#4868,#4869,#4870,#4871,#4872,
    #4873,#4874,#4875,#4876,#4877,#4878),.UNSPECIFIED.,.F.,.F.,(7,5,5,5,
    7),(0.,0.438656155906,0.691710082941,0.945880624776,1.),
  .UNSPECIFIED.);
#4857 = CARTESIAN_POINT('',(0.,1.188691855333));
#4858 = CARTESIAN_POINT('',(-0.116756595726,1.188691855333));
#4859 = CARTESIAN_POINT('',(-0.233547992034,1.183597967408));
#4860 = CARTESIAN_POINT('',(-0.350063040353,1.173403423707));
#4861 = CARTESIAN_POINT('',(-0.466173189123,1.158466031917));
#4862 = CARTESIAN_POINT('',(-0.581798882689,1.139388346438));
#4863 = CARTESIAN_POINT('',(-0.763233714091,1.103919803928));
#4864 = CARTESIAN_POINT('',(-0.829437293832,1.089804271916));
#4865 = CARTESIAN_POINT('',(-0.895469950559,1.074684303181));
#4866 = CARTESIAN_POINT('',(-0.961343796572,1.058704047679));
#4867 = CARTESIAN_POINT('',(-1.027078534376,1.042010793806));
#4868 = CARTESIAN_POINT('',(-1.158607440684,1.007411652278));
#4869 = CARTESIAN_POINT('',(-1.224400515366,0.989500801795));
#4870 = CARTESIAN_POINT('',(-1.290103310361,0.971163671094));
#4871 = CARTESIAN_POINT('',(-1.355744982655,0.952545365127));
#4872 = CARTESIAN_POINT('',(-1.421356310899,0.933787509965));
#4873 = CARTESIAN_POINT('',(-1.500938439388,0.911031906501));
#4874 = CARTESIAN_POINT('',(-1.514908849141,0.907037092578));
#4875 = CARTESIAN_POINT('',(-1.528879556748,0.903043468058));
#4876 = CARTESIAN_POINT('',(-1.542850850353,0.89905234479));
#4877 = CARTESIAN_POINT('',(-1.556823012905,0.895065021451));
#4878 = CARTESIAN_POINT('',(-1.570796322156,0.891082783547));
#4879 = ( GEOMETRIC_REPRESENTATION_CONTEXT(2) 
PARAMETRIC_REPRESENTATION_CONTEXT() REPRESENTATION_CONTEXT('2D SPACE',''
  ) );
#4880 = ADVANCED_FACE('',(#4881),#1934,.T.);
#4881 = FACE_BOUND('',#4882,.F.);
#4882 = EDGE_LOOP('',(#4883,#4961,#4962,#4963));
#4883 = ORIENTED_EDGE('',*,*,#4884,.F.);
#4884 = EDGE_CURVE('',#2571,#1918,#4885,.T.);
#4885 = SURFACE_CURVE('',#4886,(#4909,#4935),.PCURVE_S1.);
#4886 = B_SPLINE_CURVE_WITH_KNOTS('',6,(#4887,#4888,#4889,#4890,#4891,
    #4892,#4893,#4894,#4895,#4896,#4897,#4898,#4899,#4900,#4901,#4902,
    #4903,#4904,#4905,#4906,#4907,#4908),.UNSPECIFIED.,.F.,.F.,(7,5,5,5,
    7),(0.,0.438656152105,0.691710078803,0.945880620323,1.),
  .UNSPECIFIED.);
#4887 = CARTESIAN_POINT('',(-58.5,-73.61130814466,3.2));
#4888 = CARTESIAN_POINT('',(-58.5,-73.61130814466,3.293405275881));
#4889 = CARTESIAN_POINT('',(-58.48691315074,-73.61640203251,
    3.386838897859));
#4890 = CARTESIAN_POINT('',(-58.46072491364,-73.62659657606,
    3.477756441953));
#4891 = CARTESIAN_POINT('',(-58.42218898734,-73.64153396763,
    3.563769017413));
#4892 = CARTESIAN_POINT('',(-58.37256703008,-73.66061165284,
    3.642861473208));
#4893 = CARTESIAN_POINT('',(-58.27940948727,-73.69608019498,
    3.754169939965));
#4894 = CARTESIAN_POINT('',(-58.24217371657,-73.71019572692,
    3.792070668162));
#4895 = CARTESIAN_POINT('',(-58.20208464503,-73.7253156956,
    3.826855293612));
#4896 = CARTESIAN_POINT('',(-58.15947176009,-73.74129595104,
    3.858279044446));
#4897 = CARTESIAN_POINT('',(-58.11468258355,-73.75798920487,
    3.886144414724));
#4898 = CARTESIAN_POINT('',(-58.02125796265,-73.79258834632,
    3.934556667875));
#4899 = CARTESIAN_POINT('',(-57.97260656951,-73.81049919677,3.9550706281
    ));
#4900 = CARTESIAN_POINT('',(-57.92247953659,-73.82883632745,
    3.971683628769));
#4901 = CARTESIAN_POINT('',(-57.87124785546,-73.8474546334,
    3.984282673789));
#4902 = CARTESIAN_POINT('',(-57.81928918259,-73.86621248855,
    3.99279582856));
#4903 = CARTESIAN_POINT('',(-57.75584704319,-73.88896809235,
    3.998126567663));
#4904 = CARTESIAN_POINT('',(-57.74469427141,-73.89296290495,
    3.998875656104));
#4905 = CARTESIAN_POINT('',(-57.73352948824,-73.89695653047,
    3.999437727736));
#4906 = CARTESIAN_POINT('',(-57.72235638277,-73.90094765706,
    3.999812556496));
#4907 = CARTESIAN_POINT('',(-57.71117865182,-73.90493498204,
    4.000000000091));
#4908 = CARTESIAN_POINT('',(-57.7,-73.9089172119,4.));
#4909 = PCURVE('',#1934,#4910);
#4910 = DEFINITIONAL_REPRESENTATION('',(#4911),#4934);
#4911 = B_SPLINE_CURVE_WITH_KNOTS('',6,(#4912,#4913,#4914,#4915,#4916,
    #4917,#4918,#4919,#4920,#4921,#4922,#4923,#4924,#4925,#4926,#4927,
    #4928,#4929,#4930,#4931,#4932,#4933),.UNSPECIFIED.,.F.,.F.,(7,5,5,5,
    7),(0.,0.438656152105,0.691710078803,0.945880620323,1.),
  .UNSPECIFIED.);
#4912 = CARTESIAN_POINT('',(-2.84217094304E-14,3.14159265359));
#4913 = CARTESIAN_POINT('',(-2.84217094304E-14,3.258349248442));
#4914 = CARTESIAN_POINT('',(-1.072320474468E-03,3.375140643875));
#4915 = CARTESIAN_POINT('',(-3.218914377486E-03,3.491655691326));
#4916 = CARTESIAN_POINT('',(-6.34047916938E-03,3.607765839236));
#4917 = CARTESIAN_POINT('',(-1.027044567609E-02,3.723391531951));
#4918 = CARTESIAN_POINT('',(-1.745538860839E-02,3.904826362512));
#4919 = CARTESIAN_POINT('',(-2.029304175128E-02,3.971029942255));
#4920 = CARTESIAN_POINT('',(-2.330548606591E-02,4.037062598983));
#4921 = CARTESIAN_POINT('',(-2.645753566392E-02,4.102936444996));
#4922 = CARTESIAN_POINT('',(-2.971491300366E-02,4.168671182799));
#4923 = CARTESIAN_POINT('',(-3.639180022372E-02,4.300200089108));
#4924 = CARTESIAN_POINT('',(-3.981194396325E-02,4.365993163792));
#4925 = CARTESIAN_POINT('',(-4.327425126717E-02,4.431695958788));
#4926 = CARTESIAN_POINT('',(-4.674902375053E-02,4.497337631082));
#4927 = CARTESIAN_POINT('',(-5.020926794523E-02,4.562948959323));
#4928 = CARTESIAN_POINT('',(-5.435946635858E-02,4.642531088974));
#4929 = CARTESIAN_POINT('',(-5.508626996611E-02,4.656501500814));
#4930 = CARTESIAN_POINT('',(-5.58110888598E-02,4.670472209205));
#4931 = CARTESIAN_POINT('',(-5.653369512722E-02,4.6844435023));
#4932 = CARTESIAN_POINT('',(-5.725386626443E-02,4.698415665287));
#4933 = CARTESIAN_POINT('',(-5.797138517599E-02,4.712388980385));
#4934 = ( GEOMETRIC_REPRESENTATION_CONTEXT(2) 
PARAMETRIC_REPRESENTATION_CONTEXT() REPRESENTATION_CONTEXT('2D SPACE',''
  ) );
#4935 = PCURVE('',#1962,#4936);
#4936 = DEFINITIONAL_REPRESENTATION('',(#4937),#4960);
#4937 = B_SPLINE_CURVE_WITH_KNOTS('',6,(#4938,#4939,#4940,#4941,#4942,
    #4943,#4944,#4945,#4946,#4947,#4948,#4949,#4950,#4951,#4952,#4953,
    #4954,#4955,#4956,#4957,#4958,#4959),.UNSPECIFIED.,.F.,.F.,(7,5,5,5,
    7),(0.,0.438656152105,0.691710078803,0.945880620323,1.),
  .UNSPECIFIED.);
#4938 = CARTESIAN_POINT('',(0.,1.188691855334));
#4939 = CARTESIAN_POINT('',(0.116756594852,1.188691855334));
#4940 = CARTESIAN_POINT('',(0.233547990285,1.183597967482));
#4941 = CARTESIAN_POINT('',(0.350063037736,1.173403423939));
#4942 = CARTESIAN_POINT('',(0.466173185646,1.158466032363));
#4943 = CARTESIAN_POINT('',(0.581798878361,1.139388347152));
#4944 = CARTESIAN_POINT('',(0.763233708923,1.103919805014));
#4945 = CARTESIAN_POINT('',(0.829437288665,1.089804273072));
#4946 = CARTESIAN_POINT('',(0.895469945393,1.074684304398));
#4947 = CARTESIAN_POINT('',(0.961343791406,1.058704048952));
#4948 = CARTESIAN_POINT('',(1.027078529209,1.042010795126));
#4949 = CARTESIAN_POINT('',(1.158607435518,1.007411653676));
#4950 = CARTESIAN_POINT('',(1.224400510203,0.989500803224));
#4951 = CARTESIAN_POINT('',(1.290103305199,0.971163672546));
#4952 = CARTESIAN_POINT('',(1.355744977492,0.952545366596));
#4953 = CARTESIAN_POINT('',(1.421356305733,0.933787511442));
#4954 = CARTESIAN_POINT('',(1.500938435385,0.911031907646));
#4955 = CARTESIAN_POINT('',(1.514908847224,0.907037095049));
#4956 = CARTESIAN_POINT('',(1.528879555615,0.903043469524));
#4957 = CARTESIAN_POINT('',(1.54285084871,0.899052342931));
#4958 = CARTESIAN_POINT('',(1.556823011697,0.895065017951));
#4959 = CARTESIAN_POINT('',(1.570796326795,0.891082788093));
#4960 = ( GEOMETRIC_REPRESENTATION_CONTEXT(2) 
PARAMETRIC_REPRESENTATION_CONTEXT() REPRESENTATION_CONTEXT('2D SPACE',''
  ) );
#4961 = ORIENTED_EDGE('',*,*,#2598,.T.);
#4962 = ORIENTED_EDGE('',*,*,#2486,.T.);
#4963 = ORIENTED_EDGE('',*,*,#1917,.F.);
#4964 = ADVANCED_FACE('',(#4965),#2102,.T.);
#4965 = FACE_BOUND('',#4966,.F.);
#4966 = EDGE_LOOP('',(#4967,#5001,#5002,#5003));
#4967 = ORIENTED_EDGE('',*,*,#4968,.T.);
#4968 = EDGE_CURVE('',#4969,#2059,#4971,.T.);
#4969 = VERTEX_POINT('',#4970);
#4970 = CARTESIAN_POINT('',(-99.8,-33.5,3.2));
#4971 = SURFACE_CURVE('',#4972,(#4977,#4989),.PCURVE_S1.);
#4972 = ELLIPSE('',#4973,1.131370849898,0.8);
#4973 = AXIS2_PLACEMENT_3D('',#4974,#4975,#4976);
#4974 = CARTESIAN_POINT('',(-99.,-32.7,3.2));
#4975 = DIRECTION('',(-0.707106781187,0.707106781187,0.));
#4976 = DIRECTION('',(0.707106781187,0.707106781187,0.));
#4977 = PCURVE('',#2102,#4978);
#4978 = DEFINITIONAL_REPRESENTATION('',(#4979),#4988);
#4979 = B_SPLINE_CURVE_WITH_KNOTS('',7,(#4980,#4981,#4982,#4983,#4984,
    #4985,#4986,#4987),.UNSPECIFIED.,.F.,.F.,(8,8),(3.14159265359,
    4.712388980385),.PIECEWISE_BEZIER_KNOTS.);
#4980 = CARTESIAN_POINT('',(0.,0.));
#4981 = CARTESIAN_POINT('',(-0.224399475256,-2.198480792825E-17));
#4982 = CARTESIAN_POINT('',(-0.448798950513,4.699893808794E-02));
#4983 = CARTESIAN_POINT('',(-0.673198425769,0.1409899963));
#4984 = CARTESIAN_POINT('',(-0.897597901026,0.276202539381));
#4985 = CARTESIAN_POINT('',(-1.121997376282,0.440961568545));
#4986 = CARTESIAN_POINT('',(-1.346396851538,0.620480419795));
#4987 = CARTESIAN_POINT('',(-1.570796326795,0.8));
#4988 = ( GEOMETRIC_REPRESENTATION_CONTEXT(2) 
PARAMETRIC_REPRESENTATION_CONTEXT() REPRESENTATION_CONTEXT('2D SPACE',''
  ) );
#4989 = PCURVE('',#2074,#4990);
#4990 = DEFINITIONAL_REPRESENTATION('',(#4991),#5000);
#4991 = B_SPLINE_CURVE_WITH_KNOTS('',7,(#4992,#4993,#4994,#4995,#4996,
    #4997,#4998,#4999),.UNSPECIFIED.,.F.,.F.,(8,8),(3.14159265359,
    4.712388980385),.PIECEWISE_BEZIER_KNOTS.);
#4992 = CARTESIAN_POINT('',(0.,0.));
#4993 = CARTESIAN_POINT('',(0.224399475256,-2.198480792825E-17));
#4994 = CARTESIAN_POINT('',(0.448798950513,4.699893808796E-02));
#4995 = CARTESIAN_POINT('',(0.673198425769,0.1409899963));
#4996 = CARTESIAN_POINT('',(0.897597901026,0.276202539381));
#4997 = CARTESIAN_POINT('',(1.121997376282,0.440961568545));
#4998 = CARTESIAN_POINT('',(1.346396851538,0.620480419795));
#4999 = CARTESIAN_POINT('',(1.570796326795,0.8));
#5000 = ( GEOMETRIC_REPRESENTATION_CONTEXT(2) 
PARAMETRIC_REPRESENTATION_CONTEXT() REPRESENTATION_CONTEXT('2D SPACE',''
  ) );
#5001 = ORIENTED_EDGE('',*,*,#2086,.T.);
#5002 = ORIENTED_EDGE('',*,*,#4803,.F.);
#5003 = ORIENTED_EDGE('',*,*,#5004,.F.);
#5004 = EDGE_CURVE('',#4969,#2377,#5005,.T.);
#5005 = SURFACE_CURVE('',#5006,(#5010,#5017),.PCURVE_S1.);
#5006 = LINE('',#5007,#5008);
#5007 = CARTESIAN_POINT('',(-99.8,-33.5,3.2));
#5008 = VECTOR('',#5009,1.);
#5009 = DIRECTION('',(1.,0.,-0.));
#5010 = PCURVE('',#2102,#5011);
#5011 = DEFINITIONAL_REPRESENTATION('',(#5012),#5016);
#5012 = LINE('',#5013,#5014);
#5013 = CARTESIAN_POINT('',(-0.,0.));
#5014 = VECTOR('',#5015,1.);
#5015 = DIRECTION('',(-0.,1.));
#5016 = ( GEOMETRIC_REPRESENTATION_CONTEXT(2) 
PARAMETRIC_REPRESENTATION_CONTEXT() REPRESENTATION_CONTEXT('2D SPACE',''
  ) );
#5017 = PCURVE('',#2416,#5018);
#5018 = DEFINITIONAL_REPRESENTATION('',(#5019),#5023);
#5019 = LINE('',#5020,#5021);
#5020 = CARTESIAN_POINT('',(0.,-3.2));
#5021 = VECTOR('',#5022,1.);
#5022 = DIRECTION('',(1.,0.));
#5023 = ( GEOMETRIC_REPRESENTATION_CONTEXT(2) 
PARAMETRIC_REPRESENTATION_CONTEXT() REPRESENTATION_CONTEXT('2D SPACE',''
  ) );
#5024 = ADVANCED_FACE('',(#5025),#1962,.T.);
#5025 = FACE_BOUND('',#5026,.T.);
#5026 = EDGE_LOOP('',(#5027,#5061,#5062,#5063));
#5027 = ORIENTED_EDGE('',*,*,#5028,.T.);
#5028 = EDGE_CURVE('',#5029,#1947,#5031,.T.);
#5029 = VERTEX_POINT('',#5030);
#5030 = CARTESIAN_POINT('',(-58.5,-74.8,3.2));
#5031 = SURFACE_CURVE('',#5032,(#5037,#5049),.PCURVE_S1.);
#5032 = ELLIPSE('',#5033,1.131370849898,0.8);
#5033 = AXIS2_PLACEMENT_3D('',#5034,#5035,#5036);
#5034 = CARTESIAN_POINT('',(-57.7,-74.,3.2));
#5035 = DIRECTION('',(-0.707106781187,0.707106781187,0.));
#5036 = DIRECTION('',(0.707106781187,0.707106781187,0.));
#5037 = PCURVE('',#1962,#5038);
#5038 = DEFINITIONAL_REPRESENTATION('',(#5039),#5048);
#5039 = B_SPLINE_CURVE_WITH_KNOTS('',7,(#5040,#5041,#5042,#5043,#5044,
    #5045,#5046,#5047),.UNSPECIFIED.,.F.,.F.,(8,8),(3.14159265359,
    4.712388505414),.PIECEWISE_BEZIER_KNOTS.);
#5040 = CARTESIAN_POINT('',(0.,0.));
#5041 = CARTESIAN_POINT('',(0.224399407403,-2.198480128057E-17));
#5042 = CARTESIAN_POINT('',(0.448798814807,4.69989096639E-02));
#5043 = CARTESIAN_POINT('',(0.67319822221,0.140989911043));
#5044 = CARTESIAN_POINT('',(0.897597629614,0.276202375833));
#5045 = CARTESIAN_POINT('',(1.121997037017,0.440961319454));
#5046 = CARTESIAN_POINT('',(1.346396444421,0.620480094101));
#5047 = CARTESIAN_POINT('',(1.570795851824,0.799999620023));
#5048 = ( GEOMETRIC_REPRESENTATION_CONTEXT(2) 
PARAMETRIC_REPRESENTATION_CONTEXT() REPRESENTATION_CONTEXT('2D SPACE',''
  ) );
#5049 = PCURVE('',#1990,#5050);
#5050 = DEFINITIONAL_REPRESENTATION('',(#5051),#5060);
#5051 = B_SPLINE_CURVE_WITH_KNOTS('',7,(#5052,#5053,#5054,#5055,#5056,
    #5057,#5058,#5059),.UNSPECIFIED.,.F.,.F.,(8,8),(3.14159265359,
    4.712388505414),.PIECEWISE_BEZIER_KNOTS.);
#5052 = CARTESIAN_POINT('',(0.,0.));
#5053 = CARTESIAN_POINT('',(-0.224399407403,-2.198480128057E-17));
#5054 = CARTESIAN_POINT('',(-0.448798814807,4.699890966396E-02));
#5055 = CARTESIAN_POINT('',(-0.673198222211,0.140989911043));
#5056 = CARTESIAN_POINT('',(-0.897597629613,0.276202375834));
#5057 = CARTESIAN_POINT('',(-1.121997037017,0.440961319454));
#5058 = CARTESIAN_POINT('',(-1.346396444421,0.620480094101));
#5059 = CARTESIAN_POINT('',(-1.570795851824,0.799999620023));
#5060 = ( GEOMETRIC_REPRESENTATION_CONTEXT(2) 
PARAMETRIC_REPRESENTATION_CONTEXT() REPRESENTATION_CONTEXT('2D SPACE',''
  ) );
#5061 = ORIENTED_EDGE('',*,*,#1946,.T.);
#5062 = ORIENTED_EDGE('',*,*,#4884,.F.);
#5063 = ORIENTED_EDGE('',*,*,#5064,.F.);
#5064 = EDGE_CURVE('',#5029,#2571,#5065,.T.);
#5065 = SURFACE_CURVE('',#5066,(#5070,#5077),.PCURVE_S1.);
#5066 = LINE('',#5067,#5068);
#5067 = CARTESIAN_POINT('',(-58.5,-74.8,3.2));
#5068 = VECTOR('',#5069,1.);
#5069 = DIRECTION('',(2.22044604925E-16,1.,0.));
#5070 = PCURVE('',#1962,#5071);
#5071 = DEFINITIONAL_REPRESENTATION('',(#5072),#5076);
#5072 = LINE('',#5073,#5074);
#5073 = CARTESIAN_POINT('',(0.,0.));
#5074 = VECTOR('',#5075,1.);
#5075 = DIRECTION('',(0.,1.));
#5076 = ( GEOMETRIC_REPRESENTATION_CONTEXT(2) 
PARAMETRIC_REPRESENTATION_CONTEXT() REPRESENTATION_CONTEXT('2D SPACE',''
  ) );
#5077 = PCURVE('',#2586,#5078);
#5078 = DEFINITIONAL_REPRESENTATION('',(#5079),#5083);
#5079 = LINE('',#5080,#5081);
#5080 = CARTESIAN_POINT('',(0.,-3.2));
#5081 = VECTOR('',#5082,1.);
#5082 = DIRECTION('',(1.,0.));
#5083 = ( GEOMETRIC_REPRESENTATION_CONTEXT(2) 
PARAMETRIC_REPRESENTATION_CONTEXT() REPRESENTATION_CONTEXT('2D SPACE',''
  ) );
#5084 = ADVANCED_FACE('',(#5085),#2074,.T.);
#5085 = FACE_BOUND('',#5086,.T.);
#5086 = EDGE_LOOP('',(#5087,#5110,#5111,#5112,#5141,#5175,#5203));
#5087 = ORIENTED_EDGE('',*,*,#5088,.F.);
#5088 = EDGE_CURVE('',#4969,#5089,#5091,.T.);
#5089 = VERTEX_POINT('',#5090);
#5090 = CARTESIAN_POINT('',(-99.8,9.5,3.2));
#5091 = SURFACE_CURVE('',#5092,(#5096,#5103),.PCURVE_S1.);
#5092 = LINE('',#5093,#5094);
#5093 = CARTESIAN_POINT('',(-99.8,-33.5,3.2));
#5094 = VECTOR('',#5095,1.);
#5095 = DIRECTION('',(-0.,1.,0.));
#5096 = PCURVE('',#2074,#5097);
#5097 = DEFINITIONAL_REPRESENTATION('',(#5098),#5102);
#5098 = LINE('',#5099,#5100);
#5099 = CARTESIAN_POINT('',(0.,0.));
#5100 = VECTOR('',#5101,1.);
#5101 = DIRECTION('',(0.,1.));
#5102 = ( GEOMETRIC_REPRESENTATION_CONTEXT(2) 
PARAMETRIC_REPRESENTATION_CONTEXT() REPRESENTATION_CONTEXT('2D SPACE',''
  ) );
#5103 = PCURVE('',#2845,#5104);
#5104 = DEFINITIONAL_REPRESENTATION('',(#5105),#5109);
#5105 = LINE('',#5106,#5107);
#5106 = CARTESIAN_POINT('',(0.,-3.2));
#5107 = VECTOR('',#5108,1.);
#5108 = DIRECTION('',(1.,0.));
#5109 = ( GEOMETRIC_REPRESENTATION_CONTEXT(2) 
PARAMETRIC_REPRESENTATION_CONTEXT() REPRESENTATION_CONTEXT('2D SPACE',''
  ) );
#5110 = ORIENTED_EDGE('',*,*,#4968,.T.);
#5111 = ORIENTED_EDGE('',*,*,#2058,.T.);
#5112 = ORIENTED_EDGE('',*,*,#5113,.F.);
#5113 = EDGE_CURVE('',#5114,#2031,#5116,.T.);
#5114 = VERTEX_POINT('',#5115);
#5115 = CARTESIAN_POINT('',(-99.7416198487,-25.,3.5));
#5116 = SURFACE_CURVE('',#5117,(#5122,#5134),.PCURVE_S1.);
#5117 = ELLIPSE('',#5118,1.131370849898,0.8);
#5118 = AXIS2_PLACEMENT_3D('',#5119,#5120,#5121);
#5119 = CARTESIAN_POINT('',(-99.,-24.7,3.2));
#5120 = DIRECTION('',(0.,0.707106781187,0.707106781187));
#5121 = DIRECTION('',(-0.,0.707106781187,-0.707106781187));
#5122 = PCURVE('',#2074,#5123);
#5123 = DEFINITIONAL_REPRESENTATION('',(#5124),#5133);
#5124 = B_SPLINE_CURVE_WITH_KNOTS('',7,(#5125,#5126,#5127,#5128,#5129,
    #5130,#5131,#5132),.UNSPECIFIED.,.F.,.F.,(8,8),(1.888620030723,
    3.14159265359),.PIECEWISE_BEZIER_KNOTS.);
#5125 = CARTESIAN_POINT('',(0.317823703928,8.55));
#5126 = CARTESIAN_POINT('',(0.496819792909,8.413974748942));
#5127 = CARTESIAN_POINT('',(0.67581588189,8.287294522962));
#5128 = CARTESIAN_POINT('',(0.854811970871,8.177076566285));
#5129 = CARTESIAN_POINT('',(1.033808059852,8.089710083946));
#5130 = CARTESIAN_POINT('',(1.212804148833,8.029903778476));
#5131 = CARTESIAN_POINT('',(1.391800237814,8.));
#5132 = CARTESIAN_POINT('',(1.570796326795,8.));
#5133 = ( GEOMETRIC_REPRESENTATION_CONTEXT(2) 
PARAMETRIC_REPRESENTATION_CONTEXT() REPRESENTATION_CONTEXT('2D SPACE',''
  ) );
#5134 = PCURVE('',#2046,#5135);
#5135 = DEFINITIONAL_REPRESENTATION('',(#5136),#5140);
#5136 = ELLIPSE('',#5137,1.131370849898,0.8);
#5137 = AXIS2_PLACEMENT_2D('',#5138,#5139);
#5138 = CARTESIAN_POINT('',(-0.424264068712,1.8));
#5139 = DIRECTION('',(-1.,0.));
#5140 = ( GEOMETRIC_REPRESENTATION_CONTEXT(2) 
PARAMETRIC_REPRESENTATION_CONTEXT() REPRESENTATION_CONTEXT('2D SPACE',''
  ) );
#5141 = ORIENTED_EDGE('',*,*,#5142,.F.);
#5142 = EDGE_CURVE('',#5143,#5114,#5145,.T.);
#5143 = VERTEX_POINT('',#5144);
#5144 = CARTESIAN_POINT('',(-99.,-24.5,4.));
#5145 = SURFACE_CURVE('',#5146,(#5151,#5163),.PCURVE_S1.);
#5146 = ELLIPSE('',#5147,1.131370849898,0.8);
#5147 = AXIS2_PLACEMENT_3D('',#5148,#5149,#5150);
#5148 = CARTESIAN_POINT('',(-99.,-25.3,3.2));
#5149 = DIRECTION('',(0.,-0.707106781187,0.707106781187));
#5150 = DIRECTION('',(0.,0.707106781187,0.707106781187));
#5151 = PCURVE('',#2074,#5152);
#5152 = DEFINITIONAL_REPRESENTATION('',(#5153),#5162);
#5153 = B_SPLINE_CURVE_WITH_KNOTS('',7,(#5154,#5155,#5156,#5157,#5158,
    #5159,#5160,#5161),.UNSPECIFIED.,.F.,.F.,(8,8),(1.014653635757E-17,
    1.252972622866),.PIECEWISE_BEZIER_KNOTS.);
#5154 = CARTESIAN_POINT('',(1.570796326795,9.));
#5155 = CARTESIAN_POINT('',(1.391800237814,9.));
#5156 = CARTESIAN_POINT('',(1.212804148833,8.970096221522));
#5157 = CARTESIAN_POINT('',(1.033808059852,8.91028991606));
#5158 = CARTESIAN_POINT('',(0.854811970871,8.822923433709));
#5159 = CARTESIAN_POINT('',(0.67581588189,8.712705477039));
#5160 = CARTESIAN_POINT('',(0.496819792909,8.586025251058));
#5161 = CARTESIAN_POINT('',(0.317823703928,8.45));
#5162 = ( GEOMETRIC_REPRESENTATION_CONTEXT(2) 
PARAMETRIC_REPRESENTATION_CONTEXT() REPRESENTATION_CONTEXT('2D SPACE',''
  ) );
#5163 = PCURVE('',#5164,#5169);
#5164 = PLANE('',#5165);
#5165 = AXIS2_PLACEMENT_3D('',#5166,#5167,#5168);
#5166 = CARTESIAN_POINT('',(-100.8,-25.,3.5));
#5167 = DIRECTION('',(0.,-0.707106781187,0.707106781187));
#5168 = DIRECTION('',(1.,0.,0.));
#5169 = DEFINITIONAL_REPRESENTATION('',(#5170),#5174);
#5170 = ELLIPSE('',#5171,1.131370849898,0.8);
#5171 = AXIS2_PLACEMENT_2D('',#5172,#5173);
#5172 = CARTESIAN_POINT('',(1.8,-0.424264068712));
#5173 = DIRECTION('',(0.,1.));
#5174 = ( GEOMETRIC_REPRESENTATION_CONTEXT(2) 
PARAMETRIC_REPRESENTATION_CONTEXT() REPRESENTATION_CONTEXT('2D SPACE',''
  ) );
#5175 = ORIENTED_EDGE('',*,*,#5176,.T.);
#5176 = EDGE_CURVE('',#5143,#5177,#5179,.T.);
#5177 = VERTEX_POINT('',#5178);
#5178 = CARTESIAN_POINT('',(-99.,8.7,4.));
#5179 = SURFACE_CURVE('',#5180,(#5184,#5191),.PCURVE_S1.);
#5180 = LINE('',#5181,#5182);
#5181 = CARTESIAN_POINT('',(-99.,-33.5,4.));
#5182 = VECTOR('',#5183,1.);
#5183 = DIRECTION('',(-0.,1.,0.));
#5184 = PCURVE('',#2074,#5185);
#5185 = DEFINITIONAL_REPRESENTATION('',(#5186),#5190);
#5186 = LINE('',#5187,#5188);
#5187 = CARTESIAN_POINT('',(1.570796326795,0.));
#5188 = VECTOR('',#5189,1.);
#5189 = DIRECTION('',(0.,1.));
#5190 = ( GEOMETRIC_REPRESENTATION_CONTEXT(2) 
PARAMETRIC_REPRESENTATION_CONTEXT() REPRESENTATION_CONTEXT('2D SPACE',''
  ) );
#5191 = PCURVE('',#5192,#5197);
#5192 = PLANE('',#5193);
#5193 = AXIS2_PLACEMENT_3D('',#5194,#5195,#5196);
#5194 = CARTESIAN_POINT('',(0.,0.,4.));
#5195 = DIRECTION('',(0.,0.,1.));
#5196 = DIRECTION('',(1.,0.,-0.));
#5197 = DEFINITIONAL_REPRESENTATION('',(#5198),#5202);
#5198 = LINE('',#5199,#5200);
#5199 = CARTESIAN_POINT('',(-99.,-33.5));
#5200 = VECTOR('',#5201,1.);
#5201 = DIRECTION('',(0.,1.));
#5202 = ( GEOMETRIC_REPRESENTATION_CONTEXT(2) 
PARAMETRIC_REPRESENTATION_CONTEXT() REPRESENTATION_CONTEXT('2D SPACE',''
  ) );
#5203 = ORIENTED_EDGE('',*,*,#5204,.F.);
#5204 = EDGE_CURVE('',#5089,#5177,#5205,.T.);
#5205 = SURFACE_CURVE('',#5206,(#5211,#5223),.PCURVE_S1.);
#5206 = ELLIPSE('',#5207,1.131370849898,0.8);
#5207 = AXIS2_PLACEMENT_3D('',#5208,#5209,#5210);
#5208 = CARTESIAN_POINT('',(-99.,8.7,3.2));
#5209 = DIRECTION('',(0.707106781187,0.707106781187,0.));
#5210 = DIRECTION('',(0.707106781187,-0.707106781187,-0.));
#5211 = PCURVE('',#2074,#5212);
#5212 = DEFINITIONAL_REPRESENTATION('',(#5213),#5222);
#5213 = B_SPLINE_CURVE_WITH_KNOTS('',7,(#5214,#5215,#5216,#5217,#5218,
    #5219,#5220,#5221),.UNSPECIFIED.,.F.,.F.,(8,8),(3.14159265359,
    4.712388980385),.PIECEWISE_BEZIER_KNOTS.);
#5214 = CARTESIAN_POINT('',(0.,43.));
#5215 = CARTESIAN_POINT('',(0.224399475256,43.));
#5216 = CARTESIAN_POINT('',(0.448798950513,42.953001061912));
#5217 = CARTESIAN_POINT('',(0.673198425769,42.859010003709));
#5218 = CARTESIAN_POINT('',(0.897597901026,42.723797460623));
#5219 = CARTESIAN_POINT('',(1.121997376282,42.559038431456));
#5220 = CARTESIAN_POINT('',(1.346396851538,42.379519580205));
#5221 = CARTESIAN_POINT('',(1.570796326795,42.2));
#5222 = ( GEOMETRIC_REPRESENTATION_CONTEXT(2) 
PARAMETRIC_REPRESENTATION_CONTEXT() REPRESENTATION_CONTEXT('2D SPACE',''
  ) );
#5223 = PCURVE('',#5224,#5229);
#5224 = CYLINDRICAL_SURFACE('',#5225,0.8);
#5225 = AXIS2_PLACEMENT_3D('',#5226,#5227,#5228);
#5226 = CARTESIAN_POINT('',(-99.8,8.7,3.2));
#5227 = DIRECTION('',(1.,0.,-0.));
#5228 = DIRECTION('',(0.,1.,0.));
#5229 = DEFINITIONAL_REPRESENTATION('',(#5230),#5239);
#5230 = B_SPLINE_CURVE_WITH_KNOTS('',7,(#5231,#5232,#5233,#5234,#5235,
    #5236,#5237,#5238),.UNSPECIFIED.,.F.,.F.,(8,8),(3.14159265359,
    4.712388980385),.PIECEWISE_BEZIER_KNOTS.);
#5231 = CARTESIAN_POINT('',(0.,0.));
#5232 = CARTESIAN_POINT('',(0.224399475256,-2.198480792825E-17));
#5233 = CARTESIAN_POINT('',(0.448798950513,4.699893808794E-02));
#5234 = CARTESIAN_POINT('',(0.673198425769,0.1409899963));
#5235 = CARTESIAN_POINT('',(0.897597901026,0.276202539381));
#5236 = CARTESIAN_POINT('',(1.121997376282,0.440961568545));
#5237 = CARTESIAN_POINT('',(1.346396851538,0.620480419795));
#5238 = CARTESIAN_POINT('',(1.570796326795,0.8));
#5239 = ( GEOMETRIC_REPRESENTATION_CONTEXT(2) 
PARAMETRIC_REPRESENTATION_CONTEXT() REPRESENTATION_CONTEXT('2D SPACE',''
  ) );
#5240 = ADVANCED_FACE('',(#5241),#1990,.T.);
#5241 = FACE_BOUND('',#5242,.F.);
#5242 = EDGE_LOOP('',(#5243,#5266,#5267,#5268,#5297,#5331,#5359));
#5243 = ORIENTED_EDGE('',*,*,#5244,.F.);
#5244 = EDGE_CURVE('',#5029,#5245,#5247,.T.);
#5245 = VERTEX_POINT('',#5246);
#5246 = CARTESIAN_POINT('',(-15.5,-74.8,3.2));
#5247 = SURFACE_CURVE('',#5248,(#5252,#5259),.PCURVE_S1.);
#5248 = LINE('',#5249,#5250);
#5249 = CARTESIAN_POINT('',(-58.5,-74.8,3.2));
#5250 = VECTOR('',#5251,1.);
#5251 = DIRECTION('',(1.,0.,-0.));
#5252 = PCURVE('',#1990,#5253);
#5253 = DEFINITIONAL_REPRESENTATION('',(#5254),#5258);
#5254 = LINE('',#5255,#5256);
#5255 = CARTESIAN_POINT('',(-0.,0.));
#5256 = VECTOR('',#5257,1.);
#5257 = DIRECTION('',(-0.,1.));
#5258 = ( GEOMETRIC_REPRESENTATION_CONTEXT(2) 
PARAMETRIC_REPRESENTATION_CONTEXT() REPRESENTATION_CONTEXT('2D SPACE',''
  ) );
#5259 = PCURVE('',#2899,#5260);
#5260 = DEFINITIONAL_REPRESENTATION('',(#5261),#5265);
#5261 = LINE('',#5262,#5263);
#5262 = CARTESIAN_POINT('',(0.,-3.2));
#5263 = VECTOR('',#5264,1.);
#5264 = DIRECTION('',(1.,0.));
#5265 = ( GEOMETRIC_REPRESENTATION_CONTEXT(2) 
PARAMETRIC_REPRESENTATION_CONTEXT() REPRESENTATION_CONTEXT('2D SPACE',''
  ) );
#5266 = ORIENTED_EDGE('',*,*,#5028,.T.);
#5267 = ORIENTED_EDGE('',*,*,#1974,.T.);
#5268 = ORIENTED_EDGE('',*,*,#5269,.T.);
#5269 = EDGE_CURVE('',#1975,#5270,#5272,.T.);
#5270 = VERTEX_POINT('',#5271);
#5271 = CARTESIAN_POINT('',(-50.,-74.7416198487,3.5));
#5272 = SURFACE_CURVE('',#5273,(#5278,#5290),.PCURVE_S1.);
#5273 = ELLIPSE('',#5274,1.131370849898,0.8);
#5274 = AXIS2_PLACEMENT_3D('',#5275,#5276,#5277);
#5275 = CARTESIAN_POINT('',(-49.7,-74.,3.2));
#5276 = DIRECTION('',(0.707106781187,0.,0.707106781187));
#5277 = DIRECTION('',(0.707106781187,0.,-0.707106781187));
#5278 = PCURVE('',#1990,#5279);
#5279 = DEFINITIONAL_REPRESENTATION('',(#5280),#5289);
#5280 = B_SPLINE_CURVE_WITH_KNOTS('',7,(#5281,#5282,#5283,#5284,#5285,
    #5286,#5287,#5288),.UNSPECIFIED.,.F.,.F.,(8,8),(3.141592178619,
    4.394565276457),.PIECEWISE_BEZIER_KNOTS.);
#5281 = CARTESIAN_POINT('',(-1.570796801766,8.));
#5282 = CARTESIAN_POINT('',(-1.391800644932,7.999999931986));
#5283 = CARTESIAN_POINT('',(-1.212804488098,8.02990366512));
#5284 = CARTESIAN_POINT('',(-1.033808331264,8.089709951473));
#5285 = CARTESIAN_POINT('',(-0.85481217443,8.177076440943));
#5286 = CARTESIAN_POINT('',(-0.675816017596,8.28729442692));
#5287 = CARTESIAN_POINT('',(-0.496819860762,8.413974697379));
#5288 = CARTESIAN_POINT('',(-0.317823703928,8.55));
#5289 = ( GEOMETRIC_REPRESENTATION_CONTEXT(2) 
PARAMETRIC_REPRESENTATION_CONTEXT() REPRESENTATION_CONTEXT('2D SPACE',''
  ) );
#5290 = PCURVE('',#2018,#5291);
#5291 = DEFINITIONAL_REPRESENTATION('',(#5292),#5296);
#5292 = ELLIPSE('',#5293,1.131370849898,0.8);
#5293 = AXIS2_PLACEMENT_2D('',#5294,#5295);
#5294 = CARTESIAN_POINT('',(1.131370849898,1.8));
#5295 = DIRECTION('',(1.,0.));
#5296 = ( GEOMETRIC_REPRESENTATION_CONTEXT(2) 
PARAMETRIC_REPRESENTATION_CONTEXT() REPRESENTATION_CONTEXT('2D SPACE',''
  ) );
#5297 = ORIENTED_EDGE('',*,*,#5298,.F.);
#5298 = EDGE_CURVE('',#5299,#5270,#5301,.T.);
#5299 = VERTEX_POINT('',#5300);
#5300 = CARTESIAN_POINT('',(-49.5,-74.,4.));
#5301 = SURFACE_CURVE('',#5302,(#5307,#5319),.PCURVE_S1.);
#5302 = ELLIPSE('',#5303,1.131370849898,0.8);
#5303 = AXIS2_PLACEMENT_3D('',#5304,#5305,#5306);
#5304 = CARTESIAN_POINT('',(-50.3,-74.,3.2));
#5305 = DIRECTION('',(0.707106781187,0.,-0.707106781187));
#5306 = DIRECTION('',(0.707106781187,0.,0.707106781187));
#5307 = PCURVE('',#1990,#5308);
#5308 = DEFINITIONAL_REPRESENTATION('',(#5309),#5318);
#5309 = B_SPLINE_CURVE_WITH_KNOTS('',7,(#5310,#5311,#5312,#5313,#5314,
    #5315,#5316,#5317),.UNSPECIFIED.,.F.,.F.,(8,8),(6.283184832209,
    7.536157930047),.PIECEWISE_BEZIER_KNOTS.);
#5310 = CARTESIAN_POINT('',(-1.570796801766,9.));
#5311 = CARTESIAN_POINT('',(-1.391800644932,9.000000068014));
#5312 = CARTESIAN_POINT('',(-1.212804488098,8.970096334879));
#5313 = CARTESIAN_POINT('',(-1.033808331264,8.910290048532));
#5314 = CARTESIAN_POINT('',(-0.85481217443,8.822923559053));
#5315 = CARTESIAN_POINT('',(-0.675816017596,8.712705573082));
#5316 = CARTESIAN_POINT('',(-0.496819860762,8.586025302621));
#5317 = CARTESIAN_POINT('',(-0.317823703928,8.45));
#5318 = ( GEOMETRIC_REPRESENTATION_CONTEXT(2) 
PARAMETRIC_REPRESENTATION_CONTEXT() REPRESENTATION_CONTEXT('2D SPACE',''
  ) );
#5319 = PCURVE('',#5320,#5325);
#5320 = PLANE('',#5321);
#5321 = AXIS2_PLACEMENT_3D('',#5322,#5323,#5324);
#5322 = CARTESIAN_POINT('',(-50.,-75.8,3.5));
#5323 = DIRECTION('',(0.707106781187,0.,-0.707106781187));
#5324 = DIRECTION('',(0.707106781187,0.,0.707106781187));
#5325 = DEFINITIONAL_REPRESENTATION('',(#5326),#5330);
#5326 = ELLIPSE('',#5327,1.131370849898,0.8);
#5327 = AXIS2_PLACEMENT_2D('',#5328,#5329);
#5328 = CARTESIAN_POINT('',(-0.424264068712,-1.8));
#5329 = DIRECTION('',(1.,0.));
#5330 = ( GEOMETRIC_REPRESENTATION_CONTEXT(2) 
PARAMETRIC_REPRESENTATION_CONTEXT() REPRESENTATION_CONTEXT('2D SPACE',''
  ) );
#5331 = ORIENTED_EDGE('',*,*,#5332,.T.);
#5332 = EDGE_CURVE('',#5299,#5333,#5335,.T.);
#5333 = VERTEX_POINT('',#5334);
#5334 = CARTESIAN_POINT('',(-16.3,-74.,4.));
#5335 = SURFACE_CURVE('',#5336,(#5340,#5347),.PCURVE_S1.);
#5336 = LINE('',#5337,#5338);
#5337 = CARTESIAN_POINT('',(-58.5,-74.,4.));
#5338 = VECTOR('',#5339,1.);
#5339 = DIRECTION('',(1.,0.,-0.));
#5340 = PCURVE('',#1990,#5341);
#5341 = DEFINITIONAL_REPRESENTATION('',(#5342),#5346);
#5342 = LINE('',#5343,#5344);
#5343 = CARTESIAN_POINT('',(-1.570796326795,0.));
#5344 = VECTOR('',#5345,1.);
#5345 = DIRECTION('',(-0.,1.));
#5346 = ( GEOMETRIC_REPRESENTATION_CONTEXT(2) 
PARAMETRIC_REPRESENTATION_CONTEXT() REPRESENTATION_CONTEXT('2D SPACE',''
  ) );
#5347 = PCURVE('',#5348,#5353);
#5348 = PLANE('',#5349);
#5349 = AXIS2_PLACEMENT_3D('',#5350,#5351,#5352);
#5350 = CARTESIAN_POINT('',(0.,0.,4.));
#5351 = DIRECTION('',(0.,0.,1.));
#5352 = DIRECTION('',(1.,0.,-0.));
#5353 = DEFINITIONAL_REPRESENTATION('',(#5354),#5358);
#5354 = LINE('',#5355,#5356);
#5355 = CARTESIAN_POINT('',(-58.5,-74.));
#5356 = VECTOR('',#5357,1.);
#5357 = DIRECTION('',(1.,0.));
#5358 = ( GEOMETRIC_REPRESENTATION_CONTEXT(2) 
PARAMETRIC_REPRESENTATION_CONTEXT() REPRESENTATION_CONTEXT('2D SPACE',''
  ) );
#5359 = ORIENTED_EDGE('',*,*,#5360,.F.);
#5360 = EDGE_CURVE('',#5245,#5333,#5361,.T.);
#5361 = SURFACE_CURVE('',#5362,(#5367,#5379),.PCURVE_S1.);
#5362 = ELLIPSE('',#5363,1.131370849898,0.8);
#5363 = AXIS2_PLACEMENT_3D('',#5364,#5365,#5366);
#5364 = CARTESIAN_POINT('',(-16.3,-74.,3.2));
#5365 = DIRECTION('',(-0.707106781187,-0.707106781187,0.));
#5366 = DIRECTION('',(0.707106781187,-0.707106781187,0.));
#5367 = PCURVE('',#1990,#5368);
#5368 = DEFINITIONAL_REPRESENTATION('',(#5369),#5378);
#5369 = B_SPLINE_CURVE_WITH_KNOTS('',7,(#5370,#5371,#5372,#5373,#5374,
    #5375,#5376,#5377),.UNSPECIFIED.,.F.,.F.,(8,8),(0.,1.570796801766),
  .PIECEWISE_BEZIER_KNOTS.);
#5370 = CARTESIAN_POINT('',(0.,43.));
#5371 = CARTESIAN_POINT('',(-0.224399543109,43.));
#5372 = CARTESIAN_POINT('',(-0.448799086219,42.953001033485));
#5373 = CARTESIAN_POINT('',(-0.673198629328,42.859009918452));
#5374 = CARTESIAN_POINT('',(-0.897598172438,42.723797297064));
#5375 = CARTESIAN_POINT('',(-1.121997715547,42.559038182368));
#5376 = CARTESIAN_POINT('',(-1.346397258656,42.379519254511));
#5377 = CARTESIAN_POINT('',(-1.570796801766,42.199999620023));
#5378 = ( GEOMETRIC_REPRESENTATION_CONTEXT(2) 
PARAMETRIC_REPRESENTATION_CONTEXT() REPRESENTATION_CONTEXT('2D SPACE',''
  ) );
#5379 = PCURVE('',#5380,#5385);
#5380 = CYLINDRICAL_SURFACE('',#5381,0.8);
#5381 = AXIS2_PLACEMENT_3D('',#5382,#5383,#5384);
#5382 = CARTESIAN_POINT('',(-16.3,-74.8,3.2));
#5383 = DIRECTION('',(2.22044604925E-16,1.,0.));
#5384 = DIRECTION('',(1.,-2.22044604925E-16,-0.));
#5385 = DEFINITIONAL_REPRESENTATION('',(#5386),#5395);
#5386 = B_SPLINE_CURVE_WITH_KNOTS('',7,(#5387,#5388,#5389,#5390,#5391,
    #5392,#5393,#5394),.UNSPECIFIED.,.F.,.F.,(8,8),(0.,1.570796801766),
  .PIECEWISE_BEZIER_KNOTS.);
#5387 = CARTESIAN_POINT('',(0.,0.));
#5388 = CARTESIAN_POINT('',(-0.224399543109,4.396962915185E-17));
#5389 = CARTESIAN_POINT('',(-0.448799086219,4.69989665119E-02));
#5390 = CARTESIAN_POINT('',(-0.673198629329,0.140990081557));
#5391 = CARTESIAN_POINT('',(-0.897598172437,0.276202702928));
#5392 = CARTESIAN_POINT('',(-1.121997715547,0.440961817636));
#5393 = CARTESIAN_POINT('',(-1.346397258656,0.620480745489));
#5394 = CARTESIAN_POINT('',(-1.570796801766,0.800000379977));
#5395 = ( GEOMETRIC_REPRESENTATION_CONTEXT(2) 
PARAMETRIC_REPRESENTATION_CONTEXT() REPRESENTATION_CONTEXT('2D SPACE',''
  ) );
#5396 = ADVANCED_FACE('',(#5397),#2046,.T.);
#5397 = FACE_BOUND('',#5398,.T.);
#5398 = EDGE_LOOP('',(#5399,#5420,#5441,#5442));
#5399 = ORIENTED_EDGE('',*,*,#5400,.F.);
#5400 = EDGE_CURVE('',#5401,#2003,#5403,.T.);
#5401 = VERTEX_POINT('',#5402);
#5402 = CARTESIAN_POINT('',(-50.,-25.,3.5));
#5403 = SURFACE_CURVE('',#5404,(#5408,#5414),.PCURVE_S1.);
#5404 = LINE('',#5405,#5406);
#5405 = CARTESIAN_POINT('',(-67.1,-42.1,20.6));
#5406 = VECTOR('',#5407,1.);
#5407 = DIRECTION('',(-0.57735026919,-0.57735026919,0.57735026919));
#5408 = PCURVE('',#2046,#5409);
#5409 = DEFINITIONAL_REPRESENTATION('',(#5410),#5413);
#5410 = B_SPLINE_CURVE_WITH_KNOTS('',1,(#5411,#5412),.UNSPECIFIED.,.F.,
  .F.,(2,2),(-29.61806880942,-28.75204340564),.PIECEWISE_BEZIER_KNOTS.);
#5411 = CARTESIAN_POINT('',(-4.174284141606E-15,50.8));
#5412 = CARTESIAN_POINT('',(0.707106781187,50.3));
#5413 = ( GEOMETRIC_REPRESENTATION_CONTEXT(2) 
PARAMETRIC_REPRESENTATION_CONTEXT() REPRESENTATION_CONTEXT('2D SPACE',''
  ) );
#5414 = PCURVE('',#2018,#5415);
#5415 = DEFINITIONAL_REPRESENTATION('',(#5416),#5419);
#5416 = B_SPLINE_CURVE_WITH_KNOTS('',1,(#5417,#5418),.UNSPECIFIED.,.F.,
  .F.,(2,2),(-29.61806880942,-28.75204340564),.PIECEWISE_BEZIER_KNOTS.);
#5417 = CARTESIAN_POINT('',(0.707106781187,50.8));
#5418 = CARTESIAN_POINT('',(3.962851332457E-15,50.3));
#5419 = ( GEOMETRIC_REPRESENTATION_CONTEXT(2) 
PARAMETRIC_REPRESENTATION_CONTEXT() REPRESENTATION_CONTEXT('2D SPACE',''
  ) );
#5420 = ORIENTED_EDGE('',*,*,#5421,.F.);
#5421 = EDGE_CURVE('',#5114,#5401,#5422,.T.);
#5422 = SURFACE_CURVE('',#5423,(#5427,#5434),.PCURVE_S1.);
#5423 = LINE('',#5424,#5425);
#5424 = CARTESIAN_POINT('',(-100.8,-25.,3.5));
#5425 = VECTOR('',#5426,1.);
#5426 = DIRECTION('',(1.,0.,0.));
#5427 = PCURVE('',#2046,#5428);
#5428 = DEFINITIONAL_REPRESENTATION('',(#5429),#5433);
#5429 = LINE('',#5430,#5431);
#5430 = CARTESIAN_POINT('',(0.,0.));
#5431 = VECTOR('',#5432,1.);
#5432 = DIRECTION('',(0.,1.));
#5433 = ( GEOMETRIC_REPRESENTATION_CONTEXT(2) 
PARAMETRIC_REPRESENTATION_CONTEXT() REPRESENTATION_CONTEXT('2D SPACE',''
  ) );
#5434 = PCURVE('',#5164,#5435);
#5435 = DEFINITIONAL_REPRESENTATION('',(#5436),#5440);
#5436 = LINE('',#5437,#5438);
#5437 = CARTESIAN_POINT('',(0.,0.));
#5438 = VECTOR('',#5439,1.);
#5439 = DIRECTION('',(1.,0.));
#5440 = ( GEOMETRIC_REPRESENTATION_CONTEXT(2) 
PARAMETRIC_REPRESENTATION_CONTEXT() REPRESENTATION_CONTEXT('2D SPACE',''
  ) );
#5441 = ORIENTED_EDGE('',*,*,#5113,.T.);
#5442 = ORIENTED_EDGE('',*,*,#2030,.T.);
#5443 = ADVANCED_FACE('',(#5444),#2018,.T.);
#5444 = FACE_BOUND('',#5445,.T.);
#5445 = EDGE_LOOP('',(#5446,#5447,#5448,#5469));
#5446 = ORIENTED_EDGE('',*,*,#2002,.F.);
#5447 = ORIENTED_EDGE('',*,*,#5269,.T.);
#5448 = ORIENTED_EDGE('',*,*,#5449,.T.);
#5449 = EDGE_CURVE('',#5270,#5401,#5450,.T.);
#5450 = SURFACE_CURVE('',#5451,(#5455,#5462),.PCURVE_S1.);
#5451 = LINE('',#5452,#5453);
#5452 = CARTESIAN_POINT('',(-50.,-75.8,3.5));
#5453 = VECTOR('',#5454,1.);
#5454 = DIRECTION('',(0.,1.,0.));
#5455 = PCURVE('',#2018,#5456);
#5456 = DEFINITIONAL_REPRESENTATION('',(#5457),#5461);
#5457 = LINE('',#5458,#5459);
#5458 = CARTESIAN_POINT('',(0.707106781187,0.));
#5459 = VECTOR('',#5460,1.);
#5460 = DIRECTION('',(0.,1.));
#5461 = ( GEOMETRIC_REPRESENTATION_CONTEXT(2) 
PARAMETRIC_REPRESENTATION_CONTEXT() REPRESENTATION_CONTEXT('2D SPACE',''
  ) );
#5462 = PCURVE('',#5320,#5463);
#5463 = DEFINITIONAL_REPRESENTATION('',(#5464),#5468);
#5464 = LINE('',#5465,#5466);
#5465 = CARTESIAN_POINT('',(0.,0.));
#5466 = VECTOR('',#5467,1.);
#5467 = DIRECTION('',(0.,-1.));
#5468 = ( GEOMETRIC_REPRESENTATION_CONTEXT(2) 
PARAMETRIC_REPRESENTATION_CONTEXT() REPRESENTATION_CONTEXT('2D SPACE',''
  ) );
#5469 = ORIENTED_EDGE('',*,*,#5400,.T.);
#5470 = ADVANCED_FACE('',(#5471),#2183,.T.);
#5471 = FACE_BOUND('',#5472,.T.);
#5472 = EDGE_LOOP('',(#5473,#5496,#5523,#5524));
#5473 = ORIENTED_EDGE('',*,*,#5474,.T.);
#5474 = EDGE_CURVE('',#2167,#5475,#5477,.T.);
#5475 = VERTEX_POINT('',#5476);
#5476 = CARTESIAN_POINT('',(-73.4,-71.5,5.3));
#5477 = SEAM_CURVE('',#5478,(#5482,#5489),.PCURVE_S1.);
#5478 = LINE('',#5479,#5480);
#5479 = CARTESIAN_POINT('',(-73.4,-71.5,4.));
#5480 = VECTOR('',#5481,1.);
#5481 = DIRECTION('',(0.,0.,1.));
#5482 = PCURVE('',#2183,#5483);
#5483 = DEFINITIONAL_REPRESENTATION('',(#5484),#5488);
#5484 = LINE('',#5485,#5486);
#5485 = CARTESIAN_POINT('',(6.28318530718,-0.));
#5486 = VECTOR('',#5487,1.);
#5487 = DIRECTION('',(0.,1.));
#5488 = ( GEOMETRIC_REPRESENTATION_CONTEXT(2) 
PARAMETRIC_REPRESENTATION_CONTEXT() REPRESENTATION_CONTEXT('2D SPACE',''
  ) );
#5489 = PCURVE('',#2183,#5490);
#5490 = DEFINITIONAL_REPRESENTATION('',(#5491),#5495);
#5491 = LINE('',#5492,#5493);
#5492 = CARTESIAN_POINT('',(0.,-0.));
#5493 = VECTOR('',#5494,1.);
#5494 = DIRECTION('',(0.,1.));
#5495 = ( GEOMETRIC_REPRESENTATION_CONTEXT(2) 
PARAMETRIC_REPRESENTATION_CONTEXT() REPRESENTATION_CONTEXT('2D SPACE',''
  ) );
#5496 = ORIENTED_EDGE('',*,*,#5497,.F.);
#5497 = EDGE_CURVE('',#5475,#5475,#5498,.T.);
#5498 = SURFACE_CURVE('',#5499,(#5504,#5511),.PCURVE_S1.);
#5499 = CIRCLE('',#5500,1.6);
#5500 = AXIS2_PLACEMENT_3D('',#5501,#5502,#5503);
#5501 = CARTESIAN_POINT('',(-75.,-71.5,5.3));
#5502 = DIRECTION('',(0.,0.,1.));
#5503 = DIRECTION('',(1.,0.,-0.));
#5504 = PCURVE('',#2183,#5505);
#5505 = DEFINITIONAL_REPRESENTATION('',(#5506),#5510);
#5506 = LINE('',#5507,#5508);
#5507 = CARTESIAN_POINT('',(0.,1.3));
#5508 = VECTOR('',#5509,1.);
#5509 = DIRECTION('',(1.,0.));
#5510 = ( GEOMETRIC_REPRESENTATION_CONTEXT(2) 
PARAMETRIC_REPRESENTATION_CONTEXT() REPRESENTATION_CONTEXT('2D SPACE',''
  ) );
#5511 = PCURVE('',#5512,#5517);
#5512 = CONICAL_SURFACE('',#5513,1.6,0.785398163397);
#5513 = AXIS2_PLACEMENT_3D('',#5514,#5515,#5516);
#5514 = CARTESIAN_POINT('',(-75.,-71.5,5.3));
#5515 = DIRECTION('',(-0.,-0.,-1.));
#5516 = DIRECTION('',(1.,0.,0.));
#5517 = DEFINITIONAL_REPRESENTATION('',(#5518),#5522);
#5518 = LINE('',#5519,#5520);
#5519 = CARTESIAN_POINT('',(-0.,-0.));
#5520 = VECTOR('',#5521,1.);
#5521 = DIRECTION('',(-1.,-0.));
#5522 = ( GEOMETRIC_REPRESENTATION_CONTEXT(2) 
PARAMETRIC_REPRESENTATION_CONTEXT() REPRESENTATION_CONTEXT('2D SPACE',''
  ) );
#5523 = ORIENTED_EDGE('',*,*,#5474,.F.);
#5524 = ORIENTED_EDGE('',*,*,#2166,.T.);
#5525 = ADVANCED_FACE('',(#5526),#2214,.T.);
#5526 = FACE_BOUND('',#5527,.T.);
#5527 = EDGE_LOOP('',(#5528,#5551,#5578,#5579));
#5528 = ORIENTED_EDGE('',*,*,#5529,.T.);
#5529 = EDGE_CURVE('',#2198,#5530,#5532,.T.);
#5530 = VERTEX_POINT('',#5531);
#5531 = CARTESIAN_POINT('',(-94.9,-50.,5.3));
#5532 = SEAM_CURVE('',#5533,(#5537,#5544),.PCURVE_S1.);
#5533 = LINE('',#5534,#5535);
#5534 = CARTESIAN_POINT('',(-94.9,-50.,4.));
#5535 = VECTOR('',#5536,1.);
#5536 = DIRECTION('',(0.,0.,1.));
#5537 = PCURVE('',#2214,#5538);
#5538 = DEFINITIONAL_REPRESENTATION('',(#5539),#5543);
#5539 = LINE('',#5540,#5541);
#5540 = CARTESIAN_POINT('',(6.28318530718,-0.));
#5541 = VECTOR('',#5542,1.);
#5542 = DIRECTION('',(0.,1.));
#5543 = ( GEOMETRIC_REPRESENTATION_CONTEXT(2) 
PARAMETRIC_REPRESENTATION_CONTEXT() REPRESENTATION_CONTEXT('2D SPACE',''
  ) );
#5544 = PCURVE('',#2214,#5545);
#5545 = DEFINITIONAL_REPRESENTATION('',(#5546),#5550);
#5546 = LINE('',#5547,#5548);
#5547 = CARTESIAN_POINT('',(0.,-0.));
#5548 = VECTOR('',#5549,1.);
#5549 = DIRECTION('',(0.,1.));
#5550 = ( GEOMETRIC_REPRESENTATION_CONTEXT(2) 
PARAMETRIC_REPRESENTATION_CONTEXT() REPRESENTATION_CONTEXT('2D SPACE',''
  ) );
#5551 = ORIENTED_EDGE('',*,*,#5552,.F.);
#5552 = EDGE_CURVE('',#5530,#5530,#5553,.T.);
#5553 = SURFACE_CURVE('',#5554,(#5559,#5566),.PCURVE_S1.);
#5554 = CIRCLE('',#5555,1.6);
#5555 = AXIS2_PLACEMENT_3D('',#5556,#5557,#5558);
#5556 = CARTESIAN_POINT('',(-96.5,-50.,5.3));
#5557 = DIRECTION('',(0.,0.,1.));
#5558 = DIRECTION('',(1.,0.,-0.));
#5559 = PCURVE('',#2214,#5560);
#5560 = DEFINITIONAL_REPRESENTATION('',(#5561),#5565);
#5561 = LINE('',#5562,#5563);
#5562 = CARTESIAN_POINT('',(0.,1.3));
#5563 = VECTOR('',#5564,1.);
#5564 = DIRECTION('',(1.,0.));
#5565 = ( GEOMETRIC_REPRESENTATION_CONTEXT(2) 
PARAMETRIC_REPRESENTATION_CONTEXT() REPRESENTATION_CONTEXT('2D SPACE',''
  ) );
#5566 = PCURVE('',#5567,#5572);
#5567 = CONICAL_SURFACE('',#5568,1.6,0.785398163397);
#5568 = AXIS2_PLACEMENT_3D('',#5569,#5570,#5571);
#5569 = CARTESIAN_POINT('',(-96.5,-50.,5.3));
#5570 = DIRECTION('',(-0.,-0.,-1.));
#5571 = DIRECTION('',(1.,0.,0.));
#5572 = DEFINITIONAL_REPRESENTATION('',(#5573),#5577);
#5573 = LINE('',#5574,#5575);
#5574 = CARTESIAN_POINT('',(-0.,-0.));
#5575 = VECTOR('',#5576,1.);
#5576 = DIRECTION('',(-1.,-0.));
#5577 = ( GEOMETRIC_REPRESENTATION_CONTEXT(2) 
PARAMETRIC_REPRESENTATION_CONTEXT() REPRESENTATION_CONTEXT('2D SPACE',''
  ) );
#5578 = ORIENTED_EDGE('',*,*,#5529,.F.);
#5579 = ORIENTED_EDGE('',*,*,#2197,.T.);
#5580 = ADVANCED_FACE('',(#5581),#2245,.T.);
#5581 = FACE_BOUND('',#5582,.T.);
#5582 = EDGE_LOOP('',(#5583,#5606,#5633,#5634));
#5583 = ORIENTED_EDGE('',*,*,#5584,.T.);
#5584 = EDGE_CURVE('',#2229,#5585,#5587,.T.);
#5585 = VERTEX_POINT('',#5586);
#5586 = CARTESIAN_POINT('',(-73.4,-28.5,5.3));
#5587 = SEAM_CURVE('',#5588,(#5592,#5599),.PCURVE_S1.);
#5588 = LINE('',#5589,#5590);
#5589 = CARTESIAN_POINT('',(-73.4,-28.5,4.));
#5590 = VECTOR('',#5591,1.);
#5591 = DIRECTION('',(0.,0.,1.));
#5592 = PCURVE('',#2245,#5593);
#5593 = DEFINITIONAL_REPRESENTATION('',(#5594),#5598);
#5594 = LINE('',#5595,#5596);
#5595 = CARTESIAN_POINT('',(6.28318530718,-0.));
#5596 = VECTOR('',#5597,1.);
#5597 = DIRECTION('',(0.,1.));
#5598 = ( GEOMETRIC_REPRESENTATION_CONTEXT(2) 
PARAMETRIC_REPRESENTATION_CONTEXT() REPRESENTATION_CONTEXT('2D SPACE',''
  ) );
#5599 = PCURVE('',#2245,#5600);
#5600 = DEFINITIONAL_REPRESENTATION('',(#5601),#5605);
#5601 = LINE('',#5602,#5603);
#5602 = CARTESIAN_POINT('',(0.,-0.));
#5603 = VECTOR('',#5604,1.);
#5604 = DIRECTION('',(0.,1.));
#5605 = ( GEOMETRIC_REPRESENTATION_CONTEXT(2) 
PARAMETRIC_REPRESENTATION_CONTEXT() REPRESENTATION_CONTEXT('2D SPACE',''
  ) );
#5606 = ORIENTED_EDGE('',*,*,#5607,.F.);
#5607 = EDGE_CURVE('',#5585,#5585,#5608,.T.);
#5608 = SURFACE_CURVE('',#5609,(#5614,#5621),.PCURVE_S1.);
#5609 = CIRCLE('',#5610,1.6);
#5610 = AXIS2_PLACEMENT_3D('',#5611,#5612,#5613);
#5611 = CARTESIAN_POINT('',(-75.,-28.5,5.3));
#5612 = DIRECTION('',(0.,0.,1.));
#5613 = DIRECTION('',(1.,0.,-0.));
#5614 = PCURVE('',#2245,#5615);
#5615 = DEFINITIONAL_REPRESENTATION('',(#5616),#5620);
#5616 = LINE('',#5617,#5618);
#5617 = CARTESIAN_POINT('',(0.,1.3));
#5618 = VECTOR('',#5619,1.);
#5619 = DIRECTION('',(1.,0.));
#5620 = ( GEOMETRIC_REPRESENTATION_CONTEXT(2) 
PARAMETRIC_REPRESENTATION_CONTEXT() REPRESENTATION_CONTEXT('2D SPACE',''
  ) );
#5621 = PCURVE('',#5622,#5627);
#5622 = CONICAL_SURFACE('',#5623,1.6,0.785398163397);
#5623 = AXIS2_PLACEMENT_3D('',#5624,#5625,#5626);
#5624 = CARTESIAN_POINT('',(-75.,-28.5,5.3));
#5625 = DIRECTION('',(-0.,-0.,-1.));
#5626 = DIRECTION('',(1.,0.,0.));
#5627 = DEFINITIONAL_REPRESENTATION('',(#5628),#5632);
#5628 = LINE('',#5629,#5630);
#5629 = CARTESIAN_POINT('',(-0.,-0.));
#5630 = VECTOR('',#5631,1.);
#5631 = DIRECTION('',(-1.,-0.));
#5632 = ( GEOMETRIC_REPRESENTATION_CONTEXT(2) 
PARAMETRIC_REPRESENTATION_CONTEXT() REPRESENTATION_CONTEXT('2D SPACE',''
  ) );
#5633 = ORIENTED_EDGE('',*,*,#5584,.F.);
#5634 = ORIENTED_EDGE('',*,*,#2228,.T.);
#5635 = ADVANCED_FACE('',(#5636),#2276,.T.);
#5636 = FACE_BOUND('',#5637,.T.);
#5637 = EDGE_LOOP('',(#5638,#5661,#5688,#5689));
#5638 = ORIENTED_EDGE('',*,*,#5639,.T.);
#5639 = EDGE_CURVE('',#2260,#5640,#5642,.T.);
#5640 = VERTEX_POINT('',#5641);
#5641 = CARTESIAN_POINT('',(-51.9,-50.,5.3));
#5642 = SEAM_CURVE('',#5643,(#5647,#5654),.PCURVE_S1.);
#5643 = LINE('',#5644,#5645);
#5644 = CARTESIAN_POINT('',(-51.9,-50.,4.));
#5645 = VECTOR('',#5646,1.);
#5646 = DIRECTION('',(0.,0.,1.));
#5647 = PCURVE('',#2276,#5648);
#5648 = DEFINITIONAL_REPRESENTATION('',(#5649),#5653);
#5649 = LINE('',#5650,#5651);
#5650 = CARTESIAN_POINT('',(6.28318530718,-0.));
#5651 = VECTOR('',#5652,1.);
#5652 = DIRECTION('',(0.,1.));
#5653 = ( GEOMETRIC_REPRESENTATION_CONTEXT(2) 
PARAMETRIC_REPRESENTATION_CONTEXT() REPRESENTATION_CONTEXT('2D SPACE',''
  ) );
#5654 = PCURVE('',#2276,#5655);
#5655 = DEFINITIONAL_REPRESENTATION('',(#5656),#5660);
#5656 = LINE('',#5657,#5658);
#5657 = CARTESIAN_POINT('',(0.,-0.));
#5658 = VECTOR('',#5659,1.);
#5659 = DIRECTION('',(0.,1.));
#5660 = ( GEOMETRIC_REPRESENTATION_CONTEXT(2) 
PARAMETRIC_REPRESENTATION_CONTEXT() REPRESENTATION_CONTEXT('2D SPACE',''
  ) );
#5661 = ORIENTED_EDGE('',*,*,#5662,.F.);
#5662 = EDGE_CURVE('',#5640,#5640,#5663,.T.);
#5663 = SURFACE_CURVE('',#5664,(#5669,#5676),.PCURVE_S1.);
#5664 = CIRCLE('',#5665,1.6);
#5665 = AXIS2_PLACEMENT_3D('',#5666,#5667,#5668);
#5666 = CARTESIAN_POINT('',(-53.5,-50.,5.3));
#5667 = DIRECTION('',(0.,0.,1.));
#5668 = DIRECTION('',(1.,0.,-0.));
#5669 = PCURVE('',#2276,#5670);
#5670 = DEFINITIONAL_REPRESENTATION('',(#5671),#5675);
#5671 = LINE('',#5672,#5673);
#5672 = CARTESIAN_POINT('',(0.,1.3));
#5673 = VECTOR('',#5674,1.);
#5674 = DIRECTION('',(1.,0.));
#5675 = ( GEOMETRIC_REPRESENTATION_CONTEXT(2) 
PARAMETRIC_REPRESENTATION_CONTEXT() REPRESENTATION_CONTEXT('2D SPACE',''
  ) );
#5676 = PCURVE('',#5677,#5682);
#5677 = CONICAL_SURFACE('',#5678,1.6,0.785398163397);
#5678 = AXIS2_PLACEMENT_3D('',#5679,#5680,#5681);
#5679 = CARTESIAN_POINT('',(-53.5,-50.,5.3));
#5680 = DIRECTION('',(-0.,-0.,-1.));
#5681 = DIRECTION('',(1.,0.,0.));
#5682 = DEFINITIONAL_REPRESENTATION('',(#5683),#5687);
#5683 = LINE('',#5684,#5685);
#5684 = CARTESIAN_POINT('',(-0.,-0.));
#5685 = VECTOR('',#5686,1.);
#5686 = DIRECTION('',(-1.,-0.));
#5687 = ( GEOMETRIC_REPRESENTATION_CONTEXT(2) 
PARAMETRIC_REPRESENTATION_CONTEXT() REPRESENTATION_CONTEXT('2D SPACE',''
  ) );
#5688 = ORIENTED_EDGE('',*,*,#5639,.F.);
#5689 = ORIENTED_EDGE('',*,*,#2259,.T.);
#5690 = ADVANCED_FACE('',(#5691),#2416,.F.);
#5691 = FACE_BOUND('',#5692,.F.);
#5692 = EDGE_LOOP('',(#5693,#5714,#5715,#5716));
#5693 = ORIENTED_EDGE('',*,*,#5694,.T.);
#5694 = EDGE_CURVE('',#2709,#4969,#5695,.T.);
#5695 = SURFACE_CURVE('',#5696,(#5700,#5707),.PCURVE_S1.);
#5696 = LINE('',#5697,#5698);
#5697 = CARTESIAN_POINT('',(-99.8,-33.5,0.));
#5698 = VECTOR('',#5699,1.);
#5699 = DIRECTION('',(0.,0.,1.));
#5700 = PCURVE('',#2416,#5701);
#5701 = DEFINITIONAL_REPRESENTATION('',(#5702),#5706);
#5702 = LINE('',#5703,#5704);
#5703 = CARTESIAN_POINT('',(0.,0.));
#5704 = VECTOR('',#5705,1.);
#5705 = DIRECTION('',(0.,-1.));
#5706 = ( GEOMETRIC_REPRESENTATION_CONTEXT(2) 
PARAMETRIC_REPRESENTATION_CONTEXT() REPRESENTATION_CONTEXT('2D SPACE',''
  ) );
#5707 = PCURVE('',#2845,#5708);
#5708 = DEFINITIONAL_REPRESENTATION('',(#5709),#5713);
#5709 = LINE('',#5710,#5711);
#5710 = CARTESIAN_POINT('',(0.,0.));
#5711 = VECTOR('',#5712,1.);
#5712 = DIRECTION('',(0.,-1.));
#5713 = ( GEOMETRIC_REPRESENTATION_CONTEXT(2) 
PARAMETRIC_REPRESENTATION_CONTEXT() REPRESENTATION_CONTEXT('2D SPACE',''
  ) );
#5714 = ORIENTED_EDGE('',*,*,#5004,.T.);
#5715 = ORIENTED_EDGE('',*,*,#2400,.F.);
#5716 = ORIENTED_EDGE('',*,*,#2733,.F.);
#5717 = ADVANCED_FACE('',(#5718),#2586,.T.);
#5718 = FACE_BOUND('',#5719,.T.);
#5719 = EDGE_LOOP('',(#5720,#5741,#5742,#5743));
#5720 = ORIENTED_EDGE('',*,*,#5721,.T.);
#5721 = EDGE_CURVE('',#2758,#5029,#5722,.T.);
#5722 = SURFACE_CURVE('',#5723,(#5727,#5734),.PCURVE_S1.);
#5723 = LINE('',#5724,#5725);
#5724 = CARTESIAN_POINT('',(-58.5,-74.8,0.));
#5725 = VECTOR('',#5726,1.);
#5726 = DIRECTION('',(0.,0.,1.));
#5727 = PCURVE('',#2586,#5728);
#5728 = DEFINITIONAL_REPRESENTATION('',(#5729),#5733);
#5729 = LINE('',#5730,#5731);
#5730 = CARTESIAN_POINT('',(0.,0.));
#5731 = VECTOR('',#5732,1.);
#5732 = DIRECTION('',(0.,-1.));
#5733 = ( GEOMETRIC_REPRESENTATION_CONTEXT(2) 
PARAMETRIC_REPRESENTATION_CONTEXT() REPRESENTATION_CONTEXT('2D SPACE',''
  ) );
#5734 = PCURVE('',#2899,#5735);
#5735 = DEFINITIONAL_REPRESENTATION('',(#5736),#5740);
#5736 = LINE('',#5737,#5738);
#5737 = CARTESIAN_POINT('',(0.,0.));
#5738 = VECTOR('',#5739,1.);
#5739 = DIRECTION('',(0.,-1.));
#5740 = ( GEOMETRIC_REPRESENTATION_CONTEXT(2) 
PARAMETRIC_REPRESENTATION_CONTEXT() REPRESENTATION_CONTEXT('2D SPACE',''
  ) );
#5741 = ORIENTED_EDGE('',*,*,#5064,.T.);
#5742 = ORIENTED_EDGE('',*,*,#2568,.F.);
#5743 = ORIENTED_EDGE('',*,*,#2782,.F.);
#5744 = ADVANCED_FACE('',(#5745),#2845,.T.);
#5745 = FACE_BOUND('',#5746,.T.);
#5746 = EDGE_LOOP('',(#5747,#5748,#5749,#5770));
#5747 = ORIENTED_EDGE('',*,*,#5694,.T.);
#5748 = ORIENTED_EDGE('',*,*,#5088,.T.);
#5749 = ORIENTED_EDGE('',*,*,#5750,.F.);
#5750 = EDGE_CURVE('',#2809,#5089,#5751,.T.);
#5751 = SURFACE_CURVE('',#5752,(#5756,#5763),.PCURVE_S1.);
#5752 = LINE('',#5753,#5754);
#5753 = CARTESIAN_POINT('',(-99.8,9.5,0.));
#5754 = VECTOR('',#5755,1.);
#5755 = DIRECTION('',(0.,0.,1.));
#5756 = PCURVE('',#2845,#5757);
#5757 = DEFINITIONAL_REPRESENTATION('',(#5758),#5762);
#5758 = LINE('',#5759,#5760);
#5759 = CARTESIAN_POINT('',(43.,0.));
#5760 = VECTOR('',#5761,1.);
#5761 = DIRECTION('',(0.,-1.));
#5762 = ( GEOMETRIC_REPRESENTATION_CONTEXT(2) 
PARAMETRIC_REPRESENTATION_CONTEXT() REPRESENTATION_CONTEXT('2D SPACE',''
  ) );
#5763 = PCURVE('',#2957,#5764);
#5764 = DEFINITIONAL_REPRESENTATION('',(#5765),#5769);
#5765 = LINE('',#5766,#5767);
#5766 = CARTESIAN_POINT('',(0.,0.));
#5767 = VECTOR('',#5768,1.);
#5768 = DIRECTION('',(0.,-1.));
#5769 = ( GEOMETRIC_REPRESENTATION_CONTEXT(2) 
PARAMETRIC_REPRESENTATION_CONTEXT() REPRESENTATION_CONTEXT('2D SPACE',''
  ) );
#5770 = ORIENTED_EDGE('',*,*,#2831,.F.);
#5771 = ADVANCED_FACE('',(#5772),#2899,.F.);
#5772 = FACE_BOUND('',#5773,.F.);
#5773 = EDGE_LOOP('',(#5774,#5775,#5776,#5797));
#5774 = ORIENTED_EDGE('',*,*,#5721,.T.);
#5775 = ORIENTED_EDGE('',*,*,#5244,.T.);
#5776 = ORIENTED_EDGE('',*,*,#5777,.F.);
#5777 = EDGE_CURVE('',#2863,#5245,#5778,.T.);
#5778 = SURFACE_CURVE('',#5779,(#5783,#5790),.PCURVE_S1.);
#5779 = LINE('',#5780,#5781);
#5780 = CARTESIAN_POINT('',(-15.5,-74.8,0.));
#5781 = VECTOR('',#5782,1.);
#5782 = DIRECTION('',(0.,0.,1.));
#5783 = PCURVE('',#2899,#5784);
#5784 = DEFINITIONAL_REPRESENTATION('',(#5785),#5789);
#5785 = LINE('',#5786,#5787);
#5786 = CARTESIAN_POINT('',(43.,0.));
#5787 = VECTOR('',#5788,1.);
#5788 = DIRECTION('',(0.,-1.));
#5789 = ( GEOMETRIC_REPRESENTATION_CONTEXT(2) 
PARAMETRIC_REPRESENTATION_CONTEXT() REPRESENTATION_CONTEXT('2D SPACE',''
  ) );
#5790 = PCURVE('',#3015,#5791);
#5791 = DEFINITIONAL_REPRESENTATION('',(#5792),#5796);
#5792 = LINE('',#5793,#5794);
#5793 = CARTESIAN_POINT('',(0.,0.));
#5794 = VECTOR('',#5795,1.);
#5795 = DIRECTION('',(0.,-1.));
#5796 = ( GEOMETRIC_REPRESENTATION_CONTEXT(2) 
PARAMETRIC_REPRESENTATION_CONTEXT() REPRESENTATION_CONTEXT('2D SPACE',''
  ) );
#5797 = ORIENTED_EDGE('',*,*,#2885,.F.);
#5798 = ADVANCED_FACE('',(#5799),#2957,.T.);
#5799 = FACE_BOUND('',#5800,.T.);
#5800 = EDGE_LOOP('',(#5801,#5802,#5825,#5846));
#5801 = ORIENTED_EDGE('',*,*,#5750,.T.);
#5802 = ORIENTED_EDGE('',*,*,#5803,.T.);
#5803 = EDGE_CURVE('',#5089,#5804,#5806,.T.);
#5804 = VERTEX_POINT('',#5805);
#5805 = CARTESIAN_POINT('',(-98.61130814466,9.5,3.2));
#5806 = SURFACE_CURVE('',#5807,(#5811,#5818),.PCURVE_S1.);
#5807 = LINE('',#5808,#5809);
#5808 = CARTESIAN_POINT('',(-99.8,9.5,3.2));
#5809 = VECTOR('',#5810,1.);
#5810 = DIRECTION('',(1.,0.,-0.));
#5811 = PCURVE('',#2957,#5812);
#5812 = DEFINITIONAL_REPRESENTATION('',(#5813),#5817);
#5813 = LINE('',#5814,#5815);
#5814 = CARTESIAN_POINT('',(0.,-3.2));
#5815 = VECTOR('',#5816,1.);
#5816 = DIRECTION('',(1.,0.));
#5817 = ( GEOMETRIC_REPRESENTATION_CONTEXT(2) 
PARAMETRIC_REPRESENTATION_CONTEXT() REPRESENTATION_CONTEXT('2D SPACE',''
  ) );
#5818 = PCURVE('',#5224,#5819);
#5819 = DEFINITIONAL_REPRESENTATION('',(#5820),#5824);
#5820 = LINE('',#5821,#5822);
#5821 = CARTESIAN_POINT('',(0.,0.));
#5822 = VECTOR('',#5823,1.);
#5823 = DIRECTION('',(0.,1.));
#5824 = ( GEOMETRIC_REPRESENTATION_CONTEXT(2) 
PARAMETRIC_REPRESENTATION_CONTEXT() REPRESENTATION_CONTEXT('2D SPACE',''
  ) );
#5825 = ORIENTED_EDGE('',*,*,#5826,.F.);
#5826 = EDGE_CURVE('',#2917,#5804,#5827,.T.);
#5827 = SURFACE_CURVE('',#5828,(#5832,#5839),.PCURVE_S1.);
#5828 = LINE('',#5829,#5830);
#5829 = CARTESIAN_POINT('',(-98.61130814466,9.5,0.));
#5830 = VECTOR('',#5831,1.);
#5831 = DIRECTION('',(0.,0.,1.));
#5832 = PCURVE('',#2957,#5833);
#5833 = DEFINITIONAL_REPRESENTATION('',(#5834),#5838);
#5834 = LINE('',#5835,#5836);
#5835 = CARTESIAN_POINT('',(1.188691855334,0.));
#5836 = VECTOR('',#5837,1.);
#5837 = DIRECTION('',(0.,-1.));
#5838 = ( GEOMETRIC_REPRESENTATION_CONTEXT(2) 
PARAMETRIC_REPRESENTATION_CONTEXT() REPRESENTATION_CONTEXT('2D SPACE',''
  ) );
#5839 = PCURVE('',#3074,#5840);
#5840 = DEFINITIONAL_REPRESENTATION('',(#5841),#5845);
#5841 = LINE('',#5842,#5843);
#5842 = CARTESIAN_POINT('',(-0.,0.));
#5843 = VECTOR('',#5844,1.);
#5844 = DIRECTION('',(-0.,-1.));
#5845 = ( GEOMETRIC_REPRESENTATION_CONTEXT(2) 
PARAMETRIC_REPRESENTATION_CONTEXT() REPRESENTATION_CONTEXT('2D SPACE',''
  ) );
#5846 = ORIENTED_EDGE('',*,*,#2943,.F.);
#5847 = ADVANCED_FACE('',(#5848),#3015,.F.);
#5848 = FACE_BOUND('',#5849,.F.);
#5849 = EDGE_LOOP('',(#5850,#5851,#5874,#5895));
#5850 = ORIENTED_EDGE('',*,*,#5777,.T.);
#5851 = ORIENTED_EDGE('',*,*,#5852,.T.);
#5852 = EDGE_CURVE('',#5245,#5853,#5855,.T.);
#5853 = VERTEX_POINT('',#5854);
#5854 = CARTESIAN_POINT('',(-15.5,-73.61130814466,3.2));
#5855 = SURFACE_CURVE('',#5856,(#5860,#5867),.PCURVE_S1.);
#5856 = LINE('',#5857,#5858);
#5857 = CARTESIAN_POINT('',(-15.5,-74.8,3.2));
#5858 = VECTOR('',#5859,1.);
#5859 = DIRECTION('',(2.22044604925E-16,1.,0.));
#5860 = PCURVE('',#3015,#5861);
#5861 = DEFINITIONAL_REPRESENTATION('',(#5862),#5866);
#5862 = LINE('',#5863,#5864);
#5863 = CARTESIAN_POINT('',(0.,-3.2));
#5864 = VECTOR('',#5865,1.);
#5865 = DIRECTION('',(1.,0.));
#5866 = ( GEOMETRIC_REPRESENTATION_CONTEXT(2) 
PARAMETRIC_REPRESENTATION_CONTEXT() REPRESENTATION_CONTEXT('2D SPACE',''
  ) );
#5867 = PCURVE('',#5380,#5868);
#5868 = DEFINITIONAL_REPRESENTATION('',(#5869),#5873);
#5869 = LINE('',#5870,#5871);
#5870 = CARTESIAN_POINT('',(-0.,0.));
#5871 = VECTOR('',#5872,1.);
#5872 = DIRECTION('',(-0.,1.));
#5873 = ( GEOMETRIC_REPRESENTATION_CONTEXT(2) 
PARAMETRIC_REPRESENTATION_CONTEXT() REPRESENTATION_CONTEXT('2D SPACE',''
  ) );
#5874 = ORIENTED_EDGE('',*,*,#5875,.F.);
#5875 = EDGE_CURVE('',#2975,#5853,#5876,.T.);
#5876 = SURFACE_CURVE('',#5877,(#5881,#5888),.PCURVE_S1.);
#5877 = LINE('',#5878,#5879);
#5878 = CARTESIAN_POINT('',(-15.5,-73.61130814466,0.));
#5879 = VECTOR('',#5880,1.);
#5880 = DIRECTION('',(0.,0.,1.));
#5881 = PCURVE('',#3015,#5882);
#5882 = DEFINITIONAL_REPRESENTATION('',(#5883),#5887);
#5883 = LINE('',#5884,#5885);
#5884 = CARTESIAN_POINT('',(1.188691855334,0.));
#5885 = VECTOR('',#5886,1.);
#5886 = DIRECTION('',(0.,-1.));
#5887 = ( GEOMETRIC_REPRESENTATION_CONTEXT(2) 
PARAMETRIC_REPRESENTATION_CONTEXT() REPRESENTATION_CONTEXT('2D SPACE',''
  ) );
#5888 = PCURVE('',#3133,#5889);
#5889 = DEFINITIONAL_REPRESENTATION('',(#5890),#5894);
#5890 = LINE('',#5891,#5892);
#5891 = CARTESIAN_POINT('',(-4.62641051363,0.));
#5892 = VECTOR('',#5893,1.);
#5893 = DIRECTION('',(-0.,-1.));
#5894 = ( GEOMETRIC_REPRESENTATION_CONTEXT(2) 
PARAMETRIC_REPRESENTATION_CONTEXT() REPRESENTATION_CONTEXT('2D SPACE',''
  ) );
#5895 = ORIENTED_EDGE('',*,*,#3001,.F.);
#5896 = ADVANCED_FACE('',(#5897),#3074,.F.);
#5897 = FACE_BOUND('',#5898,.T.);
#5898 = EDGE_LOOP('',(#5899,#5900,#5929,#5950));
#5899 = ORIENTED_EDGE('',*,*,#5826,.T.);
#5900 = ORIENTED_EDGE('',*,*,#5901,.T.);
#5901 = EDGE_CURVE('',#5804,#5902,#5904,.T.);
#5902 = VERTEX_POINT('',#5903);
#5903 = CARTESIAN_POINT('',(-98.61130814466,16.5,3.2));
#5904 = SURFACE_CURVE('',#5905,(#5910,#5917),.PCURVE_S1.);
#5905 = CIRCLE('',#5906,4.75);
#5906 = AXIS2_PLACEMENT_3D('',#5907,#5908,#5909);
#5907 = CARTESIAN_POINT('',(-95.4,13.,3.2));
#5908 = DIRECTION('',(0.,0.,1.));
#5909 = DIRECTION('',(-0.676064872561,-0.736842105263,0.));
#5910 = PCURVE('',#3074,#5911);
#5911 = DEFINITIONAL_REPRESENTATION('',(#5912),#5916);
#5912 = LINE('',#5913,#5914);
#5913 = CARTESIAN_POINT('',(-2.991758887411E-15,-3.2));
#5914 = VECTOR('',#5915,1.);
#5915 = DIRECTION('',(-1.,0.));
#5916 = ( GEOMETRIC_REPRESENTATION_CONTEXT(2) 
PARAMETRIC_REPRESENTATION_CONTEXT() REPRESENTATION_CONTEXT('2D SPACE',''
  ) );
#5917 = PCURVE('',#5918,#5923);
#5918 = TOROIDAL_SURFACE('',#5919,5.55,0.8);
#5919 = AXIS2_PLACEMENT_3D('',#5920,#5921,#5922);
#5920 = CARTESIAN_POINT('',(-95.4,13.,3.2));
#5921 = DIRECTION('',(-0.,-0.,-1.));
#5922 = DIRECTION('',(-0.676064872561,-0.736842105263,0.));
#5923 = DEFINITIONAL_REPRESENTATION('',(#5924),#5928);
#5924 = LINE('',#5925,#5926);
#5925 = CARTESIAN_POINT('',(-0.,3.14159265359));
#5926 = VECTOR('',#5927,1.);
#5927 = DIRECTION('',(-1.,0.));
#5928 = ( GEOMETRIC_REPRESENTATION_CONTEXT(2) 
PARAMETRIC_REPRESENTATION_CONTEXT() REPRESENTATION_CONTEXT('2D SPACE',''
  ) );
#5929 = ORIENTED_EDGE('',*,*,#5930,.F.);
#5930 = EDGE_CURVE('',#3033,#5902,#5931,.T.);
#5931 = SURFACE_CURVE('',#5932,(#5936,#5943),.PCURVE_S1.);
#5932 = LINE('',#5933,#5934);
#5933 = CARTESIAN_POINT('',(-98.61130814466,16.5,0.));
#5934 = VECTOR('',#5935,1.);
#5935 = DIRECTION('',(0.,0.,1.));
#5936 = PCURVE('',#3074,#5937);
#5937 = DEFINITIONAL_REPRESENTATION('',(#5938),#5942);
#5938 = LINE('',#5939,#5940);
#5939 = CARTESIAN_POINT('',(-4.62641051363,0.));
#5940 = VECTOR('',#5941,1.);
#5941 = DIRECTION('',(-0.,-1.));
#5942 = ( GEOMETRIC_REPRESENTATION_CONTEXT(2) 
PARAMETRIC_REPRESENTATION_CONTEXT() REPRESENTATION_CONTEXT('2D SPACE',''
  ) );
#5943 = PCURVE('',#3187,#5944);
#5944 = DEFINITIONAL_REPRESENTATION('',(#5945),#5949);
#5945 = LINE('',#5946,#5947);
#5946 = CARTESIAN_POINT('',(1.188691855334,0.));
#5947 = VECTOR('',#5948,1.);
#5948 = DIRECTION('',(0.,-1.));
#5949 = ( GEOMETRIC_REPRESENTATION_CONTEXT(2) 
PARAMETRIC_REPRESENTATION_CONTEXT() REPRESENTATION_CONTEXT('2D SPACE',''
  ) );
#5950 = ORIENTED_EDGE('',*,*,#3059,.F.);
#5951 = ADVANCED_FACE('',(#5952),#3133,.F.);
#5952 = FACE_BOUND('',#5953,.T.);
#5953 = EDGE_LOOP('',(#5954,#5977,#6004,#6005));
#5954 = ORIENTED_EDGE('',*,*,#5955,.T.);
#5955 = EDGE_CURVE('',#3090,#5956,#5958,.T.);
#5956 = VERTEX_POINT('',#5957);
#5957 = CARTESIAN_POINT('',(-8.5,-73.61130814466,3.2));
#5958 = SURFACE_CURVE('',#5959,(#5963,#5970),.PCURVE_S1.);
#5959 = LINE('',#5960,#5961);
#5960 = CARTESIAN_POINT('',(-8.5,-73.61130814466,0.));
#5961 = VECTOR('',#5962,1.);
#5962 = DIRECTION('',(0.,0.,1.));
#5963 = PCURVE('',#3133,#5964);
#5964 = DEFINITIONAL_REPRESENTATION('',(#5965),#5969);
#5965 = LINE('',#5966,#5967);
#5966 = CARTESIAN_POINT('',(-0.,0.));
#5967 = VECTOR('',#5968,1.);
#5968 = DIRECTION('',(-0.,-1.));
#5969 = ( GEOMETRIC_REPRESENTATION_CONTEXT(2) 
PARAMETRIC_REPRESENTATION_CONTEXT() REPRESENTATION_CONTEXT('2D SPACE',''
  ) );
#5970 = PCURVE('',#3241,#5971);
#5971 = DEFINITIONAL_REPRESENTATION('',(#5972),#5976);
#5972 = LINE('',#5973,#5974);
#5973 = CARTESIAN_POINT('',(1.188691855334,0.));
#5974 = VECTOR('',#5975,1.);
#5975 = DIRECTION('',(0.,-1.));
#5976 = ( GEOMETRIC_REPRESENTATION_CONTEXT(2) 
PARAMETRIC_REPRESENTATION_CONTEXT() REPRESENTATION_CONTEXT('2D SPACE',''
  ) );
#5977 = ORIENTED_EDGE('',*,*,#5978,.T.);
#5978 = EDGE_CURVE('',#5956,#5853,#5979,.T.);
#5979 = SURFACE_CURVE('',#5980,(#5985,#5992),.PCURVE_S1.);
#5980 = CIRCLE('',#5981,4.75);
#5981 = AXIS2_PLACEMENT_3D('',#5982,#5983,#5984);
#5982 = CARTESIAN_POINT('',(-12.,-70.4,3.2));
#5983 = DIRECTION('',(0.,0.,1.));
#5984 = DIRECTION('',(0.736842105263,-0.676064872561,0.));
#5985 = PCURVE('',#3133,#5986);
#5986 = DEFINITIONAL_REPRESENTATION('',(#5987),#5991);
#5987 = LINE('',#5988,#5989);
#5988 = CARTESIAN_POINT('',(-1.495879443705E-15,-3.2));
#5989 = VECTOR('',#5990,1.);
#5990 = DIRECTION('',(-1.,0.));
#5991 = ( GEOMETRIC_REPRESENTATION_CONTEXT(2) 
PARAMETRIC_REPRESENTATION_CONTEXT() REPRESENTATION_CONTEXT('2D SPACE',''
  ) );
#5992 = PCURVE('',#5993,#5998);
#5993 = TOROIDAL_SURFACE('',#5994,5.55,0.8);
#5994 = AXIS2_PLACEMENT_3D('',#5995,#5996,#5997);
#5995 = CARTESIAN_POINT('',(-12.,-70.4,3.2));
#5996 = DIRECTION('',(-0.,-0.,-1.));
#5997 = DIRECTION('',(0.736842105263,-0.676064872561,0.));
#5998 = DEFINITIONAL_REPRESENTATION('',(#5999),#6003);
#5999 = LINE('',#6000,#6001);
#6000 = CARTESIAN_POINT('',(-0.,3.14159265359));
#6001 = VECTOR('',#6002,1.);
#6002 = DIRECTION('',(-1.,0.));
#6003 = ( GEOMETRIC_REPRESENTATION_CONTEXT(2) 
PARAMETRIC_REPRESENTATION_CONTEXT() REPRESENTATION_CONTEXT('2D SPACE',''
  ) );
#6004 = ORIENTED_EDGE('',*,*,#5875,.F.);
#6005 = ORIENTED_EDGE('',*,*,#3118,.F.);
#6006 = ADVANCED_FACE('',(#6007),#3187,.F.);
#6007 = FACE_BOUND('',#6008,.F.);
#6008 = EDGE_LOOP('',(#6009,#6032,#6058,#6059));
#6009 = ORIENTED_EDGE('',*,*,#6010,.T.);
#6010 = EDGE_CURVE('',#3149,#6011,#6013,.T.);
#6011 = VERTEX_POINT('',#6012);
#6012 = CARTESIAN_POINT('',(-99.8,16.5,3.2));
#6013 = SURFACE_CURVE('',#6014,(#6018,#6025),.PCURVE_S1.);
#6014 = LINE('',#6015,#6016);
#6015 = CARTESIAN_POINT('',(-99.8,16.5,0.));
#6016 = VECTOR('',#6017,1.);
#6017 = DIRECTION('',(0.,0.,1.));
#6018 = PCURVE('',#3187,#6019);
#6019 = DEFINITIONAL_REPRESENTATION('',(#6020),#6024);
#6020 = LINE('',#6021,#6022);
#6021 = CARTESIAN_POINT('',(0.,0.));
#6022 = VECTOR('',#6023,1.);
#6023 = DIRECTION('',(0.,-1.));
#6024 = ( GEOMETRIC_REPRESENTATION_CONTEXT(2) 
PARAMETRIC_REPRESENTATION_CONTEXT() REPRESENTATION_CONTEXT('2D SPACE',''
  ) );
#6025 = PCURVE('',#3295,#6026);
#6026 = DEFINITIONAL_REPRESENTATION('',(#6027),#6031);
#6027 = LINE('',#6028,#6029);
#6028 = CARTESIAN_POINT('',(0.,0.));
#6029 = VECTOR('',#6030,1.);
#6030 = DIRECTION('',(0.,-1.));
#6031 = ( GEOMETRIC_REPRESENTATION_CONTEXT(2) 
PARAMETRIC_REPRESENTATION_CONTEXT() REPRESENTATION_CONTEXT('2D SPACE',''
  ) );
#6032 = ORIENTED_EDGE('',*,*,#6033,.T.);
#6033 = EDGE_CURVE('',#6011,#5902,#6034,.T.);
#6034 = SURFACE_CURVE('',#6035,(#6039,#6046),.PCURVE_S1.);
#6035 = LINE('',#6036,#6037);
#6036 = CARTESIAN_POINT('',(-99.8,16.5,3.2));
#6037 = VECTOR('',#6038,1.);
#6038 = DIRECTION('',(1.,0.,-0.));
#6039 = PCURVE('',#3187,#6040);
#6040 = DEFINITIONAL_REPRESENTATION('',(#6041),#6045);
#6041 = LINE('',#6042,#6043);
#6042 = CARTESIAN_POINT('',(0.,-3.2));
#6043 = VECTOR('',#6044,1.);
#6044 = DIRECTION('',(1.,0.));
#6045 = ( GEOMETRIC_REPRESENTATION_CONTEXT(2) 
PARAMETRIC_REPRESENTATION_CONTEXT() REPRESENTATION_CONTEXT('2D SPACE',''
  ) );
#6046 = PCURVE('',#6047,#6052);
#6047 = CYLINDRICAL_SURFACE('',#6048,0.8);
#6048 = AXIS2_PLACEMENT_3D('',#6049,#6050,#6051);
#6049 = CARTESIAN_POINT('',(-99.8,17.3,3.2));
#6050 = DIRECTION('',(1.,0.,-0.));
#6051 = DIRECTION('',(0.,-1.,-0.));
#6052 = DEFINITIONAL_REPRESENTATION('',(#6053),#6057);
#6053 = LINE('',#6054,#6055);
#6054 = CARTESIAN_POINT('',(-0.,0.));
#6055 = VECTOR('',#6056,1.);
#6056 = DIRECTION('',(-0.,1.));
#6057 = ( GEOMETRIC_REPRESENTATION_CONTEXT(2) 
PARAMETRIC_REPRESENTATION_CONTEXT() REPRESENTATION_CONTEXT('2D SPACE',''
  ) );
#6058 = ORIENTED_EDGE('',*,*,#5930,.F.);
#6059 = ORIENTED_EDGE('',*,*,#3173,.F.);
#6060 = ADVANCED_FACE('',(#6061),#3241,.T.);
#6061 = FACE_BOUND('',#6062,.T.);
#6062 = EDGE_LOOP('',(#6063,#6086,#6112,#6113));
#6063 = ORIENTED_EDGE('',*,*,#6064,.T.);
#6064 = EDGE_CURVE('',#3203,#6065,#6067,.T.);
#6065 = VERTEX_POINT('',#6066);
#6066 = CARTESIAN_POINT('',(-8.5,-74.8,3.2));
#6067 = SURFACE_CURVE('',#6068,(#6072,#6079),.PCURVE_S1.);
#6068 = LINE('',#6069,#6070);
#6069 = CARTESIAN_POINT('',(-8.5,-74.8,0.));
#6070 = VECTOR('',#6071,1.);
#6071 = DIRECTION('',(0.,0.,1.));
#6072 = PCURVE('',#3241,#6073);
#6073 = DEFINITIONAL_REPRESENTATION('',(#6074),#6078);
#6074 = LINE('',#6075,#6076);
#6075 = CARTESIAN_POINT('',(0.,0.));
#6076 = VECTOR('',#6077,1.);
#6077 = DIRECTION('',(0.,-1.));
#6078 = ( GEOMETRIC_REPRESENTATION_CONTEXT(2) 
PARAMETRIC_REPRESENTATION_CONTEXT() REPRESENTATION_CONTEXT('2D SPACE',''
  ) );
#6079 = PCURVE('',#3349,#6080);
#6080 = DEFINITIONAL_REPRESENTATION('',(#6081),#6085);
#6081 = LINE('',#6082,#6083);
#6082 = CARTESIAN_POINT('',(0.,0.));
#6083 = VECTOR('',#6084,1.);
#6084 = DIRECTION('',(0.,-1.));
#6085 = ( GEOMETRIC_REPRESENTATION_CONTEXT(2) 
PARAMETRIC_REPRESENTATION_CONTEXT() REPRESENTATION_CONTEXT('2D SPACE',''
  ) );
#6086 = ORIENTED_EDGE('',*,*,#6087,.T.);
#6087 = EDGE_CURVE('',#6065,#5956,#6088,.T.);
#6088 = SURFACE_CURVE('',#6089,(#6093,#6100),.PCURVE_S1.);
#6089 = LINE('',#6090,#6091);
#6090 = CARTESIAN_POINT('',(-8.5,-74.8,3.2));
#6091 = VECTOR('',#6092,1.);
#6092 = DIRECTION('',(2.22044604925E-16,1.,0.));
#6093 = PCURVE('',#3241,#6094);
#6094 = DEFINITIONAL_REPRESENTATION('',(#6095),#6099);
#6095 = LINE('',#6096,#6097);
#6096 = CARTESIAN_POINT('',(0.,-3.2));
#6097 = VECTOR('',#6098,1.);
#6098 = DIRECTION('',(1.,0.));
#6099 = ( GEOMETRIC_REPRESENTATION_CONTEXT(2) 
PARAMETRIC_REPRESENTATION_CONTEXT() REPRESENTATION_CONTEXT('2D SPACE',''
  ) );
#6100 = PCURVE('',#6101,#6106);
#6101 = CYLINDRICAL_SURFACE('',#6102,0.8);
#6102 = AXIS2_PLACEMENT_3D('',#6103,#6104,#6105);
#6103 = CARTESIAN_POINT('',(-7.7,-74.8,3.2));
#6104 = DIRECTION('',(2.22044604925E-16,1.,0.));
#6105 = DIRECTION('',(-1.,2.22044604925E-16,0.));
#6106 = DEFINITIONAL_REPRESENTATION('',(#6107),#6111);
#6107 = LINE('',#6108,#6109);
#6108 = CARTESIAN_POINT('',(0.,0.));
#6109 = VECTOR('',#6110,1.);
#6110 = DIRECTION('',(0.,1.));
#6111 = ( GEOMETRIC_REPRESENTATION_CONTEXT(2) 
PARAMETRIC_REPRESENTATION_CONTEXT() REPRESENTATION_CONTEXT('2D SPACE',''
  ) );
#6112 = ORIENTED_EDGE('',*,*,#5955,.F.);
#6113 = ORIENTED_EDGE('',*,*,#3227,.F.);
#6114 = ADVANCED_FACE('',(#6115),#3295,.T.);
#6115 = FACE_BOUND('',#6116,.T.);
#6116 = EDGE_LOOP('',(#6117,#6118,#6146,#6167));
#6117 = ORIENTED_EDGE('',*,*,#6010,.T.);
#6118 = ORIENTED_EDGE('',*,*,#6119,.T.);
#6119 = EDGE_CURVE('',#6011,#6120,#6122,.T.);
#6120 = VERTEX_POINT('',#6121);
#6121 = CARTESIAN_POINT('',(-99.8,59.5,3.2));
#6122 = SURFACE_CURVE('',#6123,(#6127,#6134),.PCURVE_S1.);
#6123 = LINE('',#6124,#6125);
#6124 = CARTESIAN_POINT('',(-99.8,16.5,3.2));
#6125 = VECTOR('',#6126,1.);
#6126 = DIRECTION('',(-0.,1.,0.));
#6127 = PCURVE('',#3295,#6128);
#6128 = DEFINITIONAL_REPRESENTATION('',(#6129),#6133);
#6129 = LINE('',#6130,#6131);
#6130 = CARTESIAN_POINT('',(0.,-3.2));
#6131 = VECTOR('',#6132,1.);
#6132 = DIRECTION('',(1.,0.));
#6133 = ( GEOMETRIC_REPRESENTATION_CONTEXT(2) 
PARAMETRIC_REPRESENTATION_CONTEXT() REPRESENTATION_CONTEXT('2D SPACE',''
  ) );
#6134 = PCURVE('',#6135,#6140);
#6135 = CYLINDRICAL_SURFACE('',#6136,0.8);
#6136 = AXIS2_PLACEMENT_3D('',#6137,#6138,#6139);
#6137 = CARTESIAN_POINT('',(-99.,16.5,3.2));
#6138 = DIRECTION('',(-0.,1.,0.));
#6139 = DIRECTION('',(-1.,-0.,0.));
#6140 = DEFINITIONAL_REPRESENTATION('',(#6141),#6145);
#6141 = LINE('',#6142,#6143);
#6142 = CARTESIAN_POINT('',(0.,0.));
#6143 = VECTOR('',#6144,1.);
#6144 = DIRECTION('',(0.,1.));
#6145 = ( GEOMETRIC_REPRESENTATION_CONTEXT(2) 
PARAMETRIC_REPRESENTATION_CONTEXT() REPRESENTATION_CONTEXT('2D SPACE',''
  ) );
#6146 = ORIENTED_EDGE('',*,*,#6147,.F.);
#6147 = EDGE_CURVE('',#3259,#6120,#6148,.T.);
#6148 = SURFACE_CURVE('',#6149,(#6153,#6160),.PCURVE_S1.);
#6149 = LINE('',#6150,#6151);
#6150 = CARTESIAN_POINT('',(-99.8,59.5,0.));
#6151 = VECTOR('',#6152,1.);
#6152 = DIRECTION('',(0.,0.,1.));
#6153 = PCURVE('',#3295,#6154);
#6154 = DEFINITIONAL_REPRESENTATION('',(#6155),#6159);
#6155 = LINE('',#6156,#6157);
#6156 = CARTESIAN_POINT('',(43.,0.));
#6157 = VECTOR('',#6158,1.);
#6158 = DIRECTION('',(0.,-1.));
#6159 = ( GEOMETRIC_REPRESENTATION_CONTEXT(2) 
PARAMETRIC_REPRESENTATION_CONTEXT() REPRESENTATION_CONTEXT('2D SPACE',''
  ) );
#6160 = PCURVE('',#3407,#6161);
#6161 = DEFINITIONAL_REPRESENTATION('',(#6162),#6166);
#6162 = LINE('',#6163,#6164);
#6163 = CARTESIAN_POINT('',(0.,0.));
#6164 = VECTOR('',#6165,1.);
#6165 = DIRECTION('',(0.,-1.));
#6166 = ( GEOMETRIC_REPRESENTATION_CONTEXT(2) 
PARAMETRIC_REPRESENTATION_CONTEXT() REPRESENTATION_CONTEXT('2D SPACE',''
  ) );
#6167 = ORIENTED_EDGE('',*,*,#3281,.F.);
#6168 = ADVANCED_FACE('',(#6169),#3349,.F.);
#6169 = FACE_BOUND('',#6170,.F.);
#6170 = EDGE_LOOP('',(#6171,#6172,#6200,#6221));
#6171 = ORIENTED_EDGE('',*,*,#6064,.T.);
#6172 = ORIENTED_EDGE('',*,*,#6173,.T.);
#6173 = EDGE_CURVE('',#6065,#6174,#6176,.T.);
#6174 = VERTEX_POINT('',#6175);
#6175 = CARTESIAN_POINT('',(34.5,-74.8,3.2));
#6176 = SURFACE_CURVE('',#6177,(#6181,#6188),.PCURVE_S1.);
#6177 = LINE('',#6178,#6179);
#6178 = CARTESIAN_POINT('',(-8.5,-74.8,3.2));
#6179 = VECTOR('',#6180,1.);
#6180 = DIRECTION('',(1.,0.,-0.));
#6181 = PCURVE('',#3349,#6182);
#6182 = DEFINITIONAL_REPRESENTATION('',(#6183),#6187);
#6183 = LINE('',#6184,#6185);
#6184 = CARTESIAN_POINT('',(0.,-3.2));
#6185 = VECTOR('',#6186,1.);
#6186 = DIRECTION('',(1.,0.));
#6187 = ( GEOMETRIC_REPRESENTATION_CONTEXT(2) 
PARAMETRIC_REPRESENTATION_CONTEXT() REPRESENTATION_CONTEXT('2D SPACE',''
  ) );
#6188 = PCURVE('',#6189,#6194);
#6189 = CYLINDRICAL_SURFACE('',#6190,0.8);
#6190 = AXIS2_PLACEMENT_3D('',#6191,#6192,#6193);
#6191 = CARTESIAN_POINT('',(-8.5,-74.,3.2));
#6192 = DIRECTION('',(1.,0.,-0.));
#6193 = DIRECTION('',(0.,-1.,-0.));
#6194 = DEFINITIONAL_REPRESENTATION('',(#6195),#6199);
#6195 = LINE('',#6196,#6197);
#6196 = CARTESIAN_POINT('',(-0.,0.));
#6197 = VECTOR('',#6198,1.);
#6198 = DIRECTION('',(-0.,1.));
#6199 = ( GEOMETRIC_REPRESENTATION_CONTEXT(2) 
PARAMETRIC_REPRESENTATION_CONTEXT() REPRESENTATION_CONTEXT('2D SPACE',''
  ) );
#6200 = ORIENTED_EDGE('',*,*,#6201,.F.);
#6201 = EDGE_CURVE('',#3313,#6174,#6202,.T.);
#6202 = SURFACE_CURVE('',#6203,(#6207,#6214),.PCURVE_S1.);
#6203 = LINE('',#6204,#6205);
#6204 = CARTESIAN_POINT('',(34.5,-74.8,0.));
#6205 = VECTOR('',#6206,1.);
#6206 = DIRECTION('',(0.,0.,1.));
#6207 = PCURVE('',#3349,#6208);
#6208 = DEFINITIONAL_REPRESENTATION('',(#6209),#6213);
#6209 = LINE('',#6210,#6211);
#6210 = CARTESIAN_POINT('',(43.,0.));
#6211 = VECTOR('',#6212,1.);
#6212 = DIRECTION('',(0.,-1.));
#6213 = ( GEOMETRIC_REPRESENTATION_CONTEXT(2) 
PARAMETRIC_REPRESENTATION_CONTEXT() REPRESENTATION_CONTEXT('2D SPACE',''
  ) );
#6214 = PCURVE('',#3465,#6215);
#6215 = DEFINITIONAL_REPRESENTATION('',(#6216),#6220);
#6216 = LINE('',#6217,#6218);
#6217 = CARTESIAN_POINT('',(0.,0.));
#6218 = VECTOR('',#6219,1.);
#6219 = DIRECTION('',(0.,-1.));
#6220 = ( GEOMETRIC_REPRESENTATION_CONTEXT(2) 
PARAMETRIC_REPRESENTATION_CONTEXT() REPRESENTATION_CONTEXT('2D SPACE',''
  ) );
#6221 = ORIENTED_EDGE('',*,*,#3335,.F.);
#6222 = ADVANCED_FACE('',(#6223),#3407,.T.);
#6223 = FACE_BOUND('',#6224,.T.);
#6224 = EDGE_LOOP('',(#6225,#6226,#6254,#6275));
#6225 = ORIENTED_EDGE('',*,*,#6147,.T.);
#6226 = ORIENTED_EDGE('',*,*,#6227,.T.);
#6227 = EDGE_CURVE('',#6120,#6228,#6230,.T.);
#6228 = VERTEX_POINT('',#6229);
#6229 = CARTESIAN_POINT('',(-98.61130814466,59.5,3.2));
#6230 = SURFACE_CURVE('',#6231,(#6235,#6242),.PCURVE_S1.);
#6231 = LINE('',#6232,#6233);
#6232 = CARTESIAN_POINT('',(-99.8,59.5,3.2));
#6233 = VECTOR('',#6234,1.);
#6234 = DIRECTION('',(1.,0.,-0.));
#6235 = PCURVE('',#3407,#6236);
#6236 = DEFINITIONAL_REPRESENTATION('',(#6237),#6241);
#6237 = LINE('',#6238,#6239);
#6238 = CARTESIAN_POINT('',(0.,-3.2));
#6239 = VECTOR('',#6240,1.);
#6240 = DIRECTION('',(1.,0.));
#6241 = ( GEOMETRIC_REPRESENTATION_CONTEXT(2) 
PARAMETRIC_REPRESENTATION_CONTEXT() REPRESENTATION_CONTEXT('2D SPACE',''
  ) );
#6242 = PCURVE('',#6243,#6248);
#6243 = CYLINDRICAL_SURFACE('',#6244,0.8);
#6244 = AXIS2_PLACEMENT_3D('',#6245,#6246,#6247);
#6245 = CARTESIAN_POINT('',(-99.8,58.7,3.2));
#6246 = DIRECTION('',(1.,0.,-0.));
#6247 = DIRECTION('',(0.,1.,0.));
#6248 = DEFINITIONAL_REPRESENTATION('',(#6249),#6253);
#6249 = LINE('',#6250,#6251);
#6250 = CARTESIAN_POINT('',(0.,0.));
#6251 = VECTOR('',#6252,1.);
#6252 = DIRECTION('',(0.,1.));
#6253 = ( GEOMETRIC_REPRESENTATION_CONTEXT(2) 
PARAMETRIC_REPRESENTATION_CONTEXT() REPRESENTATION_CONTEXT('2D SPACE',''
  ) );
#6254 = ORIENTED_EDGE('',*,*,#6255,.F.);
#6255 = EDGE_CURVE('',#3367,#6228,#6256,.T.);
#6256 = SURFACE_CURVE('',#6257,(#6261,#6268),.PCURVE_S1.);
#6257 = LINE('',#6258,#6259);
#6258 = CARTESIAN_POINT('',(-98.61130814466,59.5,0.));
#6259 = VECTOR('',#6260,1.);
#6260 = DIRECTION('',(0.,0.,1.));
#6261 = PCURVE('',#3407,#6262);
#6262 = DEFINITIONAL_REPRESENTATION('',(#6263),#6267);
#6263 = LINE('',#6264,#6265);
#6264 = CARTESIAN_POINT('',(1.188691855334,0.));
#6265 = VECTOR('',#6266,1.);
#6266 = DIRECTION('',(0.,-1.));
#6267 = ( GEOMETRIC_REPRESENTATION_CONTEXT(2) 
PARAMETRIC_REPRESENTATION_CONTEXT() REPRESENTATION_CONTEXT('2D SPACE',''
  ) );
#6268 = PCURVE('',#3524,#6269);
#6269 = DEFINITIONAL_REPRESENTATION('',(#6270),#6274);
#6270 = LINE('',#6271,#6272);
#6271 = CARTESIAN_POINT('',(-0.,0.));
#6272 = VECTOR('',#6273,1.);
#6273 = DIRECTION('',(-0.,-1.));
#6274 = ( GEOMETRIC_REPRESENTATION_CONTEXT(2) 
PARAMETRIC_REPRESENTATION_CONTEXT() REPRESENTATION_CONTEXT('2D SPACE',''
  ) );
#6275 = ORIENTED_EDGE('',*,*,#3393,.F.);
#6276 = ADVANCED_FACE('',(#6277),#3465,.F.);
#6277 = FACE_BOUND('',#6278,.F.);
#6278 = EDGE_LOOP('',(#6279,#6280,#6308,#6329));
#6279 = ORIENTED_EDGE('',*,*,#6201,.T.);
#6280 = ORIENTED_EDGE('',*,*,#6281,.T.);
#6281 = EDGE_CURVE('',#6174,#6282,#6284,.T.);
#6282 = VERTEX_POINT('',#6283);
#6283 = CARTESIAN_POINT('',(34.5,-73.61130814466,3.2));
#6284 = SURFACE_CURVE('',#6285,(#6289,#6296),.PCURVE_S1.);
#6285 = LINE('',#6286,#6287);
#6286 = CARTESIAN_POINT('',(34.5,-74.8,3.2));
#6287 = VECTOR('',#6288,1.);
#6288 = DIRECTION('',(2.22044604925E-16,1.,0.));
#6289 = PCURVE('',#3465,#6290);
#6290 = DEFINITIONAL_REPRESENTATION('',(#6291),#6295);
#6291 = LINE('',#6292,#6293);
#6292 = CARTESIAN_POINT('',(0.,-3.2));
#6293 = VECTOR('',#6294,1.);
#6294 = DIRECTION('',(1.,0.));
#6295 = ( GEOMETRIC_REPRESENTATION_CONTEXT(2) 
PARAMETRIC_REPRESENTATION_CONTEXT() REPRESENTATION_CONTEXT('2D SPACE',''
  ) );
#6296 = PCURVE('',#6297,#6302);
#6297 = CYLINDRICAL_SURFACE('',#6298,0.8);
#6298 = AXIS2_PLACEMENT_3D('',#6299,#6300,#6301);
#6299 = CARTESIAN_POINT('',(33.7,-74.8,3.2));
#6300 = DIRECTION('',(2.22044604925E-16,1.,0.));
#6301 = DIRECTION('',(1.,-2.22044604925E-16,-0.));
#6302 = DEFINITIONAL_REPRESENTATION('',(#6303),#6307);
#6303 = LINE('',#6304,#6305);
#6304 = CARTESIAN_POINT('',(-0.,0.));
#6305 = VECTOR('',#6306,1.);
#6306 = DIRECTION('',(-0.,1.));
#6307 = ( GEOMETRIC_REPRESENTATION_CONTEXT(2) 
PARAMETRIC_REPRESENTATION_CONTEXT() REPRESENTATION_CONTEXT('2D SPACE',''
  ) );
#6308 = ORIENTED_EDGE('',*,*,#6309,.F.);
#6309 = EDGE_CURVE('',#3425,#6282,#6310,.T.);
#6310 = SURFACE_CURVE('',#6311,(#6315,#6322),.PCURVE_S1.);
#6311 = LINE('',#6312,#6313);
#6312 = CARTESIAN_POINT('',(34.5,-73.61130814466,0.));
#6313 = VECTOR('',#6314,1.);
#6314 = DIRECTION('',(0.,0.,1.));
#6315 = PCURVE('',#3465,#6316);
#6316 = DEFINITIONAL_REPRESENTATION('',(#6317),#6321);
#6317 = LINE('',#6318,#6319);
#6318 = CARTESIAN_POINT('',(1.188691855334,0.));
#6319 = VECTOR('',#6320,1.);
#6320 = DIRECTION('',(0.,-1.));
#6321 = ( GEOMETRIC_REPRESENTATION_CONTEXT(2) 
PARAMETRIC_REPRESENTATION_CONTEXT() REPRESENTATION_CONTEXT('2D SPACE',''
  ) );
#6322 = PCURVE('',#3583,#6323);
#6323 = DEFINITIONAL_REPRESENTATION('',(#6324),#6328);
#6324 = LINE('',#6325,#6326);
#6325 = CARTESIAN_POINT('',(-4.62641051363,0.));
#6326 = VECTOR('',#6327,1.);
#6327 = DIRECTION('',(-0.,-1.));
#6328 = ( GEOMETRIC_REPRESENTATION_CONTEXT(2) 
PARAMETRIC_REPRESENTATION_CONTEXT() REPRESENTATION_CONTEXT('2D SPACE',''
  ) );
#6329 = ORIENTED_EDGE('',*,*,#3451,.F.);
#6330 = ADVANCED_FACE('',(#6331),#3524,.F.);
#6331 = FACE_BOUND('',#6332,.T.);
#6332 = EDGE_LOOP('',(#6333,#6334,#6363,#6384));
#6333 = ORIENTED_EDGE('',*,*,#6255,.T.);
#6334 = ORIENTED_EDGE('',*,*,#6335,.T.);
#6335 = EDGE_CURVE('',#6228,#6336,#6338,.T.);
#6336 = VERTEX_POINT('',#6337);
#6337 = CARTESIAN_POINT('',(-98.61130814466,66.5,3.2));
#6338 = SURFACE_CURVE('',#6339,(#6344,#6351),.PCURVE_S1.);
#6339 = CIRCLE('',#6340,4.75);
#6340 = AXIS2_PLACEMENT_3D('',#6341,#6342,#6343);
#6341 = CARTESIAN_POINT('',(-95.4,63.,3.2));
#6342 = DIRECTION('',(0.,0.,1.));
#6343 = DIRECTION('',(-0.676064872561,-0.736842105263,0.));
#6344 = PCURVE('',#3524,#6345);
#6345 = DEFINITIONAL_REPRESENTATION('',(#6346),#6350);
#6346 = LINE('',#6347,#6348);
#6347 = CARTESIAN_POINT('',(-0.,-3.2));
#6348 = VECTOR('',#6349,1.);
#6349 = DIRECTION('',(-1.,0.));
#6350 = ( GEOMETRIC_REPRESENTATION_CONTEXT(2) 
PARAMETRIC_REPRESENTATION_CONTEXT() REPRESENTATION_CONTEXT('2D SPACE',''
  ) );
#6351 = PCURVE('',#6352,#6357);
#6352 = TOROIDAL_SURFACE('',#6353,5.55,0.8);
#6353 = AXIS2_PLACEMENT_3D('',#6354,#6355,#6356);
#6354 = CARTESIAN_POINT('',(-95.4,63.,3.2));
#6355 = DIRECTION('',(-0.,-0.,-1.));
#6356 = DIRECTION('',(-0.676064872561,-0.736842105263,0.));
#6357 = DEFINITIONAL_REPRESENTATION('',(#6358),#6362);
#6358 = LINE('',#6359,#6360);
#6359 = CARTESIAN_POINT('',(-0.,3.14159265359));
#6360 = VECTOR('',#6361,1.);
#6361 = DIRECTION('',(-1.,0.));
#6362 = ( GEOMETRIC_REPRESENTATION_CONTEXT(2) 
PARAMETRIC_REPRESENTATION_CONTEXT() REPRESENTATION_CONTEXT('2D SPACE',''
  ) );
#6363 = ORIENTED_EDGE('',*,*,#6364,.F.);
#6364 = EDGE_CURVE('',#3483,#6336,#6365,.T.);
#6365 = SURFACE_CURVE('',#6366,(#6370,#6377),.PCURVE_S1.);
#6366 = LINE('',#6367,#6368);
#6367 = CARTESIAN_POINT('',(-98.61130814466,66.5,0.));
#6368 = VECTOR('',#6369,1.);
#6369 = DIRECTION('',(0.,0.,1.));
#6370 = PCURVE('',#3524,#6371);
#6371 = DEFINITIONAL_REPRESENTATION('',(#6372),#6376);
#6372 = LINE('',#6373,#6374);
#6373 = CARTESIAN_POINT('',(-4.62641051363,0.));
#6374 = VECTOR('',#6375,1.);
#6375 = DIRECTION('',(-0.,-1.));
#6376 = ( GEOMETRIC_REPRESENTATION_CONTEXT(2) 
PARAMETRIC_REPRESENTATION_CONTEXT() REPRESENTATION_CONTEXT('2D SPACE',''
  ) );
#6377 = PCURVE('',#3637,#6378);
#6378 = DEFINITIONAL_REPRESENTATION('',(#6379),#6383);
#6379 = LINE('',#6380,#6381);
#6380 = CARTESIAN_POINT('',(1.188691855334,0.));
#6381 = VECTOR('',#6382,1.);
#6382 = DIRECTION('',(0.,-1.));
#6383 = ( GEOMETRIC_REPRESENTATION_CONTEXT(2) 
PARAMETRIC_REPRESENTATION_CONTEXT() REPRESENTATION_CONTEXT('2D SPACE',''
  ) );
#6384 = ORIENTED_EDGE('',*,*,#3509,.F.);
#6385 = ADVANCED_FACE('',(#6386),#3583,.F.);
#6386 = FACE_BOUND('',#6387,.T.);
#6387 = EDGE_LOOP('',(#6388,#6411,#6438,#6439));
#6388 = ORIENTED_EDGE('',*,*,#6389,.T.);
#6389 = EDGE_CURVE('',#3540,#6390,#6392,.T.);
#6390 = VERTEX_POINT('',#6391);
#6391 = CARTESIAN_POINT('',(41.5,-73.61130814466,3.2));
#6392 = SURFACE_CURVE('',#6393,(#6397,#6404),.PCURVE_S1.);
#6393 = LINE('',#6394,#6395);
#6394 = CARTESIAN_POINT('',(41.5,-73.61130814466,0.));
#6395 = VECTOR('',#6396,1.);
#6396 = DIRECTION('',(0.,0.,1.));
#6397 = PCURVE('',#3583,#6398);
#6398 = DEFINITIONAL_REPRESENTATION('',(#6399),#6403);
#6399 = LINE('',#6400,#6401);
#6400 = CARTESIAN_POINT('',(-0.,0.));
#6401 = VECTOR('',#6402,1.);
#6402 = DIRECTION('',(-0.,-1.));
#6403 = ( GEOMETRIC_REPRESENTATION_CONTEXT(2) 
PARAMETRIC_REPRESENTATION_CONTEXT() REPRESENTATION_CONTEXT('2D SPACE',''
  ) );
#6404 = PCURVE('',#3691,#6405);
#6405 = DEFINITIONAL_REPRESENTATION('',(#6406),#6410);
#6406 = LINE('',#6407,#6408);
#6407 = CARTESIAN_POINT('',(1.188691855334,0.));
#6408 = VECTOR('',#6409,1.);
#6409 = DIRECTION('',(0.,-1.));
#6410 = ( GEOMETRIC_REPRESENTATION_CONTEXT(2) 
PARAMETRIC_REPRESENTATION_CONTEXT() REPRESENTATION_CONTEXT('2D SPACE',''
  ) );
#6411 = ORIENTED_EDGE('',*,*,#6412,.T.);
#6412 = EDGE_CURVE('',#6390,#6282,#6413,.T.);
#6413 = SURFACE_CURVE('',#6414,(#6419,#6426),.PCURVE_S1.);
#6414 = CIRCLE('',#6415,4.75);
#6415 = AXIS2_PLACEMENT_3D('',#6416,#6417,#6418);
#6416 = CARTESIAN_POINT('',(38.,-70.4,3.2));
#6417 = DIRECTION('',(0.,0.,1.));
#6418 = DIRECTION('',(0.736842105263,-0.676064872561,0.));
#6419 = PCURVE('',#3583,#6420);
#6420 = DEFINITIONAL_REPRESENTATION('',(#6421),#6425);
#6421 = LINE('',#6422,#6423);
#6422 = CARTESIAN_POINT('',(-1.495879443705E-15,-3.2));
#6423 = VECTOR('',#6424,1.);
#6424 = DIRECTION('',(-1.,0.));
#6425 = ( GEOMETRIC_REPRESENTATION_CONTEXT(2) 
PARAMETRIC_REPRESENTATION_CONTEXT() REPRESENTATION_CONTEXT('2D SPACE',''
  ) );
#6426 = PCURVE('',#6427,#6432);
#6427 = TOROIDAL_SURFACE('',#6428,5.55,0.8);
#6428 = AXIS2_PLACEMENT_3D('',#6429,#6430,#6431);
#6429 = CARTESIAN_POINT('',(38.,-70.4,3.2));
#6430 = DIRECTION('',(-0.,-0.,-1.));
#6431 = DIRECTION('',(0.736842105263,-0.676064872561,0.));
#6432 = DEFINITIONAL_REPRESENTATION('',(#6433),#6437);
#6433 = LINE('',#6434,#6435);
#6434 = CARTESIAN_POINT('',(-0.,3.14159265359));
#6435 = VECTOR('',#6436,1.);
#6436 = DIRECTION('',(-1.,0.));
#6437 = ( GEOMETRIC_REPRESENTATION_CONTEXT(2) 
PARAMETRIC_REPRESENTATION_CONTEXT() REPRESENTATION_CONTEXT('2D SPACE',''
  ) );
#6438 = ORIENTED_EDGE('',*,*,#6309,.F.);
#6439 = ORIENTED_EDGE('',*,*,#3568,.F.);
#6440 = ADVANCED_FACE('',(#6441),#3637,.F.);
#6441 = FACE_BOUND('',#6442,.F.);
#6442 = EDGE_LOOP('',(#6443,#6466,#6492,#6493));
#6443 = ORIENTED_EDGE('',*,*,#6444,.T.);
#6444 = EDGE_CURVE('',#3599,#6445,#6447,.T.);
#6445 = VERTEX_POINT('',#6446);
#6446 = CARTESIAN_POINT('',(-99.8,66.5,3.2));
#6447 = SURFACE_CURVE('',#6448,(#6452,#6459),.PCURVE_S1.);
#6448 = LINE('',#6449,#6450);
#6449 = CARTESIAN_POINT('',(-99.8,66.5,0.));
#6450 = VECTOR('',#6451,1.);
#6451 = DIRECTION('',(0.,0.,1.));
#6452 = PCURVE('',#3637,#6453);
#6453 = DEFINITIONAL_REPRESENTATION('',(#6454),#6458);
#6454 = LINE('',#6455,#6456);
#6455 = CARTESIAN_POINT('',(0.,0.));
#6456 = VECTOR('',#6457,1.);
#6457 = DIRECTION('',(0.,-1.));
#6458 = ( GEOMETRIC_REPRESENTATION_CONTEXT(2) 
PARAMETRIC_REPRESENTATION_CONTEXT() REPRESENTATION_CONTEXT('2D SPACE',''
  ) );
#6459 = PCURVE('',#3745,#6460);
#6460 = DEFINITIONAL_REPRESENTATION('',(#6461),#6465);
#6461 = LINE('',#6462,#6463);
#6462 = CARTESIAN_POINT('',(0.,0.));
#6463 = VECTOR('',#6464,1.);
#6464 = DIRECTION('',(0.,-1.));
#6465 = ( GEOMETRIC_REPRESENTATION_CONTEXT(2) 
PARAMETRIC_REPRESENTATION_CONTEXT() REPRESENTATION_CONTEXT('2D SPACE',''
  ) );
#6466 = ORIENTED_EDGE('',*,*,#6467,.T.);
#6467 = EDGE_CURVE('',#6445,#6336,#6468,.T.);
#6468 = SURFACE_CURVE('',#6469,(#6473,#6480),.PCURVE_S1.);
#6469 = LINE('',#6470,#6471);
#6470 = CARTESIAN_POINT('',(-99.8,66.5,3.2));
#6471 = VECTOR('',#6472,1.);
#6472 = DIRECTION('',(1.,0.,-0.));
#6473 = PCURVE('',#3637,#6474);
#6474 = DEFINITIONAL_REPRESENTATION('',(#6475),#6479);
#6475 = LINE('',#6476,#6477);
#6476 = CARTESIAN_POINT('',(0.,-3.2));
#6477 = VECTOR('',#6478,1.);
#6478 = DIRECTION('',(1.,0.));
#6479 = ( GEOMETRIC_REPRESENTATION_CONTEXT(2) 
PARAMETRIC_REPRESENTATION_CONTEXT() REPRESENTATION_CONTEXT('2D SPACE',''
  ) );
#6480 = PCURVE('',#6481,#6486);
#6481 = CYLINDRICAL_SURFACE('',#6482,0.8);
#6482 = AXIS2_PLACEMENT_3D('',#6483,#6484,#6485);
#6483 = CARTESIAN_POINT('',(-99.8,67.3,3.2));
#6484 = DIRECTION('',(1.,0.,-0.));
#6485 = DIRECTION('',(0.,-1.,-0.));
#6486 = DEFINITIONAL_REPRESENTATION('',(#6487),#6491);
#6487 = LINE('',#6488,#6489);
#6488 = CARTESIAN_POINT('',(-0.,0.));
#6489 = VECTOR('',#6490,1.);
#6490 = DIRECTION('',(-0.,1.));
#6491 = ( GEOMETRIC_REPRESENTATION_CONTEXT(2) 
PARAMETRIC_REPRESENTATION_CONTEXT() REPRESENTATION_CONTEXT('2D SPACE',''
  ) );
#6492 = ORIENTED_EDGE('',*,*,#6364,.F.);
#6493 = ORIENTED_EDGE('',*,*,#3623,.F.);
#6494 = ADVANCED_FACE('',(#6495),#3691,.T.);
#6495 = FACE_BOUND('',#6496,.T.);
#6496 = EDGE_LOOP('',(#6497,#6520,#6546,#6547));
#6497 = ORIENTED_EDGE('',*,*,#6498,.T.);
#6498 = EDGE_CURVE('',#3653,#6499,#6501,.T.);
#6499 = VERTEX_POINT('',#6500);
#6500 = CARTESIAN_POINT('',(41.5,-74.8,3.2));
#6501 = SURFACE_CURVE('',#6502,(#6506,#6513),.PCURVE_S1.);
#6502 = LINE('',#6503,#6504);
#6503 = CARTESIAN_POINT('',(41.5,-74.8,0.));
#6504 = VECTOR('',#6505,1.);
#6505 = DIRECTION('',(0.,0.,1.));
#6506 = PCURVE('',#3691,#6507);
#6507 = DEFINITIONAL_REPRESENTATION('',(#6508),#6512);
#6508 = LINE('',#6509,#6510);
#6509 = CARTESIAN_POINT('',(0.,0.));
#6510 = VECTOR('',#6511,1.);
#6511 = DIRECTION('',(0.,-1.));
#6512 = ( GEOMETRIC_REPRESENTATION_CONTEXT(2) 
PARAMETRIC_REPRESENTATION_CONTEXT() REPRESENTATION_CONTEXT('2D SPACE',''
  ) );
#6513 = PCURVE('',#3799,#6514);
#6514 = DEFINITIONAL_REPRESENTATION('',(#6515),#6519);
#6515 = LINE('',#6516,#6517);
#6516 = CARTESIAN_POINT('',(0.,0.));
#6517 = VECTOR('',#6518,1.);
#6518 = DIRECTION('',(0.,-1.));
#6519 = ( GEOMETRIC_REPRESENTATION_CONTEXT(2) 
PARAMETRIC_REPRESENTATION_CONTEXT() REPRESENTATION_CONTEXT('2D SPACE',''
  ) );
#6520 = ORIENTED_EDGE('',*,*,#6521,.T.);
#6521 = EDGE_CURVE('',#6499,#6390,#6522,.T.);
#6522 = SURFACE_CURVE('',#6523,(#6527,#6534),.PCURVE_S1.);
#6523 = LINE('',#6524,#6525);
#6524 = CARTESIAN_POINT('',(41.5,-74.8,3.2));
#6525 = VECTOR('',#6526,1.);
#6526 = DIRECTION('',(2.22044604925E-16,1.,0.));
#6527 = PCURVE('',#3691,#6528);
#6528 = DEFINITIONAL_REPRESENTATION('',(#6529),#6533);
#6529 = LINE('',#6530,#6531);
#6530 = CARTESIAN_POINT('',(0.,-3.2));
#6531 = VECTOR('',#6532,1.);
#6532 = DIRECTION('',(1.,0.));
#6533 = ( GEOMETRIC_REPRESENTATION_CONTEXT(2) 
PARAMETRIC_REPRESENTATION_CONTEXT() REPRESENTATION_CONTEXT('2D SPACE',''
  ) );
#6534 = PCURVE('',#6535,#6540);
#6535 = CYLINDRICAL_SURFACE('',#6536,0.8);
#6536 = AXIS2_PLACEMENT_3D('',#6537,#6538,#6539);
#6537 = CARTESIAN_POINT('',(42.3,-74.8,3.2));
#6538 = DIRECTION('',(2.22044604925E-16,1.,0.));
#6539 = DIRECTION('',(-1.,2.22044604925E-16,0.));
#6540 = DEFINITIONAL_REPRESENTATION('',(#6541),#6545);
#6541 = LINE('',#6542,#6543);
#6542 = CARTESIAN_POINT('',(0.,0.));
#6543 = VECTOR('',#6544,1.);
#6544 = DIRECTION('',(0.,1.));
#6545 = ( GEOMETRIC_REPRESENTATION_CONTEXT(2) 
PARAMETRIC_REPRESENTATION_CONTEXT() REPRESENTATION_CONTEXT('2D SPACE',''
  ) );
#6546 = ORIENTED_EDGE('',*,*,#6389,.F.);
#6547 = ORIENTED_EDGE('',*,*,#3677,.F.);
#6548 = ADVANCED_FACE('',(#6549),#3745,.T.);
#6549 = FACE_BOUND('',#6550,.T.);
#6550 = EDGE_LOOP('',(#6551,#6552,#6580,#6601));
#6551 = ORIENTED_EDGE('',*,*,#6444,.T.);
#6552 = ORIENTED_EDGE('',*,*,#6553,.T.);
#6553 = EDGE_CURVE('',#6445,#6554,#6556,.T.);
#6554 = VERTEX_POINT('',#6555);
#6555 = CARTESIAN_POINT('',(-99.8,74.8,3.2));
#6556 = SURFACE_CURVE('',#6557,(#6561,#6568),.PCURVE_S1.);
#6557 = LINE('',#6558,#6559);
#6558 = CARTESIAN_POINT('',(-99.8,66.5,3.2));
#6559 = VECTOR('',#6560,1.);
#6560 = DIRECTION('',(-0.,1.,0.));
#6561 = PCURVE('',#3745,#6562);
#6562 = DEFINITIONAL_REPRESENTATION('',(#6563),#6567);
#6563 = LINE('',#6564,#6565);
#6564 = CARTESIAN_POINT('',(0.,-3.2));
#6565 = VECTOR('',#6566,1.);
#6566 = DIRECTION('',(1.,0.));
#6567 = ( GEOMETRIC_REPRESENTATION_CONTEXT(2) 
PARAMETRIC_REPRESENTATION_CONTEXT() REPRESENTATION_CONTEXT('2D SPACE',''
  ) );
#6568 = PCURVE('',#6569,#6574);
#6569 = CYLINDRICAL_SURFACE('',#6570,0.8);
#6570 = AXIS2_PLACEMENT_3D('',#6571,#6572,#6573);
#6571 = CARTESIAN_POINT('',(-99.,66.5,3.2));
#6572 = DIRECTION('',(-0.,1.,0.));
#6573 = DIRECTION('',(-1.,-0.,0.));
#6574 = DEFINITIONAL_REPRESENTATION('',(#6575),#6579);
#6575 = LINE('',#6576,#6577);
#6576 = CARTESIAN_POINT('',(0.,0.));
#6577 = VECTOR('',#6578,1.);
#6578 = DIRECTION('',(0.,1.));
#6579 = ( GEOMETRIC_REPRESENTATION_CONTEXT(2) 
PARAMETRIC_REPRESENTATION_CONTEXT() REPRESENTATION_CONTEXT('2D SPACE',''
  ) );
#6580 = ORIENTED_EDGE('',*,*,#6581,.F.);
#6581 = EDGE_CURVE('',#3709,#6554,#6582,.T.);
#6582 = SURFACE_CURVE('',#6583,(#6587,#6594),.PCURVE_S1.);
#6583 = LINE('',#6584,#6585);
#6584 = CARTESIAN_POINT('',(-99.8,74.8,0.));
#6585 = VECTOR('',#6586,1.);
#6586 = DIRECTION('',(0.,0.,1.));
#6587 = PCURVE('',#3745,#6588);
#6588 = DEFINITIONAL_REPRESENTATION('',(#6589),#6593);
#6589 = LINE('',#6590,#6591);
#6590 = CARTESIAN_POINT('',(8.3,0.));
#6591 = VECTOR('',#6592,1.);
#6592 = DIRECTION('',(0.,-1.));
#6593 = ( GEOMETRIC_REPRESENTATION_CONTEXT(2) 
PARAMETRIC_REPRESENTATION_CONTEXT() REPRESENTATION_CONTEXT('2D SPACE',''
  ) );
#6594 = PCURVE('',#3853,#6595);
#6595 = DEFINITIONAL_REPRESENTATION('',(#6596),#6600);
#6596 = LINE('',#6597,#6598);
#6597 = CARTESIAN_POINT('',(0.,0.));
#6598 = VECTOR('',#6599,1.);
#6599 = DIRECTION('',(0.,-1.));
#6600 = ( GEOMETRIC_REPRESENTATION_CONTEXT(2) 
PARAMETRIC_REPRESENTATION_CONTEXT() REPRESENTATION_CONTEXT('2D SPACE',''
  ) );
#6601 = ORIENTED_EDGE('',*,*,#3731,.F.);
#6602 = ADVANCED_FACE('',(#6603),#3799,.F.);
#6603 = FACE_BOUND('',#6604,.F.);
#6604 = EDGE_LOOP('',(#6605,#6606,#6634,#6655));
#6605 = ORIENTED_EDGE('',*,*,#6498,.T.);
#6606 = ORIENTED_EDGE('',*,*,#6607,.T.);
#6607 = EDGE_CURVE('',#6499,#6608,#6610,.T.);
#6608 = VERTEX_POINT('',#6609);
#6609 = CARTESIAN_POINT('',(84.5,-74.8,3.2));
#6610 = SURFACE_CURVE('',#6611,(#6615,#6622),.PCURVE_S1.);
#6611 = LINE('',#6612,#6613);
#6612 = CARTESIAN_POINT('',(41.5,-74.8,3.2));
#6613 = VECTOR('',#6614,1.);
#6614 = DIRECTION('',(1.,0.,-0.));
#6615 = PCURVE('',#3799,#6616);
#6616 = DEFINITIONAL_REPRESENTATION('',(#6617),#6621);
#6617 = LINE('',#6618,#6619);
#6618 = CARTESIAN_POINT('',(0.,-3.2));
#6619 = VECTOR('',#6620,1.);
#6620 = DIRECTION('',(1.,0.));
#6621 = ( GEOMETRIC_REPRESENTATION_CONTEXT(2) 
PARAMETRIC_REPRESENTATION_CONTEXT() REPRESENTATION_CONTEXT('2D SPACE',''
  ) );
#6622 = PCURVE('',#6623,#6628);
#6623 = CYLINDRICAL_SURFACE('',#6624,0.8);
#6624 = AXIS2_PLACEMENT_3D('',#6625,#6626,#6627);
#6625 = CARTESIAN_POINT('',(41.5,-74.,3.2));
#6626 = DIRECTION('',(1.,0.,-0.));
#6627 = DIRECTION('',(0.,-1.,-0.));
#6628 = DEFINITIONAL_REPRESENTATION('',(#6629),#6633);
#6629 = LINE('',#6630,#6631);
#6630 = CARTESIAN_POINT('',(-0.,0.));
#6631 = VECTOR('',#6632,1.);
#6632 = DIRECTION('',(-0.,1.));
#6633 = ( GEOMETRIC_REPRESENTATION_CONTEXT(2) 
PARAMETRIC_REPRESENTATION_CONTEXT() REPRESENTATION_CONTEXT('2D SPACE',''
  ) );
#6634 = ORIENTED_EDGE('',*,*,#6635,.F.);
#6635 = EDGE_CURVE('',#3763,#6608,#6636,.T.);
#6636 = SURFACE_CURVE('',#6637,(#6641,#6648),.PCURVE_S1.);
#6637 = LINE('',#6638,#6639);
#6638 = CARTESIAN_POINT('',(84.5,-74.8,0.));
#6639 = VECTOR('',#6640,1.);
#6640 = DIRECTION('',(0.,0.,1.));
#6641 = PCURVE('',#3799,#6642);
#6642 = DEFINITIONAL_REPRESENTATION('',(#6643),#6647);
#6643 = LINE('',#6644,#6645);
#6644 = CARTESIAN_POINT('',(43.,0.));
#6645 = VECTOR('',#6646,1.);
#6646 = DIRECTION('',(0.,-1.));
#6647 = ( GEOMETRIC_REPRESENTATION_CONTEXT(2) 
PARAMETRIC_REPRESENTATION_CONTEXT() REPRESENTATION_CONTEXT('2D SPACE',''
  ) );
#6648 = PCURVE('',#3911,#6649);
#6649 = DEFINITIONAL_REPRESENTATION('',(#6650),#6654);
#6650 = LINE('',#6651,#6652);
#6651 = CARTESIAN_POINT('',(0.,0.));
#6652 = VECTOR('',#6653,1.);
#6653 = DIRECTION('',(0.,-1.));
#6654 = ( GEOMETRIC_REPRESENTATION_CONTEXT(2) 
PARAMETRIC_REPRESENTATION_CONTEXT() REPRESENTATION_CONTEXT('2D SPACE',''
  ) );
#6655 = ORIENTED_EDGE('',*,*,#3785,.F.);
#6656 = ADVANCED_FACE('',(#6657),#3853,.T.);
#6657 = FACE_BOUND('',#6658,.T.);
#6658 = EDGE_LOOP('',(#6659,#6660,#6688,#6709));
#6659 = ORIENTED_EDGE('',*,*,#6581,.T.);
#6660 = ORIENTED_EDGE('',*,*,#6661,.T.);
#6661 = EDGE_CURVE('',#6554,#6662,#6664,.T.);
#6662 = VERTEX_POINT('',#6663);
#6663 = CARTESIAN_POINT('',(99.8,74.8,3.2));
#6664 = SURFACE_CURVE('',#6665,(#6669,#6676),.PCURVE_S1.);
#6665 = LINE('',#6666,#6667);
#6666 = CARTESIAN_POINT('',(-99.8,74.8,3.2));
#6667 = VECTOR('',#6668,1.);
#6668 = DIRECTION('',(1.,0.,-0.));
#6669 = PCURVE('',#3853,#6670);
#6670 = DEFINITIONAL_REPRESENTATION('',(#6671),#6675);
#6671 = LINE('',#6672,#6673);
#6672 = CARTESIAN_POINT('',(0.,-3.2));
#6673 = VECTOR('',#6674,1.);
#6674 = DIRECTION('',(1.,0.));
#6675 = ( GEOMETRIC_REPRESENTATION_CONTEXT(2) 
PARAMETRIC_REPRESENTATION_CONTEXT() REPRESENTATION_CONTEXT('2D SPACE',''
  ) );
#6676 = PCURVE('',#6677,#6682);
#6677 = CYLINDRICAL_SURFACE('',#6678,0.8);
#6678 = AXIS2_PLACEMENT_3D('',#6679,#6680,#6681);
#6679 = CARTESIAN_POINT('',(-99.8,74.,3.2));
#6680 = DIRECTION('',(1.,0.,-0.));
#6681 = DIRECTION('',(0.,1.,0.));
#6682 = DEFINITIONAL_REPRESENTATION('',(#6683),#6687);
#6683 = LINE('',#6684,#6685);
#6684 = CARTESIAN_POINT('',(0.,0.));
#6685 = VECTOR('',#6686,1.);
#6686 = DIRECTION('',(0.,1.));
#6687 = ( GEOMETRIC_REPRESENTATION_CONTEXT(2) 
PARAMETRIC_REPRESENTATION_CONTEXT() REPRESENTATION_CONTEXT('2D SPACE',''
  ) );
#6688 = ORIENTED_EDGE('',*,*,#6689,.F.);
#6689 = EDGE_CURVE('',#3817,#6662,#6690,.T.);
#6690 = SURFACE_CURVE('',#6691,(#6695,#6702),.PCURVE_S1.);
#6691 = LINE('',#6692,#6693);
#6692 = CARTESIAN_POINT('',(99.8,74.8,0.));
#6693 = VECTOR('',#6694,1.);
#6694 = DIRECTION('',(0.,0.,1.));
#6695 = PCURVE('',#3853,#6696);
#6696 = DEFINITIONAL_REPRESENTATION('',(#6697),#6701);
#6697 = LINE('',#6698,#6699);
#6698 = CARTESIAN_POINT('',(199.6,0.));
#6699 = VECTOR('',#6700,1.);
#6700 = DIRECTION('',(0.,-1.));
#6701 = ( GEOMETRIC_REPRESENTATION_CONTEXT(2) 
PARAMETRIC_REPRESENTATION_CONTEXT() REPRESENTATION_CONTEXT('2D SPACE',''
  ) );
#6702 = PCURVE('',#3965,#6703);
#6703 = DEFINITIONAL_REPRESENTATION('',(#6704),#6708);
#6704 = LINE('',#6705,#6706);
#6705 = CARTESIAN_POINT('',(8.55,0.));
#6706 = VECTOR('',#6707,1.);
#6707 = DIRECTION('',(0.,-1.));
#6708 = ( GEOMETRIC_REPRESENTATION_CONTEXT(2) 
PARAMETRIC_REPRESENTATION_CONTEXT() REPRESENTATION_CONTEXT('2D SPACE',''
  ) );
#6709 = ORIENTED_EDGE('',*,*,#3839,.F.);
#6710 = ADVANCED_FACE('',(#6711),#3911,.F.);
#6711 = FACE_BOUND('',#6712,.F.);
#6712 = EDGE_LOOP('',(#6713,#6714,#6742,#6763));
#6713 = ORIENTED_EDGE('',*,*,#6635,.T.);
#6714 = ORIENTED_EDGE('',*,*,#6715,.T.);
#6715 = EDGE_CURVE('',#6608,#6716,#6718,.T.);
#6716 = VERTEX_POINT('',#6717);
#6717 = CARTESIAN_POINT('',(84.5,-73.61130814466,3.2));
#6718 = SURFACE_CURVE('',#6719,(#6723,#6730),.PCURVE_S1.);
#6719 = LINE('',#6720,#6721);
#6720 = CARTESIAN_POINT('',(84.5,-74.8,3.2));
#6721 = VECTOR('',#6722,1.);
#6722 = DIRECTION('',(2.22044604925E-16,1.,0.));
#6723 = PCURVE('',#3911,#6724);
#6724 = DEFINITIONAL_REPRESENTATION('',(#6725),#6729);
#6725 = LINE('',#6726,#6727);
#6726 = CARTESIAN_POINT('',(0.,-3.2));
#6727 = VECTOR('',#6728,1.);
#6728 = DIRECTION('',(1.,0.));
#6729 = ( GEOMETRIC_REPRESENTATION_CONTEXT(2) 
PARAMETRIC_REPRESENTATION_CONTEXT() REPRESENTATION_CONTEXT('2D SPACE',''
  ) );
#6730 = PCURVE('',#6731,#6736);
#6731 = CYLINDRICAL_SURFACE('',#6732,0.8);
#6732 = AXIS2_PLACEMENT_3D('',#6733,#6734,#6735);
#6733 = CARTESIAN_POINT('',(83.7,-74.8,3.2));
#6734 = DIRECTION('',(2.22044604925E-16,1.,0.));
#6735 = DIRECTION('',(1.,-2.22044604925E-16,-0.));
#6736 = DEFINITIONAL_REPRESENTATION('',(#6737),#6741);
#6737 = LINE('',#6738,#6739);
#6738 = CARTESIAN_POINT('',(-0.,0.));
#6739 = VECTOR('',#6740,1.);
#6740 = DIRECTION('',(-0.,1.));
#6741 = ( GEOMETRIC_REPRESENTATION_CONTEXT(2) 
PARAMETRIC_REPRESENTATION_CONTEXT() REPRESENTATION_CONTEXT('2D SPACE',''
  ) );
#6742 = ORIENTED_EDGE('',*,*,#6743,.F.);
#6743 = EDGE_CURVE('',#3871,#6716,#6744,.T.);
#6744 = SURFACE_CURVE('',#6745,(#6749,#6756),.PCURVE_S1.);
#6745 = LINE('',#6746,#6747);
#6746 = CARTESIAN_POINT('',(84.5,-73.61130814466,0.));
#6747 = VECTOR('',#6748,1.);
#6748 = DIRECTION('',(0.,0.,1.));
#6749 = PCURVE('',#3911,#6750);
#6750 = DEFINITIONAL_REPRESENTATION('',(#6751),#6755);
#6751 = LINE('',#6752,#6753);
#6752 = CARTESIAN_POINT('',(1.188691855334,0.));
#6753 = VECTOR('',#6754,1.);
#6754 = DIRECTION('',(0.,-1.));
#6755 = ( GEOMETRIC_REPRESENTATION_CONTEXT(2) 
PARAMETRIC_REPRESENTATION_CONTEXT() REPRESENTATION_CONTEXT('2D SPACE',''
  ) );
#6756 = PCURVE('',#4024,#6757);
#6757 = DEFINITIONAL_REPRESENTATION('',(#6758),#6762);
#6758 = LINE('',#6759,#6760);
#6759 = CARTESIAN_POINT('',(-4.62641051363,0.));
#6760 = VECTOR('',#6761,1.);
#6761 = DIRECTION('',(-0.,-1.));
#6762 = ( GEOMETRIC_REPRESENTATION_CONTEXT(2) 
PARAMETRIC_REPRESENTATION_CONTEXT() REPRESENTATION_CONTEXT('2D SPACE',''
  ) );
#6763 = ORIENTED_EDGE('',*,*,#3897,.F.);
#6764 = ADVANCED_FACE('',(#6765),#3965,.F.);
#6765 = FACE_BOUND('',#6766,.F.);
#6766 = EDGE_LOOP('',(#6767,#6790,#6816,#6817));
#6767 = ORIENTED_EDGE('',*,*,#6768,.T.);
#6768 = EDGE_CURVE('',#3927,#6769,#6771,.T.);
#6769 = VERTEX_POINT('',#6770);
#6770 = CARTESIAN_POINT('',(99.8,66.25,3.2));
#6771 = SURFACE_CURVE('',#6772,(#6776,#6783),.PCURVE_S1.);
#6772 = LINE('',#6773,#6774);
#6773 = CARTESIAN_POINT('',(99.8,66.25,0.));
#6774 = VECTOR('',#6775,1.);
#6775 = DIRECTION('',(0.,0.,1.));
#6776 = PCURVE('',#3965,#6777);
#6777 = DEFINITIONAL_REPRESENTATION('',(#6778),#6782);
#6778 = LINE('',#6779,#6780);
#6779 = CARTESIAN_POINT('',(0.,0.));
#6780 = VECTOR('',#6781,1.);
#6781 = DIRECTION('',(0.,-1.));
#6782 = ( GEOMETRIC_REPRESENTATION_CONTEXT(2) 
PARAMETRIC_REPRESENTATION_CONTEXT() REPRESENTATION_CONTEXT('2D SPACE',''
  ) );
#6783 = PCURVE('',#4082,#6784);
#6784 = DEFINITIONAL_REPRESENTATION('',(#6785),#6789);
#6785 = LINE('',#6786,#6787);
#6786 = CARTESIAN_POINT('',(0.,0.));
#6787 = VECTOR('',#6788,1.);
#6788 = DIRECTION('',(0.,-1.));
#6789 = ( GEOMETRIC_REPRESENTATION_CONTEXT(2) 
PARAMETRIC_REPRESENTATION_CONTEXT() REPRESENTATION_CONTEXT('2D SPACE',''
  ) );
#6790 = ORIENTED_EDGE('',*,*,#6791,.T.);
#6791 = EDGE_CURVE('',#6769,#6662,#6792,.T.);
#6792 = SURFACE_CURVE('',#6793,(#6797,#6804),.PCURVE_S1.);
#6793 = LINE('',#6794,#6795);
#6794 = CARTESIAN_POINT('',(99.8,66.25,3.2));
#6795 = VECTOR('',#6796,1.);
#6796 = DIRECTION('',(-0.,1.,0.));
#6797 = PCURVE('',#3965,#6798);
#6798 = DEFINITIONAL_REPRESENTATION('',(#6799),#6803);
#6799 = LINE('',#6800,#6801);
#6800 = CARTESIAN_POINT('',(0.,-3.2));
#6801 = VECTOR('',#6802,1.);
#6802 = DIRECTION('',(1.,0.));
#6803 = ( GEOMETRIC_REPRESENTATION_CONTEXT(2) 
PARAMETRIC_REPRESENTATION_CONTEXT() REPRESENTATION_CONTEXT('2D SPACE',''
  ) );
#6804 = PCURVE('',#6805,#6810);
#6805 = CYLINDRICAL_SURFACE('',#6806,0.8);
#6806 = AXIS2_PLACEMENT_3D('',#6807,#6808,#6809);
#6807 = CARTESIAN_POINT('',(99.,66.25,3.2));
#6808 = DIRECTION('',(-0.,1.,0.));
#6809 = DIRECTION('',(1.,0.,-0.));
#6810 = DEFINITIONAL_REPRESENTATION('',(#6811),#6815);
#6811 = LINE('',#6812,#6813);
#6812 = CARTESIAN_POINT('',(-0.,0.));
#6813 = VECTOR('',#6814,1.);
#6814 = DIRECTION('',(-0.,1.));
#6815 = ( GEOMETRIC_REPRESENTATION_CONTEXT(2) 
PARAMETRIC_REPRESENTATION_CONTEXT() REPRESENTATION_CONTEXT('2D SPACE',''
  ) );
#6816 = ORIENTED_EDGE('',*,*,#6689,.F.);
#6817 = ORIENTED_EDGE('',*,*,#3951,.F.);
#6818 = ADVANCED_FACE('',(#6819),#4024,.F.);
#6819 = FACE_BOUND('',#6820,.T.);
#6820 = EDGE_LOOP('',(#6821,#6844,#6871,#6872));
#6821 = ORIENTED_EDGE('',*,*,#6822,.T.);
#6822 = EDGE_CURVE('',#3981,#6823,#6825,.T.);
#6823 = VERTEX_POINT('',#6824);
#6824 = CARTESIAN_POINT('',(91.5,-73.61130814466,3.2));
#6825 = SURFACE_CURVE('',#6826,(#6830,#6837),.PCURVE_S1.);
#6826 = LINE('',#6827,#6828);
#6827 = CARTESIAN_POINT('',(91.5,-73.61130814466,0.));
#6828 = VECTOR('',#6829,1.);
#6829 = DIRECTION('',(0.,0.,1.));
#6830 = PCURVE('',#4024,#6831);
#6831 = DEFINITIONAL_REPRESENTATION('',(#6832),#6836);
#6832 = LINE('',#6833,#6834);
#6833 = CARTESIAN_POINT('',(-0.,0.));
#6834 = VECTOR('',#6835,1.);
#6835 = DIRECTION('',(-0.,-1.));
#6836 = ( GEOMETRIC_REPRESENTATION_CONTEXT(2) 
PARAMETRIC_REPRESENTATION_CONTEXT() REPRESENTATION_CONTEXT('2D SPACE',''
  ) );
#6837 = PCURVE('',#4136,#6838);
#6838 = DEFINITIONAL_REPRESENTATION('',(#6839),#6843);
#6839 = LINE('',#6840,#6841);
#6840 = CARTESIAN_POINT('',(1.188691855334,0.));
#6841 = VECTOR('',#6842,1.);
#6842 = DIRECTION('',(0.,-1.));
#6843 = ( GEOMETRIC_REPRESENTATION_CONTEXT(2) 
PARAMETRIC_REPRESENTATION_CONTEXT() REPRESENTATION_CONTEXT('2D SPACE',''
  ) );
#6844 = ORIENTED_EDGE('',*,*,#6845,.T.);
#6845 = EDGE_CURVE('',#6823,#6716,#6846,.T.);
#6846 = SURFACE_CURVE('',#6847,(#6852,#6859),.PCURVE_S1.);
#6847 = CIRCLE('',#6848,4.75);
#6848 = AXIS2_PLACEMENT_3D('',#6849,#6850,#6851);
#6849 = CARTESIAN_POINT('',(88.,-70.4,3.2));
#6850 = DIRECTION('',(0.,0.,1.));
#6851 = DIRECTION('',(0.736842105263,-0.676064872561,0.));
#6852 = PCURVE('',#4024,#6853);
#6853 = DEFINITIONAL_REPRESENTATION('',(#6854),#6858);
#6854 = LINE('',#6855,#6856);
#6855 = CARTESIAN_POINT('',(-7.479397218527E-16,-3.2));
#6856 = VECTOR('',#6857,1.);
#6857 = DIRECTION('',(-1.,0.));
#6858 = ( GEOMETRIC_REPRESENTATION_CONTEXT(2) 
PARAMETRIC_REPRESENTATION_CONTEXT() REPRESENTATION_CONTEXT('2D SPACE',''
  ) );
#6859 = PCURVE('',#6860,#6865);
#6860 = TOROIDAL_SURFACE('',#6861,5.55,0.8);
#6861 = AXIS2_PLACEMENT_3D('',#6862,#6863,#6864);
#6862 = CARTESIAN_POINT('',(88.,-70.4,3.2));
#6863 = DIRECTION('',(-0.,-0.,-1.));
#6864 = DIRECTION('',(0.736842105263,-0.676064872561,0.));
#6865 = DEFINITIONAL_REPRESENTATION('',(#6866),#6870);
#6866 = LINE('',#6867,#6868);
#6867 = CARTESIAN_POINT('',(-0.,3.14159265359));
#6868 = VECTOR('',#6869,1.);
#6869 = DIRECTION('',(-1.,0.));
#6870 = ( GEOMETRIC_REPRESENTATION_CONTEXT(2) 
PARAMETRIC_REPRESENTATION_CONTEXT() REPRESENTATION_CONTEXT('2D SPACE',''
  ) );
#6871 = ORIENTED_EDGE('',*,*,#6743,.F.);
#6872 = ORIENTED_EDGE('',*,*,#4009,.F.);
#6873 = ADVANCED_FACE('',(#6874),#4082,.T.);
#6874 = FACE_BOUND('',#6875,.T.);
#6875 = EDGE_LOOP('',(#6876,#6877,#6905,#6926));
#6876 = ORIENTED_EDGE('',*,*,#6768,.T.);
#6877 = ORIENTED_EDGE('',*,*,#6878,.T.);
#6878 = EDGE_CURVE('',#6769,#6879,#6881,.T.);
#6879 = VERTEX_POINT('',#6880);
#6880 = CARTESIAN_POINT('',(101.4875251005,66.25,3.2));
#6881 = SURFACE_CURVE('',#6882,(#6886,#6893),.PCURVE_S1.);
#6882 = LINE('',#6883,#6884);
#6883 = CARTESIAN_POINT('',(99.8,66.25,3.2));
#6884 = VECTOR('',#6885,1.);
#6885 = DIRECTION('',(1.,0.,-0.));
#6886 = PCURVE('',#4082,#6887);
#6887 = DEFINITIONAL_REPRESENTATION('',(#6888),#6892);
#6888 = LINE('',#6889,#6890);
#6889 = CARTESIAN_POINT('',(0.,-3.2));
#6890 = VECTOR('',#6891,1.);
#6891 = DIRECTION('',(1.,0.));
#6892 = ( GEOMETRIC_REPRESENTATION_CONTEXT(2) 
PARAMETRIC_REPRESENTATION_CONTEXT() REPRESENTATION_CONTEXT('2D SPACE',''
  ) );
#6893 = PCURVE('',#6894,#6899);
#6894 = CYLINDRICAL_SURFACE('',#6895,0.8);
#6895 = AXIS2_PLACEMENT_3D('',#6896,#6897,#6898);
#6896 = CARTESIAN_POINT('',(99.8,65.45,3.2));
#6897 = DIRECTION('',(1.,0.,-0.));
#6898 = DIRECTION('',(0.,1.,0.));
#6899 = DEFINITIONAL_REPRESENTATION('',(#6900),#6904);
#6900 = LINE('',#6901,#6902);
#6901 = CARTESIAN_POINT('',(0.,0.));
#6902 = VECTOR('',#6903,1.);
#6903 = DIRECTION('',(0.,1.));
#6904 = ( GEOMETRIC_REPRESENTATION_CONTEXT(2) 
PARAMETRIC_REPRESENTATION_CONTEXT() REPRESENTATION_CONTEXT('2D SPACE',''
  ) );
#6905 = ORIENTED_EDGE('',*,*,#6906,.F.);
#6906 = EDGE_CURVE('',#4042,#6879,#6907,.T.);
#6907 = SURFACE_CURVE('',#6908,(#6912,#6919),.PCURVE_S1.);
#6908 = LINE('',#6909,#6910);
#6909 = CARTESIAN_POINT('',(101.4875251005,66.25,0.));
#6910 = VECTOR('',#6911,1.);
#6911 = DIRECTION('',(0.,0.,1.));
#6912 = PCURVE('',#4082,#6913);
#6913 = DEFINITIONAL_REPRESENTATION('',(#6914),#6918);
#6914 = LINE('',#6915,#6916);
#6915 = CARTESIAN_POINT('',(1.687525100503,0.));
#6916 = VECTOR('',#6917,1.);
#6917 = DIRECTION('',(0.,-1.));
#6918 = ( GEOMETRIC_REPRESENTATION_CONTEXT(2) 
PARAMETRIC_REPRESENTATION_CONTEXT() REPRESENTATION_CONTEXT('2D SPACE',''
  ) );
#6919 = PCURVE('',#4195,#6920);
#6920 = DEFINITIONAL_REPRESENTATION('',(#6921),#6925);
#6921 = LINE('',#6922,#6923);
#6922 = CARTESIAN_POINT('',(-4.669165646385,0.));
#6923 = VECTOR('',#6924,1.);
#6924 = DIRECTION('',(-0.,-1.));
#6925 = ( GEOMETRIC_REPRESENTATION_CONTEXT(2) 
PARAMETRIC_REPRESENTATION_CONTEXT() REPRESENTATION_CONTEXT('2D SPACE',''
  ) );
#6926 = ORIENTED_EDGE('',*,*,#4068,.F.);
#6927 = ADVANCED_FACE('',(#6928),#4136,.T.);
#6928 = FACE_BOUND('',#6929,.T.);
#6929 = EDGE_LOOP('',(#6930,#6953,#6979,#6980));
#6930 = ORIENTED_EDGE('',*,*,#6931,.T.);
#6931 = EDGE_CURVE('',#4098,#6932,#6934,.T.);
#6932 = VERTEX_POINT('',#6933);
#6933 = CARTESIAN_POINT('',(91.5,-74.8,3.2));
#6934 = SURFACE_CURVE('',#6935,(#6939,#6946),.PCURVE_S1.);
#6935 = LINE('',#6936,#6937);
#6936 = CARTESIAN_POINT('',(91.5,-74.8,0.));
#6937 = VECTOR('',#6938,1.);
#6938 = DIRECTION('',(0.,0.,1.));
#6939 = PCURVE('',#4136,#6940);
#6940 = DEFINITIONAL_REPRESENTATION('',(#6941),#6945);
#6941 = LINE('',#6942,#6943);
#6942 = CARTESIAN_POINT('',(0.,0.));
#6943 = VECTOR('',#6944,1.);
#6944 = DIRECTION('',(0.,-1.));
#6945 = ( GEOMETRIC_REPRESENTATION_CONTEXT(2) 
PARAMETRIC_REPRESENTATION_CONTEXT() REPRESENTATION_CONTEXT('2D SPACE',''
  ) );
#6946 = PCURVE('',#4249,#6947);
#6947 = DEFINITIONAL_REPRESENTATION('',(#6948),#6952);
#6948 = LINE('',#6949,#6950);
#6949 = CARTESIAN_POINT('',(0.,0.));
#6950 = VECTOR('',#6951,1.);
#6951 = DIRECTION('',(0.,-1.));
#6952 = ( GEOMETRIC_REPRESENTATION_CONTEXT(2) 
PARAMETRIC_REPRESENTATION_CONTEXT() REPRESENTATION_CONTEXT('2D SPACE',''
  ) );
#6953 = ORIENTED_EDGE('',*,*,#6954,.T.);
#6954 = EDGE_CURVE('',#6932,#6823,#6955,.T.);
#6955 = SURFACE_CURVE('',#6956,(#6960,#6967),.PCURVE_S1.);
#6956 = LINE('',#6957,#6958);
#6957 = CARTESIAN_POINT('',(91.5,-74.8,3.2));
#6958 = VECTOR('',#6959,1.);
#6959 = DIRECTION('',(2.22044604925E-16,1.,0.));
#6960 = PCURVE('',#4136,#6961);
#6961 = DEFINITIONAL_REPRESENTATION('',(#6962),#6966);
#6962 = LINE('',#6963,#6964);
#6963 = CARTESIAN_POINT('',(0.,-3.2));
#6964 = VECTOR('',#6965,1.);
#6965 = DIRECTION('',(1.,0.));
#6966 = ( GEOMETRIC_REPRESENTATION_CONTEXT(2) 
PARAMETRIC_REPRESENTATION_CONTEXT() REPRESENTATION_CONTEXT('2D SPACE',''
  ) );
#6967 = PCURVE('',#6968,#6973);
#6968 = CYLINDRICAL_SURFACE('',#6969,0.8);
#6969 = AXIS2_PLACEMENT_3D('',#6970,#6971,#6972);
#6970 = CARTESIAN_POINT('',(92.3,-74.8,3.2));
#6971 = DIRECTION('',(2.22044604925E-16,1.,0.));
#6972 = DIRECTION('',(-1.,2.22044604925E-16,0.));
#6973 = DEFINITIONAL_REPRESENTATION('',(#6974),#6978);
#6974 = LINE('',#6975,#6976);
#6975 = CARTESIAN_POINT('',(0.,0.));
#6976 = VECTOR('',#6977,1.);
#6977 = DIRECTION('',(0.,1.));
#6978 = ( GEOMETRIC_REPRESENTATION_CONTEXT(2) 
PARAMETRIC_REPRESENTATION_CONTEXT() REPRESENTATION_CONTEXT('2D SPACE',''
  ) );
#6979 = ORIENTED_EDGE('',*,*,#6822,.F.);
#6980 = ORIENTED_EDGE('',*,*,#4122,.F.);
#6981 = ADVANCED_FACE('',(#6982),#4195,.T.);
#6982 = FACE_BOUND('',#6983,.F.);
#6983 = EDGE_LOOP('',(#6984,#7007,#7034,#7035));
#6984 = ORIENTED_EDGE('',*,*,#6985,.T.);
#6985 = EDGE_CURVE('',#4152,#6986,#6988,.T.);
#6986 = VERTEX_POINT('',#6987);
#6987 = CARTESIAN_POINT('',(101.4875251005,59.75,3.2));
#6988 = SURFACE_CURVE('',#6989,(#6993,#7000),.PCURVE_S1.);
#6989 = LINE('',#6990,#6991);
#6990 = CARTESIAN_POINT('',(101.4875251005,59.75,0.));
#6991 = VECTOR('',#6992,1.);
#6992 = DIRECTION('',(0.,0.,1.));
#6993 = PCURVE('',#4195,#6994);
#6994 = DEFINITIONAL_REPRESENTATION('',(#6995),#6999);
#6995 = LINE('',#6996,#6997);
#6996 = CARTESIAN_POINT('',(-0.,0.));
#6997 = VECTOR('',#6998,1.);
#6998 = DIRECTION('',(-0.,-1.));
#6999 = ( GEOMETRIC_REPRESENTATION_CONTEXT(2) 
PARAMETRIC_REPRESENTATION_CONTEXT() REPRESENTATION_CONTEXT('2D SPACE',''
  ) );
#7000 = PCURVE('',#4303,#7001);
#7001 = DEFINITIONAL_REPRESENTATION('',(#7002),#7006);
#7002 = LINE('',#7003,#7004);
#7003 = CARTESIAN_POINT('',(1.687525100503,0.));
#7004 = VECTOR('',#7005,1.);
#7005 = DIRECTION('',(0.,-1.));
#7006 = ( GEOMETRIC_REPRESENTATION_CONTEXT(2) 
PARAMETRIC_REPRESENTATION_CONTEXT() REPRESENTATION_CONTEXT('2D SPACE',''
  ) );
#7007 = ORIENTED_EDGE('',*,*,#7008,.T.);
#7008 = EDGE_CURVE('',#6986,#6879,#7009,.T.);
#7009 = SURFACE_CURVE('',#7010,(#7015,#7022),.PCURVE_S1.);
#7010 = CIRCLE('',#7011,4.5);
#7011 = AXIS2_PLACEMENT_3D('',#7012,#7013,#7014);
#7012 = CARTESIAN_POINT('',(104.6,63.,3.2));
#7013 = DIRECTION('',(0.,0.,1.));
#7014 = DIRECTION('',(-0.691661088777,-0.722222222222,0.));
#7015 = PCURVE('',#4195,#7016);
#7016 = DEFINITIONAL_REPRESENTATION('',(#7017),#7021);
#7017 = LINE('',#7018,#7019);
#7018 = CARTESIAN_POINT('',(-1.578983857245E-15,-3.2));
#7019 = VECTOR('',#7020,1.);
#7020 = DIRECTION('',(-1.,0.));
#7021 = ( GEOMETRIC_REPRESENTATION_CONTEXT(2) 
PARAMETRIC_REPRESENTATION_CONTEXT() REPRESENTATION_CONTEXT('2D SPACE',''
  ) );
#7022 = PCURVE('',#7023,#7028);
#7023 = TOROIDAL_SURFACE('',#7024,3.7,0.8);
#7024 = AXIS2_PLACEMENT_3D('',#7025,#7026,#7027);
#7025 = CARTESIAN_POINT('',(104.6,63.,3.2));
#7026 = DIRECTION('',(0.,0.,1.));
#7027 = DIRECTION('',(-0.691661088777,-0.722222222222,0.));
#7028 = DEFINITIONAL_REPRESENTATION('',(#7029),#7033);
#7029 = LINE('',#7030,#7031);
#7030 = CARTESIAN_POINT('',(0.,0.));
#7031 = VECTOR('',#7032,1.);
#7032 = DIRECTION('',(1.,0.));
#7033 = ( GEOMETRIC_REPRESENTATION_CONTEXT(2) 
PARAMETRIC_REPRESENTATION_CONTEXT() REPRESENTATION_CONTEXT('2D SPACE',''
  ) );
#7034 = ORIENTED_EDGE('',*,*,#6906,.F.);
#7035 = ORIENTED_EDGE('',*,*,#4180,.F.);
#7036 = ADVANCED_FACE('',(#7037),#4249,.F.);
#7037 = FACE_BOUND('',#7038,.F.);
#7038 = EDGE_LOOP('',(#7039,#7040,#7068,#7089));
#7039 = ORIENTED_EDGE('',*,*,#6931,.T.);
#7040 = ORIENTED_EDGE('',*,*,#7041,.T.);
#7041 = EDGE_CURVE('',#6932,#7042,#7044,.T.);
#7042 = VERTEX_POINT('',#7043);
#7043 = CARTESIAN_POINT('',(99.8,-74.8,3.2));
#7044 = SURFACE_CURVE('',#7045,(#7049,#7056),.PCURVE_S1.);
#7045 = LINE('',#7046,#7047);
#7046 = CARTESIAN_POINT('',(91.5,-74.8,3.2));
#7047 = VECTOR('',#7048,1.);
#7048 = DIRECTION('',(1.,0.,-0.));
#7049 = PCURVE('',#4249,#7050);
#7050 = DEFINITIONAL_REPRESENTATION('',(#7051),#7055);
#7051 = LINE('',#7052,#7053);
#7052 = CARTESIAN_POINT('',(0.,-3.2));
#7053 = VECTOR('',#7054,1.);
#7054 = DIRECTION('',(1.,0.));
#7055 = ( GEOMETRIC_REPRESENTATION_CONTEXT(2) 
PARAMETRIC_REPRESENTATION_CONTEXT() REPRESENTATION_CONTEXT('2D SPACE',''
  ) );
#7056 = PCURVE('',#7057,#7062);
#7057 = CYLINDRICAL_SURFACE('',#7058,0.8);
#7058 = AXIS2_PLACEMENT_3D('',#7059,#7060,#7061);
#7059 = CARTESIAN_POINT('',(91.5,-74.,3.2));
#7060 = DIRECTION('',(1.,0.,-0.));
#7061 = DIRECTION('',(0.,-1.,-0.));
#7062 = DEFINITIONAL_REPRESENTATION('',(#7063),#7067);
#7063 = LINE('',#7064,#7065);
#7064 = CARTESIAN_POINT('',(-0.,0.));
#7065 = VECTOR('',#7066,1.);
#7066 = DIRECTION('',(-0.,1.));
#7067 = ( GEOMETRIC_REPRESENTATION_CONTEXT(2) 
PARAMETRIC_REPRESENTATION_CONTEXT() REPRESENTATION_CONTEXT('2D SPACE',''
  ) );
#7068 = ORIENTED_EDGE('',*,*,#7069,.F.);
#7069 = EDGE_CURVE('',#4213,#7042,#7070,.T.);
#7070 = SURFACE_CURVE('',#7071,(#7075,#7082),.PCURVE_S1.);
#7071 = LINE('',#7072,#7073);
#7072 = CARTESIAN_POINT('',(99.8,-74.8,0.));
#7073 = VECTOR('',#7074,1.);
#7074 = DIRECTION('',(0.,0.,1.));
#7075 = PCURVE('',#4249,#7076);
#7076 = DEFINITIONAL_REPRESENTATION('',(#7077),#7081);
#7077 = LINE('',#7078,#7079);
#7078 = CARTESIAN_POINT('',(8.3,0.));
#7079 = VECTOR('',#7080,1.);
#7080 = DIRECTION('',(0.,-1.));
#7081 = ( GEOMETRIC_REPRESENTATION_CONTEXT(2) 
PARAMETRIC_REPRESENTATION_CONTEXT() REPRESENTATION_CONTEXT('2D SPACE',''
  ) );
#7082 = PCURVE('',#4357,#7083);
#7083 = DEFINITIONAL_REPRESENTATION('',(#7084),#7088);
#7084 = LINE('',#7085,#7086);
#7085 = CARTESIAN_POINT('',(0.,0.));
#7086 = VECTOR('',#7087,1.);
#7087 = DIRECTION('',(0.,-1.));
#7088 = ( GEOMETRIC_REPRESENTATION_CONTEXT(2) 
PARAMETRIC_REPRESENTATION_CONTEXT() REPRESENTATION_CONTEXT('2D SPACE',''
  ) );
#7089 = ORIENTED_EDGE('',*,*,#4235,.F.);
#7090 = ADVANCED_FACE('',(#7091),#4303,.F.);
#7091 = FACE_BOUND('',#7092,.F.);
#7092 = EDGE_LOOP('',(#7093,#7116,#7142,#7143));
#7093 = ORIENTED_EDGE('',*,*,#7094,.T.);
#7094 = EDGE_CURVE('',#4265,#7095,#7097,.T.);
#7095 = VERTEX_POINT('',#7096);
#7096 = CARTESIAN_POINT('',(99.8,59.75,3.2));
#7097 = SURFACE_CURVE('',#7098,(#7102,#7109),.PCURVE_S1.);
#7098 = LINE('',#7099,#7100);
#7099 = CARTESIAN_POINT('',(99.8,59.75,0.));
#7100 = VECTOR('',#7101,1.);
#7101 = DIRECTION('',(0.,0.,1.));
#7102 = PCURVE('',#4303,#7103);
#7103 = DEFINITIONAL_REPRESENTATION('',(#7104),#7108);
#7104 = LINE('',#7105,#7106);
#7105 = CARTESIAN_POINT('',(0.,0.));
#7106 = VECTOR('',#7107,1.);
#7107 = DIRECTION('',(0.,-1.));
#7108 = ( GEOMETRIC_REPRESENTATION_CONTEXT(2) 
PARAMETRIC_REPRESENTATION_CONTEXT() REPRESENTATION_CONTEXT('2D SPACE',''
  ) );
#7109 = PCURVE('',#4411,#7110);
#7110 = DEFINITIONAL_REPRESENTATION('',(#7111),#7115);
#7111 = LINE('',#7112,#7113);
#7112 = CARTESIAN_POINT('',(43.5,0.));
#7113 = VECTOR('',#7114,1.);
#7114 = DIRECTION('',(0.,-1.));
#7115 = ( GEOMETRIC_REPRESENTATION_CONTEXT(2) 
PARAMETRIC_REPRESENTATION_CONTEXT() REPRESENTATION_CONTEXT('2D SPACE',''
  ) );
#7116 = ORIENTED_EDGE('',*,*,#7117,.T.);
#7117 = EDGE_CURVE('',#7095,#6986,#7118,.T.);
#7118 = SURFACE_CURVE('',#7119,(#7123,#7130),.PCURVE_S1.);
#7119 = LINE('',#7120,#7121);
#7120 = CARTESIAN_POINT('',(99.8,59.75,3.2));
#7121 = VECTOR('',#7122,1.);
#7122 = DIRECTION('',(1.,0.,-0.));
#7123 = PCURVE('',#4303,#7124);
#7124 = DEFINITIONAL_REPRESENTATION('',(#7125),#7129);
#7125 = LINE('',#7126,#7127);
#7126 = CARTESIAN_POINT('',(0.,-3.2));
#7127 = VECTOR('',#7128,1.);
#7128 = DIRECTION('',(1.,0.));
#7129 = ( GEOMETRIC_REPRESENTATION_CONTEXT(2) 
PARAMETRIC_REPRESENTATION_CONTEXT() REPRESENTATION_CONTEXT('2D SPACE',''
  ) );
#7130 = PCURVE('',#7131,#7136);
#7131 = CYLINDRICAL_SURFACE('',#7132,0.8);
#7132 = AXIS2_PLACEMENT_3D('',#7133,#7134,#7135);
#7133 = CARTESIAN_POINT('',(99.8,60.55,3.2));
#7134 = DIRECTION('',(1.,0.,-0.));
#7135 = DIRECTION('',(0.,-1.,-0.));
#7136 = DEFINITIONAL_REPRESENTATION('',(#7137),#7141);
#7137 = LINE('',#7138,#7139);
#7138 = CARTESIAN_POINT('',(-0.,0.));
#7139 = VECTOR('',#7140,1.);
#7140 = DIRECTION('',(-0.,1.));
#7141 = ( GEOMETRIC_REPRESENTATION_CONTEXT(2) 
PARAMETRIC_REPRESENTATION_CONTEXT() REPRESENTATION_CONTEXT('2D SPACE',''
  ) );
#7142 = ORIENTED_EDGE('',*,*,#6985,.F.);
#7143 = ORIENTED_EDGE('',*,*,#4289,.F.);
#7144 = ADVANCED_FACE('',(#7145),#4357,.F.);
#7145 = FACE_BOUND('',#7146,.F.);
#7146 = EDGE_LOOP('',(#7147,#7148,#7176,#7197));
#7147 = ORIENTED_EDGE('',*,*,#7069,.T.);
#7148 = ORIENTED_EDGE('',*,*,#7149,.T.);
#7149 = EDGE_CURVE('',#7042,#7150,#7152,.T.);
#7150 = VERTEX_POINT('',#7151);
#7151 = CARTESIAN_POINT('',(99.8,-40.25,3.2));
#7152 = SURFACE_CURVE('',#7153,(#7157,#7164),.PCURVE_S1.);
#7153 = LINE('',#7154,#7155);
#7154 = CARTESIAN_POINT('',(99.8,-74.8,3.2));
#7155 = VECTOR('',#7156,1.);
#7156 = DIRECTION('',(-0.,1.,0.));
#7157 = PCURVE('',#4357,#7158);
#7158 = DEFINITIONAL_REPRESENTATION('',(#7159),#7163);
#7159 = LINE('',#7160,#7161);
#7160 = CARTESIAN_POINT('',(0.,-3.2));
#7161 = VECTOR('',#7162,1.);
#7162 = DIRECTION('',(1.,0.));
#7163 = ( GEOMETRIC_REPRESENTATION_CONTEXT(2) 
PARAMETRIC_REPRESENTATION_CONTEXT() REPRESENTATION_CONTEXT('2D SPACE',''
  ) );
#7164 = PCURVE('',#7165,#7170);
#7165 = CYLINDRICAL_SURFACE('',#7166,0.8);
#7166 = AXIS2_PLACEMENT_3D('',#7167,#7168,#7169);
#7167 = CARTESIAN_POINT('',(99.,-74.8,3.2));
#7168 = DIRECTION('',(-0.,1.,0.));
#7169 = DIRECTION('',(1.,0.,-0.));
#7170 = DEFINITIONAL_REPRESENTATION('',(#7171),#7175);
#7171 = LINE('',#7172,#7173);
#7172 = CARTESIAN_POINT('',(-0.,0.));
#7173 = VECTOR('',#7174,1.);
#7174 = DIRECTION('',(-0.,1.));
#7175 = ( GEOMETRIC_REPRESENTATION_CONTEXT(2) 
PARAMETRIC_REPRESENTATION_CONTEXT() REPRESENTATION_CONTEXT('2D SPACE',''
  ) );
#7176 = ORIENTED_EDGE('',*,*,#7177,.F.);
#7177 = EDGE_CURVE('',#4321,#7150,#7178,.T.);
#7178 = SURFACE_CURVE('',#7179,(#7183,#7190),.PCURVE_S1.);
#7179 = LINE('',#7180,#7181);
#7180 = CARTESIAN_POINT('',(99.8,-40.25,0.));
#7181 = VECTOR('',#7182,1.);
#7182 = DIRECTION('',(0.,0.,1.));
#7183 = PCURVE('',#4357,#7184);
#7184 = DEFINITIONAL_REPRESENTATION('',(#7185),#7189);
#7185 = LINE('',#7186,#7187);
#7186 = CARTESIAN_POINT('',(34.55,0.));
#7187 = VECTOR('',#7188,1.);
#7188 = DIRECTION('',(0.,-1.));
#7189 = ( GEOMETRIC_REPRESENTATION_CONTEXT(2) 
PARAMETRIC_REPRESENTATION_CONTEXT() REPRESENTATION_CONTEXT('2D SPACE',''
  ) );
#7190 = PCURVE('',#4469,#7191);
#7191 = DEFINITIONAL_REPRESENTATION('',(#7192),#7196);
#7192 = LINE('',#7193,#7194);
#7193 = CARTESIAN_POINT('',(0.,0.));
#7194 = VECTOR('',#7195,1.);
#7195 = DIRECTION('',(0.,-1.));
#7196 = ( GEOMETRIC_REPRESENTATION_CONTEXT(2) 
PARAMETRIC_REPRESENTATION_CONTEXT() REPRESENTATION_CONTEXT('2D SPACE',''
  ) );
#7197 = ORIENTED_EDGE('',*,*,#4343,.F.);
#7198 = ADVANCED_FACE('',(#7199),#4411,.F.);
#7199 = FACE_BOUND('',#7200,.F.);
#7200 = EDGE_LOOP('',(#7201,#7224,#7250,#7251));
#7201 = ORIENTED_EDGE('',*,*,#7202,.T.);
#7202 = EDGE_CURVE('',#4373,#7203,#7205,.T.);
#7203 = VERTEX_POINT('',#7204);
#7204 = CARTESIAN_POINT('',(99.8,16.25,3.2));
#7205 = SURFACE_CURVE('',#7206,(#7210,#7217),.PCURVE_S1.);
#7206 = LINE('',#7207,#7208);
#7207 = CARTESIAN_POINT('',(99.8,16.25,0.));
#7208 = VECTOR('',#7209,1.);
#7209 = DIRECTION('',(0.,0.,1.));
#7210 = PCURVE('',#4411,#7211);
#7211 = DEFINITIONAL_REPRESENTATION('',(#7212),#7216);
#7212 = LINE('',#7213,#7214);
#7213 = CARTESIAN_POINT('',(0.,0.));
#7214 = VECTOR('',#7215,1.);
#7215 = DIRECTION('',(0.,-1.));
#7216 = ( GEOMETRIC_REPRESENTATION_CONTEXT(2) 
PARAMETRIC_REPRESENTATION_CONTEXT() REPRESENTATION_CONTEXT('2D SPACE',''
  ) );
#7217 = PCURVE('',#4527,#7218);
#7218 = DEFINITIONAL_REPRESENTATION('',(#7219),#7223);
#7219 = LINE('',#7220,#7221);
#7220 = CARTESIAN_POINT('',(0.,0.));
#7221 = VECTOR('',#7222,1.);
#7222 = DIRECTION('',(0.,-1.));
#7223 = ( GEOMETRIC_REPRESENTATION_CONTEXT(2) 
PARAMETRIC_REPRESENTATION_CONTEXT() REPRESENTATION_CONTEXT('2D SPACE',''
  ) );
#7224 = ORIENTED_EDGE('',*,*,#7225,.T.);
#7225 = EDGE_CURVE('',#7203,#7095,#7226,.T.);
#7226 = SURFACE_CURVE('',#7227,(#7231,#7238),.PCURVE_S1.);
#7227 = LINE('',#7228,#7229);
#7228 = CARTESIAN_POINT('',(99.8,16.25,3.2));
#7229 = VECTOR('',#7230,1.);
#7230 = DIRECTION('',(-0.,1.,0.));
#7231 = PCURVE('',#4411,#7232);
#7232 = DEFINITIONAL_REPRESENTATION('',(#7233),#7237);
#7233 = LINE('',#7234,#7235);
#7234 = CARTESIAN_POINT('',(0.,-3.2));
#7235 = VECTOR('',#7236,1.);
#7236 = DIRECTION('',(1.,0.));
#7237 = ( GEOMETRIC_REPRESENTATION_CONTEXT(2) 
PARAMETRIC_REPRESENTATION_CONTEXT() REPRESENTATION_CONTEXT('2D SPACE',''
  ) );
#7238 = PCURVE('',#7239,#7244);
#7239 = CYLINDRICAL_SURFACE('',#7240,0.8);
#7240 = AXIS2_PLACEMENT_3D('',#7241,#7242,#7243);
#7241 = CARTESIAN_POINT('',(99.,16.25,3.2));
#7242 = DIRECTION('',(-0.,1.,0.));
#7243 = DIRECTION('',(1.,0.,-0.));
#7244 = DEFINITIONAL_REPRESENTATION('',(#7245),#7249);
#7245 = LINE('',#7246,#7247);
#7246 = CARTESIAN_POINT('',(-0.,0.));
#7247 = VECTOR('',#7248,1.);
#7248 = DIRECTION('',(-0.,1.));
#7249 = ( GEOMETRIC_REPRESENTATION_CONTEXT(2) 
PARAMETRIC_REPRESENTATION_CONTEXT() REPRESENTATION_CONTEXT('2D SPACE',''
  ) );
#7250 = ORIENTED_EDGE('',*,*,#7094,.F.);
#7251 = ORIENTED_EDGE('',*,*,#4397,.F.);
#7252 = ADVANCED_FACE('',(#7253),#4469,.F.);
#7253 = FACE_BOUND('',#7254,.F.);
#7254 = EDGE_LOOP('',(#7255,#7256,#7284,#7305));
#7255 = ORIENTED_EDGE('',*,*,#7177,.T.);
#7256 = ORIENTED_EDGE('',*,*,#7257,.T.);
#7257 = EDGE_CURVE('',#7150,#7258,#7260,.T.);
#7258 = VERTEX_POINT('',#7259);
#7259 = CARTESIAN_POINT('',(101.4875251005,-40.25,3.2));
#7260 = SURFACE_CURVE('',#7261,(#7265,#7272),.PCURVE_S1.);
#7261 = LINE('',#7262,#7263);
#7262 = CARTESIAN_POINT('',(99.8,-40.25,3.2));
#7263 = VECTOR('',#7264,1.);
#7264 = DIRECTION('',(1.,0.,-0.));
#7265 = PCURVE('',#4469,#7266);
#7266 = DEFINITIONAL_REPRESENTATION('',(#7267),#7271);
#7267 = LINE('',#7268,#7269);
#7268 = CARTESIAN_POINT('',(0.,-3.2));
#7269 = VECTOR('',#7270,1.);
#7270 = DIRECTION('',(1.,0.));
#7271 = ( GEOMETRIC_REPRESENTATION_CONTEXT(2) 
PARAMETRIC_REPRESENTATION_CONTEXT() REPRESENTATION_CONTEXT('2D SPACE',''
  ) );
#7272 = PCURVE('',#7273,#7278);
#7273 = CYLINDRICAL_SURFACE('',#7274,0.8);
#7274 = AXIS2_PLACEMENT_3D('',#7275,#7276,#7277);
#7275 = CARTESIAN_POINT('',(99.8,-39.45,3.2));
#7276 = DIRECTION('',(1.,0.,-0.));
#7277 = DIRECTION('',(0.,-1.,-0.));
#7278 = DEFINITIONAL_REPRESENTATION('',(#7279),#7283);
#7279 = LINE('',#7280,#7281);
#7280 = CARTESIAN_POINT('',(-0.,0.));
#7281 = VECTOR('',#7282,1.);
#7282 = DIRECTION('',(-0.,1.));
#7283 = ( GEOMETRIC_REPRESENTATION_CONTEXT(2) 
PARAMETRIC_REPRESENTATION_CONTEXT() REPRESENTATION_CONTEXT('2D SPACE',''
  ) );
#7284 = ORIENTED_EDGE('',*,*,#7285,.F.);
#7285 = EDGE_CURVE('',#4429,#7258,#7286,.T.);
#7286 = SURFACE_CURVE('',#7287,(#7291,#7298),.PCURVE_S1.);
#7287 = LINE('',#7288,#7289);
#7288 = CARTESIAN_POINT('',(101.4875251005,-40.25,0.));
#7289 = VECTOR('',#7290,1.);
#7290 = DIRECTION('',(0.,0.,1.));
#7291 = PCURVE('',#4469,#7292);
#7292 = DEFINITIONAL_REPRESENTATION('',(#7293),#7297);
#7293 = LINE('',#7294,#7295);
#7294 = CARTESIAN_POINT('',(1.687525100503,0.));
#7295 = VECTOR('',#7296,1.);
#7296 = DIRECTION('',(0.,-1.));
#7297 = ( GEOMETRIC_REPRESENTATION_CONTEXT(2) 
PARAMETRIC_REPRESENTATION_CONTEXT() REPRESENTATION_CONTEXT('2D SPACE',''
  ) );
#7298 = PCURVE('',#4586,#7299);
#7299 = DEFINITIONAL_REPRESENTATION('',(#7300),#7304);
#7300 = LINE('',#7301,#7302);
#7301 = CARTESIAN_POINT('',(-0.,0.));
#7302 = VECTOR('',#7303,1.);
#7303 = DIRECTION('',(-0.,-1.));
#7304 = ( GEOMETRIC_REPRESENTATION_CONTEXT(2) 
PARAMETRIC_REPRESENTATION_CONTEXT() REPRESENTATION_CONTEXT('2D SPACE',''
  ) );
#7305 = ORIENTED_EDGE('',*,*,#4455,.F.);
#7306 = ADVANCED_FACE('',(#7307),#4527,.T.);
#7307 = FACE_BOUND('',#7308,.T.);
#7308 = EDGE_LOOP('',(#7309,#7310,#7338,#7359));
#7309 = ORIENTED_EDGE('',*,*,#7202,.T.);
#7310 = ORIENTED_EDGE('',*,*,#7311,.T.);
#7311 = EDGE_CURVE('',#7203,#7312,#7314,.T.);
#7312 = VERTEX_POINT('',#7313);
#7313 = CARTESIAN_POINT('',(101.4875251005,16.25,3.2));
#7314 = SURFACE_CURVE('',#7315,(#7319,#7326),.PCURVE_S1.);
#7315 = LINE('',#7316,#7317);
#7316 = CARTESIAN_POINT('',(99.8,16.25,3.2));
#7317 = VECTOR('',#7318,1.);
#7318 = DIRECTION('',(1.,0.,-0.));
#7319 = PCURVE('',#4527,#7320);
#7320 = DEFINITIONAL_REPRESENTATION('',(#7321),#7325);
#7321 = LINE('',#7322,#7323);
#7322 = CARTESIAN_POINT('',(0.,-3.2));
#7323 = VECTOR('',#7324,1.);
#7324 = DIRECTION('',(1.,0.));
#7325 = ( GEOMETRIC_REPRESENTATION_CONTEXT(2) 
PARAMETRIC_REPRESENTATION_CONTEXT() REPRESENTATION_CONTEXT('2D SPACE',''
  ) );
#7326 = PCURVE('',#7327,#7332);
#7327 = CYLINDRICAL_SURFACE('',#7328,0.8);
#7328 = AXIS2_PLACEMENT_3D('',#7329,#7330,#7331);
#7329 = CARTESIAN_POINT('',(99.8,15.45,3.2));
#7330 = DIRECTION('',(1.,0.,-0.));
#7331 = DIRECTION('',(0.,1.,0.));
#7332 = DEFINITIONAL_REPRESENTATION('',(#7333),#7337);
#7333 = LINE('',#7334,#7335);
#7334 = CARTESIAN_POINT('',(0.,0.));
#7335 = VECTOR('',#7336,1.);
#7336 = DIRECTION('',(0.,1.));
#7337 = ( GEOMETRIC_REPRESENTATION_CONTEXT(2) 
PARAMETRIC_REPRESENTATION_CONTEXT() REPRESENTATION_CONTEXT('2D SPACE',''
  ) );
#7338 = ORIENTED_EDGE('',*,*,#7339,.F.);
#7339 = EDGE_CURVE('',#4487,#7312,#7340,.T.);
#7340 = SURFACE_CURVE('',#7341,(#7345,#7352),.PCURVE_S1.);
#7341 = LINE('',#7342,#7343);
#7342 = CARTESIAN_POINT('',(101.4875251005,16.25,0.));
#7343 = VECTOR('',#7344,1.);
#7344 = DIRECTION('',(0.,0.,1.));
#7345 = PCURVE('',#4527,#7346);
#7346 = DEFINITIONAL_REPRESENTATION('',(#7347),#7351);
#7347 = LINE('',#7348,#7349);
#7348 = CARTESIAN_POINT('',(1.687525100503,0.));
#7349 = VECTOR('',#7350,1.);
#7350 = DIRECTION('',(0.,-1.));
#7351 = ( GEOMETRIC_REPRESENTATION_CONTEXT(2) 
PARAMETRIC_REPRESENTATION_CONTEXT() REPRESENTATION_CONTEXT('2D SPACE',''
  ) );
#7352 = PCURVE('',#4645,#7353);
#7353 = DEFINITIONAL_REPRESENTATION('',(#7354),#7358);
#7354 = LINE('',#7355,#7356);
#7355 = CARTESIAN_POINT('',(-4.669165646385,0.));
#7356 = VECTOR('',#7357,1.);
#7357 = DIRECTION('',(-0.,-1.));
#7358 = ( GEOMETRIC_REPRESENTATION_CONTEXT(2) 
PARAMETRIC_REPRESENTATION_CONTEXT() REPRESENTATION_CONTEXT('2D SPACE',''
  ) );
#7359 = ORIENTED_EDGE('',*,*,#4513,.F.);
#7360 = ADVANCED_FACE('',(#7361),#4586,.T.);
#7361 = FACE_BOUND('',#7362,.F.);
#7362 = EDGE_LOOP('',(#7363,#7364,#7393,#7414));
#7363 = ORIENTED_EDGE('',*,*,#7285,.T.);
#7364 = ORIENTED_EDGE('',*,*,#7365,.T.);
#7365 = EDGE_CURVE('',#7258,#7366,#7368,.T.);
#7366 = VERTEX_POINT('',#7367);
#7367 = CARTESIAN_POINT('',(101.4875251005,-33.75,3.2));
#7368 = SURFACE_CURVE('',#7369,(#7374,#7381),.PCURVE_S1.);
#7369 = CIRCLE('',#7370,4.5);
#7370 = AXIS2_PLACEMENT_3D('',#7371,#7372,#7373);
#7371 = CARTESIAN_POINT('',(104.6,-37.,3.2));
#7372 = DIRECTION('',(0.,0.,1.));
#7373 = DIRECTION('',(-0.691661088777,-0.722222222222,0.));
#7374 = PCURVE('',#4586,#7375);
#7375 = DEFINITIONAL_REPRESENTATION('',(#7376),#7380);
#7376 = LINE('',#7377,#7378);
#7377 = CARTESIAN_POINT('',(-0.,-3.2));
#7378 = VECTOR('',#7379,1.);
#7379 = DIRECTION('',(-1.,0.));
#7380 = ( GEOMETRIC_REPRESENTATION_CONTEXT(2) 
PARAMETRIC_REPRESENTATION_CONTEXT() REPRESENTATION_CONTEXT('2D SPACE',''
  ) );
#7381 = PCURVE('',#7382,#7387);
#7382 = TOROIDAL_SURFACE('',#7383,3.7,0.8);
#7383 = AXIS2_PLACEMENT_3D('',#7384,#7385,#7386);
#7384 = CARTESIAN_POINT('',(104.6,-37.,3.2));
#7385 = DIRECTION('',(0.,0.,1.));
#7386 = DIRECTION('',(-0.691661088777,-0.722222222222,0.));
#7387 = DEFINITIONAL_REPRESENTATION('',(#7388),#7392);
#7388 = LINE('',#7389,#7390);
#7389 = CARTESIAN_POINT('',(0.,0.));
#7390 = VECTOR('',#7391,1.);
#7391 = DIRECTION('',(1.,0.));
#7392 = ( GEOMETRIC_REPRESENTATION_CONTEXT(2) 
PARAMETRIC_REPRESENTATION_CONTEXT() REPRESENTATION_CONTEXT('2D SPACE',''
  ) );
#7393 = ORIENTED_EDGE('',*,*,#7394,.F.);
#7394 = EDGE_CURVE('',#4545,#7366,#7395,.T.);
#7395 = SURFACE_CURVE('',#7396,(#7400,#7407),.PCURVE_S1.);
#7396 = LINE('',#7397,#7398);
#7397 = CARTESIAN_POINT('',(101.4875251005,-33.75,0.));
#7398 = VECTOR('',#7399,1.);
#7399 = DIRECTION('',(0.,0.,1.));
#7400 = PCURVE('',#4586,#7401);
#7401 = DEFINITIONAL_REPRESENTATION('',(#7402),#7406);
#7402 = LINE('',#7403,#7404);
#7403 = CARTESIAN_POINT('',(-4.669165646385,0.));
#7404 = VECTOR('',#7405,1.);
#7405 = DIRECTION('',(-0.,-1.));
#7406 = ( GEOMETRIC_REPRESENTATION_CONTEXT(2) 
PARAMETRIC_REPRESENTATION_CONTEXT() REPRESENTATION_CONTEXT('2D SPACE',''
  ) );
#7407 = PCURVE('',#4699,#7408);
#7408 = DEFINITIONAL_REPRESENTATION('',(#7409),#7413);
#7409 = LINE('',#7410,#7411);
#7410 = CARTESIAN_POINT('',(1.687525100503,0.));
#7411 = VECTOR('',#7412,1.);
#7412 = DIRECTION('',(0.,-1.));
#7413 = ( GEOMETRIC_REPRESENTATION_CONTEXT(2) 
PARAMETRIC_REPRESENTATION_CONTEXT() REPRESENTATION_CONTEXT('2D SPACE',''
  ) );
#7414 = ORIENTED_EDGE('',*,*,#4571,.F.);
#7415 = ADVANCED_FACE('',(#7416),#4645,.T.);
#7416 = FACE_BOUND('',#7417,.F.);
#7417 = EDGE_LOOP('',(#7418,#7441,#7468,#7469));
#7418 = ORIENTED_EDGE('',*,*,#7419,.T.);
#7419 = EDGE_CURVE('',#4602,#7420,#7422,.T.);
#7420 = VERTEX_POINT('',#7421);
#7421 = CARTESIAN_POINT('',(101.4875251005,9.75,3.2));
#7422 = SURFACE_CURVE('',#7423,(#7427,#7434),.PCURVE_S1.);
#7423 = LINE('',#7424,#7425);
#7424 = CARTESIAN_POINT('',(101.4875251005,9.75,0.));
#7425 = VECTOR('',#7426,1.);
#7426 = DIRECTION('',(0.,0.,1.));
#7427 = PCURVE('',#4645,#7428);
#7428 = DEFINITIONAL_REPRESENTATION('',(#7429),#7433);
#7429 = LINE('',#7430,#7431);
#7430 = CARTESIAN_POINT('',(-0.,0.));
#7431 = VECTOR('',#7432,1.);
#7432 = DIRECTION('',(-0.,-1.));
#7433 = ( GEOMETRIC_REPRESENTATION_CONTEXT(2) 
PARAMETRIC_REPRESENTATION_CONTEXT() REPRESENTATION_CONTEXT('2D SPACE',''
  ) );
#7434 = PCURVE('',#4753,#7435);
#7435 = DEFINITIONAL_REPRESENTATION('',(#7436),#7440);
#7436 = LINE('',#7437,#7438);
#7437 = CARTESIAN_POINT('',(1.687525100503,0.));
#7438 = VECTOR('',#7439,1.);
#7439 = DIRECTION('',(0.,-1.));
#7440 = ( GEOMETRIC_REPRESENTATION_CONTEXT(2) 
PARAMETRIC_REPRESENTATION_CONTEXT() REPRESENTATION_CONTEXT('2D SPACE',''
  ) );
#7441 = ORIENTED_EDGE('',*,*,#7442,.T.);
#7442 = EDGE_CURVE('',#7420,#7312,#7443,.T.);
#7443 = SURFACE_CURVE('',#7444,(#7449,#7456),.PCURVE_S1.);
#7444 = CIRCLE('',#7445,4.5);
#7445 = AXIS2_PLACEMENT_3D('',#7446,#7447,#7448);
#7446 = CARTESIAN_POINT('',(104.6,13.,3.2));
#7447 = DIRECTION('',(0.,0.,1.));
#7448 = DIRECTION('',(-0.691661088777,-0.722222222222,0.));
#7449 = PCURVE('',#4645,#7450);
#7450 = DEFINITIONAL_REPRESENTATION('',(#7451),#7455);
#7451 = LINE('',#7452,#7453);
#7452 = CARTESIAN_POINT('',(-0.,-3.2));
#7453 = VECTOR('',#7454,1.);
#7454 = DIRECTION('',(-1.,0.));
#7455 = ( GEOMETRIC_REPRESENTATION_CONTEXT(2) 
PARAMETRIC_REPRESENTATION_CONTEXT() REPRESENTATION_CONTEXT('2D SPACE',''
  ) );
#7456 = PCURVE('',#7457,#7462);
#7457 = TOROIDAL_SURFACE('',#7458,3.7,0.8);
#7458 = AXIS2_PLACEMENT_3D('',#7459,#7460,#7461);
#7459 = CARTESIAN_POINT('',(104.6,13.,3.2));
#7460 = DIRECTION('',(0.,0.,1.));
#7461 = DIRECTION('',(-0.691661088777,-0.722222222222,0.));
#7462 = DEFINITIONAL_REPRESENTATION('',(#7463),#7467);
#7463 = LINE('',#7464,#7465);
#7464 = CARTESIAN_POINT('',(0.,0.));
#7465 = VECTOR('',#7466,1.);
#7466 = DIRECTION('',(1.,0.));
#7467 = ( GEOMETRIC_REPRESENTATION_CONTEXT(2) 
PARAMETRIC_REPRESENTATION_CONTEXT() REPRESENTATION_CONTEXT('2D SPACE',''
  ) );
#7468 = ORIENTED_EDGE('',*,*,#7339,.F.);
#7469 = ORIENTED_EDGE('',*,*,#4630,.F.);
#7470 = ADVANCED_FACE('',(#7471),#4699,.T.);
#7471 = FACE_BOUND('',#7472,.T.);
#7472 = EDGE_LOOP('',(#7473,#7496,#7522,#7523));
#7473 = ORIENTED_EDGE('',*,*,#7474,.T.);
#7474 = EDGE_CURVE('',#4661,#7475,#7477,.T.);
#7475 = VERTEX_POINT('',#7476);
#7476 = CARTESIAN_POINT('',(99.8,-33.75,3.2));
#7477 = SURFACE_CURVE('',#7478,(#7482,#7489),.PCURVE_S1.);
#7478 = LINE('',#7479,#7480);
#7479 = CARTESIAN_POINT('',(99.8,-33.75,0.));
#7480 = VECTOR('',#7481,1.);
#7481 = DIRECTION('',(0.,0.,1.));
#7482 = PCURVE('',#4699,#7483);
#7483 = DEFINITIONAL_REPRESENTATION('',(#7484),#7488);
#7484 = LINE('',#7485,#7486);
#7485 = CARTESIAN_POINT('',(0.,0.));
#7486 = VECTOR('',#7487,1.);
#7487 = DIRECTION('',(0.,-1.));
#7488 = ( GEOMETRIC_REPRESENTATION_CONTEXT(2) 
PARAMETRIC_REPRESENTATION_CONTEXT() REPRESENTATION_CONTEXT('2D SPACE',''
  ) );
#7489 = PCURVE('',#4785,#7490);
#7490 = DEFINITIONAL_REPRESENTATION('',(#7491),#7495);
#7491 = LINE('',#7492,#7493);
#7492 = CARTESIAN_POINT('',(0.,0.));
#7493 = VECTOR('',#7494,1.);
#7494 = DIRECTION('',(0.,-1.));
#7495 = ( GEOMETRIC_REPRESENTATION_CONTEXT(2) 
PARAMETRIC_REPRESENTATION_CONTEXT() REPRESENTATION_CONTEXT('2D SPACE',''
  ) );
#7496 = ORIENTED_EDGE('',*,*,#7497,.T.);
#7497 = EDGE_CURVE('',#7475,#7366,#7498,.T.);
#7498 = SURFACE_CURVE('',#7499,(#7503,#7510),.PCURVE_S1.);
#7499 = LINE('',#7500,#7501);
#7500 = CARTESIAN_POINT('',(99.8,-33.75,3.2));
#7501 = VECTOR('',#7502,1.);
#7502 = DIRECTION('',(1.,0.,-0.));
#7503 = PCURVE('',#4699,#7504);
#7504 = DEFINITIONAL_REPRESENTATION('',(#7505),#7509);
#7505 = LINE('',#7506,#7507);
#7506 = CARTESIAN_POINT('',(0.,-3.2));
#7507 = VECTOR('',#7508,1.);
#7508 = DIRECTION('',(1.,0.));
#7509 = ( GEOMETRIC_REPRESENTATION_CONTEXT(2) 
PARAMETRIC_REPRESENTATION_CONTEXT() REPRESENTATION_CONTEXT('2D SPACE',''
  ) );
#7510 = PCURVE('',#7511,#7516);
#7511 = CYLINDRICAL_SURFACE('',#7512,0.8);
#7512 = AXIS2_PLACEMENT_3D('',#7513,#7514,#7515);
#7513 = CARTESIAN_POINT('',(99.8,-34.55,3.2));
#7514 = DIRECTION('',(1.,0.,-0.));
#7515 = DIRECTION('',(0.,1.,0.));
#7516 = DEFINITIONAL_REPRESENTATION('',(#7517),#7521);
#7517 = LINE('',#7518,#7519);
#7518 = CARTESIAN_POINT('',(0.,0.));
#7519 = VECTOR('',#7520,1.);
#7520 = DIRECTION('',(0.,1.));
#7521 = ( GEOMETRIC_REPRESENTATION_CONTEXT(2) 
PARAMETRIC_REPRESENTATION_CONTEXT() REPRESENTATION_CONTEXT('2D SPACE',''
  ) );
#7522 = ORIENTED_EDGE('',*,*,#7394,.F.);
#7523 = ORIENTED_EDGE('',*,*,#4685,.F.);
#7524 = ADVANCED_FACE('',(#7525),#4753,.F.);
#7525 = FACE_BOUND('',#7526,.F.);
#7526 = EDGE_LOOP('',(#7527,#7550,#7576,#7577));
#7527 = ORIENTED_EDGE('',*,*,#7528,.T.);
#7528 = EDGE_CURVE('',#4715,#7529,#7531,.T.);
#7529 = VERTEX_POINT('',#7530);
#7530 = CARTESIAN_POINT('',(99.8,9.75,3.2));
#7531 = SURFACE_CURVE('',#7532,(#7536,#7543),.PCURVE_S1.);
#7532 = LINE('',#7533,#7534);
#7533 = CARTESIAN_POINT('',(99.8,9.75,0.));
#7534 = VECTOR('',#7535,1.);
#7535 = DIRECTION('',(0.,0.,1.));
#7536 = PCURVE('',#4753,#7537);
#7537 = DEFINITIONAL_REPRESENTATION('',(#7538),#7542);
#7538 = LINE('',#7539,#7540);
#7539 = CARTESIAN_POINT('',(0.,0.));
#7540 = VECTOR('',#7541,1.);
#7541 = DIRECTION('',(0.,-1.));
#7542 = ( GEOMETRIC_REPRESENTATION_CONTEXT(2) 
PARAMETRIC_REPRESENTATION_CONTEXT() REPRESENTATION_CONTEXT('2D SPACE',''
  ) );
#7543 = PCURVE('',#4785,#7544);
#7544 = DEFINITIONAL_REPRESENTATION('',(#7545),#7549);
#7545 = LINE('',#7546,#7547);
#7546 = CARTESIAN_POINT('',(43.5,0.));
#7547 = VECTOR('',#7548,1.);
#7548 = DIRECTION('',(0.,-1.));
#7549 = ( GEOMETRIC_REPRESENTATION_CONTEXT(2) 
PARAMETRIC_REPRESENTATION_CONTEXT() REPRESENTATION_CONTEXT('2D SPACE',''
  ) );
#7550 = ORIENTED_EDGE('',*,*,#7551,.T.);
#7551 = EDGE_CURVE('',#7529,#7420,#7552,.T.);
#7552 = SURFACE_CURVE('',#7553,(#7557,#7564),.PCURVE_S1.);
#7553 = LINE('',#7554,#7555);
#7554 = CARTESIAN_POINT('',(99.8,9.75,3.2));
#7555 = VECTOR('',#7556,1.);
#7556 = DIRECTION('',(1.,0.,-0.));
#7557 = PCURVE('',#4753,#7558);
#7558 = DEFINITIONAL_REPRESENTATION('',(#7559),#7563);
#7559 = LINE('',#7560,#7561);
#7560 = CARTESIAN_POINT('',(0.,-3.2));
#7561 = VECTOR('',#7562,1.);
#7562 = DIRECTION('',(1.,0.));
#7563 = ( GEOMETRIC_REPRESENTATION_CONTEXT(2) 
PARAMETRIC_REPRESENTATION_CONTEXT() REPRESENTATION_CONTEXT('2D SPACE',''
  ) );
#7564 = PCURVE('',#7565,#7570);
#7565 = CYLINDRICAL_SURFACE('',#7566,0.8);
#7566 = AXIS2_PLACEMENT_3D('',#7567,#7568,#7569);
#7567 = CARTESIAN_POINT('',(99.8,10.55,3.2));
#7568 = DIRECTION('',(1.,0.,-0.));
#7569 = DIRECTION('',(0.,-1.,-0.));
#7570 = DEFINITIONAL_REPRESENTATION('',(#7571),#7575);
#7571 = LINE('',#7572,#7573);
#7572 = CARTESIAN_POINT('',(-0.,0.));
#7573 = VECTOR('',#7574,1.);
#7574 = DIRECTION('',(-0.,1.));
#7575 = ( GEOMETRIC_REPRESENTATION_CONTEXT(2) 
PARAMETRIC_REPRESENTATION_CONTEXT() REPRESENTATION_CONTEXT('2D SPACE',''
  ) );
#7576 = ORIENTED_EDGE('',*,*,#7419,.F.);
#7577 = ORIENTED_EDGE('',*,*,#4739,.F.);
#7578 = ADVANCED_FACE('',(#7579),#4785,.F.);
#7579 = FACE_BOUND('',#7580,.F.);
#7580 = EDGE_LOOP('',(#7581,#7582,#7608,#7609));
#7581 = ORIENTED_EDGE('',*,*,#7474,.T.);
#7582 = ORIENTED_EDGE('',*,*,#7583,.T.);
#7583 = EDGE_CURVE('',#7475,#7529,#7584,.T.);
#7584 = SURFACE_CURVE('',#7585,(#7589,#7596),.PCURVE_S1.);
#7585 = LINE('',#7586,#7587);
#7586 = CARTESIAN_POINT('',(99.8,-33.75,3.2));
#7587 = VECTOR('',#7588,1.);
#7588 = DIRECTION('',(-0.,1.,0.));
#7589 = PCURVE('',#4785,#7590);
#7590 = DEFINITIONAL_REPRESENTATION('',(#7591),#7595);
#7591 = LINE('',#7592,#7593);
#7592 = CARTESIAN_POINT('',(0.,-3.2));
#7593 = VECTOR('',#7594,1.);
#7594 = DIRECTION('',(1.,0.));
#7595 = ( GEOMETRIC_REPRESENTATION_CONTEXT(2) 
PARAMETRIC_REPRESENTATION_CONTEXT() REPRESENTATION_CONTEXT('2D SPACE',''
  ) );
#7596 = PCURVE('',#7597,#7602);
#7597 = CYLINDRICAL_SURFACE('',#7598,0.8);
#7598 = AXIS2_PLACEMENT_3D('',#7599,#7600,#7601);
#7599 = CARTESIAN_POINT('',(99.,-33.75,3.2));
#7600 = DIRECTION('',(-0.,1.,0.));
#7601 = DIRECTION('',(1.,0.,-0.));
#7602 = DEFINITIONAL_REPRESENTATION('',(#7603),#7607);
#7603 = LINE('',#7604,#7605);
#7604 = CARTESIAN_POINT('',(-0.,0.));
#7605 = VECTOR('',#7606,1.);
#7606 = DIRECTION('',(-0.,1.));
#7607 = ( GEOMETRIC_REPRESENTATION_CONTEXT(2) 
PARAMETRIC_REPRESENTATION_CONTEXT() REPRESENTATION_CONTEXT('2D SPACE',''
  ) );
#7608 = ORIENTED_EDGE('',*,*,#7528,.F.);
#7609 = ORIENTED_EDGE('',*,*,#4771,.F.);
#7610 = ADVANCED_FACE('',(#7611),#5224,.T.);
#7611 = FACE_BOUND('',#7612,.T.);
#7612 = EDGE_LOOP('',(#7613,#7614,#7637,#7715));
#7613 = ORIENTED_EDGE('',*,*,#5204,.T.);
#7614 = ORIENTED_EDGE('',*,*,#7615,.T.);
#7615 = EDGE_CURVE('',#5177,#7616,#7618,.T.);
#7616 = VERTEX_POINT('',#7617);
#7617 = CARTESIAN_POINT('',(-98.9089172119,8.7,4.));
#7618 = SURFACE_CURVE('',#7619,(#7623,#7630),.PCURVE_S1.);
#7619 = LINE('',#7620,#7621);
#7620 = CARTESIAN_POINT('',(-99.8,8.7,4.));
#7621 = VECTOR('',#7622,1.);
#7622 = DIRECTION('',(1.,0.,-0.));
#7623 = PCURVE('',#5224,#7624);
#7624 = DEFINITIONAL_REPRESENTATION('',(#7625),#7629);
#7625 = LINE('',#7626,#7627);
#7626 = CARTESIAN_POINT('',(1.570796326795,0.));
#7627 = VECTOR('',#7628,1.);
#7628 = DIRECTION('',(0.,1.));
#7629 = ( GEOMETRIC_REPRESENTATION_CONTEXT(2) 
PARAMETRIC_REPRESENTATION_CONTEXT() REPRESENTATION_CONTEXT('2D SPACE',''
  ) );
#7630 = PCURVE('',#5192,#7631);
#7631 = DEFINITIONAL_REPRESENTATION('',(#7632),#7636);
#7632 = LINE('',#7633,#7634);
#7633 = CARTESIAN_POINT('',(-99.8,8.7));
#7634 = VECTOR('',#7635,1.);
#7635 = DIRECTION('',(1.,0.));
#7636 = ( GEOMETRIC_REPRESENTATION_CONTEXT(2) 
PARAMETRIC_REPRESENTATION_CONTEXT() REPRESENTATION_CONTEXT('2D SPACE',''
  ) );
#7637 = ORIENTED_EDGE('',*,*,#7638,.F.);
#7638 = EDGE_CURVE('',#5804,#7616,#7639,.T.);
#7639 = SURFACE_CURVE('',#7640,(#7663,#7689),.PCURVE_S1.);
#7640 = B_SPLINE_CURVE_WITH_KNOTS('',6,(#7641,#7642,#7643,#7644,#7645,
    #7646,#7647,#7648,#7649,#7650,#7651,#7652,#7653,#7654,#7655,#7656,
    #7657,#7658,#7659,#7660,#7661,#7662),.UNSPECIFIED.,.F.,.F.,(7,5,5,5,
    7),(0.,0.438656153308,0.69171008002,0.945880621546,1.),
  .UNSPECIFIED.);
#7641 = CARTESIAN_POINT('',(-98.61130814466,9.5,3.2));
#7642 = CARTESIAN_POINT('',(-98.61130814466,9.5,3.293405276138));
#7643 = CARTESIAN_POINT('',(-98.61640203254,9.486913150674,
    3.386838898371));
#7644 = CARTESIAN_POINT('',(-98.62659657614,9.460724913429,
    3.477756442701));
#7645 = CARTESIAN_POINT('',(-98.6415339678,9.422188986917,3.563769018356
    ));
#7646 = CARTESIAN_POINT('',(-98.66061165311,9.372567029406,
    3.642861474293));
#7647 = CARTESIAN_POINT('',(-98.69608019538,9.279409486226,
    3.754169941062));
#7648 = CARTESIAN_POINT('',(-98.71019572735,9.242173715452,
    3.792070669188));
#7649 = CARTESIAN_POINT('',(-98.72531569604,9.202084643852,
    3.826855294562));
#7650 = CARTESIAN_POINT('',(-98.74129595151,9.159471758845,
    3.858279045316));
#7651 = CARTESIAN_POINT('',(-98.75798920535,9.114682582255,
    3.886144415509));
#7652 = CARTESIAN_POINT('',(-98.79258834683,9.021257961267,
    3.934556668483));
#7653 = CARTESIAN_POINT('',(-98.81049919729,8.972606568082,
    3.955070628615));
#7654 = CARTESIAN_POINT('',(-98.82883632798,8.922479535137,3.97168362919
    ));
#7655 = CARTESIAN_POINT('',(-98.84745463394,8.871247853977,
    3.984282674113));
#7656 = CARTESIAN_POINT('',(-98.86621248909,8.81928918109,3.992795828786
    ));
#7657 = CARTESIAN_POINT('',(-98.8889680928,8.755847041936,3.998126567748
    ));
#7658 = CARTESIAN_POINT('',(-98.89296290531,8.744694270404,
    3.998875656154));
#7659 = CARTESIAN_POINT('',(-98.89695653074,8.733529487488,
    3.999437727762));
#7660 = CARTESIAN_POINT('',(-98.90094765725,8.722356382266,
    3.999812556505));
#7661 = CARTESIAN_POINT('',(-98.90493498213,8.711178651573,
    4.000000000091));
#7662 = CARTESIAN_POINT('',(-98.9089172119,8.700000000001,4.));
#7663 = PCURVE('',#5224,#7664);
#7664 = DEFINITIONAL_REPRESENTATION('',(#7665),#7688);
#7665 = B_SPLINE_CURVE_WITH_KNOTS('',6,(#7666,#7667,#7668,#7669,#7670,
    #7671,#7672,#7673,#7674,#7675,#7676,#7677,#7678,#7679,#7680,#7681,
    #7682,#7683,#7684,#7685,#7686,#7687),.UNSPECIFIED.,.F.,.F.,(7,5,5,5,
    7),(0.,0.438656153308,0.69171008002,0.945880621546,1.),
  .UNSPECIFIED.);
#7666 = CARTESIAN_POINT('',(0.,1.188691855334));
#7667 = CARTESIAN_POINT('',(0.116756595172,1.188691855334));
#7668 = CARTESIAN_POINT('',(0.233547990926,1.183597967455));
#7669 = CARTESIAN_POINT('',(0.350063038696,1.173403423854));
#7670 = CARTESIAN_POINT('',(0.46617318692,1.1584660322));
#7671 = CARTESIAN_POINT('',(0.581798879947,1.13938834689));
#7672 = CARTESIAN_POINT('',(0.763233710816,1.103919804616));
#7673 = CARTESIAN_POINT('',(0.829437290558,1.089804272649));
#7674 = CARTESIAN_POINT('',(0.895469947286,1.074684303952));
#7675 = CARTESIAN_POINT('',(0.961343793299,1.058704048486));
#7676 = CARTESIAN_POINT('',(1.027078531103,1.042010794642));
#7677 = CARTESIAN_POINT('',(1.158607437411,1.007411653163));
#7678 = CARTESIAN_POINT('',(1.224400512095,0.989500802701));
#7679 = CARTESIAN_POINT('',(1.29010330709,0.971163672014));
#7680 = CARTESIAN_POINT('',(1.355744979384,0.952545366058));
#7681 = CARTESIAN_POINT('',(1.421356307626,0.933787510901));
#7682 = CARTESIAN_POINT('',(1.500938436963,0.911031907194));
#7683 = CARTESIAN_POINT('',(1.514908848487,0.907037094688));
#7684 = CARTESIAN_POINT('',(1.528879556562,0.903043469254));
#7685 = CARTESIAN_POINT('',(1.542850849342,0.89905234275));
#7686 = CARTESIAN_POINT('',(1.556823012013,0.895065017861));
#7687 = CARTESIAN_POINT('',(1.570796326795,0.891082788094));
#7688 = ( GEOMETRIC_REPRESENTATION_CONTEXT(2) 
PARAMETRIC_REPRESENTATION_CONTEXT() REPRESENTATION_CONTEXT('2D SPACE',''
  ) );
#7689 = PCURVE('',#5918,#7690);
#7690 = DEFINITIONAL_REPRESENTATION('',(#7691),#7714);
#7691 = B_SPLINE_CURVE_WITH_KNOTS('',6,(#7692,#7693,#7694,#7695,#7696,
    #7697,#7698,#7699,#7700,#7701,#7702,#7703,#7704,#7705,#7706,#7707,
    #7708,#7709,#7710,#7711,#7712,#7713),.UNSPECIFIED.,.F.,.F.,(7,5,5,5,
    7),(0.,0.438656153308,0.69171008002,0.945880621546,1.),
  .UNSPECIFIED.);
#7692 = CARTESIAN_POINT('',(3.552713678801E-14,3.14159265359));
#7693 = CARTESIAN_POINT('',(3.552713678801E-14,3.258349248762));
#7694 = CARTESIAN_POINT('',(-1.072320480606E-03,3.375140644516));
#7695 = CARTESIAN_POINT('',(-3.218914394899E-03,3.491655692285));
#7696 = CARTESIAN_POINT('',(-6.340479203731E-03,3.60776584051));
#7697 = CARTESIAN_POINT('',(-1.027044572999E-02,3.723391533537));
#7698 = CARTESIAN_POINT('',(-1.745538868852E-02,3.904826364406));
#7699 = CARTESIAN_POINT('',(-2.029304183589E-02,3.971029944148));
#7700 = CARTESIAN_POINT('',(-2.330548615437E-02,4.037062600876));
#7701 = CARTESIAN_POINT('',(-2.645753575557E-02,4.102936446889));
#7702 = CARTESIAN_POINT('',(-2.971491309786E-02,4.168671184692));
#7703 = CARTESIAN_POINT('',(-3.639180032173E-02,4.300200091001));
#7704 = CARTESIAN_POINT('',(-3.981194406251E-02,4.365993165684));
#7705 = CARTESIAN_POINT('',(-4.327425136709E-02,4.43169596068));
#7706 = CARTESIAN_POINT('',(-4.674902385055E-02,4.497337632974));
#7707 = CARTESIAN_POINT('',(-5.020926804487E-02,4.562948961216));
#7708 = CARTESIAN_POINT('',(-5.43594664407E-02,4.642531090553));
#7709 = CARTESIAN_POINT('',(-5.508627003172E-02,4.656501502077));
#7710 = CARTESIAN_POINT('',(-5.581108890884E-02,4.670472210152));
#7711 = CARTESIAN_POINT('',(-5.653369515967E-02,4.684443502932));
#7712 = CARTESIAN_POINT('',(-5.725386628048E-02,4.698415665603));
#7713 = CARTESIAN_POINT('',(-5.797138517626E-02,4.712388980385));
#7714 = ( GEOMETRIC_REPRESENTATION_CONTEXT(2) 
PARAMETRIC_REPRESENTATION_CONTEXT() REPRESENTATION_CONTEXT('2D SPACE',''
  ) );
#7715 = ORIENTED_EDGE('',*,*,#5803,.F.);
#7716 = ADVANCED_FACE('',(#7717,#7868,#7899,#7930,#7961),#5192,.T.);
#7717 = FACE_BOUND('',#7718,.T.);
#7718 = EDGE_LOOP('',(#7719,#7720,#7743,#7771,#7799,#7822,#7845,#7867));
#7719 = ORIENTED_EDGE('',*,*,#5176,.F.);
#7720 = ORIENTED_EDGE('',*,*,#7721,.T.);
#7721 = EDGE_CURVE('',#5143,#7722,#7724,.T.);
#7722 = VERTEX_POINT('',#7723);
#7723 = CARTESIAN_POINT('',(-50.5,-24.5,4.));
#7724 = SURFACE_CURVE('',#7725,(#7729,#7736),.PCURVE_S1.);
#7725 = LINE('',#7726,#7727);
#7726 = CARTESIAN_POINT('',(-100.8,-24.5,4.));
#7727 = VECTOR('',#7728,1.);
#7728 = DIRECTION('',(1.,0.,0.));
#7729 = PCURVE('',#5192,#7730);
#7730 = DEFINITIONAL_REPRESENTATION('',(#7731),#7735);
#7731 = LINE('',#7732,#7733);
#7732 = CARTESIAN_POINT('',(-100.8,-24.5));
#7733 = VECTOR('',#7734,1.);
#7734 = DIRECTION('',(1.,0.));
#7735 = ( GEOMETRIC_REPRESENTATION_CONTEXT(2) 
PARAMETRIC_REPRESENTATION_CONTEXT() REPRESENTATION_CONTEXT('2D SPACE',''
  ) );
#7736 = PCURVE('',#5164,#7737);
#7737 = DEFINITIONAL_REPRESENTATION('',(#7738),#7742);
#7738 = LINE('',#7739,#7740);
#7739 = CARTESIAN_POINT('',(0.,0.707106781187));
#7740 = VECTOR('',#7741,1.);
#7741 = DIRECTION('',(1.,0.));
#7742 = ( GEOMETRIC_REPRESENTATION_CONTEXT(2) 
PARAMETRIC_REPRESENTATION_CONTEXT() REPRESENTATION_CONTEXT('2D SPACE',''
  ) );
#7743 = ORIENTED_EDGE('',*,*,#7744,.T.);
#7744 = EDGE_CURVE('',#7722,#7745,#7747,.T.);
#7745 = VERTEX_POINT('',#7746);
#7746 = CARTESIAN_POINT('',(-50.5,24.5,4.));
#7747 = SURFACE_CURVE('',#7748,(#7752,#7759),.PCURVE_S1.);
#7748 = LINE('',#7749,#7750);
#7749 = CARTESIAN_POINT('',(-50.5,-75.8,4.));
#7750 = VECTOR('',#7751,1.);
#7751 = DIRECTION('',(0.,1.,0.));
#7752 = PCURVE('',#5192,#7753);
#7753 = DEFINITIONAL_REPRESENTATION('',(#7754),#7758);
#7754 = LINE('',#7755,#7756);
#7755 = CARTESIAN_POINT('',(-50.5,-75.8));
#7756 = VECTOR('',#7757,1.);
#7757 = DIRECTION('',(0.,1.));
#7758 = ( GEOMETRIC_REPRESENTATION_CONTEXT(2) 
PARAMETRIC_REPRESENTATION_CONTEXT() REPRESENTATION_CONTEXT('2D SPACE',''
  ) );
#7759 = PCURVE('',#7760,#7765);
#7760 = PLANE('',#7761);
#7761 = AXIS2_PLACEMENT_3D('',#7762,#7763,#7764);
#7762 = CARTESIAN_POINT('',(-50.5,-75.8,4.));
#7763 = DIRECTION('',(0.707106781187,0.,0.707106781187));
#7764 = DIRECTION('',(0.707106781187,0.,-0.707106781187));
#7765 = DEFINITIONAL_REPRESENTATION('',(#7766),#7770);
#7766 = LINE('',#7767,#7768);
#7767 = CARTESIAN_POINT('',(0.,0.));
#7768 = VECTOR('',#7769,1.);
#7769 = DIRECTION('',(0.,1.));
#7770 = ( GEOMETRIC_REPRESENTATION_CONTEXT(2) 
PARAMETRIC_REPRESENTATION_CONTEXT() REPRESENTATION_CONTEXT('2D SPACE',''
  ) );
#7771 = ORIENTED_EDGE('',*,*,#7772,.F.);
#7772 = EDGE_CURVE('',#7773,#7745,#7775,.T.);
#7773 = VERTEX_POINT('',#7774);
#7774 = CARTESIAN_POINT('',(-99.,24.5,4.));
#7775 = SURFACE_CURVE('',#7776,(#7780,#7787),.PCURVE_S1.);
#7776 = LINE('',#7777,#7778);
#7777 = CARTESIAN_POINT('',(-100.8,24.5,4.));
#7778 = VECTOR('',#7779,1.);
#7779 = DIRECTION('',(1.,0.,0.));
#7780 = PCURVE('',#5192,#7781);
#7781 = DEFINITIONAL_REPRESENTATION('',(#7782),#7786);
#7782 = LINE('',#7783,#7784);
#7783 = CARTESIAN_POINT('',(-100.8,24.5));
#7784 = VECTOR('',#7785,1.);
#7785 = DIRECTION('',(1.,0.));
#7786 = ( GEOMETRIC_REPRESENTATION_CONTEXT(2) 
PARAMETRIC_REPRESENTATION_CONTEXT() REPRESENTATION_CONTEXT('2D SPACE',''
  ) );
#7787 = PCURVE('',#7788,#7793);
#7788 = PLANE('',#7789);
#7789 = AXIS2_PLACEMENT_3D('',#7790,#7791,#7792);
#7790 = CARTESIAN_POINT('',(-100.8,25.,3.5));
#7791 = DIRECTION('',(0.,0.707106781187,0.707106781187));
#7792 = DIRECTION('',(0.,-0.707106781187,0.707106781187));
#7793 = DEFINITIONAL_REPRESENTATION('',(#7794),#7798);
#7794 = LINE('',#7795,#7796);
#7795 = CARTESIAN_POINT('',(0.707106781187,0.));
#7796 = VECTOR('',#7797,1.);
#7797 = DIRECTION('',(0.,1.));
#7798 = ( GEOMETRIC_REPRESENTATION_CONTEXT(2) 
PARAMETRIC_REPRESENTATION_CONTEXT() REPRESENTATION_CONTEXT('2D SPACE',''
  ) );
#7799 = ORIENTED_EDGE('',*,*,#7800,.F.);
#7800 = EDGE_CURVE('',#7801,#7773,#7803,.T.);
#7801 = VERTEX_POINT('',#7802);
#7802 = CARTESIAN_POINT('',(-99.,17.3,4.));
#7803 = SURFACE_CURVE('',#7804,(#7808,#7815),.PCURVE_S1.);
#7804 = LINE('',#7805,#7806);
#7805 = CARTESIAN_POINT('',(-99.,16.5,4.));
#7806 = VECTOR('',#7807,1.);
#7807 = DIRECTION('',(-0.,1.,0.));
#7808 = PCURVE('',#5192,#7809);
#7809 = DEFINITIONAL_REPRESENTATION('',(#7810),#7814);
#7810 = LINE('',#7811,#7812);
#7811 = CARTESIAN_POINT('',(-99.,16.5));
#7812 = VECTOR('',#7813,1.);
#7813 = DIRECTION('',(0.,1.));
#7814 = ( GEOMETRIC_REPRESENTATION_CONTEXT(2) 
PARAMETRIC_REPRESENTATION_CONTEXT() REPRESENTATION_CONTEXT('2D SPACE',''
  ) );
#7815 = PCURVE('',#6135,#7816);
#7816 = DEFINITIONAL_REPRESENTATION('',(#7817),#7821);
#7817 = LINE('',#7818,#7819);
#7818 = CARTESIAN_POINT('',(1.570796326795,0.));
#7819 = VECTOR('',#7820,1.);
#7820 = DIRECTION('',(0.,1.));
#7821 = ( GEOMETRIC_REPRESENTATION_CONTEXT(2) 
PARAMETRIC_REPRESENTATION_CONTEXT() REPRESENTATION_CONTEXT('2D SPACE',''
  ) );
#7822 = ORIENTED_EDGE('',*,*,#7823,.T.);
#7823 = EDGE_CURVE('',#7801,#7824,#7826,.T.);
#7824 = VERTEX_POINT('',#7825);
#7825 = CARTESIAN_POINT('',(-98.9089172119,17.3,4.));
#7826 = SURFACE_CURVE('',#7827,(#7831,#7838),.PCURVE_S1.);
#7827 = LINE('',#7828,#7829);
#7828 = CARTESIAN_POINT('',(-99.8,17.3,4.));
#7829 = VECTOR('',#7830,1.);
#7830 = DIRECTION('',(1.,0.,-0.));
#7831 = PCURVE('',#5192,#7832);
#7832 = DEFINITIONAL_REPRESENTATION('',(#7833),#7837);
#7833 = LINE('',#7834,#7835);
#7834 = CARTESIAN_POINT('',(-99.8,17.3));
#7835 = VECTOR('',#7836,1.);
#7836 = DIRECTION('',(1.,0.));
#7837 = ( GEOMETRIC_REPRESENTATION_CONTEXT(2) 
PARAMETRIC_REPRESENTATION_CONTEXT() REPRESENTATION_CONTEXT('2D SPACE',''
  ) );
#7838 = PCURVE('',#6047,#7839);
#7839 = DEFINITIONAL_REPRESENTATION('',(#7840),#7844);
#7840 = LINE('',#7841,#7842);
#7841 = CARTESIAN_POINT('',(-1.570796326795,0.));
#7842 = VECTOR('',#7843,1.);
#7843 = DIRECTION('',(-0.,1.));
#7844 = ( GEOMETRIC_REPRESENTATION_CONTEXT(2) 
PARAMETRIC_REPRESENTATION_CONTEXT() REPRESENTATION_CONTEXT('2D SPACE',''
  ) );
#7845 = ORIENTED_EDGE('',*,*,#7846,.F.);
#7846 = EDGE_CURVE('',#7616,#7824,#7847,.T.);
#7847 = SURFACE_CURVE('',#7848,(#7853,#7860),.PCURVE_S1.);
#7848 = CIRCLE('',#7849,5.55);
#7849 = AXIS2_PLACEMENT_3D('',#7850,#7851,#7852);
#7850 = CARTESIAN_POINT('',(-95.4,13.,4.));
#7851 = DIRECTION('',(0.,0.,1.));
#7852 = DIRECTION('',(-0.676064872561,-0.736842105263,0.));
#7853 = PCURVE('',#5192,#7854);
#7854 = DEFINITIONAL_REPRESENTATION('',(#7855),#7859);
#7855 = CIRCLE('',#7856,5.55);
#7856 = AXIS2_PLACEMENT_2D('',#7857,#7858);
#7857 = CARTESIAN_POINT('',(-95.4,13.));
#7858 = DIRECTION('',(-0.676064872561,-0.736842105263));
#7859 = ( GEOMETRIC_REPRESENTATION_CONTEXT(2) 
PARAMETRIC_REPRESENTATION_CONTEXT() REPRESENTATION_CONTEXT('2D SPACE',''
  ) );
#7860 = PCURVE('',#5918,#7861);
#7861 = DEFINITIONAL_REPRESENTATION('',(#7862),#7866);
#7862 = LINE('',#7863,#7864);
#7863 = CARTESIAN_POINT('',(-0.,4.712388980385));
#7864 = VECTOR('',#7865,1.);
#7865 = DIRECTION('',(-1.,0.));
#7866 = ( GEOMETRIC_REPRESENTATION_CONTEXT(2) 
PARAMETRIC_REPRESENTATION_CONTEXT() REPRESENTATION_CONTEXT('2D SPACE',''
  ) );
#7867 = ORIENTED_EDGE('',*,*,#7615,.F.);
#7868 = FACE_BOUND('',#7869,.T.);
#7869 = EDGE_LOOP('',(#7870));
#7870 = ORIENTED_EDGE('',*,*,#7871,.F.);
#7871 = EDGE_CURVE('',#7872,#7872,#7874,.T.);
#7872 = VERTEX_POINT('',#7873);
#7873 = CARTESIAN_POINT('',(-73.4,-21.5,4.));
#7874 = SURFACE_CURVE('',#7875,(#7880,#7887),.PCURVE_S1.);
#7875 = CIRCLE('',#7876,1.6);
#7876 = AXIS2_PLACEMENT_3D('',#7877,#7878,#7879);
#7877 = CARTESIAN_POINT('',(-75.,-21.5,4.));
#7878 = DIRECTION('',(0.,0.,1.));
#7879 = DIRECTION('',(1.,0.,-0.));
#7880 = PCURVE('',#5192,#7881);
#7881 = DEFINITIONAL_REPRESENTATION('',(#7882),#7886);
#7882 = CIRCLE('',#7883,1.6);
#7883 = AXIS2_PLACEMENT_2D('',#7884,#7885);
#7884 = CARTESIAN_POINT('',(-75.,-21.5));
#7885 = DIRECTION('',(1.,0.));
#7886 = ( GEOMETRIC_REPRESENTATION_CONTEXT(2) 
PARAMETRIC_REPRESENTATION_CONTEXT() REPRESENTATION_CONTEXT('2D SPACE',''
  ) );
#7887 = PCURVE('',#7888,#7893);
#7888 = CYLINDRICAL_SURFACE('',#7889,1.6);
#7889 = AXIS2_PLACEMENT_3D('',#7890,#7891,#7892);
#7890 = CARTESIAN_POINT('',(-75.,-21.5,4.));
#7891 = DIRECTION('',(0.,0.,1.));
#7892 = DIRECTION('',(1.,0.,-0.));
#7893 = DEFINITIONAL_REPRESENTATION('',(#7894),#7898);
#7894 = LINE('',#7895,#7896);
#7895 = CARTESIAN_POINT('',(0.,0.));
#7896 = VECTOR('',#7897,1.);
#7897 = DIRECTION('',(1.,0.));
#7898 = ( GEOMETRIC_REPRESENTATION_CONTEXT(2) 
PARAMETRIC_REPRESENTATION_CONTEXT() REPRESENTATION_CONTEXT('2D SPACE',''
  ) );
#7899 = FACE_BOUND('',#7900,.T.);
#7900 = EDGE_LOOP('',(#7901));
#7901 = ORIENTED_EDGE('',*,*,#7902,.F.);
#7902 = EDGE_CURVE('',#7903,#7903,#7905,.T.);
#7903 = VERTEX_POINT('',#7904);
#7904 = CARTESIAN_POINT('',(-94.9,-3.918869757272E-16,4.));
#7905 = SURFACE_CURVE('',#7906,(#7911,#7918),.PCURVE_S1.);
#7906 = CIRCLE('',#7907,1.6);
#7907 = AXIS2_PLACEMENT_3D('',#7908,#7909,#7910);
#7908 = CARTESIAN_POINT('',(-96.5,0.,4.));
#7909 = DIRECTION('',(0.,0.,1.));
#7910 = DIRECTION('',(1.,0.,-0.));
#7911 = PCURVE('',#5192,#7912);
#7912 = DEFINITIONAL_REPRESENTATION('',(#7913),#7917);
#7913 = CIRCLE('',#7914,1.6);
#7914 = AXIS2_PLACEMENT_2D('',#7915,#7916);
#7915 = CARTESIAN_POINT('',(-96.5,0.));
#7916 = DIRECTION('',(1.,0.));
#7917 = ( GEOMETRIC_REPRESENTATION_CONTEXT(2) 
PARAMETRIC_REPRESENTATION_CONTEXT() REPRESENTATION_CONTEXT('2D SPACE',''
  ) );
#7918 = PCURVE('',#7919,#7924);
#7919 = CYLINDRICAL_SURFACE('',#7920,1.6);
#7920 = AXIS2_PLACEMENT_3D('',#7921,#7922,#7923);
#7921 = CARTESIAN_POINT('',(-96.5,0.,4.));
#7922 = DIRECTION('',(0.,0.,1.));
#7923 = DIRECTION('',(1.,0.,-0.));
#7924 = DEFINITIONAL_REPRESENTATION('',(#7925),#7929);
#7925 = LINE('',#7926,#7927);
#7926 = CARTESIAN_POINT('',(0.,0.));
#7927 = VECTOR('',#7928,1.);
#7928 = DIRECTION('',(1.,0.));
#7929 = ( GEOMETRIC_REPRESENTATION_CONTEXT(2) 
PARAMETRIC_REPRESENTATION_CONTEXT() REPRESENTATION_CONTEXT('2D SPACE',''
  ) );
#7930 = FACE_BOUND('',#7931,.T.);
#7931 = EDGE_LOOP('',(#7932));
#7932 = ORIENTED_EDGE('',*,*,#7933,.F.);
#7933 = EDGE_CURVE('',#7934,#7934,#7936,.T.);
#7934 = VERTEX_POINT('',#7935);
#7935 = CARTESIAN_POINT('',(-73.4,21.5,4.));
#7936 = SURFACE_CURVE('',#7937,(#7942,#7949),.PCURVE_S1.);
#7937 = CIRCLE('',#7938,1.6);
#7938 = AXIS2_PLACEMENT_3D('',#7939,#7940,#7941);
#7939 = CARTESIAN_POINT('',(-75.,21.5,4.));
#7940 = DIRECTION('',(0.,0.,1.));
#7941 = DIRECTION('',(1.,0.,-0.));
#7942 = PCURVE('',#5192,#7943);
#7943 = DEFINITIONAL_REPRESENTATION('',(#7944),#7948);
#7944 = CIRCLE('',#7945,1.6);
#7945 = AXIS2_PLACEMENT_2D('',#7946,#7947);
#7946 = CARTESIAN_POINT('',(-75.,21.5));
#7947 = DIRECTION('',(1.,0.));
#7948 = ( GEOMETRIC_REPRESENTATION_CONTEXT(2) 
PARAMETRIC_REPRESENTATION_CONTEXT() REPRESENTATION_CONTEXT('2D SPACE',''
  ) );
#7949 = PCURVE('',#7950,#7955);
#7950 = CYLINDRICAL_SURFACE('',#7951,1.6);
#7951 = AXIS2_PLACEMENT_3D('',#7952,#7953,#7954);
#7952 = CARTESIAN_POINT('',(-75.,21.5,4.));
#7953 = DIRECTION('',(0.,0.,1.));
#7954 = DIRECTION('',(1.,0.,-0.));
#7955 = DEFINITIONAL_REPRESENTATION('',(#7956),#7960);
#7956 = LINE('',#7957,#7958);
#7957 = CARTESIAN_POINT('',(0.,0.));
#7958 = VECTOR('',#7959,1.);
#7959 = DIRECTION('',(1.,0.));
#7960 = ( GEOMETRIC_REPRESENTATION_CONTEXT(2) 
PARAMETRIC_REPRESENTATION_CONTEXT() REPRESENTATION_CONTEXT('2D SPACE',''
  ) );
#7961 = FACE_BOUND('',#7962,.T.);
#7962 = EDGE_LOOP('',(#7963));
#7963 = ORIENTED_EDGE('',*,*,#7964,.F.);
#7964 = EDGE_CURVE('',#7965,#7965,#7967,.T.);
#7965 = VERTEX_POINT('',#7966);
#7966 = CARTESIAN_POINT('',(-51.9,-3.918869757272E-16,4.));
#7967 = SURFACE_CURVE('',#7968,(#7973,#7980),.PCURVE_S1.);
#7968 = CIRCLE('',#7969,1.6);
#7969 = AXIS2_PLACEMENT_3D('',#7970,#7971,#7972);
#7970 = CARTESIAN_POINT('',(-53.5,0.,4.));
#7971 = DIRECTION('',(0.,0.,1.));
#7972 = DIRECTION('',(1.,0.,-0.));
#7973 = PCURVE('',#5192,#7974);
#7974 = DEFINITIONAL_REPRESENTATION('',(#7975),#7979);
#7975 = CIRCLE('',#7976,1.6);
#7976 = AXIS2_PLACEMENT_2D('',#7977,#7978);
#7977 = CARTESIAN_POINT('',(-53.5,0.));
#7978 = DIRECTION('',(1.,0.));
#7979 = ( GEOMETRIC_REPRESENTATION_CONTEXT(2) 
PARAMETRIC_REPRESENTATION_CONTEXT() REPRESENTATION_CONTEXT('2D SPACE',''
  ) );
#7980 = PCURVE('',#7981,#7986);
#7981 = CYLINDRICAL_SURFACE('',#7982,1.6);
#7982 = AXIS2_PLACEMENT_3D('',#7983,#7984,#7985);
#7983 = CARTESIAN_POINT('',(-53.5,0.,4.));
#7984 = DIRECTION('',(0.,0.,1.));
#7985 = DIRECTION('',(1.,0.,-0.));
#7986 = DEFINITIONAL_REPRESENTATION('',(#7987),#7991);
#7987 = LINE('',#7988,#7989);
#7988 = CARTESIAN_POINT('',(0.,0.));
#7989 = VECTOR('',#7990,1.);
#7990 = DIRECTION('',(1.,0.));
#7991 = ( GEOMETRIC_REPRESENTATION_CONTEXT(2) 
PARAMETRIC_REPRESENTATION_CONTEXT() REPRESENTATION_CONTEXT('2D SPACE',''
  ) );
#7992 = ADVANCED_FACE('',(#7993),#5164,.T.);
#7993 = FACE_BOUND('',#7994,.T.);
#7994 = EDGE_LOOP('',(#7995,#7996,#7997,#7998));
#7995 = ORIENTED_EDGE('',*,*,#7721,.F.);
#7996 = ORIENTED_EDGE('',*,*,#5142,.T.);
#7997 = ORIENTED_EDGE('',*,*,#5421,.T.);
#7998 = ORIENTED_EDGE('',*,*,#7999,.F.);
#7999 = EDGE_CURVE('',#7722,#5401,#8000,.T.);
#8000 = SURFACE_CURVE('',#8001,(#8005,#8011),.PCURVE_S1.);
#8001 = LINE('',#8002,#8003);
#8002 = CARTESIAN_POINT('',(-50.16666666666,-24.83333333333,
    3.666666666667));
#8003 = VECTOR('',#8004,1.);
#8004 = DIRECTION('',(0.57735026919,-0.57735026919,-0.57735026919));
#8005 = PCURVE('',#5164,#8006);
#8006 = DEFINITIONAL_REPRESENTATION('',(#8007),#8010);
#8007 = B_SPLINE_CURVE_WITH_KNOTS('',1,(#8008,#8009),.UNSPECIFIED.,.F.,
  .F.,(2,2),(-0.57735026919,0.288675134595),.PIECEWISE_BEZIER_KNOTS.);
#8008 = CARTESIAN_POINT('',(50.3,0.707106781187));
#8009 = CARTESIAN_POINT('',(50.8,-2.737084176025E-16));
#8010 = ( GEOMETRIC_REPRESENTATION_CONTEXT(2) 
PARAMETRIC_REPRESENTATION_CONTEXT() REPRESENTATION_CONTEXT('2D SPACE',''
  ) );
#8011 = PCURVE('',#7760,#8012);
#8012 = DEFINITIONAL_REPRESENTATION('',(#8013),#8016);
#8013 = B_SPLINE_CURVE_WITH_KNOTS('',1,(#8014,#8015),.UNSPECIFIED.,.F.,
  .F.,(2,2),(-0.57735026919,0.288675134595),.PIECEWISE_BEZIER_KNOTS.);
#8014 = CARTESIAN_POINT('',(-1.577076398645E-15,51.3));
#8015 = CARTESIAN_POINT('',(0.707106781187,50.8));
#8016 = ( GEOMETRIC_REPRESENTATION_CONTEXT(2) 
PARAMETRIC_REPRESENTATION_CONTEXT() REPRESENTATION_CONTEXT('2D SPACE',''
  ) );
#8017 = ADVANCED_FACE('',(#8018),#5380,.T.);
#8018 = FACE_BOUND('',#8019,.F.);
#8019 = EDGE_LOOP('',(#8020,#8021,#8044,#8122));
#8020 = ORIENTED_EDGE('',*,*,#5360,.T.);
#8021 = ORIENTED_EDGE('',*,*,#8022,.T.);
#8022 = EDGE_CURVE('',#5333,#8023,#8025,.T.);
#8023 = VERTEX_POINT('',#8024);
#8024 = CARTESIAN_POINT('',(-16.3,-73.9089172119,4.));
#8025 = SURFACE_CURVE('',#8026,(#8030,#8037),.PCURVE_S1.);
#8026 = LINE('',#8027,#8028);
#8027 = CARTESIAN_POINT('',(-16.3,-74.8,4.));
#8028 = VECTOR('',#8029,1.);
#8029 = DIRECTION('',(2.22044604925E-16,1.,0.));
#8030 = PCURVE('',#5380,#8031);
#8031 = DEFINITIONAL_REPRESENTATION('',(#8032),#8036);
#8032 = LINE('',#8033,#8034);
#8033 = CARTESIAN_POINT('',(-1.570796326795,0.));
#8034 = VECTOR('',#8035,1.);
#8035 = DIRECTION('',(-0.,1.));
#8036 = ( GEOMETRIC_REPRESENTATION_CONTEXT(2) 
PARAMETRIC_REPRESENTATION_CONTEXT() REPRESENTATION_CONTEXT('2D SPACE',''
  ) );
#8037 = PCURVE('',#5348,#8038);
#8038 = DEFINITIONAL_REPRESENTATION('',(#8039),#8043);
#8039 = LINE('',#8040,#8041);
#8040 = CARTESIAN_POINT('',(-16.3,-74.8));
#8041 = VECTOR('',#8042,1.);
#8042 = DIRECTION('',(2.22044604925E-16,1.));
#8043 = ( GEOMETRIC_REPRESENTATION_CONTEXT(2) 
PARAMETRIC_REPRESENTATION_CONTEXT() REPRESENTATION_CONTEXT('2D SPACE',''
  ) );
#8044 = ORIENTED_EDGE('',*,*,#8045,.F.);
#8045 = EDGE_CURVE('',#5853,#8023,#8046,.T.);
#8046 = SURFACE_CURVE('',#8047,(#8070,#8096),.PCURVE_S1.);
#8047 = B_SPLINE_CURVE_WITH_KNOTS('',6,(#8048,#8049,#8050,#8051,#8052,
    #8053,#8054,#8055,#8056,#8057,#8058,#8059,#8060,#8061,#8062,#8063,
    #8064,#8065,#8066,#8067,#8068,#8069),.UNSPECIFIED.,.F.,.F.,(7,5,5,5,
    7),(0.,0.438656153187,0.691710079895,0.945880621419,1.),
  .UNSPECIFIED.);
#8048 = CARTESIAN_POINT('',(-15.5,-73.61130814466,3.2));
#8049 = CARTESIAN_POINT('',(-15.5,-73.61130814466,3.293405276113));
#8050 = CARTESIAN_POINT('',(-15.51308684931,-73.61640203254,
    3.386838898321));
#8051 = CARTESIAN_POINT('',(-15.53927508655,-73.62659657613,
    3.477756442628));
#8052 = CARTESIAN_POINT('',(-15.57781101304,-73.64153396778,
    3.563769018264));
#8053 = CARTESIAN_POINT('',(-15.62743297052,-73.66061165308,
    3.642861474187));
#8054 = CARTESIAN_POINT('',(-15.72059051367,-73.69608019534,
    3.754169940955));
#8055 = CARTESIAN_POINT('',(-15.75782628443,-73.71019572731,
    3.792070669088));
#8056 = CARTESIAN_POINT('',(-15.79791535603,-73.725315696,3.826855294469
    ));
#8057 = CARTESIAN_POINT('',(-15.84052824103,-73.74129595146,
    3.858279045231));
#8058 = CARTESIAN_POINT('',(-15.88531741761,-73.75798920531,
    3.886144415432));
#8059 = CARTESIAN_POINT('',(-15.97874203859,-73.79258834678,
    3.934556668424));
#8060 = CARTESIAN_POINT('',(-16.02739343177,-73.81049919724,
    3.955070628565));
#8061 = CARTESIAN_POINT('',(-16.07752046472,-73.82883632793,
    3.971683629149));
#8062 = CARTESIAN_POINT('',(-16.12875214587,-73.84745463389,
    3.984282674081));
#8063 = CARTESIAN_POINT('',(-16.18071081876,-73.86621248904,
    3.992795828764));
#8064 = CARTESIAN_POINT('',(-16.24415295794,-73.88896809276,
    3.99812656774));
#8065 = CARTESIAN_POINT('',(-16.25530572958,-73.89296290517,
    3.99887565615));
#8066 = CARTESIAN_POINT('',(-16.26647051249,-73.89695653066,
    3.999437727759));
#8067 = CARTESIAN_POINT('',(-16.27764361759,-73.90094765735,
    3.999812556504));
#8068 = CARTESIAN_POINT('',(-16.28882134824,-73.90493498233,
    4.000000000091));
#8069 = CARTESIAN_POINT('',(-16.30000000025,-73.90891721159,4.));
#8070 = PCURVE('',#5380,#8071);
#8071 = DEFINITIONAL_REPRESENTATION('',(#8072),#8095);
#8072 = B_SPLINE_CURVE_WITH_KNOTS('',6,(#8073,#8074,#8075,#8076,#8077,
    #8078,#8079,#8080,#8081,#8082,#8083,#8084,#8085,#8086,#8087,#8088,
    #8089,#8090,#8091,#8092,#8093,#8094),.UNSPECIFIED.,.F.,.F.,(7,5,5,5,
    7),(0.,0.438656153187,0.691710079895,0.945880621419,1.),
  .UNSPECIFIED.);
#8073 = CARTESIAN_POINT('',(0.,1.188691855334));
#8074 = CARTESIAN_POINT('',(-0.116756595141,1.188691855334));
#8075 = CARTESIAN_POINT('',(-0.233547990863,1.183597967457));
#8076 = CARTESIAN_POINT('',(-0.350063038602,1.173403423862));
#8077 = CARTESIAN_POINT('',(-0.466173186796,1.158466032216));
#8078 = CARTESIAN_POINT('',(-0.581798879792,1.139388346916));
#8079 = CARTESIAN_POINT('',(-0.763233710631,1.103919804655));
#8080 = CARTESIAN_POINT('',(-0.829437290373,1.08980427269));
#8081 = CARTESIAN_POINT('',(-0.895469947101,1.074684303996));
#8082 = CARTESIAN_POINT('',(-0.961343793114,1.058704048531));
#8083 = CARTESIAN_POINT('',(-1.027078530917,1.042010794689));
#8084 = CARTESIAN_POINT('',(-1.158607437226,1.007411653214));
#8085 = CARTESIAN_POINT('',(-1.22440051191,0.989500802752));
#8086 = CARTESIAN_POINT('',(-1.290103306905,0.971163672066));
#8087 = CARTESIAN_POINT('',(-1.355744979199,0.95254536611));
#8088 = CARTESIAN_POINT('',(-1.421356307441,0.933787510954));
#8089 = CARTESIAN_POINT('',(-1.500938436811,0.911031907238));
#8090 = CARTESIAN_POINT('',(-1.514908848364,0.907037094825));
#8091 = CARTESIAN_POINT('',(-1.528879556473,0.90304346934));
#8092 = CARTESIAN_POINT('',(-1.542850849291,0.899052342642));
#8093 = CARTESIAN_POINT('',(-1.556823011997,0.895065017662));
#8094 = CARTESIAN_POINT('',(-1.570796326795,0.891082788403));
#8095 = ( GEOMETRIC_REPRESENTATION_CONTEXT(2) 
PARAMETRIC_REPRESENTATION_CONTEXT() REPRESENTATION_CONTEXT('2D SPACE',''
  ) );
#8096 = PCURVE('',#5993,#8097);
#8097 = DEFINITIONAL_REPRESENTATION('',(#8098),#8121);
#8098 = B_SPLINE_CURVE_WITH_KNOTS('',6,(#8099,#8100,#8101,#8102,#8103,
    #8104,#8105,#8106,#8107,#8108,#8109,#8110,#8111,#8112,#8113,#8114,
    #8115,#8116,#8117,#8118,#8119,#8120),.UNSPECIFIED.,.F.,.F.,(7,5,5,5,
    7),(0.,0.438656153187,0.691710079895,0.945880621419,1.),
  .UNSPECIFIED.);
#8099 = CARTESIAN_POINT('',(-4.62641051363,3.14159265359));
#8100 = CARTESIAN_POINT('',(-4.62641051363,3.258349248731));
#8101 = CARTESIAN_POINT('',(-4.62533819315,3.375140644453));
#8102 = CARTESIAN_POINT('',(-4.623191599237,3.491655692191));
#8103 = CARTESIAN_POINT('',(-4.62007003443,3.607765840385));
#8104 = CARTESIAN_POINT('',(-4.616140067906,3.723391533382));
#8105 = CARTESIAN_POINT('',(-4.60895512495,3.904826364221));
#8106 = CARTESIAN_POINT('',(-4.606117471803,3.971029943963));
#8107 = CARTESIAN_POINT('',(-4.603105027485,4.037062600691));
#8108 = CARTESIAN_POINT('',(-4.599952977884,4.102936446704));
#8109 = CARTESIAN_POINT('',(-4.596695600542,4.168671184507));
#8110 = CARTESIAN_POINT('',(-4.590018713318,4.300200090816));
#8111 = CARTESIAN_POINT('',(-4.586598569578,4.365993165499));
#8112 = CARTESIAN_POINT('',(-4.583136262273,4.431695960495));
#8113 = CARTESIAN_POINT('',(-4.57966148979,4.497337632789));
#8114 = CARTESIAN_POINT('',(-4.576201245595,4.562948961031));
#8115 = CARTESIAN_POINT('',(-4.572051047198,4.642531090401));
#8116 = CARTESIAN_POINT('',(-4.571324243581,4.656501501953));
#8117 = CARTESIAN_POINT('',(-4.570599424712,4.670472210062));
#8118 = CARTESIAN_POINT('',(-4.569876818502,4.684443502881));
#8119 = CARTESIAN_POINT('',(-4.569156647398,4.698415665587));
#8120 = CARTESIAN_POINT('',(-4.568439128382,4.712388980385));
#8121 = ( GEOMETRIC_REPRESENTATION_CONTEXT(2) 
PARAMETRIC_REPRESENTATION_CONTEXT() REPRESENTATION_CONTEXT('2D SPACE',''
  ) );
#8122 = ORIENTED_EDGE('',*,*,#5852,.F.);
#8123 = ADVANCED_FACE('',(#8124),#5348,.T.);
#8124 = FACE_BOUND('',#8125,.T.);
#8125 = EDGE_LOOP('',(#8126,#8149,#8150,#8151,#8175,#8198,#8221,#8249));
#8126 = ORIENTED_EDGE('',*,*,#8127,.F.);
#8127 = EDGE_CURVE('',#5299,#8128,#8130,.T.);
#8128 = VERTEX_POINT('',#8129);
#8129 = CARTESIAN_POINT('',(-49.5,-25.5,4.));
#8130 = SURFACE_CURVE('',#8131,(#8135,#8142),.PCURVE_S1.);
#8131 = LINE('',#8132,#8133);
#8132 = CARTESIAN_POINT('',(-49.5,-75.8,4.));
#8133 = VECTOR('',#8134,1.);
#8134 = DIRECTION('',(0.,1.,0.));
#8135 = PCURVE('',#5348,#8136);
#8136 = DEFINITIONAL_REPRESENTATION('',(#8137),#8141);
#8137 = LINE('',#8138,#8139);
#8138 = CARTESIAN_POINT('',(-49.5,-75.8));
#8139 = VECTOR('',#8140,1.);
#8140 = DIRECTION('',(0.,1.));
#8141 = ( GEOMETRIC_REPRESENTATION_CONTEXT(2) 
PARAMETRIC_REPRESENTATION_CONTEXT() REPRESENTATION_CONTEXT('2D SPACE',''
  ) );
#8142 = PCURVE('',#5320,#8143);
#8143 = DEFINITIONAL_REPRESENTATION('',(#8144),#8148);
#8144 = LINE('',#8145,#8146);
#8145 = CARTESIAN_POINT('',(0.707106781187,0.));
#8146 = VECTOR('',#8147,1.);
#8147 = DIRECTION('',(0.,-1.));
#8148 = ( GEOMETRIC_REPRESENTATION_CONTEXT(2) 
PARAMETRIC_REPRESENTATION_CONTEXT() REPRESENTATION_CONTEXT('2D SPACE',''
  ) );
#8149 = ORIENTED_EDGE('',*,*,#5332,.T.);
#8150 = ORIENTED_EDGE('',*,*,#8022,.T.);
#8151 = ORIENTED_EDGE('',*,*,#8152,.F.);
#8152 = EDGE_CURVE('',#8153,#8023,#8155,.T.);
#8153 = VERTEX_POINT('',#8154);
#8154 = CARTESIAN_POINT('',(-7.7,-73.9089172119,4.));
#8155 = SURFACE_CURVE('',#8156,(#8161,#8168),.PCURVE_S1.);
#8156 = CIRCLE('',#8157,5.55);
#8157 = AXIS2_PLACEMENT_3D('',#8158,#8159,#8160);
#8158 = CARTESIAN_POINT('',(-12.,-70.4,4.));
#8159 = DIRECTION('',(0.,0.,1.));
#8160 = DIRECTION('',(0.736842105263,-0.676064872561,0.));
#8161 = PCURVE('',#5348,#8162);
#8162 = DEFINITIONAL_REPRESENTATION('',(#8163),#8167);
#8163 = CIRCLE('',#8164,5.55);
#8164 = AXIS2_PLACEMENT_2D('',#8165,#8166);
#8165 = CARTESIAN_POINT('',(-12.,-70.4));
#8166 = DIRECTION('',(0.736842105263,-0.676064872561));
#8167 = ( GEOMETRIC_REPRESENTATION_CONTEXT(2) 
PARAMETRIC_REPRESENTATION_CONTEXT() REPRESENTATION_CONTEXT('2D SPACE',''
  ) );
#8168 = PCURVE('',#5993,#8169);
#8169 = DEFINITIONAL_REPRESENTATION('',(#8170),#8174);
#8170 = LINE('',#8171,#8172);
#8171 = CARTESIAN_POINT('',(-0.,4.712388980385));
#8172 = VECTOR('',#8173,1.);
#8173 = DIRECTION('',(-1.,0.));
#8174 = ( GEOMETRIC_REPRESENTATION_CONTEXT(2) 
PARAMETRIC_REPRESENTATION_CONTEXT() REPRESENTATION_CONTEXT('2D SPACE',''
  ) );
#8175 = ORIENTED_EDGE('',*,*,#8176,.F.);
#8176 = EDGE_CURVE('',#8177,#8153,#8179,.T.);
#8177 = VERTEX_POINT('',#8178);
#8178 = CARTESIAN_POINT('',(-7.7,-74.,4.));
#8179 = SURFACE_CURVE('',#8180,(#8184,#8191),.PCURVE_S1.);
#8180 = LINE('',#8181,#8182);
#8181 = CARTESIAN_POINT('',(-7.7,-74.8,4.));
#8182 = VECTOR('',#8183,1.);
#8183 = DIRECTION('',(2.22044604925E-16,1.,0.));
#8184 = PCURVE('',#5348,#8185);
#8185 = DEFINITIONAL_REPRESENTATION('',(#8186),#8190);
#8186 = LINE('',#8187,#8188);
#8187 = CARTESIAN_POINT('',(-7.7,-74.8));
#8188 = VECTOR('',#8189,1.);
#8189 = DIRECTION('',(2.22044604925E-16,1.));
#8190 = ( GEOMETRIC_REPRESENTATION_CONTEXT(2) 
PARAMETRIC_REPRESENTATION_CONTEXT() REPRESENTATION_CONTEXT('2D SPACE',''
  ) );
#8191 = PCURVE('',#6101,#8192);
#8192 = DEFINITIONAL_REPRESENTATION('',(#8193),#8197);
#8193 = LINE('',#8194,#8195);
#8194 = CARTESIAN_POINT('',(1.570796326795,0.));
#8195 = VECTOR('',#8196,1.);
#8196 = DIRECTION('',(0.,1.));
#8197 = ( GEOMETRIC_REPRESENTATION_CONTEXT(2) 
PARAMETRIC_REPRESENTATION_CONTEXT() REPRESENTATION_CONTEXT('2D SPACE',''
  ) );
#8198 = ORIENTED_EDGE('',*,*,#8199,.T.);
#8199 = EDGE_CURVE('',#8177,#8200,#8202,.T.);
#8200 = VERTEX_POINT('',#8201);
#8201 = CARTESIAN_POINT('',(-0.5,-74.,4.));
#8202 = SURFACE_CURVE('',#8203,(#8207,#8214),.PCURVE_S1.);
#8203 = LINE('',#8204,#8205);
#8204 = CARTESIAN_POINT('',(-8.5,-74.,4.));
#8205 = VECTOR('',#8206,1.);
#8206 = DIRECTION('',(1.,0.,-0.));
#8207 = PCURVE('',#5348,#8208);
#8208 = DEFINITIONAL_REPRESENTATION('',(#8209),#8213);
#8209 = LINE('',#8210,#8211);
#8210 = CARTESIAN_POINT('',(-8.5,-74.));
#8211 = VECTOR('',#8212,1.);
#8212 = DIRECTION('',(1.,0.));
#8213 = ( GEOMETRIC_REPRESENTATION_CONTEXT(2) 
PARAMETRIC_REPRESENTATION_CONTEXT() REPRESENTATION_CONTEXT('2D SPACE',''
  ) );
#8214 = PCURVE('',#6189,#8215);
#8215 = DEFINITIONAL_REPRESENTATION('',(#8216),#8220);
#8216 = LINE('',#8217,#8218);
#8217 = CARTESIAN_POINT('',(-1.570796326795,0.));
#8218 = VECTOR('',#8219,1.);
#8219 = DIRECTION('',(-0.,1.));
#8220 = ( GEOMETRIC_REPRESENTATION_CONTEXT(2) 
PARAMETRIC_REPRESENTATION_CONTEXT() REPRESENTATION_CONTEXT('2D SPACE',''
  ) );
#8221 = ORIENTED_EDGE('',*,*,#8222,.T.);
#8222 = EDGE_CURVE('',#8200,#8223,#8225,.T.);
#8223 = VERTEX_POINT('',#8224);
#8224 = CARTESIAN_POINT('',(-0.5,-25.5,4.));
#8225 = SURFACE_CURVE('',#8226,(#8230,#8237),.PCURVE_S1.);
#8226 = LINE('',#8227,#8228);
#8227 = CARTESIAN_POINT('',(-0.5,-75.8,4.));
#8228 = VECTOR('',#8229,1.);
#8229 = DIRECTION('',(0.,1.,0.));
#8230 = PCURVE('',#5348,#8231);
#8231 = DEFINITIONAL_REPRESENTATION('',(#8232),#8236);
#8232 = LINE('',#8233,#8234);
#8233 = CARTESIAN_POINT('',(-0.5,-75.8));
#8234 = VECTOR('',#8235,1.);
#8235 = DIRECTION('',(0.,1.));
#8236 = ( GEOMETRIC_REPRESENTATION_CONTEXT(2) 
PARAMETRIC_REPRESENTATION_CONTEXT() REPRESENTATION_CONTEXT('2D SPACE',''
  ) );
#8237 = PCURVE('',#8238,#8243);
#8238 = PLANE('',#8239);
#8239 = AXIS2_PLACEMENT_3D('',#8240,#8241,#8242);
#8240 = CARTESIAN_POINT('',(-0.5,-75.8,4.));
#8241 = DIRECTION('',(0.707106781187,0.,0.707106781187));
#8242 = DIRECTION('',(0.707106781187,0.,-0.707106781187));
#8243 = DEFINITIONAL_REPRESENTATION('',(#8244),#8248);
#8244 = LINE('',#8245,#8246);
#8245 = CARTESIAN_POINT('',(0.,0.));
#8246 = VECTOR('',#8247,1.);
#8247 = DIRECTION('',(0.,1.));
#8248 = ( GEOMETRIC_REPRESENTATION_CONTEXT(2) 
PARAMETRIC_REPRESENTATION_CONTEXT() REPRESENTATION_CONTEXT('2D SPACE',''
  ) );
#8249 = ORIENTED_EDGE('',*,*,#8250,.F.);
#8250 = EDGE_CURVE('',#8128,#8223,#8251,.T.);
#8251 = SURFACE_CURVE('',#8252,(#8256,#8263),.PCURVE_S1.);
#8252 = LINE('',#8253,#8254);
#8253 = CARTESIAN_POINT('',(-100.8,-25.5,4.));
#8254 = VECTOR('',#8255,1.);
#8255 = DIRECTION('',(1.,0.,0.));
#8256 = PCURVE('',#5348,#8257);
#8257 = DEFINITIONAL_REPRESENTATION('',(#8258),#8262);
#8258 = LINE('',#8259,#8260);
#8259 = CARTESIAN_POINT('',(-100.8,-25.5));
#8260 = VECTOR('',#8261,1.);
#8261 = DIRECTION('',(1.,0.));
#8262 = ( GEOMETRIC_REPRESENTATION_CONTEXT(2) 
PARAMETRIC_REPRESENTATION_CONTEXT() REPRESENTATION_CONTEXT('2D SPACE',''
  ) );
#8263 = PCURVE('',#8264,#8269);
#8264 = PLANE('',#8265);
#8265 = AXIS2_PLACEMENT_3D('',#8266,#8267,#8268);
#8266 = CARTESIAN_POINT('',(-100.8,-25.,3.5));
#8267 = DIRECTION('',(0.,0.707106781187,0.707106781187));
#8268 = DIRECTION('',(0.,-0.707106781187,0.707106781187));
#8269 = DEFINITIONAL_REPRESENTATION('',(#8270),#8274);
#8270 = LINE('',#8271,#8272);
#8271 = CARTESIAN_POINT('',(0.707106781187,0.));
#8272 = VECTOR('',#8273,1.);
#8273 = DIRECTION('',(0.,1.));
#8274 = ( GEOMETRIC_REPRESENTATION_CONTEXT(2) 
PARAMETRIC_REPRESENTATION_CONTEXT() REPRESENTATION_CONTEXT('2D SPACE',''
  ) );
#8275 = ADVANCED_FACE('',(#8276),#5320,.F.);
#8276 = FACE_BOUND('',#8277,.F.);
#8277 = EDGE_LOOP('',(#8278,#8279,#8280,#8281));
#8278 = ORIENTED_EDGE('',*,*,#8127,.F.);
#8279 = ORIENTED_EDGE('',*,*,#5298,.T.);
#8280 = ORIENTED_EDGE('',*,*,#5449,.T.);
#8281 = ORIENTED_EDGE('',*,*,#8282,.T.);
#8282 = EDGE_CURVE('',#5401,#8128,#8283,.T.);
#8283 = SURFACE_CURVE('',#8284,(#8288,#8294),.PCURVE_S1.);
#8284 = LINE('',#8285,#8286);
#8285 = CARTESIAN_POINT('',(-50.,-25.,3.5));
#8286 = VECTOR('',#8287,1.);
#8287 = DIRECTION('',(0.57735026919,-0.57735026919,0.57735026919));
#8288 = PCURVE('',#5320,#8289);
#8289 = DEFINITIONAL_REPRESENTATION('',(#8290),#8293);
#8290 = B_SPLINE_CURVE_WITH_KNOTS('',1,(#8291,#8292),.UNSPECIFIED.,.F.,
  .F.,(2,2),(2.563950248511E-15,0.866025403784),
  .PIECEWISE_BEZIER_KNOTS.);
#8291 = CARTESIAN_POINT('',(6.489715495893E-15,-50.8));
#8292 = CARTESIAN_POINT('',(0.707106781187,-50.3));
#8293 = ( GEOMETRIC_REPRESENTATION_CONTEXT(2) 
PARAMETRIC_REPRESENTATION_CONTEXT() REPRESENTATION_CONTEXT('2D SPACE',''
  ) );
#8294 = PCURVE('',#8264,#8295);
#8295 = DEFINITIONAL_REPRESENTATION('',(#8296),#8299);
#8296 = B_SPLINE_CURVE_WITH_KNOTS('',1,(#8297,#8298),.UNSPECIFIED.,.F.,
  .F.,(2,2),(2.563950248511E-15,0.866025403784),
  .PIECEWISE_BEZIER_KNOTS.);
#8297 = CARTESIAN_POINT('',(-1.046728305789E-15,50.8));
#8298 = CARTESIAN_POINT('',(0.707106781187,51.3));
#8299 = ( GEOMETRIC_REPRESENTATION_CONTEXT(2) 
PARAMETRIC_REPRESENTATION_CONTEXT() REPRESENTATION_CONTEXT('2D SPACE',''
  ) );
#8300 = ADVANCED_FACE('',(#8301),#5512,.T.);
#8301 = FACE_BOUND('',#8302,.T.);
#8302 = EDGE_LOOP('',(#8303,#8324,#8325,#8326));
#8303 = ORIENTED_EDGE('',*,*,#8304,.F.);
#8304 = EDGE_CURVE('',#5475,#8305,#8307,.T.);
#8305 = VERTEX_POINT('',#8306);
#8306 = CARTESIAN_POINT('',(-73.7,-71.5,5.6));
#8307 = SEAM_CURVE('',#8308,(#8312,#8318),.PCURVE_S1.);
#8308 = LINE('',#8309,#8310);
#8309 = CARTESIAN_POINT('',(-73.4,-71.5,5.3));
#8310 = VECTOR('',#8311,1.);
#8311 = DIRECTION('',(-0.707106781187,0.,0.707106781187));
#8312 = PCURVE('',#5512,#8313);
#8313 = DEFINITIONAL_REPRESENTATION('',(#8314),#8317);
#8314 = B_SPLINE_CURVE_WITH_KNOTS('',1,(#8315,#8316),.UNSPECIFIED.,.F.,
  .F.,(2,2),(0.,0.424264068712),.PIECEWISE_BEZIER_KNOTS.);
#8315 = CARTESIAN_POINT('',(0.,0.));
#8316 = CARTESIAN_POINT('',(0.,-0.3));
#8317 = ( GEOMETRIC_REPRESENTATION_CONTEXT(2) 
PARAMETRIC_REPRESENTATION_CONTEXT() REPRESENTATION_CONTEXT('2D SPACE',''
  ) );
#8318 = PCURVE('',#5512,#8319);
#8319 = DEFINITIONAL_REPRESENTATION('',(#8320),#8323);
#8320 = B_SPLINE_CURVE_WITH_KNOTS('',1,(#8321,#8322),.UNSPECIFIED.,.F.,
  .F.,(2,2),(0.,0.424264068712),.PIECEWISE_BEZIER_KNOTS.);
#8321 = CARTESIAN_POINT('',(-6.28318530718,0.));
#8322 = CARTESIAN_POINT('',(-6.28318530718,-0.3));
#8323 = ( GEOMETRIC_REPRESENTATION_CONTEXT(2) 
PARAMETRIC_REPRESENTATION_CONTEXT() REPRESENTATION_CONTEXT('2D SPACE',''
  ) );
#8324 = ORIENTED_EDGE('',*,*,#5497,.T.);
#8325 = ORIENTED_EDGE('',*,*,#8304,.T.);
#8326 = ORIENTED_EDGE('',*,*,#8327,.F.);
#8327 = EDGE_CURVE('',#8305,#8305,#8328,.T.);
#8328 = SURFACE_CURVE('',#8329,(#8334,#8341),.PCURVE_S1.);
#8329 = CIRCLE('',#8330,1.3);
#8330 = AXIS2_PLACEMENT_3D('',#8331,#8332,#8333);
#8331 = CARTESIAN_POINT('',(-75.,-71.5,5.6));
#8332 = DIRECTION('',(0.,0.,1.));
#8333 = DIRECTION('',(1.,0.,-0.));
#8334 = PCURVE('',#5512,#8335);
#8335 = DEFINITIONAL_REPRESENTATION('',(#8336),#8340);
#8336 = LINE('',#8337,#8338);
#8337 = CARTESIAN_POINT('',(-0.,-0.3));
#8338 = VECTOR('',#8339,1.);
#8339 = DIRECTION('',(-1.,-0.));
#8340 = ( GEOMETRIC_REPRESENTATION_CONTEXT(2) 
PARAMETRIC_REPRESENTATION_CONTEXT() REPRESENTATION_CONTEXT('2D SPACE',''
  ) );
#8341 = PCURVE('',#8342,#8347);
#8342 = PLANE('',#8343);
#8343 = AXIS2_PLACEMENT_3D('',#8344,#8345,#8346);
#8344 = CARTESIAN_POINT('',(-75.,-71.5,5.6));
#8345 = DIRECTION('',(0.,0.,1.));
#8346 = DIRECTION('',(1.,0.,-0.));
#8347 = DEFINITIONAL_REPRESENTATION('',(#8348),#8352);
#8348 = CIRCLE('',#8349,1.3);
#8349 = AXIS2_PLACEMENT_2D('',#8350,#8351);
#8350 = CARTESIAN_POINT('',(0.,0.));
#8351 = DIRECTION('',(1.,0.));
#8352 = ( GEOMETRIC_REPRESENTATION_CONTEXT(2) 
PARAMETRIC_REPRESENTATION_CONTEXT() REPRESENTATION_CONTEXT('2D SPACE',''
  ) );
#8353 = ADVANCED_FACE('',(#8354),#5567,.T.);
#8354 = FACE_BOUND('',#8355,.T.);
#8355 = EDGE_LOOP('',(#8356,#8377,#8378,#8379));
#8356 = ORIENTED_EDGE('',*,*,#8357,.F.);
#8357 = EDGE_CURVE('',#5530,#8358,#8360,.T.);
#8358 = VERTEX_POINT('',#8359);
#8359 = CARTESIAN_POINT('',(-95.2,-50.,5.6));
#8360 = SEAM_CURVE('',#8361,(#8365,#8371),.PCURVE_S1.);
#8361 = LINE('',#8362,#8363);
#8362 = CARTESIAN_POINT('',(-94.9,-50.,5.3));
#8363 = VECTOR('',#8364,1.);
#8364 = DIRECTION('',(-0.707106781187,0.,0.707106781187));
#8365 = PCURVE('',#5567,#8366);
#8366 = DEFINITIONAL_REPRESENTATION('',(#8367),#8370);
#8367 = B_SPLINE_CURVE_WITH_KNOTS('',1,(#8368,#8369),.UNSPECIFIED.,.F.,
  .F.,(2,2),(0.,0.424264068712),.PIECEWISE_BEZIER_KNOTS.);
#8368 = CARTESIAN_POINT('',(0.,0.));
#8369 = CARTESIAN_POINT('',(0.,-0.3));
#8370 = ( GEOMETRIC_REPRESENTATION_CONTEXT(2) 
PARAMETRIC_REPRESENTATION_CONTEXT() REPRESENTATION_CONTEXT('2D SPACE',''
  ) );
#8371 = PCURVE('',#5567,#8372);
#8372 = DEFINITIONAL_REPRESENTATION('',(#8373),#8376);
#8373 = B_SPLINE_CURVE_WITH_KNOTS('',1,(#8374,#8375),.UNSPECIFIED.,.F.,
  .F.,(2,2),(0.,0.424264068712),.PIECEWISE_BEZIER_KNOTS.);
#8374 = CARTESIAN_POINT('',(-6.28318530718,0.));
#8375 = CARTESIAN_POINT('',(-6.28318530718,-0.3));
#8376 = ( GEOMETRIC_REPRESENTATION_CONTEXT(2) 
PARAMETRIC_REPRESENTATION_CONTEXT() REPRESENTATION_CONTEXT('2D SPACE',''
  ) );
#8377 = ORIENTED_EDGE('',*,*,#5552,.T.);
#8378 = ORIENTED_EDGE('',*,*,#8357,.T.);
#8379 = ORIENTED_EDGE('',*,*,#8380,.F.);
#8380 = EDGE_CURVE('',#8358,#8358,#8381,.T.);
#8381 = SURFACE_CURVE('',#8382,(#8387,#8394),.PCURVE_S1.);
#8382 = CIRCLE('',#8383,1.3);
#8383 = AXIS2_PLACEMENT_3D('',#8384,#8385,#8386);
#8384 = CARTESIAN_POINT('',(-96.5,-50.,5.6));
#8385 = DIRECTION('',(0.,0.,1.));
#8386 = DIRECTION('',(1.,0.,-0.));
#8387 = PCURVE('',#5567,#8388);
#8388 = DEFINITIONAL_REPRESENTATION('',(#8389),#8393);
#8389 = LINE('',#8390,#8391);
#8390 = CARTESIAN_POINT('',(-0.,-0.3));
#8391 = VECTOR('',#8392,1.);
#8392 = DIRECTION('',(-1.,-0.));
#8393 = ( GEOMETRIC_REPRESENTATION_CONTEXT(2) 
PARAMETRIC_REPRESENTATION_CONTEXT() REPRESENTATION_CONTEXT('2D SPACE',''
  ) );
#8394 = PCURVE('',#8395,#8400);
#8395 = PLANE('',#8396);
#8396 = AXIS2_PLACEMENT_3D('',#8397,#8398,#8399);
#8397 = CARTESIAN_POINT('',(-96.5,-50.,5.6));
#8398 = DIRECTION('',(0.,0.,1.));
#8399 = DIRECTION('',(1.,0.,-0.));
#8400 = DEFINITIONAL_REPRESENTATION('',(#8401),#8405);
#8401 = CIRCLE('',#8402,1.3);
#8402 = AXIS2_PLACEMENT_2D('',#8403,#8404);
#8403 = CARTESIAN_POINT('',(0.,0.));
#8404 = DIRECTION('',(1.,0.));
#8405 = ( GEOMETRIC_REPRESENTATION_CONTEXT(2) 
PARAMETRIC_REPRESENTATION_CONTEXT() REPRESENTATION_CONTEXT('2D SPACE',''
  ) );
#8406 = ADVANCED_FACE('',(#8407),#5622,.T.);
#8407 = FACE_BOUND('',#8408,.T.);
#8408 = EDGE_LOOP('',(#8409,#8430,#8431,#8432));
#8409 = ORIENTED_EDGE('',*,*,#8410,.F.);
#8410 = EDGE_CURVE('',#5585,#8411,#8413,.T.);
#8411 = VERTEX_POINT('',#8412);
#8412 = CARTESIAN_POINT('',(-73.7,-28.5,5.6));
#8413 = SEAM_CURVE('',#8414,(#8418,#8424),.PCURVE_S1.);
#8414 = LINE('',#8415,#8416);
#8415 = CARTESIAN_POINT('',(-73.4,-28.5,5.3));
#8416 = VECTOR('',#8417,1.);
#8417 = DIRECTION('',(-0.707106781187,0.,0.707106781187));
#8418 = PCURVE('',#5622,#8419);
#8419 = DEFINITIONAL_REPRESENTATION('',(#8420),#8423);
#8420 = B_SPLINE_CURVE_WITH_KNOTS('',1,(#8421,#8422),.UNSPECIFIED.,.F.,
  .F.,(2,2),(0.,0.424264068712),.PIECEWISE_BEZIER_KNOTS.);
#8421 = CARTESIAN_POINT('',(0.,0.));
#8422 = CARTESIAN_POINT('',(0.,-0.3));
#8423 = ( GEOMETRIC_REPRESENTATION_CONTEXT(2) 
PARAMETRIC_REPRESENTATION_CONTEXT() REPRESENTATION_CONTEXT('2D SPACE',''
  ) );
#8424 = PCURVE('',#5622,#8425);
#8425 = DEFINITIONAL_REPRESENTATION('',(#8426),#8429);
#8426 = B_SPLINE_CURVE_WITH_KNOTS('',1,(#8427,#8428),.UNSPECIFIED.,.F.,
  .F.,(2,2),(0.,0.424264068712),.PIECEWISE_BEZIER_KNOTS.);
#8427 = CARTESIAN_POINT('',(-6.28318530718,0.));
#8428 = CARTESIAN_POINT('',(-6.28318530718,-0.3));
#8429 = ( GEOMETRIC_REPRESENTATION_CONTEXT(2) 
PARAMETRIC_REPRESENTATION_CONTEXT() REPRESENTATION_CONTEXT('2D SPACE',''
  ) );
#8430 = ORIENTED_EDGE('',*,*,#5607,.T.);
#8431 = ORIENTED_EDGE('',*,*,#8410,.T.);
#8432 = ORIENTED_EDGE('',*,*,#8433,.F.);
#8433 = EDGE_CURVE('',#8411,#8411,#8434,.T.);
#8434 = SURFACE_CURVE('',#8435,(#8440,#8447),.PCURVE_S1.);
#8435 = CIRCLE('',#8436,1.3);
#8436 = AXIS2_PLACEMENT_3D('',#8437,#8438,#8439);
#8437 = CARTESIAN_POINT('',(-75.,-28.5,5.6));
#8438 = DIRECTION('',(0.,0.,1.));
#8439 = DIRECTION('',(1.,0.,-0.));
#8440 = PCURVE('',#5622,#8441);
#8441 = DEFINITIONAL_REPRESENTATION('',(#8442),#8446);
#8442 = LINE('',#8443,#8444);
#8443 = CARTESIAN_POINT('',(-0.,-0.3));
#8444 = VECTOR('',#8445,1.);
#8445 = DIRECTION('',(-1.,-0.));
#8446 = ( GEOMETRIC_REPRESENTATION_CONTEXT(2) 
PARAMETRIC_REPRESENTATION_CONTEXT() REPRESENTATION_CONTEXT('2D SPACE',''
  ) );
#8447 = PCURVE('',#8448,#8453);
#8448 = PLANE('',#8449);
#8449 = AXIS2_PLACEMENT_3D('',#8450,#8451,#8452);
#8450 = CARTESIAN_POINT('',(-75.,-28.5,5.6));
#8451 = DIRECTION('',(0.,0.,1.));
#8452 = DIRECTION('',(1.,0.,-0.));
#8453 = DEFINITIONAL_REPRESENTATION('',(#8454),#8458);
#8454 = CIRCLE('',#8455,1.3);
#8455 = AXIS2_PLACEMENT_2D('',#8456,#8457);
#8456 = CARTESIAN_POINT('',(0.,0.));
#8457 = DIRECTION('',(1.,0.));
#8458 = ( GEOMETRIC_REPRESENTATION_CONTEXT(2) 
PARAMETRIC_REPRESENTATION_CONTEXT() REPRESENTATION_CONTEXT('2D SPACE',''
  ) );
#8459 = ADVANCED_FACE('',(#8460),#5677,.T.);
#8460 = FACE_BOUND('',#8461,.T.);
#8461 = EDGE_LOOP('',(#8462,#8483,#8484,#8485));
#8462 = ORIENTED_EDGE('',*,*,#8463,.F.);
#8463 = EDGE_CURVE('',#5640,#8464,#8466,.T.);
#8464 = VERTEX_POINT('',#8465);
#8465 = CARTESIAN_POINT('',(-52.2,-50.,5.6));
#8466 = SEAM_CURVE('',#8467,(#8471,#8477),.PCURVE_S1.);
#8467 = LINE('',#8468,#8469);
#8468 = CARTESIAN_POINT('',(-51.9,-50.,5.3));
#8469 = VECTOR('',#8470,1.);
#8470 = DIRECTION('',(-0.707106781187,0.,0.707106781187));
#8471 = PCURVE('',#5677,#8472);
#8472 = DEFINITIONAL_REPRESENTATION('',(#8473),#8476);
#8473 = B_SPLINE_CURVE_WITH_KNOTS('',1,(#8474,#8475),.UNSPECIFIED.,.F.,
  .F.,(2,2),(0.,0.424264068712),.PIECEWISE_BEZIER_KNOTS.);
#8474 = CARTESIAN_POINT('',(0.,0.));
#8475 = CARTESIAN_POINT('',(0.,-0.3));
#8476 = ( GEOMETRIC_REPRESENTATION_CONTEXT(2) 
PARAMETRIC_REPRESENTATION_CONTEXT() REPRESENTATION_CONTEXT('2D SPACE',''
  ) );
#8477 = PCURVE('',#5677,#8478);
#8478 = DEFINITIONAL_REPRESENTATION('',(#8479),#8482);
#8479 = B_SPLINE_CURVE_WITH_KNOTS('',1,(#8480,#8481),.UNSPECIFIED.,.F.,
  .F.,(2,2),(0.,0.424264068712),.PIECEWISE_BEZIER_KNOTS.);
#8480 = CARTESIAN_POINT('',(-6.28318530718,0.));
#8481 = CARTESIAN_POINT('',(-6.28318530718,-0.3));
#8482 = ( GEOMETRIC_REPRESENTATION_CONTEXT(2) 
PARAMETRIC_REPRESENTATION_CONTEXT() REPRESENTATION_CONTEXT('2D SPACE',''
  ) );
#8483 = ORIENTED_EDGE('',*,*,#5662,.T.);
#8484 = ORIENTED_EDGE('',*,*,#8463,.T.);
#8485 = ORIENTED_EDGE('',*,*,#8486,.F.);
#8486 = EDGE_CURVE('',#8464,#8464,#8487,.T.);
#8487 = SURFACE_CURVE('',#8488,(#8493,#8500),.PCURVE_S1.);
#8488 = CIRCLE('',#8489,1.3);
#8489 = AXIS2_PLACEMENT_3D('',#8490,#8491,#8492);
#8490 = CARTESIAN_POINT('',(-53.5,-50.,5.6));
#8491 = DIRECTION('',(0.,0.,1.));
#8492 = DIRECTION('',(1.,0.,-0.));
#8493 = PCURVE('',#5677,#8494);
#8494 = DEFINITIONAL_REPRESENTATION('',(#8495),#8499);
#8495 = LINE('',#8496,#8497);
#8496 = CARTESIAN_POINT('',(-0.,-0.3));
#8497 = VECTOR('',#8498,1.);
#8498 = DIRECTION('',(-1.,-0.));
#8499 = ( GEOMETRIC_REPRESENTATION_CONTEXT(2) 
PARAMETRIC_REPRESENTATION_CONTEXT() REPRESENTATION_CONTEXT('2D SPACE',''
  ) );
#8500 = PCURVE('',#8501,#8506);
#8501 = PLANE('',#8502);
#8502 = AXIS2_PLACEMENT_3D('',#8503,#8504,#8505);
#8503 = CARTESIAN_POINT('',(-53.5,-50.,5.6));
#8504 = DIRECTION('',(0.,0.,1.));
#8505 = DIRECTION('',(1.,0.,-0.));
#8506 = DEFINITIONAL_REPRESENTATION('',(#8507),#8511);
#8507 = CIRCLE('',#8508,1.3);
#8508 = AXIS2_PLACEMENT_2D('',#8509,#8510);
#8509 = CARTESIAN_POINT('',(0.,0.));
#8510 = DIRECTION('',(1.,0.));
#8511 = ( GEOMETRIC_REPRESENTATION_CONTEXT(2) 
PARAMETRIC_REPRESENTATION_CONTEXT() REPRESENTATION_CONTEXT('2D SPACE',''
  ) );
#8512 = ADVANCED_FACE('',(#8513),#5918,.T.);
#8513 = FACE_BOUND('',#8514,.F.);
#8514 = EDGE_LOOP('',(#8515,#8516,#8517,#8595));
#8515 = ORIENTED_EDGE('',*,*,#7638,.F.);
#8516 = ORIENTED_EDGE('',*,*,#5901,.T.);
#8517 = ORIENTED_EDGE('',*,*,#8518,.T.);
#8518 = EDGE_CURVE('',#5902,#7824,#8519,.T.);
#8519 = SURFACE_CURVE('',#8520,(#8543,#8569),.PCURVE_S1.);
#8520 = B_SPLINE_CURVE_WITH_KNOTS('',6,(#8521,#8522,#8523,#8524,#8525,
    #8526,#8527,#8528,#8529,#8530,#8531,#8532,#8533,#8534,#8535,#8536,
    #8537,#8538,#8539,#8540,#8541,#8542),.UNSPECIFIED.,.F.,.F.,(7,5,5,5,
    7),(0.,0.438656153255,0.691710079833,0.945880621224,1.),
  .UNSPECIFIED.);
#8521 = CARTESIAN_POINT('',(-98.61130814466,16.5,3.2));
#8522 = CARTESIAN_POINT('',(-98.61130814466,16.5,3.293405276176));
#8523 = CARTESIAN_POINT('',(-98.61640203254,16.513086849337,
    3.386838898449));
#8524 = CARTESIAN_POINT('',(-98.62659657615,16.539275086604,
    3.477756442814));
#8525 = CARTESIAN_POINT('',(-98.64153396782,16.577811013147,
    3.563769018498));
#8526 = CARTESIAN_POINT('',(-98.66061165314,16.627432970697,
    3.642861474456));
#8527 = CARTESIAN_POINT('',(-98.69608019544,16.720590513931,
    3.754169941227));
#8528 = CARTESIAN_POINT('',(-98.71019572741,16.757826284717,
    3.792070669342));
#8529 = CARTESIAN_POINT('',(-98.72531569611,16.797915356327,
    3.826855294705));
#8530 = CARTESIAN_POINT('',(-98.74129595158,16.840528241343,
    3.858279045447));
#8531 = CARTESIAN_POINT('',(-98.75798920543,16.885317417941,
    3.886144415627));
#8532 = CARTESIAN_POINT('',(-98.79258834691,16.978742038942,
    3.934556668575));
#8533 = CARTESIAN_POINT('',(-98.81049919737,17.027393432133,
    3.955070628693));
#8534 = CARTESIAN_POINT('',(-98.82883632806,17.077520465082,
    3.971683629253));
#8535 = CARTESIAN_POINT('',(-98.84745463402,17.128752146246,
    3.984282674162));
#8536 = CARTESIAN_POINT('',(-98.86621248918,17.180710819136,
    3.99279582882));
#8537 = CARTESIAN_POINT('',(-98.88896809291,17.244152958363,
    3.99812656777));
#8538 = CARTESIAN_POINT('',(-98.89296290469,17.255305730302,
    3.998875656177));
#8539 = CARTESIAN_POINT('',(-98.89695653045,17.266470513153,
    3.999437727782));
#8540 = CARTESIAN_POINT('',(-98.90094765834,17.277643617839,
    3.999812556521));
#8541 = CARTESIAN_POINT('',(-98.90493498385,17.288821348339,4.0000000001
    ));
#8542 = CARTESIAN_POINT('',(-98.90891720984,17.300000001682,4.));
#8543 = PCURVE('',#5918,#8544);
#8544 = DEFINITIONAL_REPRESENTATION('',(#8545),#8568);
#8545 = B_SPLINE_CURVE_WITH_KNOTS('',6,(#8546,#8547,#8548,#8549,#8550,
    #8551,#8552,#8553,#8554,#8555,#8556,#8557,#8558,#8559,#8560,#8561,
    #8562,#8563,#8564,#8565,#8566,#8567),.UNSPECIFIED.,.F.,.F.,(7,5,5,5,
    7),(0.,0.438656153255,0.691710079833,0.945880621224,1.),
  .UNSPECIFIED.);
#8546 = CARTESIAN_POINT('',(-4.62641051363,3.14159265359));
#8547 = CARTESIAN_POINT('',(-4.62641051363,3.25834924881));
#8548 = CARTESIAN_POINT('',(-4.625338193149,3.375140644612));
#8549 = CARTESIAN_POINT('',(-4.623191599233,3.491655692429));
#8550 = CARTESIAN_POINT('',(-4.620070034421,3.607765840702));
#8551 = CARTESIAN_POINT('',(-4.616140067892,3.723391533775));
#8552 = CARTESIAN_POINT('',(-4.60895512493,3.904826364691));
#8553 = CARTESIAN_POINT('',(-4.606117471782,3.971029944433));
#8554 = CARTESIAN_POINT('',(-4.603105027463,4.03706260116));
#8555 = CARTESIAN_POINT('',(-4.599952977861,4.102936447174));
#8556 = CARTESIAN_POINT('',(-4.596695600518,4.168671184977));
#8557 = CARTESIAN_POINT('',(-4.590018713294,4.300200091286));
#8558 = CARTESIAN_POINT('',(-4.586598569553,4.365993165969));
#8559 = CARTESIAN_POINT('',(-4.583136262248,4.431695960965));
#8560 = CARTESIAN_POINT('',(-4.579661489765,4.497337633258));
#8561 = CARTESIAN_POINT('',(-4.57620124557,4.562948961501));
#8562 = CARTESIAN_POINT('',(-4.57205104717,4.642531090928));
#8563 = CARTESIAN_POINT('',(-4.571324243431,4.656501502271));
#8564 = CARTESIAN_POINT('',(-4.570599424608,4.670472210543));
#8565 = CARTESIAN_POINT('',(-4.569876818611,4.684443503897));
#8566 = CARTESIAN_POINT('',(-4.569156647599,4.698415666871));
#8567 = CARTESIAN_POINT('',(-4.568439127974,4.712388980385));
#8568 = ( GEOMETRIC_REPRESENTATION_CONTEXT(2) 
PARAMETRIC_REPRESENTATION_CONTEXT() REPRESENTATION_CONTEXT('2D SPACE',''
  ) );
#8569 = PCURVE('',#6047,#8570);
#8570 = DEFINITIONAL_REPRESENTATION('',(#8571),#8594);
#8571 = B_SPLINE_CURVE_WITH_KNOTS('',6,(#8572,#8573,#8574,#8575,#8576,
    #8577,#8578,#8579,#8580,#8581,#8582,#8583,#8584,#8585,#8586,#8587,
    #8588,#8589,#8590,#8591,#8592,#8593),.UNSPECIFIED.,.F.,.F.,(7,5,5,5,
    7),(0.,0.438656153255,0.691710079833,0.945880621224,1.),
  .UNSPECIFIED.);
#8572 = CARTESIAN_POINT('',(0.,1.188691855334));
#8573 = CARTESIAN_POINT('',(-0.11675659522,1.188691855334));
#8574 = CARTESIAN_POINT('',(-0.233547991022,1.183597967451));
#8575 = CARTESIAN_POINT('',(-0.35006303884,1.173403423841));
#8576 = CARTESIAN_POINT('',(-0.466173187112,1.158466032175));
#8577 = CARTESIAN_POINT('',(-0.581798880185,1.139388346851));
#8578 = CARTESIAN_POINT('',(-0.763233711101,1.103919804556));
#8579 = CARTESIAN_POINT('',(-0.829437290843,1.089804272585));
#8580 = CARTESIAN_POINT('',(-0.895469947571,1.074684303885));
#8581 = CARTESIAN_POINT('',(-0.961343793584,1.058704048415));
#8582 = CARTESIAN_POINT('',(-1.027078531387,1.042010794569));
#8583 = CARTESIAN_POINT('',(-1.158607437696,1.007411653086));
#8584 = CARTESIAN_POINT('',(-1.224400512379,0.989500802622));
#8585 = CARTESIAN_POINT('',(-1.290103307375,0.971163671934));
#8586 = CARTESIAN_POINT('',(-1.355744979668,0.952545365977));
#8587 = CARTESIAN_POINT('',(-1.421356307911,0.933787510819));
#8588 = CARTESIAN_POINT('',(-1.500938437339,0.911031907087));
#8589 = CARTESIAN_POINT('',(-1.51490884937,0.907037095308));
#8590 = CARTESIAN_POINT('',(-1.528879557363,0.903043469544));
#8591 = CARTESIAN_POINT('',(-1.542850849474,0.899052341657));
#8592 = CARTESIAN_POINT('',(-1.556823011903,0.895065016148));
#8593 = CARTESIAN_POINT('',(-1.570796328898,0.891082790157));
#8594 = ( GEOMETRIC_REPRESENTATION_CONTEXT(2) 
PARAMETRIC_REPRESENTATION_CONTEXT() REPRESENTATION_CONTEXT('2D SPACE',''
  ) );
#8595 = ORIENTED_EDGE('',*,*,#7846,.F.);
#8596 = ADVANCED_FACE('',(#8597),#5993,.T.);
#8597 = FACE_BOUND('',#8598,.F.);
#8598 = EDGE_LOOP('',(#8599,#8677,#8678,#8679));
#8599 = ORIENTED_EDGE('',*,*,#8600,.F.);
#8600 = EDGE_CURVE('',#5956,#8153,#8601,.T.);
#8601 = SURFACE_CURVE('',#8602,(#8625,#8651),.PCURVE_S1.);
#8602 = B_SPLINE_CURVE_WITH_KNOTS('',6,(#8603,#8604,#8605,#8606,#8607,
    #8608,#8609,#8610,#8611,#8612,#8613,#8614,#8615,#8616,#8617,#8618,
    #8619,#8620,#8621,#8622,#8623,#8624),.UNSPECIFIED.,.F.,.F.,(7,5,5,5,
    7),(0.,0.438656153042,0.691710079618,0.945880621007,1.),
  .UNSPECIFIED.);
#8603 = CARTESIAN_POINT('',(-8.5,-73.61130814466,3.2));
#8604 = CARTESIAN_POINT('',(-8.5,-73.61130814466,3.293405276131));
#8605 = CARTESIAN_POINT('',(-8.486913150676,-73.61640203254,
    3.386838898358));
#8606 = CARTESIAN_POINT('',(-8.460724913434,-73.62659657614,
    3.477756442682));
#8607 = CARTESIAN_POINT('',(-8.422188986928,-73.64153396779,
    3.563769018332));
#8608 = CARTESIAN_POINT('',(-8.372567029423,-73.6606116531,
    3.642861474264));
#8609 = CARTESIAN_POINT('',(-8.279409486254,-73.69608019537,
    3.754169941033));
#8610 = CARTESIAN_POINT('',(-8.242173715481,-73.71019572734,
    3.792070669161));
#8611 = CARTESIAN_POINT('',(-8.202084643883,-73.72531569603,
    3.826855294537));
#8612 = CARTESIAN_POINT('',(-8.159471758878,-73.7412959515,
    3.858279045293));
#8613 = CARTESIAN_POINT('',(-8.114682582289,-73.75798920534,
    3.886144415489));
#8614 = CARTESIAN_POINT('',(-8.021257961304,-73.79258834682,
    3.934556668467));
#8615 = CARTESIAN_POINT('',(-7.972606568119,-73.81049919728,
    3.955070628602));
#8616 = CARTESIAN_POINT('',(-7.922479535175,-73.82883632797,
    3.971683629179));
#8617 = CARTESIAN_POINT('',(-7.871247854016,-73.84745463392,
    3.984282674104));
#8618 = CARTESIAN_POINT('',(-7.819289181129,-73.86621248908,
    3.99279582878));
#8619 = CARTESIAN_POINT('',(-7.755847041859,-73.88896809283,
    3.998126567755));
#8620 = CARTESIAN_POINT('',(-7.744694269876,-73.89296290462,
    3.998875656168));
#8621 = CARTESIAN_POINT('',(-7.733529486981,-73.8969565304,
    3.999437727777));
#8622 = CARTESIAN_POINT('',(-7.72235638225,-73.90094765831,
    3.999812556519));
#8623 = CARTESIAN_POINT('',(-7.711178651706,-73.90493498383,4.0000000001
    ));
#8624 = CARTESIAN_POINT('',(-7.699999998318,-73.90891720984,4.));
#8625 = PCURVE('',#5993,#8626);
#8626 = DEFINITIONAL_REPRESENTATION('',(#8627),#8650);
#8627 = B_SPLINE_CURVE_WITH_KNOTS('',6,(#8628,#8629,#8630,#8631,#8632,
    #8633,#8634,#8635,#8636,#8637,#8638,#8639,#8640,#8641,#8642,#8643,
    #8644,#8645,#8646,#8647,#8648,#8649),.UNSPECIFIED.,.F.,.F.,(7,5,5,5,
    7),(0.,0.438656153042,0.691710079618,0.945880621007,1.),
  .UNSPECIFIED.);
#8628 = CARTESIAN_POINT('',(3.46389583683E-14,3.14159265359));
#8629 = CARTESIAN_POINT('',(3.46389583683E-14,3.258349248753));
#8630 = CARTESIAN_POINT('',(-1.072320480445E-03,3.375140644499));
#8631 = CARTESIAN_POINT('',(-3.218914394435E-03,3.49165569226));
#8632 = CARTESIAN_POINT('',(-6.340479202834E-03,3.607765840477));
#8633 = CARTESIAN_POINT('',(-1.027044572857E-02,3.723391533495));
#8634 = CARTESIAN_POINT('',(-1.745538868642E-02,3.904826364357));
#8635 = CARTESIAN_POINT('',(-2.029304183367E-02,3.971029944099));
#8636 = CARTESIAN_POINT('',(-2.330548615204E-02,4.037062600826));
#8637 = CARTESIAN_POINT('',(-2.645753575316E-02,4.10293644684));
#8638 = CARTESIAN_POINT('',(-2.971491309538E-02,4.168671184643));
#8639 = CARTESIAN_POINT('',(-3.639180031916E-02,4.300200090951));
#8640 = CARTESIAN_POINT('',(-3.98119440599E-02,4.365993165635));
#8641 = CARTESIAN_POINT('',(-4.327425136446E-02,4.43169596063));
#8642 = CARTESIAN_POINT('',(-4.674902384792E-02,4.497337632924));
#8643 = CARTESIAN_POINT('',(-5.020926804225E-02,4.562948961166));
#8644 = CARTESIAN_POINT('',(-5.435946644575E-02,4.64253109065));
#8645 = CARTESIAN_POINT('',(-5.508627018755E-02,4.656501502048));
#8646 = CARTESIAN_POINT('',(-5.581108901401E-02,4.670472210376));
#8647 = CARTESIAN_POINT('',(-5.653369501351E-02,4.684443503786));
#8648 = CARTESIAN_POINT('',(-5.725386602861E-02,4.698415666815));
#8649 = CARTESIAN_POINT('',(-5.797138565603E-02,4.712388980385));
#8650 = ( GEOMETRIC_REPRESENTATION_CONTEXT(2) 
PARAMETRIC_REPRESENTATION_CONTEXT() REPRESENTATION_CONTEXT('2D SPACE',''
  ) );
#8651 = PCURVE('',#6101,#8652);
#8652 = DEFINITIONAL_REPRESENTATION('',(#8653),#8676);
#8653 = B_SPLINE_CURVE_WITH_KNOTS('',6,(#8654,#8655,#8656,#8657,#8658,
    #8659,#8660,#8661,#8662,#8663,#8664,#8665,#8666,#8667,#8668,#8669,
    #8670,#8671,#8672,#8673,#8674,#8675),.UNSPECIFIED.,.F.,.F.,(7,5,5,5,
    7),(0.,0.438656153042,0.691710079618,0.945880621007,1.),
  .UNSPECIFIED.);
#8654 = CARTESIAN_POINT('',(0.,1.188691855334));
#8655 = CARTESIAN_POINT('',(0.116756595164,1.188691855334));
#8656 = CARTESIAN_POINT('',(0.233547990909,1.183597967455));
#8657 = CARTESIAN_POINT('',(0.35006303867,1.173403423856));
#8658 = CARTESIAN_POINT('',(0.466173186887,1.158466032204));
#8659 = CARTESIAN_POINT('',(0.581798879905,1.139388346897));
#8660 = CARTESIAN_POINT('',(0.763233710767,1.103919804626));
#8661 = CARTESIAN_POINT('',(0.829437290509,1.08980427266));
#8662 = CARTESIAN_POINT('',(0.895469947236,1.074684303964));
#8663 = CARTESIAN_POINT('',(0.96134379325,1.058704048498));
#8664 = CARTESIAN_POINT('',(1.027078531053,1.042010794655));
#8665 = CARTESIAN_POINT('',(1.158607437362,1.007411653177));
#8666 = CARTESIAN_POINT('',(1.224400512045,0.989500802714));
#8667 = CARTESIAN_POINT('',(1.290103307041,0.971163672028));
#8668 = CARTESIAN_POINT('',(1.355744979334,0.952545366072));
#8669 = CARTESIAN_POINT('',(1.421356307576,0.933787510915));
#8670 = CARTESIAN_POINT('',(1.50093843706,0.911031907167));
#8671 = CARTESIAN_POINT('',(1.514908849147,0.907037095372));
#8672 = CARTESIAN_POINT('',(1.528879557196,0.903043469592));
#8673 = CARTESIAN_POINT('',(1.542850849362,0.899052341689));
#8674 = CARTESIAN_POINT('',(1.556823011847,0.895065016163));
#8675 = CARTESIAN_POINT('',(1.570796328898,0.891082790157));
#8676 = ( GEOMETRIC_REPRESENTATION_CONTEXT(2) 
PARAMETRIC_REPRESENTATION_CONTEXT() REPRESENTATION_CONTEXT('2D SPACE',''
  ) );
#8677 = ORIENTED_EDGE('',*,*,#5978,.T.);
#8678 = ORIENTED_EDGE('',*,*,#8045,.T.);
#8679 = ORIENTED_EDGE('',*,*,#8152,.F.);
#8680 = ADVANCED_FACE('',(#8681),#6047,.T.);
#8681 = FACE_BOUND('',#8682,.F.);
#8682 = EDGE_LOOP('',(#8683,#8715,#8716,#8717));
#8683 = ORIENTED_EDGE('',*,*,#8684,.T.);
#8684 = EDGE_CURVE('',#6011,#7801,#8685,.T.);
#8685 = SURFACE_CURVE('',#8686,(#8691,#8703),.PCURVE_S1.);
#8686 = ELLIPSE('',#8687,1.131370849898,0.8);
#8687 = AXIS2_PLACEMENT_3D('',#8688,#8689,#8690);
#8688 = CARTESIAN_POINT('',(-99.,17.3,3.2));
#8689 = DIRECTION('',(-0.707106781187,0.707106781187,0.));
#8690 = DIRECTION('',(0.707106781187,0.707106781187,0.));
#8691 = PCURVE('',#6047,#8692);
#8692 = DEFINITIONAL_REPRESENTATION('',(#8693),#8702);
#8693 = B_SPLINE_CURVE_WITH_KNOTS('',7,(#8694,#8695,#8696,#8697,#8698,
    #8699,#8700,#8701),.UNSPECIFIED.,.F.,.F.,(8,8),(3.14159265359,
    4.712388980385),.PIECEWISE_BEZIER_KNOTS.);
#8694 = CARTESIAN_POINT('',(0.,0.));
#8695 = CARTESIAN_POINT('',(-0.224399475256,-2.198480792825E-17));
#8696 = CARTESIAN_POINT('',(-0.448798950513,4.699893808794E-02));
#8697 = CARTESIAN_POINT('',(-0.673198425769,0.1409899963));
#8698 = CARTESIAN_POINT('',(-0.897597901026,0.276202539381));
#8699 = CARTESIAN_POINT('',(-1.121997376282,0.440961568545));
#8700 = CARTESIAN_POINT('',(-1.346396851538,0.620480419795));
#8701 = CARTESIAN_POINT('',(-1.570796326795,0.8));
#8702 = ( GEOMETRIC_REPRESENTATION_CONTEXT(2) 
PARAMETRIC_REPRESENTATION_CONTEXT() REPRESENTATION_CONTEXT('2D SPACE',''
  ) );
#8703 = PCURVE('',#6135,#8704);
#8704 = DEFINITIONAL_REPRESENTATION('',(#8705),#8714);
#8705 = B_SPLINE_CURVE_WITH_KNOTS('',7,(#8706,#8707,#8708,#8709,#8710,
    #8711,#8712,#8713),.UNSPECIFIED.,.F.,.F.,(8,8),(3.14159265359,
    4.712388980385),.PIECEWISE_BEZIER_KNOTS.);
#8706 = CARTESIAN_POINT('',(0.,0.));
#8707 = CARTESIAN_POINT('',(0.224399475256,-2.198480792825E-17));
#8708 = CARTESIAN_POINT('',(0.448798950513,4.699893808799E-02));
#8709 = CARTESIAN_POINT('',(0.673198425769,0.1409899963));
#8710 = CARTESIAN_POINT('',(0.897597901026,0.276202539381));
#8711 = CARTESIAN_POINT('',(1.121997376282,0.440961568545));
#8712 = CARTESIAN_POINT('',(1.346396851538,0.620480419795));
#8713 = CARTESIAN_POINT('',(1.570796326795,0.8));
#8714 = ( GEOMETRIC_REPRESENTATION_CONTEXT(2) 
PARAMETRIC_REPRESENTATION_CONTEXT() REPRESENTATION_CONTEXT('2D SPACE',''
  ) );
#8715 = ORIENTED_EDGE('',*,*,#7823,.T.);
#8716 = ORIENTED_EDGE('',*,*,#8518,.F.);
#8717 = ORIENTED_EDGE('',*,*,#6033,.F.);
#8718 = ADVANCED_FACE('',(#8719),#6101,.T.);
#8719 = FACE_BOUND('',#8720,.T.);
#8720 = EDGE_LOOP('',(#8721,#8753,#8754,#8755));
#8721 = ORIENTED_EDGE('',*,*,#8722,.T.);
#8722 = EDGE_CURVE('',#6065,#8177,#8723,.T.);
#8723 = SURFACE_CURVE('',#8724,(#8729,#8741),.PCURVE_S1.);
#8724 = ELLIPSE('',#8725,1.131370849898,0.8);
#8725 = AXIS2_PLACEMENT_3D('',#8726,#8727,#8728);
#8726 = CARTESIAN_POINT('',(-7.7,-74.,3.2));
#8727 = DIRECTION('',(-0.707106781187,0.707106781187,0.));
#8728 = DIRECTION('',(0.707106781187,0.707106781187,0.));
#8729 = PCURVE('',#6101,#8730);
#8730 = DEFINITIONAL_REPRESENTATION('',(#8731),#8740);
#8731 = B_SPLINE_CURVE_WITH_KNOTS('',7,(#8732,#8733,#8734,#8735,#8736,
    #8737,#8738,#8739),.UNSPECIFIED.,.F.,.F.,(8,8),(3.14159265359,
    4.712388505414),.PIECEWISE_BEZIER_KNOTS.);
#8732 = CARTESIAN_POINT('',(0.,0.));
#8733 = CARTESIAN_POINT('',(0.224399407403,-2.198480128057E-17));
#8734 = CARTESIAN_POINT('',(0.448798814807,4.69989096639E-02));
#8735 = CARTESIAN_POINT('',(0.67319822221,0.140989911043));
#8736 = CARTESIAN_POINT('',(0.897597629614,0.276202375833));
#8737 = CARTESIAN_POINT('',(1.121997037017,0.440961319454));
#8738 = CARTESIAN_POINT('',(1.346396444421,0.620480094101));
#8739 = CARTESIAN_POINT('',(1.570795851824,0.799999620023));
#8740 = ( GEOMETRIC_REPRESENTATION_CONTEXT(2) 
PARAMETRIC_REPRESENTATION_CONTEXT() REPRESENTATION_CONTEXT('2D SPACE',''
  ) );
#8741 = PCURVE('',#6189,#8742);
#8742 = DEFINITIONAL_REPRESENTATION('',(#8743),#8752);
#8743 = B_SPLINE_CURVE_WITH_KNOTS('',7,(#8744,#8745,#8746,#8747,#8748,
    #8749,#8750,#8751),.UNSPECIFIED.,.F.,.F.,(8,8),(3.14159265359,
    4.712388505414),.PIECEWISE_BEZIER_KNOTS.);
#8744 = CARTESIAN_POINT('',(0.,-1.7763568394E-15));
#8745 = CARTESIAN_POINT('',(-0.224399407403,-1.798341640681E-15));
#8746 = CARTESIAN_POINT('',(-0.448798814807,4.699890966397E-02));
#8747 = CARTESIAN_POINT('',(-0.673198222211,0.140989911043));
#8748 = CARTESIAN_POINT('',(-0.897597629613,0.276202375834));
#8749 = CARTESIAN_POINT('',(-1.121997037017,0.440961319454));
#8750 = CARTESIAN_POINT('',(-1.346396444421,0.620480094101));
#8751 = CARTESIAN_POINT('',(-1.570795851824,0.799999620023));
#8752 = ( GEOMETRIC_REPRESENTATION_CONTEXT(2) 
PARAMETRIC_REPRESENTATION_CONTEXT() REPRESENTATION_CONTEXT('2D SPACE',''
  ) );
#8753 = ORIENTED_EDGE('',*,*,#8176,.T.);
#8754 = ORIENTED_EDGE('',*,*,#8600,.F.);
#8755 = ORIENTED_EDGE('',*,*,#6087,.F.);
#8756 = ADVANCED_FACE('',(#8757),#6135,.T.);
#8757 = FACE_BOUND('',#8758,.T.);
#8758 = EDGE_LOOP('',(#8759,#8760,#8761,#8762,#8791,#8825,#8853));
#8759 = ORIENTED_EDGE('',*,*,#6119,.F.);
#8760 = ORIENTED_EDGE('',*,*,#8684,.T.);
#8761 = ORIENTED_EDGE('',*,*,#7800,.T.);
#8762 = ORIENTED_EDGE('',*,*,#8763,.F.);
#8763 = EDGE_CURVE('',#8764,#7773,#8766,.T.);
#8764 = VERTEX_POINT('',#8765);
#8765 = CARTESIAN_POINT('',(-99.7416198487,25.,3.5));
#8766 = SURFACE_CURVE('',#8767,(#8772,#8784),.PCURVE_S1.);
#8767 = ELLIPSE('',#8768,1.131370849898,0.8);
#8768 = AXIS2_PLACEMENT_3D('',#8769,#8770,#8771);
#8769 = CARTESIAN_POINT('',(-99.,25.3,3.2));
#8770 = DIRECTION('',(0.,0.707106781187,0.707106781187));
#8771 = DIRECTION('',(-0.,0.707106781187,-0.707106781187));
#8772 = PCURVE('',#6135,#8773);
#8773 = DEFINITIONAL_REPRESENTATION('',(#8774),#8783);
#8774 = B_SPLINE_CURVE_WITH_KNOTS('',7,(#8775,#8776,#8777,#8778,#8779,
    #8780,#8781,#8782),.UNSPECIFIED.,.F.,.F.,(8,8),(1.888620030723,
    3.14159265359),.PIECEWISE_BEZIER_KNOTS.);
#8775 = CARTESIAN_POINT('',(0.317823703928,8.55));
#8776 = CARTESIAN_POINT('',(0.496819792909,8.413974748942));
#8777 = CARTESIAN_POINT('',(0.675815881891,8.287294522961));
#8778 = CARTESIAN_POINT('',(0.85481197087,8.17707656629));
#8779 = CARTESIAN_POINT('',(1.033808059853,8.08971008394));
#8780 = CARTESIAN_POINT('',(1.212804148833,8.029903778478));
#8781 = CARTESIAN_POINT('',(1.391800237814,8.));
#8782 = CARTESIAN_POINT('',(1.570796326795,8.));
#8783 = ( GEOMETRIC_REPRESENTATION_CONTEXT(2) 
PARAMETRIC_REPRESENTATION_CONTEXT() REPRESENTATION_CONTEXT('2D SPACE',''
  ) );
#8784 = PCURVE('',#7788,#8785);
#8785 = DEFINITIONAL_REPRESENTATION('',(#8786),#8790);
#8786 = ELLIPSE('',#8787,1.131370849898,0.8);
#8787 = AXIS2_PLACEMENT_2D('',#8788,#8789);
#8788 = CARTESIAN_POINT('',(-0.424264068712,1.8));
#8789 = DIRECTION('',(-1.,0.));
#8790 = ( GEOMETRIC_REPRESENTATION_CONTEXT(2) 
PARAMETRIC_REPRESENTATION_CONTEXT() REPRESENTATION_CONTEXT('2D SPACE',''
  ) );
#8791 = ORIENTED_EDGE('',*,*,#8792,.F.);
#8792 = EDGE_CURVE('',#8793,#8764,#8795,.T.);
#8793 = VERTEX_POINT('',#8794);
#8794 = CARTESIAN_POINT('',(-99.,25.5,4.));
#8795 = SURFACE_CURVE('',#8796,(#8801,#8813),.PCURVE_S1.);
#8796 = ELLIPSE('',#8797,1.131370849898,0.8);
#8797 = AXIS2_PLACEMENT_3D('',#8798,#8799,#8800);
#8798 = CARTESIAN_POINT('',(-99.,24.7,3.2));
#8799 = DIRECTION('',(0.,-0.707106781187,0.707106781187));
#8800 = DIRECTION('',(0.,0.707106781187,0.707106781187));
#8801 = PCURVE('',#6135,#8802);
#8802 = DEFINITIONAL_REPRESENTATION('',(#8803),#8812);
#8803 = B_SPLINE_CURVE_WITH_KNOTS('',7,(#8804,#8805,#8806,#8807,#8808,
    #8809,#8810,#8811),.UNSPECIFIED.,.F.,.F.,(8,8),(1.014653635757E-17,
    1.252972622866),.PIECEWISE_BEZIER_KNOTS.);
#8804 = CARTESIAN_POINT('',(1.570796326795,9.));
#8805 = CARTESIAN_POINT('',(1.391800237814,9.));
#8806 = CARTESIAN_POINT('',(1.212804148833,8.970096221525));
#8807 = CARTESIAN_POINT('',(1.033808059852,8.910289916053));
#8808 = CARTESIAN_POINT('',(0.854811970871,8.822923433719));
#8809 = CARTESIAN_POINT('',(0.67581588189,8.712705477037));
#8810 = CARTESIAN_POINT('',(0.496819792909,8.586025251058));
#8811 = CARTESIAN_POINT('',(0.317823703928,8.45));
#8812 = ( GEOMETRIC_REPRESENTATION_CONTEXT(2) 
PARAMETRIC_REPRESENTATION_CONTEXT() REPRESENTATION_CONTEXT('2D SPACE',''
  ) );
#8813 = PCURVE('',#8814,#8819);
#8814 = PLANE('',#8815);
#8815 = AXIS2_PLACEMENT_3D('',#8816,#8817,#8818);
#8816 = CARTESIAN_POINT('',(-100.8,25.,3.5));
#8817 = DIRECTION('',(0.,-0.707106781187,0.707106781187));
#8818 = DIRECTION('',(1.,0.,0.));
#8819 = DEFINITIONAL_REPRESENTATION('',(#8820),#8824);
#8820 = ELLIPSE('',#8821,1.131370849898,0.8);
#8821 = AXIS2_PLACEMENT_2D('',#8822,#8823);
#8822 = CARTESIAN_POINT('',(1.8,-0.424264068712));
#8823 = DIRECTION('',(0.,1.));
#8824 = ( GEOMETRIC_REPRESENTATION_CONTEXT(2) 
PARAMETRIC_REPRESENTATION_CONTEXT() REPRESENTATION_CONTEXT('2D SPACE',''
  ) );
#8825 = ORIENTED_EDGE('',*,*,#8826,.T.);
#8826 = EDGE_CURVE('',#8793,#8827,#8829,.T.);
#8827 = VERTEX_POINT('',#8828);
#8828 = CARTESIAN_POINT('',(-99.,58.7,4.));
#8829 = SURFACE_CURVE('',#8830,(#8834,#8841),.PCURVE_S1.);
#8830 = LINE('',#8831,#8832);
#8831 = CARTESIAN_POINT('',(-99.,16.5,4.));
#8832 = VECTOR('',#8833,1.);
#8833 = DIRECTION('',(-0.,1.,0.));
#8834 = PCURVE('',#6135,#8835);
#8835 = DEFINITIONAL_REPRESENTATION('',(#8836),#8840);
#8836 = LINE('',#8837,#8838);
#8837 = CARTESIAN_POINT('',(1.570796326795,0.));
#8838 = VECTOR('',#8839,1.);
#8839 = DIRECTION('',(0.,1.));
#8840 = ( GEOMETRIC_REPRESENTATION_CONTEXT(2) 
PARAMETRIC_REPRESENTATION_CONTEXT() REPRESENTATION_CONTEXT('2D SPACE',''
  ) );
#8841 = PCURVE('',#8842,#8847);
#8842 = PLANE('',#8843);
#8843 = AXIS2_PLACEMENT_3D('',#8844,#8845,#8846);
#8844 = CARTESIAN_POINT('',(0.,0.,4.));
#8845 = DIRECTION('',(0.,0.,1.));
#8846 = DIRECTION('',(1.,0.,-0.));
#8847 = DEFINITIONAL_REPRESENTATION('',(#8848),#8852);
#8848 = LINE('',#8849,#8850);
#8849 = CARTESIAN_POINT('',(-99.,16.5));
#8850 = VECTOR('',#8851,1.);
#8851 = DIRECTION('',(0.,1.));
#8852 = ( GEOMETRIC_REPRESENTATION_CONTEXT(2) 
PARAMETRIC_REPRESENTATION_CONTEXT() REPRESENTATION_CONTEXT('2D SPACE',''
  ) );
#8853 = ORIENTED_EDGE('',*,*,#8854,.F.);
#8854 = EDGE_CURVE('',#6120,#8827,#8855,.T.);
#8855 = SURFACE_CURVE('',#8856,(#8861,#8873),.PCURVE_S1.);
#8856 = ELLIPSE('',#8857,1.131370849898,0.8);
#8857 = AXIS2_PLACEMENT_3D('',#8858,#8859,#8860);
#8858 = CARTESIAN_POINT('',(-99.,58.7,3.2));
#8859 = DIRECTION('',(0.707106781187,0.707106781187,0.));
#8860 = DIRECTION('',(0.707106781187,-0.707106781187,-0.));
#8861 = PCURVE('',#6135,#8862);
#8862 = DEFINITIONAL_REPRESENTATION('',(#8863),#8872);
#8863 = B_SPLINE_CURVE_WITH_KNOTS('',7,(#8864,#8865,#8866,#8867,#8868,
    #8869,#8870,#8871),.UNSPECIFIED.,.F.,.F.,(8,8),(3.14159265359,
    4.712388980385),.PIECEWISE_BEZIER_KNOTS.);
#8864 = CARTESIAN_POINT('',(0.,43.));
#8865 = CARTESIAN_POINT('',(0.224399475256,43.));
#8866 = CARTESIAN_POINT('',(0.448798950513,42.953001061911));
#8867 = CARTESIAN_POINT('',(0.673198425769,42.859010003699));
#8868 = CARTESIAN_POINT('',(0.897597901026,42.723797460625));
#8869 = CARTESIAN_POINT('',(1.121997376282,42.559038431454));
#8870 = CARTESIAN_POINT('',(1.346396851538,42.379519580205));
#8871 = CARTESIAN_POINT('',(1.570796326795,42.2));
#8872 = ( GEOMETRIC_REPRESENTATION_CONTEXT(2) 
PARAMETRIC_REPRESENTATION_CONTEXT() REPRESENTATION_CONTEXT('2D SPACE',''
  ) );
#8873 = PCURVE('',#6243,#8874);
#8874 = DEFINITIONAL_REPRESENTATION('',(#8875),#8884);
#8875 = B_SPLINE_CURVE_WITH_KNOTS('',7,(#8876,#8877,#8878,#8879,#8880,
    #8881,#8882,#8883),.UNSPECIFIED.,.F.,.F.,(8,8),(3.14159265359,
    4.712388980385),.PIECEWISE_BEZIER_KNOTS.);
#8876 = CARTESIAN_POINT('',(0.,0.));
#8877 = CARTESIAN_POINT('',(0.224399475256,-2.198480792825E-17));
#8878 = CARTESIAN_POINT('',(0.448798950513,4.699893808794E-02));
#8879 = CARTESIAN_POINT('',(0.673198425769,0.1409899963));
#8880 = CARTESIAN_POINT('',(0.897597901026,0.276202539381));
#8881 = CARTESIAN_POINT('',(1.121997376282,0.440961568545));
#8882 = CARTESIAN_POINT('',(1.346396851538,0.620480419795));
#8883 = CARTESIAN_POINT('',(1.570796326795,0.8));
#8884 = ( GEOMETRIC_REPRESENTATION_CONTEXT(2) 
PARAMETRIC_REPRESENTATION_CONTEXT() REPRESENTATION_CONTEXT('2D SPACE',''
  ) );
#8885 = ADVANCED_FACE('',(#8886),#6189,.T.);
#8886 = FACE_BOUND('',#8887,.F.);
#8887 = EDGE_LOOP('',(#8888,#8889,#8890,#8891,#8920,#8954,#8982));
#8888 = ORIENTED_EDGE('',*,*,#6173,.F.);
#8889 = ORIENTED_EDGE('',*,*,#8722,.T.);
#8890 = ORIENTED_EDGE('',*,*,#8199,.T.);
#8891 = ORIENTED_EDGE('',*,*,#8892,.T.);
#8892 = EDGE_CURVE('',#8200,#8893,#8895,.T.);
#8893 = VERTEX_POINT('',#8894);
#8894 = CARTESIAN_POINT('',(0.,-74.7416198487,3.5));
#8895 = SURFACE_CURVE('',#8896,(#8901,#8913),.PCURVE_S1.);
#8896 = ELLIPSE('',#8897,1.131370849898,0.8);
#8897 = AXIS2_PLACEMENT_3D('',#8898,#8899,#8900);
#8898 = CARTESIAN_POINT('',(0.3,-74.,3.2));
#8899 = DIRECTION('',(0.707106781187,0.,0.707106781187));
#8900 = DIRECTION('',(0.707106781187,0.,-0.707106781187));
#8901 = PCURVE('',#6189,#8902);
#8902 = DEFINITIONAL_REPRESENTATION('',(#8903),#8912);
#8903 = B_SPLINE_CURVE_WITH_KNOTS('',7,(#8904,#8905,#8906,#8907,#8908,
    #8909,#8910,#8911),.UNSPECIFIED.,.F.,.F.,(8,8),(3.141592178619,
    4.394565276457),.PIECEWISE_BEZIER_KNOTS.);
#8904 = CARTESIAN_POINT('',(-1.570796801766,8.));
#8905 = CARTESIAN_POINT('',(-1.391800644932,7.999999931986));
#8906 = CARTESIAN_POINT('',(-1.212804488098,8.029903665121));
#8907 = CARTESIAN_POINT('',(-1.033808331263,8.089709951471));
#8908 = CARTESIAN_POINT('',(-0.854812174431,8.177076440945));
#8909 = CARTESIAN_POINT('',(-0.675816017596,8.287294426919));
#8910 = CARTESIAN_POINT('',(-0.496819860762,8.413974697379));
#8911 = CARTESIAN_POINT('',(-0.317823703928,8.55));
#8912 = ( GEOMETRIC_REPRESENTATION_CONTEXT(2) 
PARAMETRIC_REPRESENTATION_CONTEXT() REPRESENTATION_CONTEXT('2D SPACE',''
  ) );
#8913 = PCURVE('',#8238,#8914);
#8914 = DEFINITIONAL_REPRESENTATION('',(#8915),#8919);
#8915 = ELLIPSE('',#8916,1.131370849898,0.8);
#8916 = AXIS2_PLACEMENT_2D('',#8917,#8918);
#8917 = CARTESIAN_POINT('',(1.131370849898,1.8));
#8918 = DIRECTION('',(1.,0.));
#8919 = ( GEOMETRIC_REPRESENTATION_CONTEXT(2) 
PARAMETRIC_REPRESENTATION_CONTEXT() REPRESENTATION_CONTEXT('2D SPACE',''
  ) );
#8920 = ORIENTED_EDGE('',*,*,#8921,.F.);
#8921 = EDGE_CURVE('',#8922,#8893,#8924,.T.);
#8922 = VERTEX_POINT('',#8923);
#8923 = CARTESIAN_POINT('',(0.5,-74.,4.));
#8924 = SURFACE_CURVE('',#8925,(#8930,#8942),.PCURVE_S1.);
#8925 = ELLIPSE('',#8926,1.131370849898,0.8);
#8926 = AXIS2_PLACEMENT_3D('',#8927,#8928,#8929);
#8927 = CARTESIAN_POINT('',(-0.3,-74.,3.2));
#8928 = DIRECTION('',(0.707106781187,0.,-0.707106781187));
#8929 = DIRECTION('',(0.707106781187,0.,0.707106781187));
#8930 = PCURVE('',#6189,#8931);
#8931 = DEFINITIONAL_REPRESENTATION('',(#8932),#8941);
#8932 = B_SPLINE_CURVE_WITH_KNOTS('',7,(#8933,#8934,#8935,#8936,#8937,
    #8938,#8939,#8940),.UNSPECIFIED.,.F.,.F.,(8,8),(6.283184832209,
    7.536157930047),.PIECEWISE_BEZIER_KNOTS.);
#8933 = CARTESIAN_POINT('',(-1.570796801766,9.));
#8934 = CARTESIAN_POINT('',(-1.391800644932,9.000000068014));
#8935 = CARTESIAN_POINT('',(-1.212804488098,8.970096334882));
#8936 = CARTESIAN_POINT('',(-1.033808331264,8.910290048522));
#8937 = CARTESIAN_POINT('',(-0.85481217443,8.822923559064));
#8938 = CARTESIAN_POINT('',(-0.675816017596,8.712705573077));
#8939 = CARTESIAN_POINT('',(-0.496819860762,8.586025302621));
#8940 = CARTESIAN_POINT('',(-0.317823703928,8.45));
#8941 = ( GEOMETRIC_REPRESENTATION_CONTEXT(2) 
PARAMETRIC_REPRESENTATION_CONTEXT() REPRESENTATION_CONTEXT('2D SPACE',''
  ) );
#8942 = PCURVE('',#8943,#8948);
#8943 = PLANE('',#8944);
#8944 = AXIS2_PLACEMENT_3D('',#8945,#8946,#8947);
#8945 = CARTESIAN_POINT('',(0.,-75.8,3.5));
#8946 = DIRECTION('',(0.707106781187,0.,-0.707106781187));
#8947 = DIRECTION('',(0.707106781187,0.,0.707106781187));
#8948 = DEFINITIONAL_REPRESENTATION('',(#8949),#8953);
#8949 = ELLIPSE('',#8950,1.131370849898,0.8);
#8950 = AXIS2_PLACEMENT_2D('',#8951,#8952);
#8951 = CARTESIAN_POINT('',(-0.424264068712,-1.8));
#8952 = DIRECTION('',(1.,0.));
#8953 = ( GEOMETRIC_REPRESENTATION_CONTEXT(2) 
PARAMETRIC_REPRESENTATION_CONTEXT() REPRESENTATION_CONTEXT('2D SPACE',''
  ) );
#8954 = ORIENTED_EDGE('',*,*,#8955,.T.);
#8955 = EDGE_CURVE('',#8922,#8956,#8958,.T.);
#8956 = VERTEX_POINT('',#8957);
#8957 = CARTESIAN_POINT('',(33.7,-74.,4.));
#8958 = SURFACE_CURVE('',#8959,(#8963,#8970),.PCURVE_S1.);
#8959 = LINE('',#8960,#8961);
#8960 = CARTESIAN_POINT('',(-8.5,-74.,4.));
#8961 = VECTOR('',#8962,1.);
#8962 = DIRECTION('',(1.,0.,-0.));
#8963 = PCURVE('',#6189,#8964);
#8964 = DEFINITIONAL_REPRESENTATION('',(#8965),#8969);
#8965 = LINE('',#8966,#8967);
#8966 = CARTESIAN_POINT('',(-1.570796326795,0.));
#8967 = VECTOR('',#8968,1.);
#8968 = DIRECTION('',(-0.,1.));
#8969 = ( GEOMETRIC_REPRESENTATION_CONTEXT(2) 
PARAMETRIC_REPRESENTATION_CONTEXT() REPRESENTATION_CONTEXT('2D SPACE',''
  ) );
#8970 = PCURVE('',#8971,#8976);
#8971 = PLANE('',#8972);
#8972 = AXIS2_PLACEMENT_3D('',#8973,#8974,#8975);
#8973 = CARTESIAN_POINT('',(0.,0.,4.));
#8974 = DIRECTION('',(0.,0.,1.));
#8975 = DIRECTION('',(1.,0.,-0.));
#8976 = DEFINITIONAL_REPRESENTATION('',(#8977),#8981);
#8977 = LINE('',#8978,#8979);
#8978 = CARTESIAN_POINT('',(-8.5,-74.));
#8979 = VECTOR('',#8980,1.);
#8980 = DIRECTION('',(1.,0.));
#8981 = ( GEOMETRIC_REPRESENTATION_CONTEXT(2) 
PARAMETRIC_REPRESENTATION_CONTEXT() REPRESENTATION_CONTEXT('2D SPACE',''
  ) );
#8982 = ORIENTED_EDGE('',*,*,#8983,.F.);
#8983 = EDGE_CURVE('',#6174,#8956,#8984,.T.);
#8984 = SURFACE_CURVE('',#8985,(#8990,#9002),.PCURVE_S1.);
#8985 = ELLIPSE('',#8986,1.131370849898,0.8);
#8986 = AXIS2_PLACEMENT_3D('',#8987,#8988,#8989);
#8987 = CARTESIAN_POINT('',(33.7,-74.,3.2));
#8988 = DIRECTION('',(-0.707106781187,-0.707106781187,0.));
#8989 = DIRECTION('',(0.707106781187,-0.707106781187,0.));
#8990 = PCURVE('',#6189,#8991);
#8991 = DEFINITIONAL_REPRESENTATION('',(#8992),#9001);
#8992 = B_SPLINE_CURVE_WITH_KNOTS('',7,(#8993,#8994,#8995,#8996,#8997,
    #8998,#8999,#9000),.UNSPECIFIED.,.F.,.F.,(8,8),(0.,1.570796801766),
  .PIECEWISE_BEZIER_KNOTS.);
#8993 = CARTESIAN_POINT('',(0.,43.));
#8994 = CARTESIAN_POINT('',(-0.224399543109,43.));
#8995 = CARTESIAN_POINT('',(-0.448799086219,42.953001033487));
#8996 = CARTESIAN_POINT('',(-0.673198629328,42.85900991844));
#8997 = CARTESIAN_POINT('',(-0.897598172437,42.723797297075));
#8998 = CARTESIAN_POINT('',(-1.121997715547,42.559038182363));
#8999 = CARTESIAN_POINT('',(-1.346397258656,42.379519254511));
#9000 = CARTESIAN_POINT('',(-1.570796801766,42.199999620023));
#9001 = ( GEOMETRIC_REPRESENTATION_CONTEXT(2) 
PARAMETRIC_REPRESENTATION_CONTEXT() REPRESENTATION_CONTEXT('2D SPACE',''
  ) );
#9002 = PCURVE('',#6297,#9003);
#9003 = DEFINITIONAL_REPRESENTATION('',(#9004),#9013);
#9004 = B_SPLINE_CURVE_WITH_KNOTS('',7,(#9005,#9006,#9007,#9008,#9009,
    #9010,#9011,#9012),.UNSPECIFIED.,.F.,.F.,(8,8),(0.,1.570796801766),
  .PIECEWISE_BEZIER_KNOTS.);
#9005 = CARTESIAN_POINT('',(0.,0.));
#9006 = CARTESIAN_POINT('',(-0.224399543109,4.396962915185E-17));
#9007 = CARTESIAN_POINT('',(-0.448799086219,4.699896651192E-02));
#9008 = CARTESIAN_POINT('',(-0.673198629328,0.140990081557));
#9009 = CARTESIAN_POINT('',(-0.897598172438,0.276202702928));
#9010 = CARTESIAN_POINT('',(-1.121997715547,0.440961817636));
#9011 = CARTESIAN_POINT('',(-1.346397258656,0.620480745489));
#9012 = CARTESIAN_POINT('',(-1.570796801766,0.800000379977));
#9013 = ( GEOMETRIC_REPRESENTATION_CONTEXT(2) 
PARAMETRIC_REPRESENTATION_CONTEXT() REPRESENTATION_CONTEXT('2D SPACE',''
  ) );
#9014 = ADVANCED_FACE('',(#9015),#6243,.T.);
#9015 = FACE_BOUND('',#9016,.T.);
#9016 = EDGE_LOOP('',(#9017,#9018,#9041,#9119));
#9017 = ORIENTED_EDGE('',*,*,#8854,.T.);
#9018 = ORIENTED_EDGE('',*,*,#9019,.T.);
#9019 = EDGE_CURVE('',#8827,#9020,#9022,.T.);
#9020 = VERTEX_POINT('',#9021);
#9021 = CARTESIAN_POINT('',(-98.9089172119,58.7,4.));
#9022 = SURFACE_CURVE('',#9023,(#9027,#9034),.PCURVE_S1.);
#9023 = LINE('',#9024,#9025);
#9024 = CARTESIAN_POINT('',(-99.8,58.7,4.));
#9025 = VECTOR('',#9026,1.);
#9026 = DIRECTION('',(1.,0.,-0.));
#9027 = PCURVE('',#6243,#9028);
#9028 = DEFINITIONAL_REPRESENTATION('',(#9029),#9033);
#9029 = LINE('',#9030,#9031);
#9030 = CARTESIAN_POINT('',(1.570796326795,0.));
#9031 = VECTOR('',#9032,1.);
#9032 = DIRECTION('',(0.,1.));
#9033 = ( GEOMETRIC_REPRESENTATION_CONTEXT(2) 
PARAMETRIC_REPRESENTATION_CONTEXT() REPRESENTATION_CONTEXT('2D SPACE',''
  ) );
#9034 = PCURVE('',#8842,#9035);
#9035 = DEFINITIONAL_REPRESENTATION('',(#9036),#9040);
#9036 = LINE('',#9037,#9038);
#9037 = CARTESIAN_POINT('',(-99.8,58.7));
#9038 = VECTOR('',#9039,1.);
#9039 = DIRECTION('',(1.,0.));
#9040 = ( GEOMETRIC_REPRESENTATION_CONTEXT(2) 
PARAMETRIC_REPRESENTATION_CONTEXT() REPRESENTATION_CONTEXT('2D SPACE',''
  ) );
#9041 = ORIENTED_EDGE('',*,*,#9042,.F.);
#9042 = EDGE_CURVE('',#6228,#9020,#9043,.T.);
#9043 = SURFACE_CURVE('',#9044,(#9067,#9093),.PCURVE_S1.);
#9044 = B_SPLINE_CURVE_WITH_KNOTS('',6,(#9045,#9046,#9047,#9048,#9049,
    #9050,#9051,#9052,#9053,#9054,#9055,#9056,#9057,#9058,#9059,#9060,
    #9061,#9062,#9063,#9064,#9065,#9066),.UNSPECIFIED.,.F.,.F.,(7,5,5,5,
    7),(0.,0.438656151992,0.691710078688,0.945880620208,1.),
  .UNSPECIFIED.);
#9045 = CARTESIAN_POINT('',(-98.61130814466,59.5,3.2));
#9046 = CARTESIAN_POINT('',(-98.61130814466,59.5,3.293405275857));
#9047 = CARTESIAN_POINT('',(-98.61640203251,59.486913150754,
    3.38683889781));
#9048 = CARTESIAN_POINT('',(-98.62659657605,59.460724913664,
    3.477756441883));
#9049 = CARTESIAN_POINT('',(-98.64153396762,59.42218898738,
    3.563769017324));
#9050 = CARTESIAN_POINT('',(-98.66061165282,59.37256703015,
    3.642861473106));
#9051 = CARTESIAN_POINT('',(-98.69608019494,59.279409487375,
    3.754169939862));
#9052 = CARTESIAN_POINT('',(-98.71019572688,59.242173716678,
    3.792070668065));
#9053 = CARTESIAN_POINT('',(-98.72531569556,59.20208464515,
    3.826855293522));
#9054 = CARTESIAN_POINT('',(-98.741295951,59.159471760208,3.858279044365
    ));
#9055 = CARTESIAN_POINT('',(-98.75798920482,59.114682583676,
    3.88614441465));
#9056 = CARTESIAN_POINT('',(-98.79258834627,59.021257962788,
    3.934556667818));
#9057 = CARTESIAN_POINT('',(-98.81049919672,58.972606569645,
    3.955070628051));
#9058 = CARTESIAN_POINT('',(-98.8288363274,58.922479536734,
    3.971683628729));
#9059 = CARTESIAN_POINT('',(-98.84745463335,58.8712478556,3.984282673758
    ));
#9060 = CARTESIAN_POINT('',(-98.8662124885,58.819289182731,
    3.992795828539));
#9061 = CARTESIAN_POINT('',(-98.88896809231,58.755847043315,
    3.998126567655));
#9062 = CARTESIAN_POINT('',(-98.89296290491,58.744694271507,
    3.998875656099));
#9063 = CARTESIAN_POINT('',(-98.89695653044,58.733529488315,
    3.999437727734));
#9064 = CARTESIAN_POINT('',(-98.90094765705,58.72235638282,
    3.999812556495));
#9065 = CARTESIAN_POINT('',(-98.90493498204,58.711178651852,
    4.000000000091));
#9066 = CARTESIAN_POINT('',(-98.9089172119,58.699999999997,4.));
#9067 = PCURVE('',#6243,#9068);
#9068 = DEFINITIONAL_REPRESENTATION('',(#9069),#9092);
#9069 = B_SPLINE_CURVE_WITH_KNOTS('',6,(#9070,#9071,#9072,#9073,#9074,
    #9075,#9076,#9077,#9078,#9079,#9080,#9081,#9082,#9083,#9084,#9085,
    #9086,#9087,#9088,#9089,#9090,#9091),.UNSPECIFIED.,.F.,.F.,(7,5,5,5,
    7),(0.,0.438656151992,0.691710078688,0.945880620208,1.),
  .UNSPECIFIED.);
#9070 = CARTESIAN_POINT('',(0.,1.188691855334));
#9071 = CARTESIAN_POINT('',(0.116756594822,1.188691855334));
#9072 = CARTESIAN_POINT('',(0.233547990225,1.183597967484));
#9073 = CARTESIAN_POINT('',(0.350063037646,1.173403423947));
#9074 = CARTESIAN_POINT('',(0.466173185527,1.158466032379));
#9075 = CARTESIAN_POINT('',(0.581798878212,1.139388347176));
#9076 = CARTESIAN_POINT('',(0.763233708745,1.103919805051));
#9077 = CARTESIAN_POINT('',(0.829437288487,1.089804273112));
#9078 = CARTESIAN_POINT('',(0.895469945215,1.07468430444));
#9079 = CARTESIAN_POINT('',(0.961343791229,1.058704048996));
#9080 = CARTESIAN_POINT('',(1.027078529031,1.042010795171));
#9081 = CARTESIAN_POINT('',(1.158607435341,1.007411653724));
#9082 = CARTESIAN_POINT('',(1.224400510025,0.989500803273));
#9083 = CARTESIAN_POINT('',(1.290103305021,0.971163672596));
#9084 = CARTESIAN_POINT('',(1.355744977314,0.952545366646));
#9085 = CARTESIAN_POINT('',(1.421356305556,0.933787511493));
#9086 = CARTESIAN_POINT('',(1.500938435236,0.911031907688));
#9087 = CARTESIAN_POINT('',(1.514908847106,0.907037095085));
#9088 = CARTESIAN_POINT('',(1.528879555526,0.903043469551));
#9089 = CARTESIAN_POINT('',(1.542850848651,0.899052342945));
#9090 = CARTESIAN_POINT('',(1.556823011667,0.895065017956));
#9091 = CARTESIAN_POINT('',(1.570796326795,0.891082788099));
#9092 = ( GEOMETRIC_REPRESENTATION_CONTEXT(2) 
PARAMETRIC_REPRESENTATION_CONTEXT() REPRESENTATION_CONTEXT('2D SPACE',''
  ) );
#9093 = PCURVE('',#6352,#9094);
#9094 = DEFINITIONAL_REPRESENTATION('',(#9095),#9118);
#9095 = B_SPLINE_CURVE_WITH_KNOTS('',6,(#9096,#9097,#9098,#9099,#9100,
    #9101,#9102,#9103,#9104,#9105,#9106,#9107,#9108,#9109,#9110,#9111,
    #9112,#9113,#9114,#9115,#9116,#9117),.UNSPECIFIED.,.F.,.F.,(7,5,5,5,
    7),(0.,0.438656151992,0.691710078688,0.945880620208,1.),
  .UNSPECIFIED.);
#9096 = CARTESIAN_POINT('',(-3.552713678801E-14,3.14159265359));
#9097 = CARTESIAN_POINT('',(-3.552713678801E-14,3.258349248412));
#9098 = CARTESIAN_POINT('',(-1.072320473888E-03,3.375140643815));
#9099 = CARTESIAN_POINT('',(-3.218914375854E-03,3.491655691236));
#9100 = CARTESIAN_POINT('',(-6.340479166153E-03,3.607765839116));
#9101 = CARTESIAN_POINT('',(-1.027044567102E-02,3.723391531802));
#9102 = CARTESIAN_POINT('',(-1.745538860087E-02,3.904826362335));
#9103 = CARTESIAN_POINT('',(-2.029304174333E-02,3.971029942077));
#9104 = CARTESIAN_POINT('',(-2.330548605761E-02,4.037062598805));
#9105 = CARTESIAN_POINT('',(-2.645753565531E-02,4.102936444818));
#9106 = CARTESIAN_POINT('',(-2.971491299481E-02,4.168671182621));
#9107 = CARTESIAN_POINT('',(-3.639180021452E-02,4.30020008893));
#9108 = CARTESIAN_POINT('',(-3.981194395393E-02,4.365993163615));
#9109 = CARTESIAN_POINT('',(-4.327425125779E-02,4.431695958611));
#9110 = CARTESIAN_POINT('',(-4.674902374114E-02,4.497337630904));
#9111 = CARTESIAN_POINT('',(-5.020926793587E-02,4.562948959145));
#9112 = CARTESIAN_POINT('',(-5.435946635087E-02,4.642531088826));
#9113 = CARTESIAN_POINT('',(-5.50862699604E-02,4.656501500695));
#9114 = CARTESIAN_POINT('',(-5.581108885547E-02,4.670472209116));
#9115 = CARTESIAN_POINT('',(-5.653369512363E-02,4.684443502241));
#9116 = CARTESIAN_POINT('',(-5.725386626202E-02,4.698415665257));
#9117 = CARTESIAN_POINT('',(-5.797138517737E-02,4.712388980385));
#9118 = ( GEOMETRIC_REPRESENTATION_CONTEXT(2) 
PARAMETRIC_REPRESENTATION_CONTEXT() REPRESENTATION_CONTEXT('2D SPACE',''
  ) );
#9119 = ORIENTED_EDGE('',*,*,#6227,.F.);
#9120 = ADVANCED_FACE('',(#9121),#6297,.T.);
#9121 = FACE_BOUND('',#9122,.F.);
#9122 = EDGE_LOOP('',(#9123,#9124,#9147,#9225));
#9123 = ORIENTED_EDGE('',*,*,#8983,.T.);
#9124 = ORIENTED_EDGE('',*,*,#9125,.T.);
#9125 = EDGE_CURVE('',#8956,#9126,#9128,.T.);
#9126 = VERTEX_POINT('',#9127);
#9127 = CARTESIAN_POINT('',(33.7,-73.9089172119,4.));
#9128 = SURFACE_CURVE('',#9129,(#9133,#9140),.PCURVE_S1.);
#9129 = LINE('',#9130,#9131);
#9130 = CARTESIAN_POINT('',(33.7,-74.8,4.));
#9131 = VECTOR('',#9132,1.);
#9132 = DIRECTION('',(2.22044604925E-16,1.,0.));
#9133 = PCURVE('',#6297,#9134);
#9134 = DEFINITIONAL_REPRESENTATION('',(#9135),#9139);
#9135 = LINE('',#9136,#9137);
#9136 = CARTESIAN_POINT('',(-1.570796326795,0.));
#9137 = VECTOR('',#9138,1.);
#9138 = DIRECTION('',(-0.,1.));
#9139 = ( GEOMETRIC_REPRESENTATION_CONTEXT(2) 
PARAMETRIC_REPRESENTATION_CONTEXT() REPRESENTATION_CONTEXT('2D SPACE',''
  ) );
#9140 = PCURVE('',#8971,#9141);
#9141 = DEFINITIONAL_REPRESENTATION('',(#9142),#9146);
#9142 = LINE('',#9143,#9144);
#9143 = CARTESIAN_POINT('',(33.7,-74.8));
#9144 = VECTOR('',#9145,1.);
#9145 = DIRECTION('',(2.22044604925E-16,1.));
#9146 = ( GEOMETRIC_REPRESENTATION_CONTEXT(2) 
PARAMETRIC_REPRESENTATION_CONTEXT() REPRESENTATION_CONTEXT('2D SPACE',''
  ) );
#9147 = ORIENTED_EDGE('',*,*,#9148,.F.);
#9148 = EDGE_CURVE('',#6282,#9126,#9149,.T.);
#9149 = SURFACE_CURVE('',#9150,(#9173,#9199),.PCURVE_S1.);
#9150 = B_SPLINE_CURVE_WITH_KNOTS('',6,(#9151,#9152,#9153,#9154,#9155,
    #9156,#9157,#9158,#9159,#9160,#9161,#9162,#9163,#9164,#9165,#9166,
    #9167,#9168,#9169,#9170,#9171,#9172),.UNSPECIFIED.,.F.,.F.,(7,5,5,5,
    7),(0.,0.438656155226,0.69171008196,0.945880623495,1.),
  .UNSPECIFIED.);
#9151 = CARTESIAN_POINT('',(34.5,-73.61130814466,3.2));
#9152 = CARTESIAN_POINT('',(34.5,-73.61130814466,3.293405276546));
#9153 = CARTESIAN_POINT('',(34.486913150558,-73.61640203258,
    3.386838899189));
#9154 = CARTESIAN_POINT('',(34.460724913087,-73.62659657628,
    3.477756443894));
#9155 = CARTESIAN_POINT('',(34.422188986242,-73.64153396806,
    3.56376901986));
#9156 = CARTESIAN_POINT('',(34.372567028321,-73.66061165352,
    3.642861476021));
#9157 = CARTESIAN_POINT('',(34.279409484554,-73.69608019601,
    3.754169942811));
#9158 = CARTESIAN_POINT('',(34.242173713665,-73.71019572802,
    3.792070670824));
#9159 = CARTESIAN_POINT('',(34.20208464196,-73.72531569675,
    3.826855296077));
#9160 = CARTESIAN_POINT('',(34.159471756859,-73.74129595225,
    3.858279046702));
#9161 = CARTESIAN_POINT('',(34.114682580184,-73.75798920612,
    3.886144416761));
#9162 = CARTESIAN_POINT('',(34.021257959051,-73.79258834765,
    3.934556669452));
#9163 = CARTESIAN_POINT('',(33.972606565805,-73.81049919813,
    3.955070629437));
#9164 = CARTESIAN_POINT('',(33.922479532811,-73.82883632883,
    3.97168362986));
#9165 = CARTESIAN_POINT('',(33.871247851613,-73.8474546348,
    3.984282674629));
#9166 = CARTESIAN_POINT('',(33.819289178698,-73.86621248996,
    3.992795829146));
#9167 = CARTESIAN_POINT('',(33.755847039928,-73.88896809352,
    3.998126567883));
#9168 = CARTESIAN_POINT('',(33.744694268798,-73.89296290588,
    3.998875656235));
#9169 = CARTESIAN_POINT('',(33.733529486281,-73.89695653117,
    3.999437727802));
#9170 = CARTESIAN_POINT('',(33.722356381459,-73.90094765753,
    3.999812556518));
#9171 = CARTESIAN_POINT('',(33.711178651168,-73.90493498227,
    4.000000000091));
#9172 = CARTESIAN_POINT('',(33.700000000006,-73.90891721191,4.));
#9173 = PCURVE('',#6297,#9174);
#9174 = DEFINITIONAL_REPRESENTATION('',(#9175),#9198);
#9175 = B_SPLINE_CURVE_WITH_KNOTS('',6,(#9176,#9177,#9178,#9179,#9180,
    #9181,#9182,#9183,#9184,#9185,#9186,#9187,#9188,#9189,#9190,#9191,
    #9192,#9193,#9194,#9195,#9196,#9197),.UNSPECIFIED.,.F.,.F.,(7,5,5,5,
    7),(0.,0.438656155226,0.69171008196,0.945880623495,1.),
  .UNSPECIFIED.);
#9176 = CARTESIAN_POINT('',(0.,1.188691855333));
#9177 = CARTESIAN_POINT('',(-0.116756595682,1.188691855333));
#9178 = CARTESIAN_POINT('',(-0.233547991948,1.183597967412));
#9179 = CARTESIAN_POINT('',(-0.350063040224,1.173403423719));
#9180 = CARTESIAN_POINT('',(-0.466173188951,1.158466031939));
#9181 = CARTESIAN_POINT('',(-0.581798882474,1.139388346473));
#9182 = CARTESIAN_POINT('',(-0.763233713834,1.103919803981));
#9183 = CARTESIAN_POINT('',(-0.829437293576,1.089804271974));
#9184 = CARTESIAN_POINT('',(-0.895469950303,1.074684303241));
#9185 = CARTESIAN_POINT('',(-0.961343796316,1.058704047742));
#9186 = CARTESIAN_POINT('',(-1.02707853412,1.042010793871));
#9187 = CARTESIAN_POINT('',(-1.158607440428,1.007411652347));
#9188 = CARTESIAN_POINT('',(-1.22440051511,0.989500801866));
#9189 = CARTESIAN_POINT('',(-1.290103310105,0.971163671166));
#9190 = CARTESIAN_POINT('',(-1.355744982399,0.9525453652));
#9191 = CARTESIAN_POINT('',(-1.421356310643,0.933787510038));
#9192 = CARTESIAN_POINT('',(-1.500938439479,0.911031906475));
#9193 = CARTESIAN_POINT('',(-1.5149088505,0.907037094111));
#9194 = CARTESIAN_POINT('',(-1.528879558072,0.903043468822));
#9195 = CARTESIAN_POINT('',(-1.542850850348,0.899052342465));
#9196 = CARTESIAN_POINT('',(-1.556823012515,0.895065017721));
#9197 = CARTESIAN_POINT('',(-1.570796326795,0.891082788088));
#9198 = ( GEOMETRIC_REPRESENTATION_CONTEXT(2) 
PARAMETRIC_REPRESENTATION_CONTEXT() REPRESENTATION_CONTEXT('2D SPACE',''
  ) );
#9199 = PCURVE('',#6427,#9200);
#9200 = DEFINITIONAL_REPRESENTATION('',(#9201),#9224);
#9201 = B_SPLINE_CURVE_WITH_KNOTS('',6,(#9202,#9203,#9204,#9205,#9206,
    #9207,#9208,#9209,#9210,#9211,#9212,#9213,#9214,#9215,#9216,#9217,
    #9218,#9219,#9220,#9221,#9222,#9223),.UNSPECIFIED.,.F.,.F.,(7,5,5,5,
    7),(0.,0.438656155226,0.69171008196,0.945880623495,1.),
  .UNSPECIFIED.);
#9202 = CARTESIAN_POINT('',(-4.62641051363,3.14159265359));
#9203 = CARTESIAN_POINT('',(-4.62641051363,3.258349249272));
#9204 = CARTESIAN_POINT('',(-4.62533819314,3.375140645537));
#9205 = CARTESIAN_POINT('',(-4.623191599208,3.491655693813));
#9206 = CARTESIAN_POINT('',(-4.620070034372,3.60776584254));
#9207 = CARTESIAN_POINT('',(-4.616140067814,3.723391536064));
#9208 = CARTESIAN_POINT('',(-4.608955124814,3.904826367424));
#9209 = CARTESIAN_POINT('',(-4.60611747166,3.971029947166));
#9210 = CARTESIAN_POINT('',(-4.603105027335,4.037062603893));
#9211 = CARTESIAN_POINT('',(-4.599952977729,4.102936449906));
#9212 = CARTESIAN_POINT('',(-4.596695600382,4.16867118771));
#9213 = CARTESIAN_POINT('',(-4.590018713152,4.300200094018));
#9214 = CARTESIAN_POINT('',(-4.58659856941,4.3659931687));
#9215 = CARTESIAN_POINT('',(-4.583136262104,4.431695963695));
#9216 = CARTESIAN_POINT('',(-4.57966148962,4.497337635989));
#9217 = CARTESIAN_POINT('',(-4.576201245427,4.562948964232));
#9218 = CARTESIAN_POINT('',(-4.572051047059,4.642531093069));
#9219 = CARTESIAN_POINT('',(-4.571324243495,4.656501504089));
#9220 = CARTESIAN_POINT('',(-4.570599424644,4.670472211662));
#9221 = CARTESIAN_POINT('',(-4.569876818418,4.684443503938));
#9222 = CARTESIAN_POINT('',(-4.569156647323,4.698415666106));
#9223 = CARTESIAN_POINT('',(-4.568439128455,4.712388980385));
#9224 = ( GEOMETRIC_REPRESENTATION_CONTEXT(2) 
PARAMETRIC_REPRESENTATION_CONTEXT() REPRESENTATION_CONTEXT('2D SPACE',''
  ) );
#9225 = ORIENTED_EDGE('',*,*,#6281,.F.);
#9226 = ADVANCED_FACE('',(#9227),#6352,.T.);
#9227 = FACE_BOUND('',#9228,.F.);
#9228 = EDGE_LOOP('',(#9229,#9230,#9231,#9311));
#9229 = ORIENTED_EDGE('',*,*,#9042,.F.);
#9230 = ORIENTED_EDGE('',*,*,#6335,.T.);
#9231 = ORIENTED_EDGE('',*,*,#9232,.T.);
#9232 = EDGE_CURVE('',#6336,#9233,#9235,.T.);
#9233 = VERTEX_POINT('',#9234);
#9234 = CARTESIAN_POINT('',(-98.9089172119,67.3,4.));
#9235 = SURFACE_CURVE('',#9236,(#9259,#9285),.PCURVE_S1.);
#9236 = B_SPLINE_CURVE_WITH_KNOTS('',6,(#9237,#9238,#9239,#9240,#9241,
    #9242,#9243,#9244,#9245,#9246,#9247,#9248,#9249,#9250,#9251,#9252,
    #9253,#9254,#9255,#9256,#9257,#9258),.UNSPECIFIED.,.F.,.F.,(7,5,5,5,
    7),(0.,0.438656151937,0.691710078634,0.945880620154,1.),
  .UNSPECIFIED.);
#9237 = CARTESIAN_POINT('',(-98.61130814466,66.5,3.2));
#9238 = CARTESIAN_POINT('',(-98.61130814466,66.5,3.293405275845));
#9239 = CARTESIAN_POINT('',(-98.61640203251,66.513086849243,
    3.386838897786));
#9240 = CARTESIAN_POINT('',(-98.62659657604,66.539275086326,
    3.477756441847));
#9241 = CARTESIAN_POINT('',(-98.64153396761,66.5778110126,3.563769017279
    ));
#9242 = CARTESIAN_POINT('',(-98.66061165281,66.627432969817,
    3.642861473054));
#9243 = CARTESIAN_POINT('',(-98.69608019492,66.720590512575,
    3.754169939809));
#9244 = CARTESIAN_POINT('',(-98.71019572686,66.757826283268,
    3.792070668016));
#9245 = CARTESIAN_POINT('',(-98.72531569553,66.797915354793,
    3.826855293477));
#9246 = CARTESIAN_POINT('',(-98.74129595098,66.840528239732,
    3.858279044323));
#9247 = CARTESIAN_POINT('',(-98.7579892048,66.885317416262,
    3.886144414613));
#9248 = CARTESIAN_POINT('',(-98.79258834625,66.978742037145,
    3.934556667789));
#9249 = CARTESIAN_POINT('',(-98.8104991967,67.027393430287,
    3.955070628026));
#9250 = CARTESIAN_POINT('',(-98.82883632737,67.077520463196,
    3.971683628709));
#9251 = CARTESIAN_POINT('',(-98.84745463332,67.128752144328,
    3.984282673743));
#9252 = CARTESIAN_POINT('',(-98.86621248848,67.180710817196,
    3.992795828528));
#9253 = CARTESIAN_POINT('',(-98.88896809229,67.244152956624,
    3.998126567651));
#9254 = CARTESIAN_POINT('',(-98.89296290497,67.255305728382,
    3.998875656096));
#9255 = CARTESIAN_POINT('',(-98.89695653048,67.266470511609,
    3.999437727732));
#9256 = CARTESIAN_POINT('',(-98.90094765695,67.277643617225,
    3.999812556495));
#9257 = CARTESIAN_POINT('',(-98.90493498188,67.288821348251,
    4.000000000091));
#9258 = CARTESIAN_POINT('',(-98.90891721213,67.299999999812,4.));
#9259 = PCURVE('',#6352,#9260);
#9260 = DEFINITIONAL_REPRESENTATION('',(#9261),#9284);
#9261 = B_SPLINE_CURVE_WITH_KNOTS('',6,(#9262,#9263,#9264,#9265,#9266,
    #9267,#9268,#9269,#9270,#9271,#9272,#9273,#9274,#9275,#9276,#9277,
    #9278,#9279,#9280,#9281,#9282,#9283),.UNSPECIFIED.,.F.,.F.,(7,5,5,5,
    7),(0.,0.438656151937,0.691710078634,0.945880620154,1.),
  .UNSPECIFIED.);
#9262 = CARTESIAN_POINT('',(-4.62641051363,3.14159265359));
#9263 = CARTESIAN_POINT('',(-4.62641051363,3.258349248396));
#9264 = CARTESIAN_POINT('',(-4.625338193157,3.375140643784));
#9265 = CARTESIAN_POINT('',(-4.623191599255,3.49165569119));
#9266 = CARTESIAN_POINT('',(-4.620070034466,3.607765839055));
#9267 = CARTESIAN_POINT('',(-4.616140067962,3.723391531726));
#9268 = CARTESIAN_POINT('',(-4.608955125033,3.904826362244));
#9269 = CARTESIAN_POINT('',(-4.606117471891,3.971029941986));
#9270 = CARTESIAN_POINT('',(-4.603105027577,4.037062598714));
#9271 = CARTESIAN_POINT('',(-4.599952977979,4.102936444727));
#9272 = CARTESIAN_POINT('',(-4.59669560064,4.16867118253));
#9273 = CARTESIAN_POINT('',(-4.590018713421,4.300200088839));
#9274 = CARTESIAN_POINT('',(-4.586598569681,4.365993163524));
#9275 = CARTESIAN_POINT('',(-4.583136262377,4.43169595852));
#9276 = CARTESIAN_POINT('',(-4.579661489894,4.497337630813));
#9277 = CARTESIAN_POINT('',(-4.576201245699,4.562948959054));
#9278 = CARTESIAN_POINT('',(-4.572051047283,4.642531088749));
#9279 = CARTESIAN_POINT('',(-4.571324243691,4.656501500634));
#9280 = CARTESIAN_POINT('',(-4.570599424788,4.670472209068));
#9281 = CARTESIAN_POINT('',(-4.569876818487,4.684443502203));
#9282 = CARTESIAN_POINT('',(-4.569156647334,4.69841566523));
#9283 = CARTESIAN_POINT('',(-4.568439128507,4.712388980385));
#9284 = ( GEOMETRIC_REPRESENTATION_CONTEXT(2) 
PARAMETRIC_REPRESENTATION_CONTEXT() REPRESENTATION_CONTEXT('2D SPACE',''
  ) );
#9285 = PCURVE('',#6481,#9286);
#9286 = DEFINITIONAL_REPRESENTATION('',(#9287),#9310);
#9287 = B_SPLINE_CURVE_WITH_KNOTS('',6,(#9288,#9289,#9290,#9291,#9292,
    #9293,#9294,#9295,#9296,#9297,#9298,#9299,#9300,#9301,#9302,#9303,
    #9304,#9305,#9306,#9307,#9308,#9309),.UNSPECIFIED.,.F.,.F.,(7,5,5,5,
    7),(0.,0.438656151937,0.691710078634,0.945880620154,1.),
  .UNSPECIFIED.);
#9288 = CARTESIAN_POINT('',(0.,1.188691855334));
#9289 = CARTESIAN_POINT('',(-0.116756594806,1.188691855334));
#9290 = CARTESIAN_POINT('',(-0.233547990194,1.183597967486));
#9291 = CARTESIAN_POINT('',(-0.3500630376,1.173403423951));
#9292 = CARTESIAN_POINT('',(-0.466173185465,1.158466032387));
#9293 = CARTESIAN_POINT('',(-0.581798878136,1.139388347189));
#9294 = CARTESIAN_POINT('',(-0.763233708654,1.103919805071));
#9295 = CARTESIAN_POINT('',(-0.829437288396,1.089804273132));
#9296 = CARTESIAN_POINT('',(-0.895469945124,1.074684304462));
#9297 = CARTESIAN_POINT('',(-0.961343791138,1.058704049018));
#9298 = CARTESIAN_POINT('',(-1.02707852894,1.042010795194));
#9299 = CARTESIAN_POINT('',(-1.15860743525,1.007411653749));
#9300 = CARTESIAN_POINT('',(-1.224400509934,0.989500803299));
#9301 = CARTESIAN_POINT('',(-1.29010330493,0.971163672622));
#9302 = CARTESIAN_POINT('',(-1.355744977223,0.952545366672));
#9303 = CARTESIAN_POINT('',(-1.421356305464,0.933787511519));
#9304 = CARTESIAN_POINT('',(-1.500938435159,0.91103190771));
#9305 = CARTESIAN_POINT('',(-1.514908847045,0.907037095025));
#9306 = CARTESIAN_POINT('',(-1.528879555479,0.903043469519));
#9307 = CARTESIAN_POINT('',(-1.542850848613,0.899052343049));
#9308 = CARTESIAN_POINT('',(-1.55682301164,0.895065018117));
#9309 = CARTESIAN_POINT('',(-1.570796326795,0.891082787865));
#9310 = ( GEOMETRIC_REPRESENTATION_CONTEXT(2) 
PARAMETRIC_REPRESENTATION_CONTEXT() REPRESENTATION_CONTEXT('2D SPACE',''
  ) );
#9311 = ORIENTED_EDGE('',*,*,#9312,.F.);
#9312 = EDGE_CURVE('',#9020,#9233,#9313,.T.);
#9313 = SURFACE_CURVE('',#9314,(#9319,#9326),.PCURVE_S1.);
#9314 = CIRCLE('',#9315,5.55);
#9315 = AXIS2_PLACEMENT_3D('',#9316,#9317,#9318);
#9316 = CARTESIAN_POINT('',(-95.4,63.,4.));
#9317 = DIRECTION('',(0.,0.,1.));
#9318 = DIRECTION('',(-0.676064872561,-0.736842105263,0.));
#9319 = PCURVE('',#6352,#9320);
#9320 = DEFINITIONAL_REPRESENTATION('',(#9321),#9325);
#9321 = LINE('',#9322,#9323);
#9322 = CARTESIAN_POINT('',(-0.,4.712388980385));
#9323 = VECTOR('',#9324,1.);
#9324 = DIRECTION('',(-1.,0.));
#9325 = ( GEOMETRIC_REPRESENTATION_CONTEXT(2) 
PARAMETRIC_REPRESENTATION_CONTEXT() REPRESENTATION_CONTEXT('2D SPACE',''
  ) );
#9326 = PCURVE('',#8842,#9327);
#9327 = DEFINITIONAL_REPRESENTATION('',(#9328),#9332);
#9328 = CIRCLE('',#9329,5.55);
#9329 = AXIS2_PLACEMENT_2D('',#9330,#9331);
#9330 = CARTESIAN_POINT('',(-95.4,63.));
#9331 = DIRECTION('',(-0.676064872561,-0.736842105263));
#9332 = ( GEOMETRIC_REPRESENTATION_CONTEXT(2) 
PARAMETRIC_REPRESENTATION_CONTEXT() REPRESENTATION_CONTEXT('2D SPACE',''
  ) );
#9333 = ADVANCED_FACE('',(#9334),#6427,.T.);
#9334 = FACE_BOUND('',#9335,.F.);
#9335 = EDGE_LOOP('',(#9336,#9416,#9417,#9418));
#9336 = ORIENTED_EDGE('',*,*,#9337,.F.);
#9337 = EDGE_CURVE('',#6390,#9338,#9340,.T.);
#9338 = VERTEX_POINT('',#9339);
#9339 = CARTESIAN_POINT('',(42.3,-73.9089172119,4.));
#9340 = SURFACE_CURVE('',#9341,(#9364,#9390),.PCURVE_S1.);
#9341 = B_SPLINE_CURVE_WITH_KNOTS('',6,(#9342,#9343,#9344,#9345,#9346,
    #9347,#9348,#9349,#9350,#9351,#9352,#9353,#9354,#9355,#9356,#9357,
    #9358,#9359,#9360,#9361,#9362,#9363),.UNSPECIFIED.,.F.,.F.,(7,5,5,5,
    7),(0.,0.43865615517,0.691710081903,0.945880623436,1.),
  .UNSPECIFIED.);
#9342 = CARTESIAN_POINT('',(41.5,-73.61130814466,3.2));
#9343 = CARTESIAN_POINT('',(41.5,-73.61130814466,3.293405276534));
#9344 = CARTESIAN_POINT('',(41.513086849438,-73.61640203258,
    3.386838899165));
#9345 = CARTESIAN_POINT('',(41.539275086904,-73.62659657627,
    3.47775644386));
#9346 = CARTESIAN_POINT('',(41.577811013739,-73.64153396805,
    3.563769019818));
#9347 = CARTESIAN_POINT('',(41.627432971648,-73.66061165351,
    3.642861475972));
#9348 = CARTESIAN_POINT('',(41.720590515399,-73.696080196,3.754169942761
    ));
#9349 = CARTESIAN_POINT('',(41.757826286284,-73.710195728,3.792070670777
    ));
#9350 = CARTESIAN_POINT('',(41.797915357986,-73.72531569673,
    3.826855296034));
#9351 = CARTESIAN_POINT('',(41.840528243085,-73.74129595223,
    3.858279046663));
#9352 = CARTESIAN_POINT('',(41.885317419757,-73.7579892061,
    3.886144416725));
#9353 = CARTESIAN_POINT('',(41.978742040886,-73.79258834763,
    3.934556669425));
#9354 = CARTESIAN_POINT('',(42.02739343413,-73.81049919811,
    3.955070629414));
#9355 = CARTESIAN_POINT('',(42.077520467123,-73.82883632881,
    3.971683629841));
#9356 = CARTESIAN_POINT('',(42.12875214832,-73.84745463477,
    3.984282674615));
#9357 = CARTESIAN_POINT('',(42.180710821234,-73.86621248993,
    3.992795829136));
#9358 = CARTESIAN_POINT('',(42.244152960016,-73.8889680935,
    3.998126567879));
#9359 = CARTESIAN_POINT('',(42.255305731189,-73.89296290583,
    3.998875656233));
#9360 = CARTESIAN_POINT('',(42.266470513704,-73.89695653114,
    3.999437727801));
#9361 = CARTESIAN_POINT('',(42.277643618483,-73.90094765757,
    3.999812556518));
#9362 = CARTESIAN_POINT('',(42.288821348762,-73.90493498235,
    4.000000000091));
#9363 = CARTESIAN_POINT('',(42.300000000092,-73.90891721179,4.));
#9364 = PCURVE('',#6427,#9365);
#9365 = DEFINITIONAL_REPRESENTATION('',(#9366),#9389);
#9366 = B_SPLINE_CURVE_WITH_KNOTS('',6,(#9367,#9368,#9369,#9370,#9371,
    #9372,#9373,#9374,#9375,#9376,#9377,#9378,#9379,#9380,#9381,#9382,
    #9383,#9384,#9385,#9386,#9387,#9388),.UNSPECIFIED.,.F.,.F.,(7,5,5,5,
    7),(0.,0.43865615517,0.691710081903,0.945880623436,1.),
  .UNSPECIFIED.);
#9367 = CARTESIAN_POINT('',(1.376676550535E-13,3.14159265359));
#9368 = CARTESIAN_POINT('',(1.376676550535E-13,3.258349249258));
#9369 = CARTESIAN_POINT('',(-1.072320490118E-03,3.375140645508));
#9370 = CARTESIAN_POINT('',(-3.218914421839E-03,3.49165569377));
#9371 = CARTESIAN_POINT('',(-6.340479256936E-03,3.607765842483));
#9372 = CARTESIAN_POINT('',(-1.027044581344E-02,3.723391535992));
#9373 = CARTESIAN_POINT('',(-1.745538881259E-02,3.904826367339));
#9374 = CARTESIAN_POINT('',(-2.029304196691E-02,3.97102994708));
#9375 = CARTESIAN_POINT('',(-2.330548629133E-02,4.037062603807));
#9376 = CARTESIAN_POINT('',(-2.645753589746E-02,4.10293644982));
#9377 = CARTESIAN_POINT('',(-2.971491324372E-02,4.168671187624));
#9378 = CARTESIAN_POINT('',(-3.639180047349E-02,4.300200093932));
#9379 = CARTESIAN_POINT('',(-3.981194421619E-02,4.365993168614));
#9380 = CARTESIAN_POINT('',(-4.327425152178E-02,4.431695963609));
#9381 = CARTESIAN_POINT('',(-4.674902400543E-02,4.497337635903));
#9382 = CARTESIAN_POINT('',(-5.020926819915E-02,4.562948964147));
#9383 = CARTESIAN_POINT('',(-5.43594665679E-02,4.642531092998));
#9384 = CARTESIAN_POINT('',(-5.50862701418E-02,4.656501504032));
#9385 = CARTESIAN_POINT('',(-5.581108898989E-02,4.67047221162));
#9386 = CARTESIAN_POINT('',(-5.653369519982E-02,4.684443503914));
#9387 = CARTESIAN_POINT('',(-5.725386628861E-02,4.698415666097));
#9388 = CARTESIAN_POINT('',(-5.797138520263E-02,4.712388980385));
#9389 = ( GEOMETRIC_REPRESENTATION_CONTEXT(2) 
PARAMETRIC_REPRESENTATION_CONTEXT() REPRESENTATION_CONTEXT('2D SPACE',''
  ) );
#9390 = PCURVE('',#6535,#9391);
#9391 = DEFINITIONAL_REPRESENTATION('',(#9392),#9415);
#9392 = B_SPLINE_CURVE_WITH_KNOTS('',6,(#9393,#9394,#9395,#9396,#9397,
    #9398,#9399,#9400,#9401,#9402,#9403,#9404,#9405,#9406,#9407,#9408,
    #9409,#9410,#9411,#9412,#9413,#9414),.UNSPECIFIED.,.F.,.F.,(7,5,5,5,
    7),(0.,0.43865615517,0.691710081903,0.945880623436,1.),
  .UNSPECIFIED.);
#9393 = CARTESIAN_POINT('',(0.,1.188691855333));
#9394 = CARTESIAN_POINT('',(0.116756595668,1.188691855333));
#9395 = CARTESIAN_POINT('',(0.233547991919,1.183597967413));
#9396 = CARTESIAN_POINT('',(0.35006304018,1.173403423723));
#9397 = CARTESIAN_POINT('',(0.466173188893,1.158466031947));
#9398 = CARTESIAN_POINT('',(0.581798882402,1.139388346485));
#9399 = CARTESIAN_POINT('',(0.763233713749,1.103919804));
#9400 = CARTESIAN_POINT('',(0.82943729349,1.089804271993));
#9401 = CARTESIAN_POINT('',(0.895469950217,1.074684303261));
#9402 = CARTESIAN_POINT('',(0.961343796231,1.058704047764));
#9403 = CARTESIAN_POINT('',(1.027078534034,1.042010793893));
#9404 = CARTESIAN_POINT('',(1.158607440342,1.00741165237));
#9405 = CARTESIAN_POINT('',(1.224400515024,0.98950080189));
#9406 = CARTESIAN_POINT('',(1.290103310019,0.97116367119));
#9407 = CARTESIAN_POINT('',(1.355744982313,0.952545365224));
#9408 = CARTESIAN_POINT('',(1.421356310557,0.933787510063));
#9409 = CARTESIAN_POINT('',(1.500938439408,0.911031906495));
#9410 = CARTESIAN_POINT('',(1.514908850442,0.907037094166));
#9411 = CARTESIAN_POINT('',(1.52887955803,0.903043468857));
#9412 = CARTESIAN_POINT('',(1.542850850324,0.899052342425));
#9413 = CARTESIAN_POINT('',(1.556823012507,0.895065017645));
#9414 = CARTESIAN_POINT('',(1.570796326795,0.891082788208));
#9415 = ( GEOMETRIC_REPRESENTATION_CONTEXT(2) 
PARAMETRIC_REPRESENTATION_CONTEXT() REPRESENTATION_CONTEXT('2D SPACE',''
  ) );
#9416 = ORIENTED_EDGE('',*,*,#6412,.T.);
#9417 = ORIENTED_EDGE('',*,*,#9148,.T.);
#9418 = ORIENTED_EDGE('',*,*,#9419,.F.);
#9419 = EDGE_CURVE('',#9338,#9126,#9420,.T.);
#9420 = SURFACE_CURVE('',#9421,(#9426,#9433),.PCURVE_S1.);
#9421 = CIRCLE('',#9422,5.55);
#9422 = AXIS2_PLACEMENT_3D('',#9423,#9424,#9425);
#9423 = CARTESIAN_POINT('',(38.,-70.4,4.));
#9424 = DIRECTION('',(0.,0.,1.));
#9425 = DIRECTION('',(0.736842105263,-0.676064872561,0.));
#9426 = PCURVE('',#6427,#9427);
#9427 = DEFINITIONAL_REPRESENTATION('',(#9428),#9432);
#9428 = LINE('',#9429,#9430);
#9429 = CARTESIAN_POINT('',(-0.,4.712388980385));
#9430 = VECTOR('',#9431,1.);
#9431 = DIRECTION('',(-1.,0.));
#9432 = ( GEOMETRIC_REPRESENTATION_CONTEXT(2) 
PARAMETRIC_REPRESENTATION_CONTEXT() REPRESENTATION_CONTEXT('2D SPACE',''
  ) );
#9433 = PCURVE('',#8971,#9434);
#9434 = DEFINITIONAL_REPRESENTATION('',(#9435),#9439);
#9435 = CIRCLE('',#9436,5.55);
#9436 = AXIS2_PLACEMENT_2D('',#9437,#9438);
#9437 = CARTESIAN_POINT('',(38.,-70.4));
#9438 = DIRECTION('',(0.736842105263,-0.676064872561));
#9439 = ( GEOMETRIC_REPRESENTATION_CONTEXT(2) 
PARAMETRIC_REPRESENTATION_CONTEXT() REPRESENTATION_CONTEXT('2D SPACE',''
  ) );
#9440 = ADVANCED_FACE('',(#9441),#6481,.T.);
#9441 = FACE_BOUND('',#9442,.F.);
#9442 = EDGE_LOOP('',(#9443,#9477,#9498,#9499));
#9443 = ORIENTED_EDGE('',*,*,#9444,.T.);
#9444 = EDGE_CURVE('',#6445,#9445,#9447,.T.);
#9445 = VERTEX_POINT('',#9446);
#9446 = CARTESIAN_POINT('',(-99.,67.3,4.));
#9447 = SURFACE_CURVE('',#9448,(#9453,#9465),.PCURVE_S1.);
#9448 = ELLIPSE('',#9449,1.131370849898,0.8);
#9449 = AXIS2_PLACEMENT_3D('',#9450,#9451,#9452);
#9450 = CARTESIAN_POINT('',(-99.,67.3,3.2));
#9451 = DIRECTION('',(-0.707106781187,0.707106781187,0.));
#9452 = DIRECTION('',(0.707106781187,0.707106781187,0.));
#9453 = PCURVE('',#6481,#9454);
#9454 = DEFINITIONAL_REPRESENTATION('',(#9455),#9464);
#9455 = B_SPLINE_CURVE_WITH_KNOTS('',7,(#9456,#9457,#9458,#9459,#9460,
    #9461,#9462,#9463),.UNSPECIFIED.,.F.,.F.,(8,8),(3.14159265359,
    4.712388505414),.PIECEWISE_BEZIER_KNOTS.);
#9456 = CARTESIAN_POINT('',(0.,0.));
#9457 = CARTESIAN_POINT('',(-0.224399407403,-2.198480128057E-17));
#9458 = CARTESIAN_POINT('',(-0.448798814807,4.699890966387E-02));
#9459 = CARTESIAN_POINT('',(-0.67319822221,0.140989911043));
#9460 = CARTESIAN_POINT('',(-0.897597629614,0.276202375833));
#9461 = CARTESIAN_POINT('',(-1.121997037017,0.440961319454));
#9462 = CARTESIAN_POINT('',(-1.346396444421,0.620480094101));
#9463 = CARTESIAN_POINT('',(-1.570795851824,0.799999620023));
#9464 = ( GEOMETRIC_REPRESENTATION_CONTEXT(2) 
PARAMETRIC_REPRESENTATION_CONTEXT() REPRESENTATION_CONTEXT('2D SPACE',''
  ) );
#9465 = PCURVE('',#6569,#9466);
#9466 = DEFINITIONAL_REPRESENTATION('',(#9467),#9476);
#9467 = B_SPLINE_CURVE_WITH_KNOTS('',7,(#9468,#9469,#9470,#9471,#9472,
    #9473,#9474,#9475),.UNSPECIFIED.,.F.,.F.,(8,8),(3.14159265359,
    4.712388505414),.PIECEWISE_BEZIER_KNOTS.);
#9468 = CARTESIAN_POINT('',(0.,0.));
#9469 = CARTESIAN_POINT('',(0.224399407403,-2.198480128057E-17));
#9470 = CARTESIAN_POINT('',(0.448798814807,4.699890966394E-02));
#9471 = CARTESIAN_POINT('',(0.673198222211,0.140989911043));
#9472 = CARTESIAN_POINT('',(0.897597629613,0.276202375833));
#9473 = CARTESIAN_POINT('',(1.121997037017,0.440961319454));
#9474 = CARTESIAN_POINT('',(1.346396444421,0.620480094101));
#9475 = CARTESIAN_POINT('',(1.570795851824,0.799999620023));
#9476 = ( GEOMETRIC_REPRESENTATION_CONTEXT(2) 
PARAMETRIC_REPRESENTATION_CONTEXT() REPRESENTATION_CONTEXT('2D SPACE',''
  ) );
#9477 = ORIENTED_EDGE('',*,*,#9478,.T.);
#9478 = EDGE_CURVE('',#9445,#9233,#9479,.T.);
#9479 = SURFACE_CURVE('',#9480,(#9484,#9491),.PCURVE_S1.);
#9480 = LINE('',#9481,#9482);
#9481 = CARTESIAN_POINT('',(-99.8,67.3,4.));
#9482 = VECTOR('',#9483,1.);
#9483 = DIRECTION('',(1.,0.,-0.));
#9484 = PCURVE('',#6481,#9485);
#9485 = DEFINITIONAL_REPRESENTATION('',(#9486),#9490);
#9486 = LINE('',#9487,#9488);
#9487 = CARTESIAN_POINT('',(-1.570796326795,0.));
#9488 = VECTOR('',#9489,1.);
#9489 = DIRECTION('',(-0.,1.));
#9490 = ( GEOMETRIC_REPRESENTATION_CONTEXT(2) 
PARAMETRIC_REPRESENTATION_CONTEXT() REPRESENTATION_CONTEXT('2D SPACE',''
  ) );
#9491 = PCURVE('',#8842,#9492);
#9492 = DEFINITIONAL_REPRESENTATION('',(#9493),#9497);
#9493 = LINE('',#9494,#9495);
#9494 = CARTESIAN_POINT('',(-99.8,67.3));
#9495 = VECTOR('',#9496,1.);
#9496 = DIRECTION('',(1.,0.));
#9497 = ( GEOMETRIC_REPRESENTATION_CONTEXT(2) 
PARAMETRIC_REPRESENTATION_CONTEXT() REPRESENTATION_CONTEXT('2D SPACE',''
  ) );
#9498 = ORIENTED_EDGE('',*,*,#9232,.F.);
#9499 = ORIENTED_EDGE('',*,*,#6467,.F.);
#9500 = ADVANCED_FACE('',(#9501),#6535,.T.);
#9501 = FACE_BOUND('',#9502,.T.);
#9502 = EDGE_LOOP('',(#9503,#9537,#9558,#9559));
#9503 = ORIENTED_EDGE('',*,*,#9504,.T.);
#9504 = EDGE_CURVE('',#6499,#9505,#9507,.T.);
#9505 = VERTEX_POINT('',#9506);
#9506 = CARTESIAN_POINT('',(42.3,-74.,4.));
#9507 = SURFACE_CURVE('',#9508,(#9513,#9525),.PCURVE_S1.);
#9508 = ELLIPSE('',#9509,1.131370849898,0.8);
#9509 = AXIS2_PLACEMENT_3D('',#9510,#9511,#9512);
#9510 = CARTESIAN_POINT('',(42.3,-74.,3.2));
#9511 = DIRECTION('',(-0.707106781187,0.707106781187,0.));
#9512 = DIRECTION('',(0.707106781187,0.707106781187,0.));
#9513 = PCURVE('',#6535,#9514);
#9514 = DEFINITIONAL_REPRESENTATION('',(#9515),#9524);
#9515 = B_SPLINE_CURVE_WITH_KNOTS('',7,(#9516,#9517,#9518,#9519,#9520,
    #9521,#9522,#9523),.UNSPECIFIED.,.F.,.F.,(8,8),(3.14159265359,
    4.712388505414),.PIECEWISE_BEZIER_KNOTS.);
#9516 = CARTESIAN_POINT('',(0.,0.));
#9517 = CARTESIAN_POINT('',(0.224399407403,-2.198480128057E-17));
#9518 = CARTESIAN_POINT('',(0.448798814807,4.69989096639E-02));
#9519 = CARTESIAN_POINT('',(0.67319822221,0.140989911043));
#9520 = CARTESIAN_POINT('',(0.897597629614,0.276202375833));
#9521 = CARTESIAN_POINT('',(1.121997037017,0.440961319454));
#9522 = CARTESIAN_POINT('',(1.346396444421,0.620480094101));
#9523 = CARTESIAN_POINT('',(1.570795851824,0.799999620023));
#9524 = ( GEOMETRIC_REPRESENTATION_CONTEXT(2) 
PARAMETRIC_REPRESENTATION_CONTEXT() REPRESENTATION_CONTEXT('2D SPACE',''
  ) );
#9525 = PCURVE('',#6623,#9526);
#9526 = DEFINITIONAL_REPRESENTATION('',(#9527),#9536);
#9527 = B_SPLINE_CURVE_WITH_KNOTS('',7,(#9528,#9529,#9530,#9531,#9532,
    #9533,#9534,#9535),.UNSPECIFIED.,.F.,.F.,(8,8),(3.14159265359,
    4.712388505414),.PIECEWISE_BEZIER_KNOTS.);
#9528 = CARTESIAN_POINT('',(0.,0.));
#9529 = CARTESIAN_POINT('',(-0.224399407403,-2.198480128057E-17));
#9530 = CARTESIAN_POINT('',(-0.448798814807,4.699890966396E-02));
#9531 = CARTESIAN_POINT('',(-0.673198222211,0.140989911043));
#9532 = CARTESIAN_POINT('',(-0.897597629613,0.276202375834));
#9533 = CARTESIAN_POINT('',(-1.121997037017,0.440961319454));
#9534 = CARTESIAN_POINT('',(-1.346396444421,0.620480094101));
#9535 = CARTESIAN_POINT('',(-1.570795851824,0.799999620023));
#9536 = ( GEOMETRIC_REPRESENTATION_CONTEXT(2) 
PARAMETRIC_REPRESENTATION_CONTEXT() REPRESENTATION_CONTEXT('2D SPACE',''
  ) );
#9537 = ORIENTED_EDGE('',*,*,#9538,.T.);
#9538 = EDGE_CURVE('',#9505,#9338,#9539,.T.);
#9539 = SURFACE_CURVE('',#9540,(#9544,#9551),.PCURVE_S1.);
#9540 = LINE('',#9541,#9542);
#9541 = CARTESIAN_POINT('',(42.3,-74.8,4.));
#9542 = VECTOR('',#9543,1.);
#9543 = DIRECTION('',(2.22044604925E-16,1.,0.));
#9544 = PCURVE('',#6535,#9545);
#9545 = DEFINITIONAL_REPRESENTATION('',(#9546),#9550);
#9546 = LINE('',#9547,#9548);
#9547 = CARTESIAN_POINT('',(1.570796326795,0.));
#9548 = VECTOR('',#9549,1.);
#9549 = DIRECTION('',(0.,1.));
#9550 = ( GEOMETRIC_REPRESENTATION_CONTEXT(2) 
PARAMETRIC_REPRESENTATION_CONTEXT() REPRESENTATION_CONTEXT('2D SPACE',''
  ) );
#9551 = PCURVE('',#8971,#9552);
#9552 = DEFINITIONAL_REPRESENTATION('',(#9553),#9557);
#9553 = LINE('',#9554,#9555);
#9554 = CARTESIAN_POINT('',(42.3,-74.8));
#9555 = VECTOR('',#9556,1.);
#9556 = DIRECTION('',(2.22044604925E-16,1.));
#9557 = ( GEOMETRIC_REPRESENTATION_CONTEXT(2) 
PARAMETRIC_REPRESENTATION_CONTEXT() REPRESENTATION_CONTEXT('2D SPACE',''
  ) );
#9558 = ORIENTED_EDGE('',*,*,#9337,.F.);
#9559 = ORIENTED_EDGE('',*,*,#6521,.F.);
#9560 = ADVANCED_FACE('',(#9561),#6569,.T.);
#9561 = FACE_BOUND('',#9562,.T.);
#9562 = EDGE_LOOP('',(#9563,#9564,#9587,#9619));
#9563 = ORIENTED_EDGE('',*,*,#9444,.T.);
#9564 = ORIENTED_EDGE('',*,*,#9565,.T.);
#9565 = EDGE_CURVE('',#9445,#9566,#9568,.T.);
#9566 = VERTEX_POINT('',#9567);
#9567 = CARTESIAN_POINT('',(-99.,74.,4.));
#9568 = SURFACE_CURVE('',#9569,(#9573,#9580),.PCURVE_S1.);
#9569 = LINE('',#9570,#9571);
#9570 = CARTESIAN_POINT('',(-99.,66.5,4.));
#9571 = VECTOR('',#9572,1.);
#9572 = DIRECTION('',(-0.,1.,0.));
#9573 = PCURVE('',#6569,#9574);
#9574 = DEFINITIONAL_REPRESENTATION('',(#9575),#9579);
#9575 = LINE('',#9576,#9577);
#9576 = CARTESIAN_POINT('',(1.570796326795,0.));
#9577 = VECTOR('',#9578,1.);
#9578 = DIRECTION('',(0.,1.));
#9579 = ( GEOMETRIC_REPRESENTATION_CONTEXT(2) 
PARAMETRIC_REPRESENTATION_CONTEXT() REPRESENTATION_CONTEXT('2D SPACE',''
  ) );
#9580 = PCURVE('',#8842,#9581);
#9581 = DEFINITIONAL_REPRESENTATION('',(#9582),#9586);
#9582 = LINE('',#9583,#9584);
#9583 = CARTESIAN_POINT('',(-99.,66.5));
#9584 = VECTOR('',#9585,1.);
#9585 = DIRECTION('',(0.,1.));
#9586 = ( GEOMETRIC_REPRESENTATION_CONTEXT(2) 
PARAMETRIC_REPRESENTATION_CONTEXT() REPRESENTATION_CONTEXT('2D SPACE',''
  ) );
#9587 = ORIENTED_EDGE('',*,*,#9588,.F.);
#9588 = EDGE_CURVE('',#6554,#9566,#9589,.T.);
#9589 = SURFACE_CURVE('',#9590,(#9595,#9607),.PCURVE_S1.);
#9590 = ELLIPSE('',#9591,1.131370849898,0.8);
#9591 = AXIS2_PLACEMENT_3D('',#9592,#9593,#9594);
#9592 = CARTESIAN_POINT('',(-99.,74.,3.2));
#9593 = DIRECTION('',(0.707106781187,0.707106781187,0.));
#9594 = DIRECTION('',(0.707106781187,-0.707106781187,-0.));
#9595 = PCURVE('',#6569,#9596);
#9596 = DEFINITIONAL_REPRESENTATION('',(#9597),#9606);
#9597 = B_SPLINE_CURVE_WITH_KNOTS('',7,(#9598,#9599,#9600,#9601,#9602,
    #9603,#9604,#9605),.UNSPECIFIED.,.F.,.F.,(8,8),(3.14159265359,
    4.712388137448),.PIECEWISE_BEZIER_KNOTS.);
#9598 = CARTESIAN_POINT('',(0.,8.3));
#9599 = CARTESIAN_POINT('',(0.224399354837,8.3));
#9600 = CARTESIAN_POINT('',(0.448798709674,8.253001112357));
#9601 = CARTESIAN_POINT('',(0.673198064511,8.159010155007));
#9602 = CARTESIAN_POINT('',(0.897597419347,8.02379775087));
#9603 = CARTESIAN_POINT('',(1.121996774184,7.859038873519));
#9604 = CARTESIAN_POINT('',(1.346396129021,7.679520158219));
#9605 = CARTESIAN_POINT('',(1.570795483858,7.50000067435));
#9606 = ( GEOMETRIC_REPRESENTATION_CONTEXT(2) 
PARAMETRIC_REPRESENTATION_CONTEXT() REPRESENTATION_CONTEXT('2D SPACE',''
  ) );
#9607 = PCURVE('',#6677,#9608);
#9608 = DEFINITIONAL_REPRESENTATION('',(#9609),#9618);
#9609 = B_SPLINE_CURVE_WITH_KNOTS('',7,(#9610,#9611,#9612,#9613,#9614,
    #9615,#9616,#9617),.UNSPECIFIED.,.F.,.F.,(8,8),(3.14159265359,
    4.712388137448),.PIECEWISE_BEZIER_KNOTS.);
#9610 = CARTESIAN_POINT('',(0.,0.));
#9611 = CARTESIAN_POINT('',(0.224399354837,-2.198479613053E-17));
#9612 = CARTESIAN_POINT('',(0.448798709674,4.699888764351E-02));
#9613 = CARTESIAN_POINT('',(0.673198064511,0.140989844994));
#9614 = CARTESIAN_POINT('',(0.897597419347,0.276202249131));
#9615 = CARTESIAN_POINT('',(1.121996774184,0.44096112648));
#9616 = CARTESIAN_POINT('',(1.346396129021,0.620479841781));
#9617 = CARTESIAN_POINT('',(1.570795483858,0.79999932565));
#9618 = ( GEOMETRIC_REPRESENTATION_CONTEXT(2) 
PARAMETRIC_REPRESENTATION_CONTEXT() REPRESENTATION_CONTEXT('2D SPACE',''
  ) );
#9619 = ORIENTED_EDGE('',*,*,#6553,.F.);
#9620 = ADVANCED_FACE('',(#9621),#6623,.T.);
#9621 = FACE_BOUND('',#9622,.F.);
#9622 = EDGE_LOOP('',(#9623,#9624,#9625,#9648,#9682,#9716,#9744));
#9623 = ORIENTED_EDGE('',*,*,#6607,.F.);
#9624 = ORIENTED_EDGE('',*,*,#9504,.T.);
#9625 = ORIENTED_EDGE('',*,*,#9626,.T.);
#9626 = EDGE_CURVE('',#9505,#9627,#9629,.T.);
#9627 = VERTEX_POINT('',#9628);
#9628 = CARTESIAN_POINT('',(49.5,-74.,4.));
#9629 = SURFACE_CURVE('',#9630,(#9634,#9641),.PCURVE_S1.);
#9630 = LINE('',#9631,#9632);
#9631 = CARTESIAN_POINT('',(41.5,-74.,4.));
#9632 = VECTOR('',#9633,1.);
#9633 = DIRECTION('',(1.,0.,-0.));
#9634 = PCURVE('',#6623,#9635);
#9635 = DEFINITIONAL_REPRESENTATION('',(#9636),#9640);
#9636 = LINE('',#9637,#9638);
#9637 = CARTESIAN_POINT('',(-1.570796326795,0.));
#9638 = VECTOR('',#9639,1.);
#9639 = DIRECTION('',(-0.,1.));
#9640 = ( GEOMETRIC_REPRESENTATION_CONTEXT(2) 
PARAMETRIC_REPRESENTATION_CONTEXT() REPRESENTATION_CONTEXT('2D SPACE',''
  ) );
#9641 = PCURVE('',#8971,#9642);
#9642 = DEFINITIONAL_REPRESENTATION('',(#9643),#9647);
#9643 = LINE('',#9644,#9645);
#9644 = CARTESIAN_POINT('',(41.5,-74.));
#9645 = VECTOR('',#9646,1.);
#9646 = DIRECTION('',(1.,0.));
#9647 = ( GEOMETRIC_REPRESENTATION_CONTEXT(2) 
PARAMETRIC_REPRESENTATION_CONTEXT() REPRESENTATION_CONTEXT('2D SPACE',''
  ) );
#9648 = ORIENTED_EDGE('',*,*,#9649,.T.);
#9649 = EDGE_CURVE('',#9627,#9650,#9652,.T.);
#9650 = VERTEX_POINT('',#9651);
#9651 = CARTESIAN_POINT('',(50.,-74.7416198487,3.5));
#9652 = SURFACE_CURVE('',#9653,(#9658,#9670),.PCURVE_S1.);
#9653 = ELLIPSE('',#9654,1.131370849898,0.8);
#9654 = AXIS2_PLACEMENT_3D('',#9655,#9656,#9657);
#9655 = CARTESIAN_POINT('',(50.3,-74.,3.2));
#9656 = DIRECTION('',(0.707106781187,0.,0.707106781187));
#9657 = DIRECTION('',(0.707106781187,0.,-0.707106781187));
#9658 = PCURVE('',#6623,#9659);
#9659 = DEFINITIONAL_REPRESENTATION('',(#9660),#9669);
#9660 = B_SPLINE_CURVE_WITH_KNOTS('',7,(#9661,#9662,#9663,#9664,#9665,
    #9666,#9667,#9668),.UNSPECIFIED.,.F.,.F.,(8,8),(3.141592178619,
    4.394565276457),.PIECEWISE_BEZIER_KNOTS.);
#9661 = CARTESIAN_POINT('',(-1.570796801766,8.));
#9662 = CARTESIAN_POINT('',(-1.391800644932,7.999999931986));
#9663 = CARTESIAN_POINT('',(-1.212804488098,8.02990366512));
#9664 = CARTESIAN_POINT('',(-1.033808331264,8.089709951471));
#9665 = CARTESIAN_POINT('',(-0.85481217443,8.177076440944));
#9666 = CARTESIAN_POINT('',(-0.675816017596,8.287294426919));
#9667 = CARTESIAN_POINT('',(-0.496819860762,8.413974697379));
#9668 = CARTESIAN_POINT('',(-0.317823703928,8.55));
#9669 = ( GEOMETRIC_REPRESENTATION_CONTEXT(2) 
PARAMETRIC_REPRESENTATION_CONTEXT() REPRESENTATION_CONTEXT('2D SPACE',''
  ) );
#9670 = PCURVE('',#9671,#9676);
#9671 = PLANE('',#9672);
#9672 = AXIS2_PLACEMENT_3D('',#9673,#9674,#9675);
#9673 = CARTESIAN_POINT('',(49.5,-75.8,4.));
#9674 = DIRECTION('',(0.707106781187,0.,0.707106781187));
#9675 = DIRECTION('',(0.707106781187,0.,-0.707106781187));
#9676 = DEFINITIONAL_REPRESENTATION('',(#9677),#9681);
#9677 = ELLIPSE('',#9678,1.131370849898,0.8);
#9678 = AXIS2_PLACEMENT_2D('',#9679,#9680);
#9679 = CARTESIAN_POINT('',(1.131370849898,1.8));
#9680 = DIRECTION('',(1.,0.));
#9681 = ( GEOMETRIC_REPRESENTATION_CONTEXT(2) 
PARAMETRIC_REPRESENTATION_CONTEXT() REPRESENTATION_CONTEXT('2D SPACE',''
  ) );
#9682 = ORIENTED_EDGE('',*,*,#9683,.F.);
#9683 = EDGE_CURVE('',#9684,#9650,#9686,.T.);
#9684 = VERTEX_POINT('',#9685);
#9685 = CARTESIAN_POINT('',(50.5,-74.,4.));
#9686 = SURFACE_CURVE('',#9687,(#9692,#9704),.PCURVE_S1.);
#9687 = ELLIPSE('',#9688,1.131370849898,0.8);
#9688 = AXIS2_PLACEMENT_3D('',#9689,#9690,#9691);
#9689 = CARTESIAN_POINT('',(49.7,-74.,3.2));
#9690 = DIRECTION('',(0.707106781187,0.,-0.707106781187));
#9691 = DIRECTION('',(0.707106781187,0.,0.707106781187));
#9692 = PCURVE('',#6623,#9693);
#9693 = DEFINITIONAL_REPRESENTATION('',(#9694),#9703);
#9694 = B_SPLINE_CURVE_WITH_KNOTS('',7,(#9695,#9696,#9697,#9698,#9699,
    #9700,#9701,#9702),.UNSPECIFIED.,.F.,.F.,(8,8),(6.283184832209,
    7.536157930047),.PIECEWISE_BEZIER_KNOTS.);
#9695 = CARTESIAN_POINT('',(-1.570796801766,9.));
#9696 = CARTESIAN_POINT('',(-1.391800644932,9.000000068014));
#9697 = CARTESIAN_POINT('',(-1.212804488098,8.970096334882));
#9698 = CARTESIAN_POINT('',(-1.033808331264,8.910290048524));
#9699 = CARTESIAN_POINT('',(-0.85481217443,8.822923559064));
#9700 = CARTESIAN_POINT('',(-0.675816017596,8.712705573078));
#9701 = CARTESIAN_POINT('',(-0.496819860762,8.586025302621));
#9702 = CARTESIAN_POINT('',(-0.317823703928,8.45));
#9703 = ( GEOMETRIC_REPRESENTATION_CONTEXT(2) 
PARAMETRIC_REPRESENTATION_CONTEXT() REPRESENTATION_CONTEXT('2D SPACE',''
  ) );
#9704 = PCURVE('',#9705,#9710);
#9705 = PLANE('',#9706);
#9706 = AXIS2_PLACEMENT_3D('',#9707,#9708,#9709);
#9707 = CARTESIAN_POINT('',(50.,-75.8,3.5));
#9708 = DIRECTION('',(0.707106781187,0.,-0.707106781187));
#9709 = DIRECTION('',(0.707106781187,0.,0.707106781187));
#9710 = DEFINITIONAL_REPRESENTATION('',(#9711),#9715);
#9711 = ELLIPSE('',#9712,1.131370849898,0.8);
#9712 = AXIS2_PLACEMENT_2D('',#9713,#9714);
#9713 = CARTESIAN_POINT('',(-0.424264068712,-1.8));
#9714 = DIRECTION('',(1.,0.));
#9715 = ( GEOMETRIC_REPRESENTATION_CONTEXT(2) 
PARAMETRIC_REPRESENTATION_CONTEXT() REPRESENTATION_CONTEXT('2D SPACE',''
  ) );
#9716 = ORIENTED_EDGE('',*,*,#9717,.T.);
#9717 = EDGE_CURVE('',#9684,#9718,#9720,.T.);
#9718 = VERTEX_POINT('',#9719);
#9719 = CARTESIAN_POINT('',(83.7,-74.,4.));
#9720 = SURFACE_CURVE('',#9721,(#9725,#9732),.PCURVE_S1.);
#9721 = LINE('',#9722,#9723);
#9722 = CARTESIAN_POINT('',(41.5,-74.,4.));
#9723 = VECTOR('',#9724,1.);
#9724 = DIRECTION('',(1.,0.,-0.));
#9725 = PCURVE('',#6623,#9726);
#9726 = DEFINITIONAL_REPRESENTATION('',(#9727),#9731);
#9727 = LINE('',#9728,#9729);
#9728 = CARTESIAN_POINT('',(-1.570796326795,0.));
#9729 = VECTOR('',#9730,1.);
#9730 = DIRECTION('',(-0.,1.));
#9731 = ( GEOMETRIC_REPRESENTATION_CONTEXT(2) 
PARAMETRIC_REPRESENTATION_CONTEXT() REPRESENTATION_CONTEXT('2D SPACE',''
  ) );
#9732 = PCURVE('',#9733,#9738);
#9733 = PLANE('',#9734);
#9734 = AXIS2_PLACEMENT_3D('',#9735,#9736,#9737);
#9735 = CARTESIAN_POINT('',(0.,0.,4.));
#9736 = DIRECTION('',(0.,0.,1.));
#9737 = DIRECTION('',(1.,0.,-0.));
#9738 = DEFINITIONAL_REPRESENTATION('',(#9739),#9743);
#9739 = LINE('',#9740,#9741);
#9740 = CARTESIAN_POINT('',(41.5,-74.));
#9741 = VECTOR('',#9742,1.);
#9742 = DIRECTION('',(1.,0.));
#9743 = ( GEOMETRIC_REPRESENTATION_CONTEXT(2) 
PARAMETRIC_REPRESENTATION_CONTEXT() REPRESENTATION_CONTEXT('2D SPACE',''
  ) );
#9744 = ORIENTED_EDGE('',*,*,#9745,.F.);
#9745 = EDGE_CURVE('',#6608,#9718,#9746,.T.);
#9746 = SURFACE_CURVE('',#9747,(#9752,#9764),.PCURVE_S1.);
#9747 = ELLIPSE('',#9748,1.131370849898,0.8);
#9748 = AXIS2_PLACEMENT_3D('',#9749,#9750,#9751);
#9749 = CARTESIAN_POINT('',(83.7,-74.,3.2));
#9750 = DIRECTION('',(-0.707106781187,-0.707106781187,0.));
#9751 = DIRECTION('',(0.707106781187,-0.707106781187,0.));
#9752 = PCURVE('',#6623,#9753);
#9753 = DEFINITIONAL_REPRESENTATION('',(#9754),#9763);
#9754 = B_SPLINE_CURVE_WITH_KNOTS('',7,(#9755,#9756,#9757,#9758,#9759,
    #9760,#9761,#9762),.UNSPECIFIED.,.F.,.F.,(8,8),(0.,1.570796801766),
  .PIECEWISE_BEZIER_KNOTS.);
#9755 = CARTESIAN_POINT('',(0.,43.));
#9756 = CARTESIAN_POINT('',(-0.224399543109,43.));
#9757 = CARTESIAN_POINT('',(-0.448799086219,42.953001033494));
#9758 = CARTESIAN_POINT('',(-0.673198629328,42.859009918427));
#9759 = CARTESIAN_POINT('',(-0.897598172437,42.723797297092));
#9760 = CARTESIAN_POINT('',(-1.121997715547,42.559038182357));
#9761 = CARTESIAN_POINT('',(-1.346397258656,42.379519254511));
#9762 = CARTESIAN_POINT('',(-1.570796801766,42.199999620023));
#9763 = ( GEOMETRIC_REPRESENTATION_CONTEXT(2) 
PARAMETRIC_REPRESENTATION_CONTEXT() REPRESENTATION_CONTEXT('2D SPACE',''
  ) );
#9764 = PCURVE('',#6731,#9765);
#9765 = DEFINITIONAL_REPRESENTATION('',(#9766),#9775);
#9766 = B_SPLINE_CURVE_WITH_KNOTS('',7,(#9767,#9768,#9769,#9770,#9771,
    #9772,#9773,#9774),.UNSPECIFIED.,.F.,.F.,(8,8),(0.,1.570796801766),
  .PIECEWISE_BEZIER_KNOTS.);
#9767 = CARTESIAN_POINT('',(0.,0.));
#9768 = CARTESIAN_POINT('',(-0.224399543109,4.396962915185E-17));
#9769 = CARTESIAN_POINT('',(-0.448799086219,4.699896651192E-02));
#9770 = CARTESIAN_POINT('',(-0.673198629328,0.140990081557));
#9771 = CARTESIAN_POINT('',(-0.897598172437,0.276202702928));
#9772 = CARTESIAN_POINT('',(-1.121997715547,0.440961817636));
#9773 = CARTESIAN_POINT('',(-1.346397258656,0.620480745489));
#9774 = CARTESIAN_POINT('',(-1.570796801766,0.800000379977));
#9775 = ( GEOMETRIC_REPRESENTATION_CONTEXT(2) 
PARAMETRIC_REPRESENTATION_CONTEXT() REPRESENTATION_CONTEXT('2D SPACE',''
  ) );
#9776 = ADVANCED_FACE('',(#9777),#6677,.T.);
#9777 = FACE_BOUND('',#9778,.T.);
#9778 = EDGE_LOOP('',(#9779,#9780,#9781,#9804,#9838,#9872,#9900,#9934,
    #9968,#9996,#10030,#10064,#10092));
#9779 = ORIENTED_EDGE('',*,*,#6661,.F.);
#9780 = ORIENTED_EDGE('',*,*,#9588,.T.);
#9781 = ORIENTED_EDGE('',*,*,#9782,.T.);
#9782 = EDGE_CURVE('',#9566,#9783,#9785,.T.);
#9783 = VERTEX_POINT('',#9784);
#9784 = CARTESIAN_POINT('',(-50.5,74.,4.));
#9785 = SURFACE_CURVE('',#9786,(#9790,#9797),.PCURVE_S1.);
#9786 = LINE('',#9787,#9788);
#9787 = CARTESIAN_POINT('',(-99.8,74.,4.));
#9788 = VECTOR('',#9789,1.);
#9789 = DIRECTION('',(1.,0.,-0.));
#9790 = PCURVE('',#6677,#9791);
#9791 = DEFINITIONAL_REPRESENTATION('',(#9792),#9796);
#9792 = LINE('',#9793,#9794);
#9793 = CARTESIAN_POINT('',(1.570796326795,0.));
#9794 = VECTOR('',#9795,1.);
#9795 = DIRECTION('',(0.,1.));
#9796 = ( GEOMETRIC_REPRESENTATION_CONTEXT(2) 
PARAMETRIC_REPRESENTATION_CONTEXT() REPRESENTATION_CONTEXT('2D SPACE',''
  ) );
#9797 = PCURVE('',#8842,#9798);
#9798 = DEFINITIONAL_REPRESENTATION('',(#9799),#9803);
#9799 = LINE('',#9800,#9801);
#9800 = CARTESIAN_POINT('',(-99.8,74.));
#9801 = VECTOR('',#9802,1.);
#9802 = DIRECTION('',(1.,0.));
#9803 = ( GEOMETRIC_REPRESENTATION_CONTEXT(2) 
PARAMETRIC_REPRESENTATION_CONTEXT() REPRESENTATION_CONTEXT('2D SPACE',''
  ) );
#9804 = ORIENTED_EDGE('',*,*,#9805,.F.);
#9805 = EDGE_CURVE('',#9806,#9783,#9808,.T.);
#9806 = VERTEX_POINT('',#9807);
#9807 = CARTESIAN_POINT('',(-50.,74.741619848713,3.5));
#9808 = SURFACE_CURVE('',#9809,(#9814,#9826),.PCURVE_S1.);
#9809 = ELLIPSE('',#9810,1.131370849898,0.8);
#9810 = AXIS2_PLACEMENT_3D('',#9811,#9812,#9813);
#9811 = CARTESIAN_POINT('',(-49.7,74.,3.2));
#9812 = DIRECTION('',(0.707106781187,0.,0.707106781187));
#9813 = DIRECTION('',(0.707106781187,0.,-0.707106781187));
#9814 = PCURVE('',#6677,#9815);
#9815 = DEFINITIONAL_REPRESENTATION('',(#9816),#9825);
#9816 = B_SPLINE_CURVE_WITH_KNOTS('',7,(#9817,#9818,#9819,#9820,#9821,
    #9822,#9823,#9824),.UNSPECIFIED.,.F.,.F.,(8,8),(1.888620030722,
    3.14159265359),.PIECEWISE_BEZIER_KNOTS.);
#9817 = CARTESIAN_POINT('',(0.317823703927,49.85));
#9818 = CARTESIAN_POINT('',(0.496819792908,49.713974748943));
#9819 = CARTESIAN_POINT('',(0.675815881889,49.58729452296));
#9820 = CARTESIAN_POINT('',(0.854811970871,49.4770765663));
#9821 = CARTESIAN_POINT('',(1.033808059851,49.389710083926));
#9822 = CARTESIAN_POINT('',(1.212804148833,49.329903778482));
#9823 = CARTESIAN_POINT('',(1.391800237814,49.3));
#9824 = CARTESIAN_POINT('',(1.570796326795,49.3));
#9825 = ( GEOMETRIC_REPRESENTATION_CONTEXT(2) 
PARAMETRIC_REPRESENTATION_CONTEXT() REPRESENTATION_CONTEXT('2D SPACE',''
  ) );
#9826 = PCURVE('',#9827,#9832);
#9827 = PLANE('',#9828);
#9828 = AXIS2_PLACEMENT_3D('',#9829,#9830,#9831);
#9829 = CARTESIAN_POINT('',(-50.5,-75.8,4.));
#9830 = DIRECTION('',(0.707106781187,0.,0.707106781187));
#9831 = DIRECTION('',(0.707106781187,0.,-0.707106781187));
#9832 = DEFINITIONAL_REPRESENTATION('',(#9833),#9837);
#9833 = ELLIPSE('',#9834,1.131370849898,0.8);
#9834 = AXIS2_PLACEMENT_2D('',#9835,#9836);
#9835 = CARTESIAN_POINT('',(1.131370849898,149.8));
#9836 = DIRECTION('',(1.,0.));
#9837 = ( GEOMETRIC_REPRESENTATION_CONTEXT(2) 
PARAMETRIC_REPRESENTATION_CONTEXT() REPRESENTATION_CONTEXT('2D SPACE',''
  ) );
#9838 = ORIENTED_EDGE('',*,*,#9839,.T.);
#9839 = EDGE_CURVE('',#9806,#9840,#9842,.T.);
#9840 = VERTEX_POINT('',#9841);
#9841 = CARTESIAN_POINT('',(-49.5,74.,4.));
#9842 = SURFACE_CURVE('',#9843,(#9848,#9860),.PCURVE_S1.);
#9843 = ELLIPSE('',#9844,1.131370849898,0.8);
#9844 = AXIS2_PLACEMENT_3D('',#9845,#9846,#9847);
#9845 = CARTESIAN_POINT('',(-50.3,74.,3.2));
#9846 = DIRECTION('',(0.707106781187,0.,-0.707106781187));
#9847 = DIRECTION('',(0.707106781187,0.,0.707106781187));
#9848 = PCURVE('',#6677,#9849);
#9849 = DEFINITIONAL_REPRESENTATION('',(#9850),#9859);
#9850 = B_SPLINE_CURVE_WITH_KNOTS('',7,(#9851,#9852,#9853,#9854,#9855,
    #9856,#9857,#9858),.UNSPECIFIED.,.F.,.F.,(8,8),(5.030212684312,
    6.28318530718),.PIECEWISE_BEZIER_KNOTS.);
#9851 = CARTESIAN_POINT('',(0.317823703927,49.75));
#9852 = CARTESIAN_POINT('',(0.496819792908,49.886025251057));
#9853 = CARTESIAN_POINT('',(0.675815881889,50.012705477046));
#9854 = CARTESIAN_POINT('',(0.854811970871,50.122923433691));
#9855 = CARTESIAN_POINT('',(1.033808059852,50.210289916093));
#9856 = CARTESIAN_POINT('',(1.212804148833,50.270096221514));
#9857 = CARTESIAN_POINT('',(1.391800237814,50.3));
#9858 = CARTESIAN_POINT('',(1.570796326795,50.3));
#9859 = ( GEOMETRIC_REPRESENTATION_CONTEXT(2) 
PARAMETRIC_REPRESENTATION_CONTEXT() REPRESENTATION_CONTEXT('2D SPACE',''
  ) );
#9860 = PCURVE('',#9861,#9866);
#9861 = PLANE('',#9862);
#9862 = AXIS2_PLACEMENT_3D('',#9863,#9864,#9865);
#9863 = CARTESIAN_POINT('',(-50.,-75.8,3.5));
#9864 = DIRECTION('',(0.707106781187,0.,-0.707106781187));
#9865 = DIRECTION('',(0.707106781187,0.,0.707106781187));
#9866 = DEFINITIONAL_REPRESENTATION('',(#9867),#9871);
#9867 = ELLIPSE('',#9868,1.131370849898,0.8);
#9868 = AXIS2_PLACEMENT_2D('',#9869,#9870);
#9869 = CARTESIAN_POINT('',(-0.424264068712,-149.8));
#9870 = DIRECTION('',(1.,0.));
#9871 = ( GEOMETRIC_REPRESENTATION_CONTEXT(2) 
PARAMETRIC_REPRESENTATION_CONTEXT() REPRESENTATION_CONTEXT('2D SPACE',''
  ) );
#9872 = ORIENTED_EDGE('',*,*,#9873,.T.);
#9873 = EDGE_CURVE('',#9840,#9874,#9876,.T.);
#9874 = VERTEX_POINT('',#9875);
#9875 = CARTESIAN_POINT('',(-0.5,74.,4.));
#9876 = SURFACE_CURVE('',#9877,(#9881,#9888),.PCURVE_S1.);
#9877 = LINE('',#9878,#9879);
#9878 = CARTESIAN_POINT('',(-99.8,74.,4.));
#9879 = VECTOR('',#9880,1.);
#9880 = DIRECTION('',(1.,0.,-0.));
#9881 = PCURVE('',#6677,#9882);
#9882 = DEFINITIONAL_REPRESENTATION('',(#9883),#9887);
#9883 = LINE('',#9884,#9885);
#9884 = CARTESIAN_POINT('',(1.570796326795,0.));
#9885 = VECTOR('',#9886,1.);
#9886 = DIRECTION('',(0.,1.));
#9887 = ( GEOMETRIC_REPRESENTATION_CONTEXT(2) 
PARAMETRIC_REPRESENTATION_CONTEXT() REPRESENTATION_CONTEXT('2D SPACE',''
  ) );
#9888 = PCURVE('',#9889,#9894);
#9889 = PLANE('',#9890);
#9890 = AXIS2_PLACEMENT_3D('',#9891,#9892,#9893);
#9891 = CARTESIAN_POINT('',(0.,0.,4.));
#9892 = DIRECTION('',(0.,0.,1.));
#9893 = DIRECTION('',(1.,0.,-0.));
#9894 = DEFINITIONAL_REPRESENTATION('',(#9895),#9899);
#9895 = LINE('',#9896,#9897);
#9896 = CARTESIAN_POINT('',(-99.8,74.));
#9897 = VECTOR('',#9898,1.);
#9898 = DIRECTION('',(1.,0.));
#9899 = ( GEOMETRIC_REPRESENTATION_CONTEXT(2) 
PARAMETRIC_REPRESENTATION_CONTEXT() REPRESENTATION_CONTEXT('2D SPACE',''
  ) );
#9900 = ORIENTED_EDGE('',*,*,#9901,.F.);
#9901 = EDGE_CURVE('',#9902,#9874,#9904,.T.);
#9902 = VERTEX_POINT('',#9903);
#9903 = CARTESIAN_POINT('',(0.,74.741619848713,3.5));
#9904 = SURFACE_CURVE('',#9905,(#9910,#9922),.PCURVE_S1.);
#9905 = ELLIPSE('',#9906,1.131370849898,0.8);
#9906 = AXIS2_PLACEMENT_3D('',#9907,#9908,#9909);
#9907 = CARTESIAN_POINT('',(0.3,74.,3.2));
#9908 = DIRECTION('',(0.707106781187,0.,0.707106781187));
#9909 = DIRECTION('',(0.707106781187,0.,-0.707106781187));
#9910 = PCURVE('',#6677,#9911);
#9911 = DEFINITIONAL_REPRESENTATION('',(#9912),#9921);
#9912 = B_SPLINE_CURVE_WITH_KNOTS('',7,(#9913,#9914,#9915,#9916,#9917,
    #9918,#9919,#9920),.UNSPECIFIED.,.F.,.F.,(8,8),(1.888620030722,
    3.14159265359),.PIECEWISE_BEZIER_KNOTS.);
#9913 = CARTESIAN_POINT('',(0.317823703927,99.85));
#9914 = CARTESIAN_POINT('',(0.496819792908,99.713974748943));
#9915 = CARTESIAN_POINT('',(0.675815881889,99.587294522963));
#9916 = CARTESIAN_POINT('',(0.854811970871,99.477076566308));
#9917 = CARTESIAN_POINT('',(1.033808059851,99.389710083955));
#9918 = CARTESIAN_POINT('',(1.212804148833,99.329903778478));
#9919 = CARTESIAN_POINT('',(1.391800237814,99.3));
#9920 = CARTESIAN_POINT('',(1.570796326795,99.3));
#9921 = ( GEOMETRIC_REPRESENTATION_CONTEXT(2) 
PARAMETRIC_REPRESENTATION_CONTEXT() REPRESENTATION_CONTEXT('2D SPACE',''
  ) );
#9922 = PCURVE('',#9923,#9928);
#9923 = PLANE('',#9924);
#9924 = AXIS2_PLACEMENT_3D('',#9925,#9926,#9927);
#9925 = CARTESIAN_POINT('',(-0.5,-75.8,4.));
#9926 = DIRECTION('',(0.707106781187,0.,0.707106781187));
#9927 = DIRECTION('',(0.707106781187,0.,-0.707106781187));
#9928 = DEFINITIONAL_REPRESENTATION('',(#9929),#9933);
#9929 = ELLIPSE('',#9930,1.131370849898,0.8);
#9930 = AXIS2_PLACEMENT_2D('',#9931,#9932);
#9931 = CARTESIAN_POINT('',(1.131370849898,149.8));
#9932 = DIRECTION('',(1.,0.));
#9933 = ( GEOMETRIC_REPRESENTATION_CONTEXT(2) 
PARAMETRIC_REPRESENTATION_CONTEXT() REPRESENTATION_CONTEXT('2D SPACE',''
  ) );
#9934 = ORIENTED_EDGE('',*,*,#9935,.T.);
#9935 = EDGE_CURVE('',#9902,#9936,#9938,.T.);
#9936 = VERTEX_POINT('',#9937);
#9937 = CARTESIAN_POINT('',(0.5,74.,4.));
#9938 = SURFACE_CURVE('',#9939,(#9944,#9956),.PCURVE_S1.);
#9939 = ELLIPSE('',#9940,1.131370849898,0.8);
#9940 = AXIS2_PLACEMENT_3D('',#9941,#9942,#9943);
#9941 = CARTESIAN_POINT('',(-0.3,74.,3.2));
#9942 = DIRECTION('',(0.707106781187,0.,-0.707106781187));
#9943 = DIRECTION('',(0.707106781187,0.,0.707106781187));
#9944 = PCURVE('',#6677,#9945);
#9945 = DEFINITIONAL_REPRESENTATION('',(#9946),#9955);
#9946 = B_SPLINE_CURVE_WITH_KNOTS('',7,(#9947,#9948,#9949,#9950,#9951,
    #9952,#9953,#9954),.UNSPECIFIED.,.F.,.F.,(8,8),(5.030212684312,
    6.28318530718),.PIECEWISE_BEZIER_KNOTS.);
#9947 = CARTESIAN_POINT('',(0.317823703927,99.75));
#9948 = CARTESIAN_POINT('',(0.496819792908,99.886025251057));
#9949 = CARTESIAN_POINT('',(0.675815881889,100.01270547702));
#9950 = CARTESIAN_POINT('',(0.854811970871,100.12292343375));
#9951 = CARTESIAN_POINT('',(1.033808059852,100.21028991602));
#9952 = CARTESIAN_POINT('',(1.212804148833,100.27009622153));
#9953 = CARTESIAN_POINT('',(1.391800237814,100.3));
#9954 = CARTESIAN_POINT('',(1.570796326795,100.3));
#9955 = ( GEOMETRIC_REPRESENTATION_CONTEXT(2) 
PARAMETRIC_REPRESENTATION_CONTEXT() REPRESENTATION_CONTEXT('2D SPACE',''
  ) );
#9956 = PCURVE('',#9957,#9962);
#9957 = PLANE('',#9958);
#9958 = AXIS2_PLACEMENT_3D('',#9959,#9960,#9961);
#9959 = CARTESIAN_POINT('',(0.,-75.8,3.5));
#9960 = DIRECTION('',(0.707106781187,0.,-0.707106781187));
#9961 = DIRECTION('',(0.707106781187,0.,0.707106781187));
#9962 = DEFINITIONAL_REPRESENTATION('',(#9963),#9967);
#9963 = ELLIPSE('',#9964,1.131370849898,0.8);
#9964 = AXIS2_PLACEMENT_2D('',#9965,#9966);
#9965 = CARTESIAN_POINT('',(-0.424264068712,-149.8));
#9966 = DIRECTION('',(1.,0.));
#9967 = ( GEOMETRIC_REPRESENTATION_CONTEXT(2) 
PARAMETRIC_REPRESENTATION_CONTEXT() REPRESENTATION_CONTEXT('2D SPACE',''
  ) );
#9968 = ORIENTED_EDGE('',*,*,#9969,.T.);
#9969 = EDGE_CURVE('',#9936,#9970,#9972,.T.);
#9970 = VERTEX_POINT('',#9971);
#9971 = CARTESIAN_POINT('',(49.5,74.,4.));
#9972 = SURFACE_CURVE('',#9973,(#9977,#9984),.PCURVE_S1.);
#9973 = LINE('',#9974,#9975);
#9974 = CARTESIAN_POINT('',(-99.8,74.,4.));
#9975 = VECTOR('',#9976,1.);
#9976 = DIRECTION('',(1.,0.,-0.));
#9977 = PCURVE('',#6677,#9978);
#9978 = DEFINITIONAL_REPRESENTATION('',(#9979),#9983);
#9979 = LINE('',#9980,#9981);
#9980 = CARTESIAN_POINT('',(1.570796326795,0.));
#9981 = VECTOR('',#9982,1.);
#9982 = DIRECTION('',(0.,1.));
#9983 = ( GEOMETRIC_REPRESENTATION_CONTEXT(2) 
PARAMETRIC_REPRESENTATION_CONTEXT() REPRESENTATION_CONTEXT('2D SPACE',''
  ) );
#9984 = PCURVE('',#9985,#9990);
#9985 = PLANE('',#9986);
#9986 = AXIS2_PLACEMENT_3D('',#9987,#9988,#9989);
#9987 = CARTESIAN_POINT('',(0.,0.,4.));
#9988 = DIRECTION('',(0.,0.,1.));
#9989 = DIRECTION('',(1.,0.,-0.));
#9990 = DEFINITIONAL_REPRESENTATION('',(#9991),#9995);
#9991 = LINE('',#9992,#9993);
#9992 = CARTESIAN_POINT('',(-99.8,74.));
#9993 = VECTOR('',#9994,1.);
#9994 = DIRECTION('',(1.,0.));
#9995 = ( GEOMETRIC_REPRESENTATION_CONTEXT(2) 
PARAMETRIC_REPRESENTATION_CONTEXT() REPRESENTATION_CONTEXT('2D SPACE',''
  ) );
#9996 = ORIENTED_EDGE('',*,*,#9997,.F.);
#9997 = EDGE_CURVE('',#9998,#9970,#10000,.T.);
#9998 = VERTEX_POINT('',#9999);
#9999 = CARTESIAN_POINT('',(50.,74.741619848713,3.5));
#10000 = SURFACE_CURVE('',#10001,(#10006,#10018),.PCURVE_S1.);
#10001 = ELLIPSE('',#10002,1.131370849898,0.8);
#10002 = AXIS2_PLACEMENT_3D('',#10003,#10004,#10005);
#10003 = CARTESIAN_POINT('',(50.3,74.,3.2));
#10004 = DIRECTION('',(0.707106781187,0.,0.707106781187));
#10005 = DIRECTION('',(0.707106781187,0.,-0.707106781187));
#10006 = PCURVE('',#6677,#10007);
#10007 = DEFINITIONAL_REPRESENTATION('',(#10008),#10017);
#10008 = B_SPLINE_CURVE_WITH_KNOTS('',7,(#10009,#10010,#10011,#10012,
    #10013,#10014,#10015,#10016),.UNSPECIFIED.,.F.,.F.,(8,8),(
    1.888620030722,3.14159265359),.PIECEWISE_BEZIER_KNOTS.);
#10009 = CARTESIAN_POINT('',(0.317823703927,149.85));
#10010 = CARTESIAN_POINT('',(0.496819792908,149.71397474894));
#10011 = CARTESIAN_POINT('',(0.675815881889,149.58729452297));
#10012 = CARTESIAN_POINT('',(0.854811970871,149.47707656625));
#10013 = CARTESIAN_POINT('',(1.033808059851,149.38971008398));
#10014 = CARTESIAN_POINT('',(1.212804148833,149.32990377846));
#10015 = CARTESIAN_POINT('',(1.391800237814,149.3));
#10016 = CARTESIAN_POINT('',(1.570796326795,149.3));
#10017 = ( GEOMETRIC_REPRESENTATION_CONTEXT(2) 
PARAMETRIC_REPRESENTATION_CONTEXT() REPRESENTATION_CONTEXT('2D SPACE',''
  ) );
#10018 = PCURVE('',#10019,#10024);
#10019 = PLANE('',#10020);
#10020 = AXIS2_PLACEMENT_3D('',#10021,#10022,#10023);
#10021 = CARTESIAN_POINT('',(49.5,-75.8,4.));
#10022 = DIRECTION('',(0.707106781187,0.,0.707106781187));
#10023 = DIRECTION('',(0.707106781187,0.,-0.707106781187));
#10024 = DEFINITIONAL_REPRESENTATION('',(#10025),#10029);
#10025 = ELLIPSE('',#10026,1.131370849898,0.8);
#10026 = AXIS2_PLACEMENT_2D('',#10027,#10028);
#10027 = CARTESIAN_POINT('',(1.131370849898,149.8));
#10028 = DIRECTION('',(1.,0.));
#10029 = ( GEOMETRIC_REPRESENTATION_CONTEXT(2) 
PARAMETRIC_REPRESENTATION_CONTEXT() REPRESENTATION_CONTEXT('2D SPACE',''
  ) );
#10030 = ORIENTED_EDGE('',*,*,#10031,.T.);
#10031 = EDGE_CURVE('',#9998,#10032,#10034,.T.);
#10032 = VERTEX_POINT('',#10033);
#10033 = CARTESIAN_POINT('',(50.5,74.,4.));
#10034 = SURFACE_CURVE('',#10035,(#10040,#10052),.PCURVE_S1.);
#10035 = ELLIPSE('',#10036,1.131370849898,0.8);
#10036 = AXIS2_PLACEMENT_3D('',#10037,#10038,#10039);
#10037 = CARTESIAN_POINT('',(49.7,74.,3.2));
#10038 = DIRECTION('',(0.707106781187,0.,-0.707106781187));
#10039 = DIRECTION('',(0.707106781187,0.,0.707106781187));
#10040 = PCURVE('',#6677,#10041);
#10041 = DEFINITIONAL_REPRESENTATION('',(#10042),#10051);
#10042 = B_SPLINE_CURVE_WITH_KNOTS('',7,(#10043,#10044,#10045,#10046,
    #10047,#10048,#10049,#10050),.UNSPECIFIED.,.F.,.F.,(8,8),(
    5.030212684312,6.28318530718),.PIECEWISE_BEZIER_KNOTS.);
#10043 = CARTESIAN_POINT('',(0.317823703927,149.75));
#10044 = CARTESIAN_POINT('',(0.496819792908,149.88602525105));
#10045 = CARTESIAN_POINT('',(0.675815881889,150.01270547704));
#10046 = CARTESIAN_POINT('',(0.854811970871,150.12292343372));
#10047 = CARTESIAN_POINT('',(1.033808059852,150.21028991606));
#10048 = CARTESIAN_POINT('',(1.212804148833,150.27009622153));
#10049 = CARTESIAN_POINT('',(1.391800237814,150.3));
#10050 = CARTESIAN_POINT('',(1.570796326795,150.3));
#10051 = ( GEOMETRIC_REPRESENTATION_CONTEXT(2) 
PARAMETRIC_REPRESENTATION_CONTEXT() REPRESENTATION_CONTEXT('2D SPACE',''
  ) );
#10052 = PCURVE('',#10053,#10058);
#10053 = PLANE('',#10054);
#10054 = AXIS2_PLACEMENT_3D('',#10055,#10056,#10057);
#10055 = CARTESIAN_POINT('',(50.,-75.8,3.5));
#10056 = DIRECTION('',(0.707106781187,0.,-0.707106781187));
#10057 = DIRECTION('',(0.707106781187,0.,0.707106781187));
#10058 = DEFINITIONAL_REPRESENTATION('',(#10059),#10063);
#10059 = ELLIPSE('',#10060,1.131370849898,0.8);
#10060 = AXIS2_PLACEMENT_2D('',#10061,#10062);
#10061 = CARTESIAN_POINT('',(-0.424264068712,-149.8));
#10062 = DIRECTION('',(1.,0.));
#10063 = ( GEOMETRIC_REPRESENTATION_CONTEXT(2) 
PARAMETRIC_REPRESENTATION_CONTEXT() REPRESENTATION_CONTEXT('2D SPACE',''
  ) );
#10064 = ORIENTED_EDGE('',*,*,#10065,.T.);
#10065 = EDGE_CURVE('',#10032,#10066,#10068,.T.);
#10066 = VERTEX_POINT('',#10067);
#10067 = CARTESIAN_POINT('',(99.,74.,4.));
#10068 = SURFACE_CURVE('',#10069,(#10073,#10080),.PCURVE_S1.);
#10069 = LINE('',#10070,#10071);
#10070 = CARTESIAN_POINT('',(-99.8,74.,4.));
#10071 = VECTOR('',#10072,1.);
#10072 = DIRECTION('',(1.,0.,-0.));
#10073 = PCURVE('',#6677,#10074);
#10074 = DEFINITIONAL_REPRESENTATION('',(#10075),#10079);
#10075 = LINE('',#10076,#10077);
#10076 = CARTESIAN_POINT('',(1.570796326795,0.));
#10077 = VECTOR('',#10078,1.);
#10078 = DIRECTION('',(0.,1.));
#10079 = ( GEOMETRIC_REPRESENTATION_CONTEXT(2) 
PARAMETRIC_REPRESENTATION_CONTEXT() REPRESENTATION_CONTEXT('2D SPACE',''
  ) );
#10080 = PCURVE('',#10081,#10086);
#10081 = PLANE('',#10082);
#10082 = AXIS2_PLACEMENT_3D('',#10083,#10084,#10085);
#10083 = CARTESIAN_POINT('',(0.,0.,4.));
#10084 = DIRECTION('',(0.,0.,1.));
#10085 = DIRECTION('',(1.,0.,-0.));
#10086 = DEFINITIONAL_REPRESENTATION('',(#10087),#10091);
#10087 = LINE('',#10088,#10089);
#10088 = CARTESIAN_POINT('',(-99.8,74.));
#10089 = VECTOR('',#10090,1.);
#10090 = DIRECTION('',(1.,0.));
#10091 = ( GEOMETRIC_REPRESENTATION_CONTEXT(2) 
PARAMETRIC_REPRESENTATION_CONTEXT() REPRESENTATION_CONTEXT('2D SPACE',''
  ) );
#10092 = ORIENTED_EDGE('',*,*,#10093,.F.);
#10093 = EDGE_CURVE('',#6662,#10066,#10094,.T.);
#10094 = SURFACE_CURVE('',#10095,(#10100,#10112),.PCURVE_S1.);
#10095 = ELLIPSE('',#10096,1.131370849898,0.8);
#10096 = AXIS2_PLACEMENT_3D('',#10097,#10098,#10099);
#10097 = CARTESIAN_POINT('',(99.,74.,3.2));
#10098 = DIRECTION('',(0.707106781187,-0.707106781187,-0.));
#10099 = DIRECTION('',(0.707106781187,0.707106781187,0.));
#10100 = PCURVE('',#6677,#10101);
#10101 = DEFINITIONAL_REPRESENTATION('',(#10102),#10111);
#10102 = B_SPLINE_CURVE_WITH_KNOTS('',7,(#10103,#10104,#10105,#10106,
    #10107,#10108,#10109,#10110),.UNSPECIFIED.,.F.,.F.,(8,8),(0.,
    1.570795483858),.PIECEWISE_BEZIER_KNOTS.);
#10103 = CARTESIAN_POINT('',(0.,199.6));
#10104 = CARTESIAN_POINT('',(0.224399354837,199.6));
#10105 = CARTESIAN_POINT('',(0.448798709674,199.55300111235));
#10106 = CARTESIAN_POINT('',(0.67319806451,199.45901015504));
#10107 = CARTESIAN_POINT('',(0.897597419347,199.3237977509));
#10108 = CARTESIAN_POINT('',(1.121996774184,199.15903887352));
#10109 = CARTESIAN_POINT('',(1.346396129021,198.97952015821));
#10110 = CARTESIAN_POINT('',(1.570795483858,198.80000067435));
#10111 = ( GEOMETRIC_REPRESENTATION_CONTEXT(2) 
PARAMETRIC_REPRESENTATION_CONTEXT() REPRESENTATION_CONTEXT('2D SPACE',''
  ) );
#10112 = PCURVE('',#6805,#10113);
#10113 = DEFINITIONAL_REPRESENTATION('',(#10114),#10123);
#10114 = B_SPLINE_CURVE_WITH_KNOTS('',7,(#10115,#10116,#10117,#10118,
    #10119,#10120,#10121,#10122),.UNSPECIFIED.,.F.,.F.,(8,8),(0.,
    1.570795483858),.PIECEWISE_BEZIER_KNOTS.);
#10115 = CARTESIAN_POINT('',(0.,8.55));
#10116 = CARTESIAN_POINT('',(-0.224399354837,8.55));
#10117 = CARTESIAN_POINT('',(-0.448798709674,8.503001112357));
#10118 = CARTESIAN_POINT('',(-0.67319806451,8.409010155004));
#10119 = CARTESIAN_POINT('',(-0.897597419347,8.27379775087));
#10120 = CARTESIAN_POINT('',(-1.121996774184,8.10903887352));
#10121 = CARTESIAN_POINT('',(-1.346396129021,7.929520158219));
#10122 = CARTESIAN_POINT('',(-1.570795483858,7.75000067435));
#10123 = ( GEOMETRIC_REPRESENTATION_CONTEXT(2) 
PARAMETRIC_REPRESENTATION_CONTEXT() REPRESENTATION_CONTEXT('2D SPACE',''
  ) );
#10124 = ADVANCED_FACE('',(#10125),#6731,.T.);
#10125 = FACE_BOUND('',#10126,.F.);
#10126 = EDGE_LOOP('',(#10127,#10128,#10151,#10229));
#10127 = ORIENTED_EDGE('',*,*,#9745,.T.);
#10128 = ORIENTED_EDGE('',*,*,#10129,.T.);
#10129 = EDGE_CURVE('',#9718,#10130,#10132,.T.);
#10130 = VERTEX_POINT('',#10131);
#10131 = CARTESIAN_POINT('',(83.7,-73.9089172119,4.));
#10132 = SURFACE_CURVE('',#10133,(#10137,#10144),.PCURVE_S1.);
#10133 = LINE('',#10134,#10135);
#10134 = CARTESIAN_POINT('',(83.7,-74.8,4.));
#10135 = VECTOR('',#10136,1.);
#10136 = DIRECTION('',(2.22044604925E-16,1.,0.));
#10137 = PCURVE('',#6731,#10138);
#10138 = DEFINITIONAL_REPRESENTATION('',(#10139),#10143);
#10139 = LINE('',#10140,#10141);
#10140 = CARTESIAN_POINT('',(-1.570796326795,0.));
#10141 = VECTOR('',#10142,1.);
#10142 = DIRECTION('',(-0.,1.));
#10143 = ( GEOMETRIC_REPRESENTATION_CONTEXT(2) 
PARAMETRIC_REPRESENTATION_CONTEXT() REPRESENTATION_CONTEXT('2D SPACE',''
  ) );
#10144 = PCURVE('',#9733,#10145);
#10145 = DEFINITIONAL_REPRESENTATION('',(#10146),#10150);
#10146 = LINE('',#10147,#10148);
#10147 = CARTESIAN_POINT('',(83.7,-74.8));
#10148 = VECTOR('',#10149,1.);
#10149 = DIRECTION('',(2.22044604925E-16,1.));
#10150 = ( GEOMETRIC_REPRESENTATION_CONTEXT(2) 
PARAMETRIC_REPRESENTATION_CONTEXT() REPRESENTATION_CONTEXT('2D SPACE',''
  ) );
#10151 = ORIENTED_EDGE('',*,*,#10152,.F.);
#10152 = EDGE_CURVE('',#6716,#10130,#10153,.T.);
#10153 = SURFACE_CURVE('',#10154,(#10177,#10203),.PCURVE_S1.);
#10154 = B_SPLINE_CURVE_WITH_KNOTS('',6,(#10155,#10156,#10157,#10158,
    #10159,#10160,#10161,#10162,#10163,#10164,#10165,#10166,#10167,
    #10168,#10169,#10170,#10171,#10172,#10173,#10174,#10175,#10176),
  .UNSPECIFIED.,.F.,.F.,(7,5,5,5,7),(0.,0.438656152188,0.691710078754,
    0.945880620139,1.),.UNSPECIFIED.);
#10155 = CARTESIAN_POINT('',(84.5,-73.61130814466,3.2));
#10156 = CARTESIAN_POINT('',(84.5,-73.61130814466,3.293405275949));
#10157 = CARTESIAN_POINT('',(84.486913150728,-73.61640203252,
    3.386838897994));
#10158 = CARTESIAN_POINT('',(84.460724913587,-73.62659657608,
    3.47775644215));
#10159 = CARTESIAN_POINT('',(84.422188987228,-73.64153396768,
    3.563769017662));
#10160 = CARTESIAN_POINT('',(84.372567029907,-73.66061165291,
    3.642861473494));
#10161 = CARTESIAN_POINT('',(84.279409486999,-73.69608019509,
    3.754169940254));
#10162 = CARTESIAN_POINT('',(84.242173716277,-73.71019572704,
    3.792070668432));
#10163 = CARTESIAN_POINT('',(84.202084644725,-73.72531569571,
    3.826855293862));
#10164 = CARTESIAN_POINT('',(84.159471759762,-73.74129595117,
    3.858279044676));
#10165 = CARTESIAN_POINT('',(84.114682583211,-73.757989205,
    3.886144414931));
#10166 = CARTESIAN_POINT('',(84.021257962291,-73.79258834645,
    3.934556668036));
#10167 = CARTESIAN_POINT('',(83.972606569134,-73.81049919691,
    3.955070628236));
#10168 = CARTESIAN_POINT('',(83.922479536212,-73.82883632759,
    3.97168362888));
#10169 = CARTESIAN_POINT('',(83.87124785507,-73.84745463354,
    3.984282673874));
#10170 = CARTESIAN_POINT('',(83.819289182195,-73.8662124887,
    3.99279582862));
#10171 = CARTESIAN_POINT('',(83.755847042754,-73.88896809251,
    3.998126567695));
#10172 = CARTESIAN_POINT('',(83.744694270593,-73.89296290437,
    3.998875656132));
#10173 = CARTESIAN_POINT('',(83.733529487519,-73.89695653021,
    3.999437727759));
#10174 = CARTESIAN_POINT('',(83.722356382609,-73.90094765818,
    3.999812556513));
#10175 = CARTESIAN_POINT('',(83.711178651885,-73.90493498377,
    4.0000000001));
#10176 = CARTESIAN_POINT('',(83.699999998318,-73.90891720984,4.));
#10177 = PCURVE('',#6731,#10178);
#10178 = DEFINITIONAL_REPRESENTATION('',(#10179),#10202);
#10179 = B_SPLINE_CURVE_WITH_KNOTS('',6,(#10180,#10181,#10182,#10183,
    #10184,#10185,#10186,#10187,#10188,#10189,#10190,#10191,#10192,
    #10193,#10194,#10195,#10196,#10197,#10198,#10199,#10200,#10201),
  .UNSPECIFIED.,.F.,.F.,(7,5,5,5,7),(0.,0.438656152188,0.691710078754,
    0.945880620139,1.),.UNSPECIFIED.);
#10180 = CARTESIAN_POINT('',(0.,1.188691855334));
#10181 = CARTESIAN_POINT('',(-0.116756594936,1.188691855334));
#10182 = CARTESIAN_POINT('',(-0.233547990454,1.183597967475));
#10183 = CARTESIAN_POINT('',(-0.350063037989,1.173403423916));
#10184 = CARTESIAN_POINT('',(-0.466173185982,1.15846603232));
#10185 = CARTESIAN_POINT('',(-0.581798878779,1.139388347083));
#10186 = CARTESIAN_POINT('',(-0.763233709422,1.103919804909));
#10187 = CARTESIAN_POINT('',(-0.829437289165,1.08980427296));
#10188 = CARTESIAN_POINT('',(-0.895469945892,1.074684304281));
#10189 = CARTESIAN_POINT('',(-0.961343791906,1.058704048829));
#10190 = CARTESIAN_POINT('',(-1.027078529709,1.042010794998));
#10191 = CARTESIAN_POINT('',(-1.158607436018,1.007411653541));
#10192 = CARTESIAN_POINT('',(-1.224400510702,0.989500803086));
#10193 = CARTESIAN_POINT('',(-1.290103305698,0.971163672406));
#10194 = CARTESIAN_POINT('',(-1.355744977991,0.952545366454));
#10195 = CARTESIAN_POINT('',(-1.421356306233,0.933787511299));
#10196 = CARTESIAN_POINT('',(-1.500938435939,0.911031907487));
#10197 = CARTESIAN_POINT('',(-1.514908848251,0.907037095628));
#10198 = CARTESIAN_POINT('',(-1.528879556523,0.903043469784));
#10199 = CARTESIAN_POINT('',(-1.542850848914,0.899052341817));
#10200 = CARTESIAN_POINT('',(-1.556823011623,0.895065016227));
#10201 = CARTESIAN_POINT('',(-1.570796328898,0.891082790157));
#10202 = ( GEOMETRIC_REPRESENTATION_CONTEXT(2) 
PARAMETRIC_REPRESENTATION_CONTEXT() REPRESENTATION_CONTEXT('2D SPACE',''
  ) );
#10203 = PCURVE('',#6860,#10204);
#10204 = DEFINITIONAL_REPRESENTATION('',(#10205),#10228);
#10205 = B_SPLINE_CURVE_WITH_KNOTS('',6,(#10206,#10207,#10208,#10209,
    #10210,#10211,#10212,#10213,#10214,#10215,#10216,#10217,#10218,
    #10219,#10220,#10221,#10222,#10223,#10224,#10225,#10226,#10227),
  .UNSPECIFIED.,.F.,.F.,(7,5,5,5,7),(0.,0.438656152188,0.691710078754,
    0.945880620139,1.),.UNSPECIFIED.);
#10206 = CARTESIAN_POINT('',(-4.62641051363,3.14159265359));
#10207 = CARTESIAN_POINT('',(-4.62641051363,3.258349248526));
#10208 = CARTESIAN_POINT('',(-4.625338193154,3.375140644044));
#10209 = CARTESIAN_POINT('',(-4.623191599248,3.491655691579));
#10210 = CARTESIAN_POINT('',(-4.620070034452,3.607765839572));
#10211 = CARTESIAN_POINT('',(-4.61614006794,3.723391532369));
#10212 = CARTESIAN_POINT('',(-4.608955125001,3.904826363012));
#10213 = CARTESIAN_POINT('',(-4.606117471857,3.971029942754));
#10214 = CARTESIAN_POINT('',(-4.603105027541,4.037062599482));
#10215 = CARTESIAN_POINT('',(-4.599952977942,4.102936445496));
#10216 = CARTESIAN_POINT('',(-4.596695600602,4.168671183298));
#10217 = CARTESIAN_POINT('',(-4.590018713381,4.300200089608));
#10218 = CARTESIAN_POINT('',(-4.586598569641,4.365993164291));
#10219 = CARTESIAN_POINT('',(-4.583136262337,4.431695959287));
#10220 = CARTESIAN_POINT('',(-4.579661489853,4.497337631581));
#10221 = CARTESIAN_POINT('',(-4.576201245659,4.562948959822));
#10222 = CARTESIAN_POINT('',(-4.572051047243,4.642531089529));
#10223 = CARTESIAN_POINT('',(-4.571324243489,4.656501501151));
#10224 = CARTESIAN_POINT('',(-4.570599424651,4.670472209704));
#10225 = CARTESIAN_POINT('',(-4.56987681864,4.684443503338));
#10226 = CARTESIAN_POINT('',(-4.569156647613,4.698415666591));
#10227 = CARTESIAN_POINT('',(-4.568439127974,4.712388980385));
#10228 = ( GEOMETRIC_REPRESENTATION_CONTEXT(2) 
PARAMETRIC_REPRESENTATION_CONTEXT() REPRESENTATION_CONTEXT('2D SPACE',''
  ) );
#10229 = ORIENTED_EDGE('',*,*,#6715,.F.);
#10230 = ADVANCED_FACE('',(#10231),#6805,.T.);
#10231 = FACE_BOUND('',#10232,.F.);
#10232 = EDGE_LOOP('',(#10233,#10267,#10288,#10289));
#10233 = ORIENTED_EDGE('',*,*,#10234,.T.);
#10234 = EDGE_CURVE('',#6769,#10235,#10237,.T.);
#10235 = VERTEX_POINT('',#10236);
#10236 = CARTESIAN_POINT('',(99.,65.45,4.));
#10237 = SURFACE_CURVE('',#10238,(#10243,#10255),.PCURVE_S1.);
#10238 = ELLIPSE('',#10239,1.131370849898,0.8);
#10239 = AXIS2_PLACEMENT_3D('',#10240,#10241,#10242);
#10240 = CARTESIAN_POINT('',(99.,65.45,3.2));
#10241 = DIRECTION('',(0.707106781187,-0.707106781187,-0.));
#10242 = DIRECTION('',(0.707106781187,0.707106781187,0.));
#10243 = PCURVE('',#6805,#10244);
#10244 = DEFINITIONAL_REPRESENTATION('',(#10245),#10254);
#10245 = B_SPLINE_CURVE_WITH_KNOTS('',7,(#10246,#10247,#10248,#10249,
    #10250,#10251,#10252,#10253),.UNSPECIFIED.,.F.,.F.,(8,8),(0.,
    1.570795851824),.PIECEWISE_BEZIER_KNOTS.);
#10246 = CARTESIAN_POINT('',(0.,0.));
#10247 = CARTESIAN_POINT('',(-0.224399407403,0.));
#10248 = CARTESIAN_POINT('',(-0.448798814807,-4.699890966393E-02));
#10249 = CARTESIAN_POINT('',(-0.67319822221,-0.140989911043));
#10250 = CARTESIAN_POINT('',(-0.897597629614,-0.276202375833));
#10251 = CARTESIAN_POINT('',(-1.121997037017,-0.440961319454));
#10252 = CARTESIAN_POINT('',(-1.346396444421,-0.620480094101));
#10253 = CARTESIAN_POINT('',(-1.570795851824,-0.799999620023));
#10254 = ( GEOMETRIC_REPRESENTATION_CONTEXT(2) 
PARAMETRIC_REPRESENTATION_CONTEXT() REPRESENTATION_CONTEXT('2D SPACE',''
  ) );
#10255 = PCURVE('',#6894,#10256);
#10256 = DEFINITIONAL_REPRESENTATION('',(#10257),#10266);
#10257 = B_SPLINE_CURVE_WITH_KNOTS('',7,(#10258,#10259,#10260,#10261,
    #10262,#10263,#10264,#10265),.UNSPECIFIED.,.F.,.F.,(8,8),(0.,
    1.570795851824),.PIECEWISE_BEZIER_KNOTS.);
#10258 = CARTESIAN_POINT('',(0.,0.));
#10259 = CARTESIAN_POINT('',(0.224399407403,0.));
#10260 = CARTESIAN_POINT('',(0.448798814807,-4.699890966389E-02));
#10261 = CARTESIAN_POINT('',(0.67319822221,-0.140989911043));
#10262 = CARTESIAN_POINT('',(0.897597629614,-0.276202375833));
#10263 = CARTESIAN_POINT('',(1.121997037017,-0.440961319454));
#10264 = CARTESIAN_POINT('',(1.346396444421,-0.620480094101));
#10265 = CARTESIAN_POINT('',(1.570795851824,-0.799999620023));
#10266 = ( GEOMETRIC_REPRESENTATION_CONTEXT(2) 
PARAMETRIC_REPRESENTATION_CONTEXT() REPRESENTATION_CONTEXT('2D SPACE',''
  ) );
#10267 = ORIENTED_EDGE('',*,*,#10268,.T.);
#10268 = EDGE_CURVE('',#10235,#10066,#10269,.T.);
#10269 = SURFACE_CURVE('',#10270,(#10274,#10281),.PCURVE_S1.);
#10270 = LINE('',#10271,#10272);
#10271 = CARTESIAN_POINT('',(99.,66.25,4.));
#10272 = VECTOR('',#10273,1.);
#10273 = DIRECTION('',(-0.,1.,0.));
#10274 = PCURVE('',#6805,#10275);
#10275 = DEFINITIONAL_REPRESENTATION('',(#10276),#10280);
#10276 = LINE('',#10277,#10278);
#10277 = CARTESIAN_POINT('',(-1.570796326795,0.));
#10278 = VECTOR('',#10279,1.);
#10279 = DIRECTION('',(-0.,1.));
#10280 = ( GEOMETRIC_REPRESENTATION_CONTEXT(2) 
PARAMETRIC_REPRESENTATION_CONTEXT() REPRESENTATION_CONTEXT('2D SPACE',''
  ) );
#10281 = PCURVE('',#10081,#10282);
#10282 = DEFINITIONAL_REPRESENTATION('',(#10283),#10287);
#10283 = LINE('',#10284,#10285);
#10284 = CARTESIAN_POINT('',(99.,66.25));
#10285 = VECTOR('',#10286,1.);
#10286 = DIRECTION('',(0.,1.));
#10287 = ( GEOMETRIC_REPRESENTATION_CONTEXT(2) 
PARAMETRIC_REPRESENTATION_CONTEXT() REPRESENTATION_CONTEXT('2D SPACE',''
  ) );
#10288 = ORIENTED_EDGE('',*,*,#10093,.F.);
#10289 = ORIENTED_EDGE('',*,*,#6791,.F.);
#10290 = ADVANCED_FACE('',(#10291),#6860,.T.);
#10291 = FACE_BOUND('',#10292,.F.);
#10292 = EDGE_LOOP('',(#10293,#10373,#10374,#10375));
#10293 = ORIENTED_EDGE('',*,*,#10294,.F.);
#10294 = EDGE_CURVE('',#6823,#10295,#10297,.T.);
#10295 = VERTEX_POINT('',#10296);
#10296 = CARTESIAN_POINT('',(92.3,-73.9089172119,4.));
#10297 = SURFACE_CURVE('',#10298,(#10321,#10347),.PCURVE_S1.);
#10298 = B_SPLINE_CURVE_WITH_KNOTS('',6,(#10299,#10300,#10301,#10302,
    #10303,#10304,#10305,#10306,#10307,#10308,#10309,#10310,#10311,
    #10312,#10313,#10314,#10315,#10316,#10317,#10318,#10319,#10320),
  .UNSPECIFIED.,.F.,.F.,(7,5,5,5,7),(0.,0.438656151457,0.691710078151,
    0.945880619672,1.),.UNSPECIFIED.);
#10299 = CARTESIAN_POINT('',(91.5,-73.61130814466,3.2));
#10300 = CARTESIAN_POINT('',(91.5,-73.61130814466,3.293405275742));
#10301 = CARTESIAN_POINT('',(91.513086849214,-73.6164020325,
    3.38683889758));
#10302 = CARTESIAN_POINT('',(91.53927508624,-73.62659657601,
    3.477756441546));
#10303 = CARTESIAN_POINT('',(91.57781101243,-73.64153396754,
    3.563769016899));
#10304 = CARTESIAN_POINT('',(91.627432969544,-73.6606116527,
    3.642861472618));
#10305 = CARTESIAN_POINT('',(91.720590512153,-73.69608019476,
    3.754169939368));
#10306 = CARTESIAN_POINT('',(91.757826282818,-73.71019572669,
    3.792070667603));
#10307 = CARTESIAN_POINT('',(91.797915354316,-73.72531569535,
    3.826855293095));
#10308 = CARTESIAN_POINT('',(91.840528239231,-73.74129595079,
    3.858279043973));
#10309 = CARTESIAN_POINT('',(91.88531741574,-73.75798920461,
    3.886144414297));
#10310 = CARTESIAN_POINT('',(91.978742036586,-73.79258834604,
    3.934556667545));
#10311 = CARTESIAN_POINT('',(92.027393429713,-73.81049919649,
    3.955070627819));
#10312 = CARTESIAN_POINT('',(92.077520462609,-73.82883632716,
    3.97168362854));
#10313 = CARTESIAN_POINT('',(92.128752143732,-73.84745463311,
    3.984282673612));
#10314 = CARTESIAN_POINT('',(92.180710816593,-73.86621248826,
    3.992795828437));
#10315 = CARTESIAN_POINT('',(92.244152956115,-73.8889680921,
    3.998126567617));
#10316 = CARTESIAN_POINT('',(92.255305727879,-73.89296290494,
    3.998875656076));
#10317 = CARTESIAN_POINT('',(92.266470511244,-73.89695653044,
    3.999437727722));
#10318 = CARTESIAN_POINT('',(92.277643617129,-73.90094765673,
    3.999812556491));
#10319 = CARTESIAN_POINT('',(92.288821348328,-73.9049349816,
    4.000000000091));
#10320 = CARTESIAN_POINT('',(92.299999999517,-73.90891721249,4.));
#10321 = PCURVE('',#6860,#10322);
#10322 = DEFINITIONAL_REPRESENTATION('',(#10323),#10346);
#10323 = B_SPLINE_CURVE_WITH_KNOTS('',6,(#10324,#10325,#10326,#10327,
    #10328,#10329,#10330,#10331,#10332,#10333,#10334,#10335,#10336,
    #10337,#10338,#10339,#10340,#10341,#10342,#10343,#10344,#10345),
  .UNSPECIFIED.,.F.,.F.,(7,5,5,5,7),(0.,0.438656151457,0.691710078151,
    0.945880619672,1.),.UNSPECIFIED.);
#10324 = CARTESIAN_POINT('',(-5.861977570021E-14,3.14159265359));
#10325 = CARTESIAN_POINT('',(-5.861977570021E-14,3.258349248267));
#10326 = CARTESIAN_POINT('',(-1.072320471124E-03,3.375140643526));
#10327 = CARTESIAN_POINT('',(-3.218914368019E-03,3.491655690805));
#10328 = CARTESIAN_POINT('',(-6.340479150679E-03,3.607765838543));
#10329 = CARTESIAN_POINT('',(-1.027044564677E-02,3.723391531088));
#10330 = CARTESIAN_POINT('',(-1.745538856481E-02,3.904826361482));
#10331 = CARTESIAN_POINT('',(-2.029304170524E-02,3.971029941225));
#10332 = CARTESIAN_POINT('',(-2.330548601779E-02,4.037062597953));
#10333 = CARTESIAN_POINT('',(-2.645753561407E-02,4.102936443967));
#10334 = CARTESIAN_POINT('',(-2.971491295241E-02,4.168671181769));
#10335 = CARTESIAN_POINT('',(-3.639180017041E-02,4.300200088079));
#10336 = CARTESIAN_POINT('',(-3.981194390926E-02,4.365993162763));
#10337 = CARTESIAN_POINT('',(-4.327425121282E-02,4.431695957759));
#10338 = CARTESIAN_POINT('',(-4.674902369611E-02,4.497337630053));
#10339 = CARTESIAN_POINT('',(-5.020926789102E-02,4.562948958294));
#10340 = CARTESIAN_POINT('',(-5.43594663137E-02,4.642531088112));
#10341 = CARTESIAN_POINT('',(-5.508626988552E-02,4.656501500127));
#10342 = CARTESIAN_POINT('',(-5.581108880612E-02,4.670472208684));
#10343 = CARTESIAN_POINT('',(-5.653369516282E-02,4.684443501936));
#10344 = CARTESIAN_POINT('',(-5.725386634393E-02,4.698415665085));
#10345 = CARTESIAN_POINT('',(-5.79713850388E-02,4.712388980385));
#10346 = ( GEOMETRIC_REPRESENTATION_CONTEXT(2) 
PARAMETRIC_REPRESENTATION_CONTEXT() REPRESENTATION_CONTEXT('2D SPACE',''
  ) );
#10347 = PCURVE('',#6968,#10348);
#10348 = DEFINITIONAL_REPRESENTATION('',(#10349),#10372);
#10349 = B_SPLINE_CURVE_WITH_KNOTS('',6,(#10350,#10351,#10352,#10353,
    #10354,#10355,#10356,#10357,#10358,#10359,#10360,#10361,#10362,
    #10363,#10364,#10365,#10366,#10367,#10368,#10369,#10370,#10371),
  .UNSPECIFIED.,.F.,.F.,(7,5,5,5,7),(0.,0.438656151457,0.691710078151,
    0.945880619672,1.),.UNSPECIFIED.);
#10350 = CARTESIAN_POINT('',(0.,1.188691855334));
#10351 = CARTESIAN_POINT('',(0.116756594678,1.188691855334));
#10352 = CARTESIAN_POINT('',(0.233547989936,1.183597967496));
#10353 = CARTESIAN_POINT('',(0.350063037215,1.173403423985));
#10354 = CARTESIAN_POINT('',(0.466173184953,1.158466032452));
#10355 = CARTESIAN_POINT('',(0.581798877499,1.139388347294));
#10356 = CARTESIAN_POINT('',(0.763233707893,1.103919805231));
#10357 = CARTESIAN_POINT('',(0.829437287635,1.089804273302));
#10358 = CARTESIAN_POINT('',(0.895469944363,1.074684304641));
#10359 = CARTESIAN_POINT('',(0.961343790377,1.058704049206));
#10360 = CARTESIAN_POINT('',(1.027078528179,1.042010795389));
#10361 = CARTESIAN_POINT('',(1.158607434489,1.007411653954));
#10362 = CARTESIAN_POINT('',(1.224400509173,0.989500803509));
#10363 = CARTESIAN_POINT('',(1.29010330417,0.971163672835));
#10364 = CARTESIAN_POINT('',(1.355744976463,0.952545366888));
#10365 = CARTESIAN_POINT('',(1.421356304704,0.933787511736));
#10366 = CARTESIAN_POINT('',(1.500938434522,0.911031907892));
#10367 = CARTESIAN_POINT('',(1.514908846537,0.907037095052));
#10368 = CARTESIAN_POINT('',(1.528879555094,0.903043469558));
#10369 = CARTESIAN_POINT('',(1.542850848346,0.899052343269));
#10370 = CARTESIAN_POINT('',(1.556823011495,0.895065018395));
#10371 = CARTESIAN_POINT('',(1.570796326795,0.891082787503));
#10372 = ( GEOMETRIC_REPRESENTATION_CONTEXT(2) 
PARAMETRIC_REPRESENTATION_CONTEXT() REPRESENTATION_CONTEXT('2D SPACE',''
  ) );
#10373 = ORIENTED_EDGE('',*,*,#6845,.T.);
#10374 = ORIENTED_EDGE('',*,*,#10152,.T.);
#10375 = ORIENTED_EDGE('',*,*,#10376,.F.);
#10376 = EDGE_CURVE('',#10295,#10130,#10377,.T.);
#10377 = SURFACE_CURVE('',#10378,(#10383,#10390),.PCURVE_S1.);
#10378 = CIRCLE('',#10379,5.55);
#10379 = AXIS2_PLACEMENT_3D('',#10380,#10381,#10382);
#10380 = CARTESIAN_POINT('',(88.,-70.4,4.));
#10381 = DIRECTION('',(0.,0.,1.));
#10382 = DIRECTION('',(0.736842105263,-0.676064872561,0.));
#10383 = PCURVE('',#6860,#10384);
#10384 = DEFINITIONAL_REPRESENTATION('',(#10385),#10389);
#10385 = LINE('',#10386,#10387);
#10386 = CARTESIAN_POINT('',(-0.,4.712388980385));
#10387 = VECTOR('',#10388,1.);
#10388 = DIRECTION('',(-1.,0.));
#10389 = ( GEOMETRIC_REPRESENTATION_CONTEXT(2) 
PARAMETRIC_REPRESENTATION_CONTEXT() REPRESENTATION_CONTEXT('2D SPACE',''
  ) );
#10390 = PCURVE('',#9733,#10391);
#10391 = DEFINITIONAL_REPRESENTATION('',(#10392),#10396);
#10392 = CIRCLE('',#10393,5.55);
#10393 = AXIS2_PLACEMENT_2D('',#10394,#10395);
#10394 = CARTESIAN_POINT('',(88.,-70.4));
#10395 = DIRECTION('',(0.736842105263,-0.676064872561));
#10396 = ( GEOMETRIC_REPRESENTATION_CONTEXT(2) 
PARAMETRIC_REPRESENTATION_CONTEXT() REPRESENTATION_CONTEXT('2D SPACE',''
  ) );
#10397 = ADVANCED_FACE('',(#10398),#6894,.T.);
#10398 = FACE_BOUND('',#10399,.T.);
#10399 = EDGE_LOOP('',(#10400,#10401,#10424,#10490));
#10400 = ORIENTED_EDGE('',*,*,#10234,.T.);
#10401 = ORIENTED_EDGE('',*,*,#10402,.T.);
#10402 = EDGE_CURVE('',#10235,#10403,#10405,.T.);
#10403 = VERTEX_POINT('',#10404);
#10404 = CARTESIAN_POINT('',(101.82736587339,65.45,4.));
#10405 = SURFACE_CURVE('',#10406,(#10410,#10417),.PCURVE_S1.);
#10406 = LINE('',#10407,#10408);
#10407 = CARTESIAN_POINT('',(99.8,65.45,4.));
#10408 = VECTOR('',#10409,1.);
#10409 = DIRECTION('',(1.,0.,-0.));
#10410 = PCURVE('',#6894,#10411);
#10411 = DEFINITIONAL_REPRESENTATION('',(#10412),#10416);
#10412 = LINE('',#10413,#10414);
#10413 = CARTESIAN_POINT('',(1.570796326795,0.));
#10414 = VECTOR('',#10415,1.);
#10415 = DIRECTION('',(0.,1.));
#10416 = ( GEOMETRIC_REPRESENTATION_CONTEXT(2) 
PARAMETRIC_REPRESENTATION_CONTEXT() REPRESENTATION_CONTEXT('2D SPACE',''
  ) );
#10417 = PCURVE('',#10081,#10418);
#10418 = DEFINITIONAL_REPRESENTATION('',(#10419),#10423);
#10419 = LINE('',#10420,#10421);
#10420 = CARTESIAN_POINT('',(99.8,65.45));
#10421 = VECTOR('',#10422,1.);
#10422 = DIRECTION('',(1.,0.));
#10423 = ( GEOMETRIC_REPRESENTATION_CONTEXT(2) 
PARAMETRIC_REPRESENTATION_CONTEXT() REPRESENTATION_CONTEXT('2D SPACE',''
  ) );
#10424 = ORIENTED_EDGE('',*,*,#10425,.F.);
#10425 = EDGE_CURVE('',#6879,#10403,#10426,.T.);
#10426 = SURFACE_CURVE('',#10427,(#10446,#10468),.PCURVE_S1.);
#10427 = B_SPLINE_CURVE_WITH_KNOTS('',5,(#10428,#10429,#10430,#10431,
    #10432,#10433,#10434,#10435,#10436,#10437,#10438,#10439,#10440,
    #10441,#10442,#10443,#10444,#10445),.UNSPECIFIED.,.F.,.F.,(6,4,4,4,6
    ),(0.,0.270202612756,0.542286151848,0.769516343433,1.),
  .UNSPECIFIED.);
#10428 = CARTESIAN_POINT('',(101.4875251005,66.25,3.2));
#10429 = CARTESIAN_POINT('',(101.4875251005,66.25,3.26944199125));
#10430 = CARTESIAN_POINT('',(101.49055120581,66.242465287783,
    3.338889035193));
#10431 = CARTESIAN_POINT('',(101.49660356995,66.227393995919,
    3.407147605004));
#10432 = CARTESIAN_POINT('',(101.50558421717,66.205108578163,
    3.473065506735));
#10433 = CARTESIAN_POINT('',(101.52912576071,66.147051631844,
    3.598671759484));
#10434 = CARTESIAN_POINT('',(101.54372641795,66.111183790457,
    3.658320727947));
#10435 = CARTESIAN_POINT('',(101.56093437457,66.069157023066,
    3.713587666121));
#10436 = CARTESIAN_POINT('',(101.58049729875,66.021771574145,
    3.76367863879));
#10437 = CARTESIAN_POINT('',(101.62018183011,65.926596067182,
    3.845061130241));
#10438 = CARTESIAN_POINT('',(101.63968045594,65.880158597904,
    3.878092034677));
#10439 = CARTESIAN_POINT('',(101.66044808202,65.831107912382,
    3.906788101708));
#10440 = CARTESIAN_POINT('',(101.68229869113,65.77998558102,
    3.930931713736));
#10441 = CARTESIAN_POINT('',(101.72809841653,65.673914727964,
    3.970132939703));
#10442 = CARTESIAN_POINT('',(101.75207318718,65.618921708344,
    3.985055571399));
#10443 = CARTESIAN_POINT('',(101.77675532679,65.562906604273,
    3.995025868755));
#10444 = CARTESIAN_POINT('',(101.80192898702,65.506421756402,
    4.000000012631));
#10445 = CARTESIAN_POINT('',(101.82736587345,65.450000000069,4.));
#10446 = PCURVE('',#6894,#10447);
#10447 = DEFINITIONAL_REPRESENTATION('',(#10448),#10467);
#10448 = B_SPLINE_CURVE_WITH_KNOTS('',5,(#10449,#10450,#10451,#10452,
    #10453,#10454,#10455,#10456,#10457,#10458,#10459,#10460,#10461,
    #10462,#10463,#10464,#10465,#10466),.UNSPECIFIED.,.F.,.F.,(6,4,4,4,6
    ),(0.,0.270202612756,0.542286151848,0.769516343433,1.),
  .UNSPECIFIED.);
#10449 = CARTESIAN_POINT('',(0.,1.687525100503));
#10450 = CARTESIAN_POINT('',(8.680248906272E-02,1.687525100503));
#10451 = CARTESIAN_POINT('',(0.17361102205,1.690551205811));
#10452 = CARTESIAN_POINT('',(0.260298071322,1.696603569956));
#10453 = CARTESIAN_POINT('',(0.346780218339,1.705584217173));
#10454 = CARTESIAN_POINT('',(0.519748512696,1.729125760719));
#10455 = CARTESIAN_POINT('',(0.606240180032,1.743726417958));
#10456 = CARTESIAN_POINT('',(0.692354456023,1.760934374576));
#10457 = CARTESIAN_POINT('',(0.778064810418,1.780497298751));
#10458 = CARTESIAN_POINT('',(0.934596990818,1.820181830111));
#10459 = CARTESIAN_POINT('',(1.005547175304,1.83968045594));
#10460 = CARTESIAN_POINT('',(1.076212510942,1.860448082023));
#10461 = CARTESIAN_POINT('',(1.146615042265,1.882298691135));
#10462 = CARTESIAN_POINT('',(1.287968776218,1.928098416533));
#10463 = CARTESIAN_POINT('',(1.358913747486,1.952073187185));
#10464 = CARTESIAN_POINT('',(1.42966289055,1.976755326799));
#10465 = CARTESIAN_POINT('',(1.500269177084,2.001928987028));
#10466 = CARTESIAN_POINT('',(1.570796326795,2.027365873458));
#10467 = ( GEOMETRIC_REPRESENTATION_CONTEXT(2) 
PARAMETRIC_REPRESENTATION_CONTEXT() REPRESENTATION_CONTEXT('2D SPACE',''
  ) );
#10468 = PCURVE('',#7023,#10469);
#10469 = DEFINITIONAL_REPRESENTATION('',(#10470),#10489);
#10470 = B_SPLINE_CURVE_WITH_KNOTS('',5,(#10471,#10472,#10473,#10474,
    #10475,#10476,#10477,#10478,#10479,#10480,#10481,#10482,#10483,
    #10484,#10485,#10486,#10487,#10488),.UNSPECIFIED.,.F.,.F.,(6,4,4,4,6
    ),(0.,0.270202612756,0.542286151848,0.769516343433,1.),
  .UNSPECIFIED.);
#10471 = CARTESIAN_POINT('',(4.669165646385,0.));
#10472 = CARTESIAN_POINT('',(4.669165646385,8.680248906272E-02));
#10473 = CARTESIAN_POINT('',(4.669838141655,0.17361102205));
#10474 = CARTESIAN_POINT('',(4.671182989428,0.260298071322));
#10475 = CARTESIAN_POINT('',(4.673190296109,0.346780218339));
#10476 = CARTESIAN_POINT('',(4.678508999673,0.519748512696));
#10477 = CARTESIAN_POINT('',(4.681829666986,0.606240180032));
#10478 = CARTESIAN_POINT('',(4.685782363152,0.692354456023));
#10479 = CARTESIAN_POINT('',(4.690339493508,0.778064810418));
#10480 = CARTESIAN_POINT('',(4.699743613652,0.934596990818));
#10481 = CARTESIAN_POINT('',(4.704419149786,1.005547175304));
#10482 = CARTESIAN_POINT('',(4.709469130003,1.076212510942));
#10483 = CARTESIAN_POINT('',(4.71486831303,1.146615042265));
#10484 = CARTESIAN_POINT('',(4.726383515037,1.287968776218));
#10485 = CARTESIAN_POINT('',(4.732508712854,1.358913747486));
#10486 = CARTESIAN_POINT('',(4.738927556538,1.42966289055));
#10487 = CARTESIAN_POINT('',(4.745600203669,1.500269177084));
#10488 = CARTESIAN_POINT('',(4.752475037954,1.570796326795));
#10489 = ( GEOMETRIC_REPRESENTATION_CONTEXT(2) 
PARAMETRIC_REPRESENTATION_CONTEXT() REPRESENTATION_CONTEXT('2D SPACE',''
  ) );
#10490 = ORIENTED_EDGE('',*,*,#6878,.F.);
#10491 = ADVANCED_FACE('',(#10492),#6968,.T.);
#10492 = FACE_BOUND('',#10493,.T.);
#10493 = EDGE_LOOP('',(#10494,#10528,#10549,#10550));
#10494 = ORIENTED_EDGE('',*,*,#10495,.T.);
#10495 = EDGE_CURVE('',#6932,#10496,#10498,.T.);
#10496 = VERTEX_POINT('',#10497);
#10497 = CARTESIAN_POINT('',(92.3,-74.,4.));
#10498 = SURFACE_CURVE('',#10499,(#10504,#10516),.PCURVE_S1.);
#10499 = ELLIPSE('',#10500,1.131370849898,0.8);
#10500 = AXIS2_PLACEMENT_3D('',#10501,#10502,#10503);
#10501 = CARTESIAN_POINT('',(92.3,-74.,3.2));
#10502 = DIRECTION('',(-0.707106781187,0.707106781187,0.));
#10503 = DIRECTION('',(0.707106781187,0.707106781187,0.));
#10504 = PCURVE('',#6968,#10505);
#10505 = DEFINITIONAL_REPRESENTATION('',(#10506),#10515);
#10506 = B_SPLINE_CURVE_WITH_KNOTS('',7,(#10507,#10508,#10509,#10510,
    #10511,#10512,#10513,#10514),.UNSPECIFIED.,.F.,.F.,(8,8),(
    3.14159265359,4.712388505414),.PIECEWISE_BEZIER_KNOTS.);
#10507 = CARTESIAN_POINT('',(0.,0.));
#10508 = CARTESIAN_POINT('',(0.224399407403,-2.198480128057E-17));
#10509 = CARTESIAN_POINT('',(0.448798814807,4.69989096639E-02));
#10510 = CARTESIAN_POINT('',(0.673198222211,0.140989911043));
#10511 = CARTESIAN_POINT('',(0.897597629613,0.276202375833));
#10512 = CARTESIAN_POINT('',(1.121997037017,0.440961319454));
#10513 = CARTESIAN_POINT('',(1.346396444421,0.620480094101));
#10514 = CARTESIAN_POINT('',(1.570795851824,0.799999620023));
#10515 = ( GEOMETRIC_REPRESENTATION_CONTEXT(2) 
PARAMETRIC_REPRESENTATION_CONTEXT() REPRESENTATION_CONTEXT('2D SPACE',''
  ) );
#10516 = PCURVE('',#7057,#10517);
#10517 = DEFINITIONAL_REPRESENTATION('',(#10518),#10527);
#10518 = B_SPLINE_CURVE_WITH_KNOTS('',7,(#10519,#10520,#10521,#10522,
    #10523,#10524,#10525,#10526),.UNSPECIFIED.,.F.,.F.,(8,8),(
    3.14159265359,4.712388505414),.PIECEWISE_BEZIER_KNOTS.);
#10519 = CARTESIAN_POINT('',(0.,-1.42108547152E-14));
#10520 = CARTESIAN_POINT('',(-0.224399407403,-1.423283951648E-14));
#10521 = CARTESIAN_POINT('',(-0.448798814807,4.699890966388E-02));
#10522 = CARTESIAN_POINT('',(-0.673198222211,0.140989911043));
#10523 = CARTESIAN_POINT('',(-0.897597629613,0.276202375833));
#10524 = CARTESIAN_POINT('',(-1.121997037017,0.440961319454));
#10525 = CARTESIAN_POINT('',(-1.346396444421,0.620480094101));
#10526 = CARTESIAN_POINT('',(-1.570795851824,0.799999620023));
#10527 = ( GEOMETRIC_REPRESENTATION_CONTEXT(2) 
PARAMETRIC_REPRESENTATION_CONTEXT() REPRESENTATION_CONTEXT('2D SPACE',''
  ) );
#10528 = ORIENTED_EDGE('',*,*,#10529,.T.);
#10529 = EDGE_CURVE('',#10496,#10295,#10530,.T.);
#10530 = SURFACE_CURVE('',#10531,(#10535,#10542),.PCURVE_S1.);
#10531 = LINE('',#10532,#10533);
#10532 = CARTESIAN_POINT('',(92.3,-74.8,4.));
#10533 = VECTOR('',#10534,1.);
#10534 = DIRECTION('',(2.22044604925E-16,1.,0.));
#10535 = PCURVE('',#6968,#10536);
#10536 = DEFINITIONAL_REPRESENTATION('',(#10537),#10541);
#10537 = LINE('',#10538,#10539);
#10538 = CARTESIAN_POINT('',(1.570796326795,0.));
#10539 = VECTOR('',#10540,1.);
#10540 = DIRECTION('',(0.,1.));
#10541 = ( GEOMETRIC_REPRESENTATION_CONTEXT(2) 
PARAMETRIC_REPRESENTATION_CONTEXT() REPRESENTATION_CONTEXT('2D SPACE',''
  ) );
#10542 = PCURVE('',#9733,#10543);
#10543 = DEFINITIONAL_REPRESENTATION('',(#10544),#10548);
#10544 = LINE('',#10545,#10546);
#10545 = CARTESIAN_POINT('',(92.3,-74.8));
#10546 = VECTOR('',#10547,1.);
#10547 = DIRECTION('',(2.22044604925E-16,1.));
#10548 = ( GEOMETRIC_REPRESENTATION_CONTEXT(2) 
PARAMETRIC_REPRESENTATION_CONTEXT() REPRESENTATION_CONTEXT('2D SPACE',''
  ) );
#10549 = ORIENTED_EDGE('',*,*,#10294,.F.);
#10550 = ORIENTED_EDGE('',*,*,#6954,.F.);
#10551 = ADVANCED_FACE('',(#10552),#7023,.T.);
#10552 = FACE_BOUND('',#10553,.T.);
#10553 = EDGE_LOOP('',(#10554,#10622,#10623,#10624));
#10554 = ORIENTED_EDGE('',*,*,#10555,.F.);
#10555 = EDGE_CURVE('',#6986,#10556,#10558,.T.);
#10556 = VERTEX_POINT('',#10557);
#10557 = CARTESIAN_POINT('',(101.82736587339,60.55,4.));
#10558 = SURFACE_CURVE('',#10559,(#10578,#10600),.PCURVE_S1.);
#10559 = B_SPLINE_CURVE_WITH_KNOTS('',5,(#10560,#10561,#10562,#10563,
    #10564,#10565,#10566,#10567,#10568,#10569,#10570,#10571,#10572,
    #10573,#10574,#10575,#10576,#10577),.UNSPECIFIED.,.F.,.F.,(6,4,4,4,6
    ),(0.,0.270202606658,0.54228614564,0.769516337128,1.),
  .UNSPECIFIED.);
#10560 = CARTESIAN_POINT('',(101.4875251005,59.750000000001,3.2));
#10561 = CARTESIAN_POINT('',(101.4875251005,59.750000000001,
    3.269441989684));
#10562 = CARTESIAN_POINT('',(101.49055120567,59.757534711875,
    3.33888903206));
#10563 = CARTESIAN_POINT('',(101.49660356954,59.772606003062,
    3.407147600384));
#10564 = CARTESIAN_POINT('',(101.50558421636,59.794891419826,
    3.473065500787));
#10565 = CARTESIAN_POINT('',(101.52912575914,59.852948364278,
    3.598671752703));
#10566 = CARTESIAN_POINT('',(101.54372641613,59.888816205084,
    3.658320721513));
#10567 = CARTESIAN_POINT('',(101.56093437252,59.930842971937,
    3.713587660097));
#10568 = CARTESIAN_POINT('',(101.58049729648,59.978228420373,
    3.763678633229));
#10569 = CARTESIAN_POINT('',(101.62018182748,60.073403926548,
    3.845061125609));
#10570 = CARTESIAN_POINT('',(101.63968045315,60.119841395506,
    3.878092030497));
#10571 = CARTESIAN_POINT('',(101.6604480791,60.168892080751,
    3.906788098005));
#10572 = CARTESIAN_POINT('',(101.68229868809,60.220014411877,
    3.930931710529));
#10573 = CARTESIAN_POINT('',(101.72809841391,60.326085266031,
    3.970132938074));
#10574 = CARTESIAN_POINT('',(101.75207318535,60.381078286871,
    3.985055570583));
#10575 = CARTESIAN_POINT('',(101.77675532496,60.437093393128,
    3.995025868485));
#10576 = CARTESIAN_POINT('',(101.80192898679,60.493578241589,
    4.000000012632));
#10577 = CARTESIAN_POINT('',(101.82736587324,60.550000000173,4.));
#10578 = PCURVE('',#7023,#10579);
#10579 = DEFINITIONAL_REPRESENTATION('',(#10580),#10599);
#10580 = B_SPLINE_CURVE_WITH_KNOTS('',5,(#10581,#10582,#10583,#10584,
    #10585,#10586,#10587,#10588,#10589,#10590,#10591,#10592,#10593,
    #10594,#10595,#10596,#10597,#10598),.UNSPECIFIED.,.F.,.F.,(6,4,4,4,6
    ),(0.,0.270202606658,0.54228614564,0.769516337128,1.),
  .UNSPECIFIED.);
#10581 = CARTESIAN_POINT('',(-2.39808173319E-14,0.));
#10582 = CARTESIAN_POINT('',(-2.39808173319E-14,8.680248710474E-02));
#10583 = CARTESIAN_POINT('',(-6.724952384038E-04,0.173611018133));
#10584 = CARTESIAN_POINT('',(-2.017342951933E-03,0.260298065455));
#10585 = CARTESIAN_POINT('',(-4.024649542311E-03,0.346780210536));
#10586 = CARTESIAN_POINT('',(-9.343352929215E-03,0.519748502967));
#10587 = CARTESIAN_POINT('',(-1.266402018337E-02,0.606240170301));
#10588 = CARTESIAN_POINT('',(-1.661671629231E-02,0.692354446294));
#10589 = CARTESIAN_POINT('',(-2.1173846592E-02,0.778064800693));
#10590 = CARTESIAN_POINT('',(-3.057796663783E-02,0.934596981098));
#10591 = CARTESIAN_POINT('',(-3.525350272766E-02,1.005547165587));
#10592 = CARTESIAN_POINT('',(-4.030348290245E-02,1.076212501226));
#10593 = CARTESIAN_POINT('',(-4.570266589021E-02,1.146615032548));
#10594 = CARTESIAN_POINT('',(-5.721786798228E-02,1.28796876847));
#10595 = CARTESIAN_POINT('',(-6.334306586854E-02,1.358913741708));
#10596 = CARTESIAN_POINT('',(-6.976190996753E-02,1.42966288667));
#10597 = CARTESIAN_POINT('',(-7.643455691809E-02,1.500269175204));
#10598 = CARTESIAN_POINT('',(-8.330939165489E-02,1.570796326795));
#10599 = ( GEOMETRIC_REPRESENTATION_CONTEXT(2) 
PARAMETRIC_REPRESENTATION_CONTEXT() REPRESENTATION_CONTEXT('2D SPACE',''
  ) );
#10600 = PCURVE('',#7131,#10601);
#10601 = DEFINITIONAL_REPRESENTATION('',(#10602),#10621);
#10602 = B_SPLINE_CURVE_WITH_KNOTS('',5,(#10603,#10604,#10605,#10606,
    #10607,#10608,#10609,#10610,#10611,#10612,#10613,#10614,#10615,
    #10616,#10617,#10618,#10619,#10620),.UNSPECIFIED.,.F.,.F.,(6,4,4,4,6
    ),(0.,0.270202606658,0.54228614564,0.769516337128,1.),
  .UNSPECIFIED.);
#10603 = CARTESIAN_POINT('',(0.,1.687525100502));
#10604 = CARTESIAN_POINT('',(-8.680248710474E-02,1.687525100502));
#10605 = CARTESIAN_POINT('',(-0.173611018133,1.690551205678));
#10606 = CARTESIAN_POINT('',(-0.260298065455,1.696603569545));
#10607 = CARTESIAN_POINT('',(-0.346780210536,1.705584216362));
#10608 = CARTESIAN_POINT('',(-0.519748502967,1.729125759142));
#10609 = CARTESIAN_POINT('',(-0.606240170301,1.743726416136));
#10610 = CARTESIAN_POINT('',(-0.692354446294,1.760934372523));
#10611 = CARTESIAN_POINT('',(-0.778064800693,1.780497296483));
#10612 = CARTESIAN_POINT('',(-0.934596981098,1.820181827482));
#10613 = CARTESIAN_POINT('',(-1.005547165587,1.839680453159));
#10614 = CARTESIAN_POINT('',(-1.076212501226,1.860448079104));
#10615 = CARTESIAN_POINT('',(-1.146615032548,1.882298688093));
#10616 = CARTESIAN_POINT('',(-1.28796876847,1.928098413915));
#10617 = CARTESIAN_POINT('',(-1.358913741708,1.952073185355));
#10618 = CARTESIAN_POINT('',(-1.42966288667,1.976755324969));
#10619 = CARTESIAN_POINT('',(-1.500269175204,2.001928986796));
#10620 = CARTESIAN_POINT('',(-1.570796326795,2.027365873245));
#10621 = ( GEOMETRIC_REPRESENTATION_CONTEXT(2) 
PARAMETRIC_REPRESENTATION_CONTEXT() REPRESENTATION_CONTEXT('2D SPACE',''
  ) );
#10622 = ORIENTED_EDGE('',*,*,#7008,.T.);
#10623 = ORIENTED_EDGE('',*,*,#10425,.T.);
#10624 = ORIENTED_EDGE('',*,*,#10625,.F.);
#10625 = EDGE_CURVE('',#10556,#10403,#10626,.T.);
#10626 = SURFACE_CURVE('',#10627,(#10632,#10639),.PCURVE_S1.);
#10627 = CIRCLE('',#10628,3.7);
#10628 = AXIS2_PLACEMENT_3D('',#10629,#10630,#10631);
#10629 = CARTESIAN_POINT('',(104.6,63.,4.));
#10630 = DIRECTION('',(0.,0.,1.));
#10631 = DIRECTION('',(-0.691661088777,-0.722222222222,0.));
#10632 = PCURVE('',#7023,#10633);
#10633 = DEFINITIONAL_REPRESENTATION('',(#10634),#10638);
#10634 = LINE('',#10635,#10636);
#10635 = CARTESIAN_POINT('',(0.,1.570796326795));
#10636 = VECTOR('',#10637,1.);
#10637 = DIRECTION('',(1.,0.));
#10638 = ( GEOMETRIC_REPRESENTATION_CONTEXT(2) 
PARAMETRIC_REPRESENTATION_CONTEXT() REPRESENTATION_CONTEXT('2D SPACE',''
  ) );
#10639 = PCURVE('',#10081,#10640);
#10640 = DEFINITIONAL_REPRESENTATION('',(#10641),#10645);
#10641 = CIRCLE('',#10642,3.7);
#10642 = AXIS2_PLACEMENT_2D('',#10643,#10644);
#10643 = CARTESIAN_POINT('',(104.6,63.));
#10644 = DIRECTION('',(-0.691661088777,-0.722222222222));
#10645 = ( GEOMETRIC_REPRESENTATION_CONTEXT(2) 
PARAMETRIC_REPRESENTATION_CONTEXT() REPRESENTATION_CONTEXT('2D SPACE',''
  ) );
#10646 = ADVANCED_FACE('',(#10647),#7057,.T.);
#10647 = FACE_BOUND('',#10648,.F.);
#10648 = EDGE_LOOP('',(#10649,#10650,#10673,#10705));
#10649 = ORIENTED_EDGE('',*,*,#10495,.T.);
#10650 = ORIENTED_EDGE('',*,*,#10651,.T.);
#10651 = EDGE_CURVE('',#10496,#10652,#10654,.T.);
#10652 = VERTEX_POINT('',#10653);
#10653 = CARTESIAN_POINT('',(99.,-74.,4.));
#10654 = SURFACE_CURVE('',#10655,(#10659,#10666),.PCURVE_S1.);
#10655 = LINE('',#10656,#10657);
#10656 = CARTESIAN_POINT('',(91.5,-74.,4.));
#10657 = VECTOR('',#10658,1.);
#10658 = DIRECTION('',(1.,0.,-0.));
#10659 = PCURVE('',#7057,#10660);
#10660 = DEFINITIONAL_REPRESENTATION('',(#10661),#10665);
#10661 = LINE('',#10662,#10663);
#10662 = CARTESIAN_POINT('',(-1.570796326795,0.));
#10663 = VECTOR('',#10664,1.);
#10664 = DIRECTION('',(-0.,1.));
#10665 = ( GEOMETRIC_REPRESENTATION_CONTEXT(2) 
PARAMETRIC_REPRESENTATION_CONTEXT() REPRESENTATION_CONTEXT('2D SPACE',''
  ) );
#10666 = PCURVE('',#9733,#10667);
#10667 = DEFINITIONAL_REPRESENTATION('',(#10668),#10672);
#10668 = LINE('',#10669,#10670);
#10669 = CARTESIAN_POINT('',(91.5,-74.));
#10670 = VECTOR('',#10671,1.);
#10671 = DIRECTION('',(1.,0.));
#10672 = ( GEOMETRIC_REPRESENTATION_CONTEXT(2) 
PARAMETRIC_REPRESENTATION_CONTEXT() REPRESENTATION_CONTEXT('2D SPACE',''
  ) );
#10673 = ORIENTED_EDGE('',*,*,#10674,.F.);
#10674 = EDGE_CURVE('',#7042,#10652,#10675,.T.);
#10675 = SURFACE_CURVE('',#10676,(#10681,#10693),.PCURVE_S1.);
#10676 = ELLIPSE('',#10677,1.131370849898,0.8);
#10677 = AXIS2_PLACEMENT_3D('',#10678,#10679,#10680);
#10678 = CARTESIAN_POINT('',(99.,-74.,3.2));
#10679 = DIRECTION('',(-0.707106781187,-0.707106781187,0.));
#10680 = DIRECTION('',(0.707106781187,-0.707106781187,0.));
#10681 = PCURVE('',#7057,#10682);
#10682 = DEFINITIONAL_REPRESENTATION('',(#10683),#10692);
#10683 = B_SPLINE_CURVE_WITH_KNOTS('',7,(#10684,#10685,#10686,#10687,
    #10688,#10689,#10690,#10691),.UNSPECIFIED.,.F.,.F.,(8,8),(0.,
    1.570796801766),.PIECEWISE_BEZIER_KNOTS.);
#10684 = CARTESIAN_POINT('',(0.,8.3));
#10685 = CARTESIAN_POINT('',(-0.224399543109,8.3));
#10686 = CARTESIAN_POINT('',(-0.448799086219,8.253001033486));
#10687 = CARTESIAN_POINT('',(-0.673198629328,8.159009918448));
#10688 = CARTESIAN_POINT('',(-0.897598172437,8.023797297067));
#10689 = CARTESIAN_POINT('',(-1.121997715547,7.859038182366));
#10690 = CARTESIAN_POINT('',(-1.346397258656,7.679519254511));
#10691 = CARTESIAN_POINT('',(-1.570796801766,7.499999620023));
#10692 = ( GEOMETRIC_REPRESENTATION_CONTEXT(2) 
PARAMETRIC_REPRESENTATION_CONTEXT() REPRESENTATION_CONTEXT('2D SPACE',''
  ) );
#10693 = PCURVE('',#7165,#10694);
#10694 = DEFINITIONAL_REPRESENTATION('',(#10695),#10704);
#10695 = B_SPLINE_CURVE_WITH_KNOTS('',7,(#10696,#10697,#10698,#10699,
    #10700,#10701,#10702,#10703),.UNSPECIFIED.,.F.,.F.,(8,8),(0.,
    1.570796801766),.PIECEWISE_BEZIER_KNOTS.);
#10696 = CARTESIAN_POINT('',(0.,0.));
#10697 = CARTESIAN_POINT('',(-0.224399543109,4.396962915185E-17));
#10698 = CARTESIAN_POINT('',(-0.448799086219,4.699896651192E-02));
#10699 = CARTESIAN_POINT('',(-0.673198629328,0.140990081557));
#10700 = CARTESIAN_POINT('',(-0.897598172437,0.276202702928));
#10701 = CARTESIAN_POINT('',(-1.121997715547,0.440961817636));
#10702 = CARTESIAN_POINT('',(-1.346397258656,0.620480745489));
#10703 = CARTESIAN_POINT('',(-1.570796801766,0.800000379977));
#10704 = ( GEOMETRIC_REPRESENTATION_CONTEXT(2) 
PARAMETRIC_REPRESENTATION_CONTEXT() REPRESENTATION_CONTEXT('2D SPACE',''
  ) );
#10705 = ORIENTED_EDGE('',*,*,#7041,.F.);
#10706 = ADVANCED_FACE('',(#10707),#7131,.T.);
#10707 = FACE_BOUND('',#10708,.F.);
#10708 = EDGE_LOOP('',(#10709,#10743,#10764,#10765));
#10709 = ORIENTED_EDGE('',*,*,#10710,.T.);
#10710 = EDGE_CURVE('',#7095,#10711,#10713,.T.);
#10711 = VERTEX_POINT('',#10712);
#10712 = CARTESIAN_POINT('',(99.,60.55,4.));
#10713 = SURFACE_CURVE('',#10714,(#10719,#10731),.PCURVE_S1.);
#10714 = ELLIPSE('',#10715,1.131370849898,0.8);
#10715 = AXIS2_PLACEMENT_3D('',#10716,#10717,#10718);
#10716 = CARTESIAN_POINT('',(99.,60.55,3.2));
#10717 = DIRECTION('',(-0.707106781187,-0.707106781187,-0.));
#10718 = DIRECTION('',(-0.707106781187,0.707106781187,0.));
#10719 = PCURVE('',#7131,#10720);
#10720 = DEFINITIONAL_REPRESENTATION('',(#10721),#10730);
#10721 = B_SPLINE_CURVE_WITH_KNOTS('',7,(#10722,#10723,#10724,#10725,
    #10726,#10727,#10728,#10729),.UNSPECIFIED.,.F.,.F.,(8,8),(
    3.14159265359,4.712388980385),.PIECEWISE_BEZIER_KNOTS.);
#10722 = CARTESIAN_POINT('',(0.,0.));
#10723 = CARTESIAN_POINT('',(-0.224399475256,-2.198480792825E-17));
#10724 = CARTESIAN_POINT('',(-0.448798950513,-4.699893808798E-02));
#10725 = CARTESIAN_POINT('',(-0.67319842577,-0.1409899963));
#10726 = CARTESIAN_POINT('',(-0.897597901025,-0.276202539381));
#10727 = CARTESIAN_POINT('',(-1.121997376282,-0.440961568545));
#10728 = CARTESIAN_POINT('',(-1.346396851538,-0.620480419795));
#10729 = CARTESIAN_POINT('',(-1.570796326795,-0.8));
#10730 = ( GEOMETRIC_REPRESENTATION_CONTEXT(2) 
PARAMETRIC_REPRESENTATION_CONTEXT() REPRESENTATION_CONTEXT('2D SPACE',''
  ) );
#10731 = PCURVE('',#7239,#10732);
#10732 = DEFINITIONAL_REPRESENTATION('',(#10733),#10742);
#10733 = B_SPLINE_CURVE_WITH_KNOTS('',7,(#10734,#10735,#10736,#10737,
    #10738,#10739,#10740,#10741),.UNSPECIFIED.,.F.,.F.,(8,8),(
    3.14159265359,4.712388980385),.PIECEWISE_BEZIER_KNOTS.);
#10734 = CARTESIAN_POINT('',(0.,43.5));
#10735 = CARTESIAN_POINT('',(-0.224399475256,43.5));
#10736 = CARTESIAN_POINT('',(-0.448798950513,43.546998938095));
#10737 = CARTESIAN_POINT('',(-0.673198425769,43.640989996275));
#10738 = CARTESIAN_POINT('',(-0.897597901026,43.776202539405));
#10739 = CARTESIAN_POINT('',(-1.121997376282,43.940961568538));
#10740 = CARTESIAN_POINT('',(-1.346396851538,44.120480419795));
#10741 = CARTESIAN_POINT('',(-1.570796326795,44.3));
#10742 = ( GEOMETRIC_REPRESENTATION_CONTEXT(2) 
PARAMETRIC_REPRESENTATION_CONTEXT() REPRESENTATION_CONTEXT('2D SPACE',''
  ) );
#10743 = ORIENTED_EDGE('',*,*,#10744,.T.);
#10744 = EDGE_CURVE('',#10711,#10556,#10745,.T.);
#10745 = SURFACE_CURVE('',#10746,(#10750,#10757),.PCURVE_S1.);
#10746 = LINE('',#10747,#10748);
#10747 = CARTESIAN_POINT('',(99.8,60.55,4.));
#10748 = VECTOR('',#10749,1.);
#10749 = DIRECTION('',(1.,0.,-0.));
#10750 = PCURVE('',#7131,#10751);
#10751 = DEFINITIONAL_REPRESENTATION('',(#10752),#10756);
#10752 = LINE('',#10753,#10754);
#10753 = CARTESIAN_POINT('',(-1.570796326795,0.));
#10754 = VECTOR('',#10755,1.);
#10755 = DIRECTION('',(-0.,1.));
#10756 = ( GEOMETRIC_REPRESENTATION_CONTEXT(2) 
PARAMETRIC_REPRESENTATION_CONTEXT() REPRESENTATION_CONTEXT('2D SPACE',''
  ) );
#10757 = PCURVE('',#10081,#10758);
#10758 = DEFINITIONAL_REPRESENTATION('',(#10759),#10763);
#10759 = LINE('',#10760,#10761);
#10760 = CARTESIAN_POINT('',(99.8,60.55));
#10761 = VECTOR('',#10762,1.);
#10762 = DIRECTION('',(1.,0.));
#10763 = ( GEOMETRIC_REPRESENTATION_CONTEXT(2) 
PARAMETRIC_REPRESENTATION_CONTEXT() REPRESENTATION_CONTEXT('2D SPACE',''
  ) );
#10764 = ORIENTED_EDGE('',*,*,#10555,.F.);
#10765 = ORIENTED_EDGE('',*,*,#7117,.F.);
#10766 = ADVANCED_FACE('',(#10767),#7165,.T.);
#10767 = FACE_BOUND('',#10768,.F.);
#10768 = EDGE_LOOP('',(#10769,#10770,#10793,#10825));
#10769 = ORIENTED_EDGE('',*,*,#10674,.T.);
#10770 = ORIENTED_EDGE('',*,*,#10771,.T.);
#10771 = EDGE_CURVE('',#10652,#10772,#10774,.T.);
#10772 = VERTEX_POINT('',#10773);
#10773 = CARTESIAN_POINT('',(99.,-39.45,4.));
#10774 = SURFACE_CURVE('',#10775,(#10779,#10786),.PCURVE_S1.);
#10775 = LINE('',#10776,#10777);
#10776 = CARTESIAN_POINT('',(99.,-74.8,4.));
#10777 = VECTOR('',#10778,1.);
#10778 = DIRECTION('',(-0.,1.,0.));
#10779 = PCURVE('',#7165,#10780);
#10780 = DEFINITIONAL_REPRESENTATION('',(#10781),#10785);
#10781 = LINE('',#10782,#10783);
#10782 = CARTESIAN_POINT('',(-1.570796326795,0.));
#10783 = VECTOR('',#10784,1.);
#10784 = DIRECTION('',(-0.,1.));
#10785 = ( GEOMETRIC_REPRESENTATION_CONTEXT(2) 
PARAMETRIC_REPRESENTATION_CONTEXT() REPRESENTATION_CONTEXT('2D SPACE',''
  ) );
#10786 = PCURVE('',#9733,#10787);
#10787 = DEFINITIONAL_REPRESENTATION('',(#10788),#10792);
#10788 = LINE('',#10789,#10790);
#10789 = CARTESIAN_POINT('',(99.,-74.8));
#10790 = VECTOR('',#10791,1.);
#10791 = DIRECTION('',(0.,1.));
#10792 = ( GEOMETRIC_REPRESENTATION_CONTEXT(2) 
PARAMETRIC_REPRESENTATION_CONTEXT() REPRESENTATION_CONTEXT('2D SPACE',''
  ) );
#10793 = ORIENTED_EDGE('',*,*,#10794,.F.);
#10794 = EDGE_CURVE('',#7150,#10772,#10795,.T.);
#10795 = SURFACE_CURVE('',#10796,(#10801,#10813),.PCURVE_S1.);
#10796 = ELLIPSE('',#10797,1.131370849898,0.8);
#10797 = AXIS2_PLACEMENT_3D('',#10798,#10799,#10800);
#10798 = CARTESIAN_POINT('',(99.,-39.45,3.2));
#10799 = DIRECTION('',(-0.707106781187,-0.707106781187,-0.));
#10800 = DIRECTION('',(-0.707106781187,0.707106781187,0.));
#10801 = PCURVE('',#7165,#10802);
#10802 = DEFINITIONAL_REPRESENTATION('',(#10803),#10812);
#10803 = B_SPLINE_CURVE_WITH_KNOTS('',7,(#10804,#10805,#10806,#10807,
    #10808,#10809,#10810,#10811),.UNSPECIFIED.,.F.,.F.,(8,8),(
    3.14159265359,4.712388980385),.PIECEWISE_BEZIER_KNOTS.);
#10804 = CARTESIAN_POINT('',(0.,34.55));
#10805 = CARTESIAN_POINT('',(-0.224399475256,34.55));
#10806 = CARTESIAN_POINT('',(-0.448798950513,34.596998938096));
#10807 = CARTESIAN_POINT('',(-0.673198425769,34.690989996277));
#10808 = CARTESIAN_POINT('',(-0.897597901026,34.826202539409));
#10809 = CARTESIAN_POINT('',(-1.121997376282,34.990961568536));
#10810 = CARTESIAN_POINT('',(-1.346396851538,35.170480419795));
#10811 = CARTESIAN_POINT('',(-1.570796326795,35.35));
#10812 = ( GEOMETRIC_REPRESENTATION_CONTEXT(2) 
PARAMETRIC_REPRESENTATION_CONTEXT() REPRESENTATION_CONTEXT('2D SPACE',''
  ) );
#10813 = PCURVE('',#7273,#10814);
#10814 = DEFINITIONAL_REPRESENTATION('',(#10815),#10824);
#10815 = B_SPLINE_CURVE_WITH_KNOTS('',7,(#10816,#10817,#10818,#10819,
    #10820,#10821,#10822,#10823),.UNSPECIFIED.,.F.,.F.,(8,8),(
    3.14159265359,4.712388980385),.PIECEWISE_BEZIER_KNOTS.);
#10816 = CARTESIAN_POINT('',(0.,0.));
#10817 = CARTESIAN_POINT('',(-0.224399475256,-2.198480792825E-17));
#10818 = CARTESIAN_POINT('',(-0.448798950513,-4.699893808798E-02));
#10819 = CARTESIAN_POINT('',(-0.67319842577,-0.1409899963));
#10820 = CARTESIAN_POINT('',(-0.897597901025,-0.276202539381));
#10821 = CARTESIAN_POINT('',(-1.121997376282,-0.440961568545));
#10822 = CARTESIAN_POINT('',(-1.346396851538,-0.620480419795));
#10823 = CARTESIAN_POINT('',(-1.570796326795,-0.8));
#10824 = ( GEOMETRIC_REPRESENTATION_CONTEXT(2) 
PARAMETRIC_REPRESENTATION_CONTEXT() REPRESENTATION_CONTEXT('2D SPACE',''
  ) );
#10825 = ORIENTED_EDGE('',*,*,#7149,.F.);
#10826 = ADVANCED_FACE('',(#10827),#7239,.T.);
#10827 = FACE_BOUND('',#10828,.F.);
#10828 = EDGE_LOOP('',(#10829,#10830,#10864,#10892,#10926,#10960,#10981)
  );
#10829 = ORIENTED_EDGE('',*,*,#7225,.F.);
#10830 = ORIENTED_EDGE('',*,*,#10831,.T.);
#10831 = EDGE_CURVE('',#7203,#10832,#10834,.T.);
#10832 = VERTEX_POINT('',#10833);
#10833 = CARTESIAN_POINT('',(99.,15.45,4.));
#10834 = SURFACE_CURVE('',#10835,(#10840,#10852),.PCURVE_S1.);
#10835 = ELLIPSE('',#10836,1.131370849898,0.8);
#10836 = AXIS2_PLACEMENT_3D('',#10837,#10838,#10839);
#10837 = CARTESIAN_POINT('',(99.,15.45,3.2));
#10838 = DIRECTION('',(0.707106781187,-0.707106781187,-0.));
#10839 = DIRECTION('',(0.707106781187,0.707106781187,0.));
#10840 = PCURVE('',#7239,#10841);
#10841 = DEFINITIONAL_REPRESENTATION('',(#10842),#10851);
#10842 = B_SPLINE_CURVE_WITH_KNOTS('',7,(#10843,#10844,#10845,#10846,
    #10847,#10848,#10849,#10850),.UNSPECIFIED.,.F.,.F.,(8,8),(0.,
    1.570796326795),.PIECEWISE_BEZIER_KNOTS.);
#10843 = CARTESIAN_POINT('',(0.,0.));
#10844 = CARTESIAN_POINT('',(-0.224399475256,0.));
#10845 = CARTESIAN_POINT('',(-0.448798950513,-4.699893808796E-02));
#10846 = CARTESIAN_POINT('',(-0.673198425769,-0.1409899963));
#10847 = CARTESIAN_POINT('',(-0.897597901026,-0.276202539381));
#10848 = CARTESIAN_POINT('',(-1.121997376282,-0.440961568545));
#10849 = CARTESIAN_POINT('',(-1.346396851538,-0.620480419795));
#10850 = CARTESIAN_POINT('',(-1.570796326795,-0.8));
#10851 = ( GEOMETRIC_REPRESENTATION_CONTEXT(2) 
PARAMETRIC_REPRESENTATION_CONTEXT() REPRESENTATION_CONTEXT('2D SPACE',''
  ) );
#10852 = PCURVE('',#7327,#10853);
#10853 = DEFINITIONAL_REPRESENTATION('',(#10854),#10863);
#10854 = B_SPLINE_CURVE_WITH_KNOTS('',7,(#10855,#10856,#10857,#10858,
    #10859,#10860,#10861,#10862),.UNSPECIFIED.,.F.,.F.,(8,8),(0.,
    1.570796326795),.PIECEWISE_BEZIER_KNOTS.);
#10855 = CARTESIAN_POINT('',(0.,0.));
#10856 = CARTESIAN_POINT('',(0.224399475256,0.));
#10857 = CARTESIAN_POINT('',(0.448798950513,-4.699893808794E-02));
#10858 = CARTESIAN_POINT('',(0.673198425769,-0.1409899963));
#10859 = CARTESIAN_POINT('',(0.897597901026,-0.276202539381));
#10860 = CARTESIAN_POINT('',(1.121997376282,-0.440961568545));
#10861 = CARTESIAN_POINT('',(1.346396851538,-0.620480419795));
#10862 = CARTESIAN_POINT('',(1.570796326795,-0.8));
#10863 = ( GEOMETRIC_REPRESENTATION_CONTEXT(2) 
PARAMETRIC_REPRESENTATION_CONTEXT() REPRESENTATION_CONTEXT('2D SPACE',''
  ) );
#10864 = ORIENTED_EDGE('',*,*,#10865,.T.);
#10865 = EDGE_CURVE('',#10832,#10866,#10868,.T.);
#10866 = VERTEX_POINT('',#10867);
#10867 = CARTESIAN_POINT('',(99.,24.5,4.));
#10868 = SURFACE_CURVE('',#10869,(#10873,#10880),.PCURVE_S1.);
#10869 = LINE('',#10870,#10871);
#10870 = CARTESIAN_POINT('',(99.,16.25,4.));
#10871 = VECTOR('',#10872,1.);
#10872 = DIRECTION('',(-0.,1.,0.));
#10873 = PCURVE('',#7239,#10874);
#10874 = DEFINITIONAL_REPRESENTATION('',(#10875),#10879);
#10875 = LINE('',#10876,#10877);
#10876 = CARTESIAN_POINT('',(-1.570796326795,0.));
#10877 = VECTOR('',#10878,1.);
#10878 = DIRECTION('',(-0.,1.));
#10879 = ( GEOMETRIC_REPRESENTATION_CONTEXT(2) 
PARAMETRIC_REPRESENTATION_CONTEXT() REPRESENTATION_CONTEXT('2D SPACE',''
  ) );
#10880 = PCURVE('',#10881,#10886);
#10881 = PLANE('',#10882);
#10882 = AXIS2_PLACEMENT_3D('',#10883,#10884,#10885);
#10883 = CARTESIAN_POINT('',(0.,0.,4.));
#10884 = DIRECTION('',(0.,0.,1.));
#10885 = DIRECTION('',(1.,0.,-0.));
#10886 = DEFINITIONAL_REPRESENTATION('',(#10887),#10891);
#10887 = LINE('',#10888,#10889);
#10888 = CARTESIAN_POINT('',(99.,16.25));
#10889 = VECTOR('',#10890,1.);
#10890 = DIRECTION('',(0.,1.));
#10891 = ( GEOMETRIC_REPRESENTATION_CONTEXT(2) 
PARAMETRIC_REPRESENTATION_CONTEXT() REPRESENTATION_CONTEXT('2D SPACE',''
  ) );
#10892 = ORIENTED_EDGE('',*,*,#10893,.T.);
#10893 = EDGE_CURVE('',#10866,#10894,#10896,.T.);
#10894 = VERTEX_POINT('',#10895);
#10895 = CARTESIAN_POINT('',(99.741619848714,25.,3.5));
#10896 = SURFACE_CURVE('',#10897,(#10902,#10914),.PCURVE_S1.);
#10897 = ELLIPSE('',#10898,1.131370849898,0.8);
#10898 = AXIS2_PLACEMENT_3D('',#10899,#10900,#10901);
#10899 = CARTESIAN_POINT('',(99.,25.3,3.2));
#10900 = DIRECTION('',(0.,0.707106781187,0.707106781187));
#10901 = DIRECTION('',(-0.,0.707106781187,-0.707106781187));
#10902 = PCURVE('',#7239,#10903);
#10903 = DEFINITIONAL_REPRESENTATION('',(#10904),#10913);
#10904 = B_SPLINE_CURVE_WITH_KNOTS('',7,(#10905,#10906,#10907,#10908,
    #10909,#10910,#10911,#10912),.UNSPECIFIED.,.F.,.F.,(8,8),(
    3.14159265359,4.394565276459),.PIECEWISE_BEZIER_KNOTS.);
#10905 = CARTESIAN_POINT('',(-1.570796326795,8.25));
#10906 = CARTESIAN_POINT('',(-1.391800237814,8.25));
#10907 = CARTESIAN_POINT('',(-1.212804148832,8.279903778476));
#10908 = CARTESIAN_POINT('',(-1.033808059852,8.339710083944));
#10909 = CARTESIAN_POINT('',(-0.854811970869,8.427076566287));
#10910 = CARTESIAN_POINT('',(-0.675815881888,8.537294522964));
#10911 = CARTESIAN_POINT('',(-0.496819792907,8.663974748944));
#10912 = CARTESIAN_POINT('',(-0.317823703925,8.800000000002));
#10913 = ( GEOMETRIC_REPRESENTATION_CONTEXT(2) 
PARAMETRIC_REPRESENTATION_CONTEXT() REPRESENTATION_CONTEXT('2D SPACE',''
  ) );
#10914 = PCURVE('',#10915,#10920);
#10915 = PLANE('',#10916);
#10916 = AXIS2_PLACEMENT_3D('',#10917,#10918,#10919);
#10917 = CARTESIAN_POINT('',(-100.8,25.,3.5));
#10918 = DIRECTION('',(0.,0.707106781187,0.707106781187));
#10919 = DIRECTION('',(0.,-0.707106781187,0.707106781187));
#10920 = DEFINITIONAL_REPRESENTATION('',(#10921),#10925);
#10921 = ELLIPSE('',#10922,1.131370849898,0.8);
#10922 = AXIS2_PLACEMENT_2D('',#10923,#10924);
#10923 = CARTESIAN_POINT('',(-0.424264068712,199.8));
#10924 = DIRECTION('',(-1.,0.));
#10925 = ( GEOMETRIC_REPRESENTATION_CONTEXT(2) 
PARAMETRIC_REPRESENTATION_CONTEXT() REPRESENTATION_CONTEXT('2D SPACE',''
  ) );
#10926 = ORIENTED_EDGE('',*,*,#10927,.T.);
#10927 = EDGE_CURVE('',#10894,#10928,#10930,.T.);
#10928 = VERTEX_POINT('',#10929);
#10929 = CARTESIAN_POINT('',(99.,25.5,4.));
#10930 = SURFACE_CURVE('',#10931,(#10936,#10948),.PCURVE_S1.);
#10931 = ELLIPSE('',#10932,1.131370849898,0.8);
#10932 = AXIS2_PLACEMENT_3D('',#10933,#10934,#10935);
#10933 = CARTESIAN_POINT('',(99.,24.7,3.2));
#10934 = DIRECTION('',(0.,-0.707106781187,0.707106781187));
#10935 = DIRECTION('',(0.,0.707106781187,0.707106781187));
#10936 = PCURVE('',#7239,#10937);
#10937 = DEFINITIONAL_REPRESENTATION('',(#10938),#10947);
#10938 = B_SPLINE_CURVE_WITH_KNOTS('',7,(#10939,#10940,#10941,#10942,
    #10943,#10944,#10945,#10946),.UNSPECIFIED.,.F.,.F.,(8,8),(
    5.03021268431,6.28318530718),.PIECEWISE_BEZIER_KNOTS.);
#10939 = CARTESIAN_POINT('',(-0.317823703925,8.699999999998));
#10940 = CARTESIAN_POINT('',(-0.496819792907,8.836025251056));
#10941 = CARTESIAN_POINT('',(-0.675815881888,8.962705477038));
#10942 = CARTESIAN_POINT('',(-0.854811970869,9.072923433711));
#10943 = CARTESIAN_POINT('',(-1.033808059851,9.160289916059));
#10944 = CARTESIAN_POINT('',(-1.212804148832,9.220096221522));
#10945 = CARTESIAN_POINT('',(-1.391800237814,9.25));
#10946 = CARTESIAN_POINT('',(-1.570796326795,9.25));
#10947 = ( GEOMETRIC_REPRESENTATION_CONTEXT(2) 
PARAMETRIC_REPRESENTATION_CONTEXT() REPRESENTATION_CONTEXT('2D SPACE',''
  ) );
#10948 = PCURVE('',#10949,#10954);
#10949 = PLANE('',#10950);
#10950 = AXIS2_PLACEMENT_3D('',#10951,#10952,#10953);
#10951 = CARTESIAN_POINT('',(-100.8,25.,3.5));
#10952 = DIRECTION('',(0.,-0.707106781187,0.707106781187));
#10953 = DIRECTION('',(1.,0.,0.));
#10954 = DEFINITIONAL_REPRESENTATION('',(#10955),#10959);
#10955 = ELLIPSE('',#10956,1.131370849898,0.8);
#10956 = AXIS2_PLACEMENT_2D('',#10957,#10958);
#10957 = CARTESIAN_POINT('',(199.8,-0.424264068712));
#10958 = DIRECTION('',(0.,1.));
#10959 = ( GEOMETRIC_REPRESENTATION_CONTEXT(2) 
PARAMETRIC_REPRESENTATION_CONTEXT() REPRESENTATION_CONTEXT('2D SPACE',''
  ) );
#10960 = ORIENTED_EDGE('',*,*,#10961,.T.);
#10961 = EDGE_CURVE('',#10928,#10711,#10962,.T.);
#10962 = SURFACE_CURVE('',#10963,(#10967,#10974),.PCURVE_S1.);
#10963 = LINE('',#10964,#10965);
#10964 = CARTESIAN_POINT('',(99.,16.25,4.));
#10965 = VECTOR('',#10966,1.);
#10966 = DIRECTION('',(-0.,1.,0.));
#10967 = PCURVE('',#7239,#10968);
#10968 = DEFINITIONAL_REPRESENTATION('',(#10969),#10973);
#10969 = LINE('',#10970,#10971);
#10970 = CARTESIAN_POINT('',(-1.570796326795,0.));
#10971 = VECTOR('',#10972,1.);
#10972 = DIRECTION('',(-0.,1.));
#10973 = ( GEOMETRIC_REPRESENTATION_CONTEXT(2) 
PARAMETRIC_REPRESENTATION_CONTEXT() REPRESENTATION_CONTEXT('2D SPACE',''
  ) );
#10974 = PCURVE('',#10081,#10975);
#10975 = DEFINITIONAL_REPRESENTATION('',(#10976),#10980);
#10976 = LINE('',#10977,#10978);
#10977 = CARTESIAN_POINT('',(99.,16.25));
#10978 = VECTOR('',#10979,1.);
#10979 = DIRECTION('',(0.,1.));
#10980 = ( GEOMETRIC_REPRESENTATION_CONTEXT(2) 
PARAMETRIC_REPRESENTATION_CONTEXT() REPRESENTATION_CONTEXT('2D SPACE',''
  ) );
#10981 = ORIENTED_EDGE('',*,*,#10710,.F.);
#10982 = ADVANCED_FACE('',(#10983),#7273,.T.);
#10983 = FACE_BOUND('',#10984,.F.);
#10984 = EDGE_LOOP('',(#10985,#10986,#11009,#11075));
#10985 = ORIENTED_EDGE('',*,*,#10794,.T.);
#10986 = ORIENTED_EDGE('',*,*,#10987,.T.);
#10987 = EDGE_CURVE('',#10772,#10988,#10990,.T.);
#10988 = VERTEX_POINT('',#10989);
#10989 = CARTESIAN_POINT('',(101.82736587339,-39.45,4.));
#10990 = SURFACE_CURVE('',#10991,(#10995,#11002),.PCURVE_S1.);
#10991 = LINE('',#10992,#10993);
#10992 = CARTESIAN_POINT('',(99.8,-39.45,4.));
#10993 = VECTOR('',#10994,1.);
#10994 = DIRECTION('',(1.,0.,-0.));
#10995 = PCURVE('',#7273,#10996);
#10996 = DEFINITIONAL_REPRESENTATION('',(#10997),#11001);
#10997 = LINE('',#10998,#10999);
#10998 = CARTESIAN_POINT('',(-1.570796326795,0.));
#10999 = VECTOR('',#11000,1.);
#11000 = DIRECTION('',(-0.,1.));
#11001 = ( GEOMETRIC_REPRESENTATION_CONTEXT(2) 
PARAMETRIC_REPRESENTATION_CONTEXT() REPRESENTATION_CONTEXT('2D SPACE',''
  ) );
#11002 = PCURVE('',#9733,#11003);
#11003 = DEFINITIONAL_REPRESENTATION('',(#11004),#11008);
#11004 = LINE('',#11005,#11006);
#11005 = CARTESIAN_POINT('',(99.8,-39.45));
#11006 = VECTOR('',#11007,1.);
#11007 = DIRECTION('',(1.,0.));
#11008 = ( GEOMETRIC_REPRESENTATION_CONTEXT(2) 
PARAMETRIC_REPRESENTATION_CONTEXT() REPRESENTATION_CONTEXT('2D SPACE',''
  ) );
#11009 = ORIENTED_EDGE('',*,*,#11010,.F.);
#11010 = EDGE_CURVE('',#7258,#10988,#11011,.T.);
#11011 = SURFACE_CURVE('',#11012,(#11031,#11053),.PCURVE_S1.);
#11012 = B_SPLINE_CURVE_WITH_KNOTS('',5,(#11013,#11014,#11015,#11016,
    #11017,#11018,#11019,#11020,#11021,#11022,#11023,#11024,#11025,
    #11026,#11027,#11028,#11029,#11030),.UNSPECIFIED.,.F.,.F.,(6,4,4,4,6
    ),(0.,0.270202611191,0.542286150252,0.76951634181,1.),
  .UNSPECIFIED.);
#11013 = CARTESIAN_POINT('',(101.4875251005,-40.25,3.2));
#11014 = CARTESIAN_POINT('',(101.4875251005,-40.25,3.269441990849));
#11015 = CARTESIAN_POINT('',(101.49055120577,-40.24246528787,
    3.33888903439));
#11016 = CARTESIAN_POINT('',(101.49660356985,-40.22739399618,
    3.40714760382));
#11017 = CARTESIAN_POINT('',(101.50558421696,-40.20510857867,
    3.473065505211));
#11018 = CARTESIAN_POINT('',(101.52912576031,-40.14705163283,
    3.598671757747));
#11019 = CARTESIAN_POINT('',(101.54372641749,-40.11118379159,
    3.658320726299));
#11020 = CARTESIAN_POINT('',(101.56093437405,-40.06915702434,
    3.713587664577));
#11021 = CARTESIAN_POINT('',(101.58049729817,-40.02177157554,
    3.763678637365));
#11022 = CARTESIAN_POINT('',(101.62018182943,-39.92659606878,
    3.845061129054));
#11023 = CARTESIAN_POINT('',(101.63968045522,-39.88015859959,
    3.878092033606));
#11024 = CARTESIAN_POINT('',(101.66044808127,-39.83110791414,
    3.906788100759));
#11025 = CARTESIAN_POINT('',(101.68229869035,-39.77998558284,
    3.930931712915));
#11026 = CARTESIAN_POINT('',(101.72809841586,-39.6739147295,
    3.970132939287));
#11027 = CARTESIAN_POINT('',(101.75207318685,-39.61892170971,
    3.985055571191));
#11028 = CARTESIAN_POINT('',(101.77675532599,-39.56290660457,
    3.995025868687));
#11029 = CARTESIAN_POINT('',(101.80192898731,-39.50642175726,
    4.000000012632));
#11030 = CARTESIAN_POINT('',(101.82736587324,-39.44999999982,4.));
#11031 = PCURVE('',#7273,#11032);
#11032 = DEFINITIONAL_REPRESENTATION('',(#11033),#11052);
#11033 = B_SPLINE_CURVE_WITH_KNOTS('',5,(#11034,#11035,#11036,#11037,
    #11038,#11039,#11040,#11041,#11042,#11043,#11044,#11045,#11046,
    #11047,#11048,#11049,#11050,#11051),.UNSPECIFIED.,.F.,.F.,(6,4,4,4,6
    ),(0.,0.270202611191,0.542286150252,0.76951634181,1.),
  .UNSPECIFIED.);
#11034 = CARTESIAN_POINT('',(0.,1.687525100503));
#11035 = CARTESIAN_POINT('',(-8.680248856104E-02,1.687525100503));
#11036 = CARTESIAN_POINT('',(-0.173611021046,1.690551205777));
#11037 = CARTESIAN_POINT('',(-0.260298069819,1.696603569851));
#11038 = CARTESIAN_POINT('',(-0.34678021634,1.705584216965));
#11039 = CARTESIAN_POINT('',(-0.519748510203,1.729125760315));
#11040 = CARTESIAN_POINT('',(-0.606240177539,1.743726417491));
#11041 = CARTESIAN_POINT('',(-0.69235445353,1.76093437405));
#11042 = CARTESIAN_POINT('',(-0.778064807926,1.78049729817));
#11043 = CARTESIAN_POINT('',(-0.934596988327,1.820181829437));
#11044 = CARTESIAN_POINT('',(-1.005547172815,1.839680455228));
#11045 = CARTESIAN_POINT('',(-1.076212508453,1.860448081275));
#11046 = CARTESIAN_POINT('',(-1.146615039776,1.882298690355));
#11047 = CARTESIAN_POINT('',(-1.287968774236,1.928098415863));
#11048 = CARTESIAN_POINT('',(-1.35891374602,1.952073186859));
#11049 = CARTESIAN_POINT('',(-1.429662889539,1.976755325992));
#11050 = CARTESIAN_POINT('',(-1.500269176637,2.001928987313));
#11051 = CARTESIAN_POINT('',(-1.570796326795,2.027365873245));
#11052 = ( GEOMETRIC_REPRESENTATION_CONTEXT(2) 
PARAMETRIC_REPRESENTATION_CONTEXT() REPRESENTATION_CONTEXT('2D SPACE',''
  ) );
#11053 = PCURVE('',#7382,#11054);
#11054 = DEFINITIONAL_REPRESENTATION('',(#11055),#11074);
#11055 = B_SPLINE_CURVE_WITH_KNOTS('',5,(#11056,#11057,#11058,#11059,
    #11060,#11061,#11062,#11063,#11064,#11065,#11066,#11067,#11068,
    #11069,#11070,#11071,#11072,#11073),.UNSPECIFIED.,.F.,.F.,(6,4,4,4,6
    ),(0.,0.270202611191,0.542286150252,0.76951634181,1.),
  .UNSPECIFIED.);
#11056 = CARTESIAN_POINT('',(-2.48689957516E-14,0.));
#11057 = CARTESIAN_POINT('',(-2.48689957516E-14,8.680248856104E-02));
#11058 = CARTESIAN_POINT('',(-6.724952619415E-04,0.173611021046));
#11059 = CARTESIAN_POINT('',(-2.017343019507E-03,0.260298069819));
#11060 = CARTESIAN_POINT('',(-4.024649677299E-03,0.34678021634));
#11061 = CARTESIAN_POINT('',(-9.343353196048E-03,0.519748510203));
#11062 = CARTESIAN_POINT('',(-1.266402049384E-02,0.606240177539));
#11063 = CARTESIAN_POINT('',(-1.661671664549E-02,0.69235445353));
#11064 = CARTESIAN_POINT('',(-2.117384698669E-02,0.778064807926));
#11065 = CARTESIAN_POINT('',(-3.057796710594E-02,0.934596988327));
#11066 = CARTESIAN_POINT('',(-3.525350322819E-02,1.005547172815));
#11067 = CARTESIAN_POINT('',(-4.030348343411E-02,1.076212508453));
#11068 = CARTESIAN_POINT('',(-4.570266645158E-02,1.146615039776));
#11069 = CARTESIAN_POINT('',(-5.721786848032E-02,1.287968774236));
#11070 = CARTESIAN_POINT('',(-6.334306626002E-02,1.35891374602));
#11071 = CARTESIAN_POINT('',(-6.976191023893E-02,1.429662889539));
#11072 = CARTESIAN_POINT('',(-7.643455705803E-02,1.500269176637));
#11073 = CARTESIAN_POINT('',(-8.330939165516E-02,1.570796326795));
#11074 = ( GEOMETRIC_REPRESENTATION_CONTEXT(2) 
PARAMETRIC_REPRESENTATION_CONTEXT() REPRESENTATION_CONTEXT('2D SPACE',''
  ) );
#11075 = ORIENTED_EDGE('',*,*,#7257,.F.);
#11076 = ADVANCED_FACE('',(#11077),#7327,.T.);
#11077 = FACE_BOUND('',#11078,.T.);
#11078 = EDGE_LOOP('',(#11079,#11080,#11103,#11169));
#11079 = ORIENTED_EDGE('',*,*,#10831,.T.);
#11080 = ORIENTED_EDGE('',*,*,#11081,.T.);
#11081 = EDGE_CURVE('',#10832,#11082,#11084,.T.);
#11082 = VERTEX_POINT('',#11083);
#11083 = CARTESIAN_POINT('',(101.82736587339,15.45,4.));
#11084 = SURFACE_CURVE('',#11085,(#11089,#11096),.PCURVE_S1.);
#11085 = LINE('',#11086,#11087);
#11086 = CARTESIAN_POINT('',(99.8,15.45,4.));
#11087 = VECTOR('',#11088,1.);
#11088 = DIRECTION('',(1.,0.,-0.));
#11089 = PCURVE('',#7327,#11090);
#11090 = DEFINITIONAL_REPRESENTATION('',(#11091),#11095);
#11091 = LINE('',#11092,#11093);
#11092 = CARTESIAN_POINT('',(1.570796326795,0.));
#11093 = VECTOR('',#11094,1.);
#11094 = DIRECTION('',(0.,1.));
#11095 = ( GEOMETRIC_REPRESENTATION_CONTEXT(2) 
PARAMETRIC_REPRESENTATION_CONTEXT() REPRESENTATION_CONTEXT('2D SPACE',''
  ) );
#11096 = PCURVE('',#10881,#11097);
#11097 = DEFINITIONAL_REPRESENTATION('',(#11098),#11102);
#11098 = LINE('',#11099,#11100);
#11099 = CARTESIAN_POINT('',(99.8,15.45));
#11100 = VECTOR('',#11101,1.);
#11101 = DIRECTION('',(1.,0.));
#11102 = ( GEOMETRIC_REPRESENTATION_CONTEXT(2) 
PARAMETRIC_REPRESENTATION_CONTEXT() REPRESENTATION_CONTEXT('2D SPACE',''
  ) );
#11103 = ORIENTED_EDGE('',*,*,#11104,.F.);
#11104 = EDGE_CURVE('',#7312,#11082,#11105,.T.);
#11105 = SURFACE_CURVE('',#11106,(#11125,#11147),.PCURVE_S1.);
#11106 = B_SPLINE_CURVE_WITH_KNOTS('',5,(#11107,#11108,#11109,#11110,
    #11111,#11112,#11113,#11114,#11115,#11116,#11117,#11118,#11119,
    #11120,#11121,#11122,#11123,#11124),.UNSPECIFIED.,.F.,.F.,(6,4,4,4,6
    ),(0.,0.27020261047,0.542286149613,0.769516341237,1.),
  .UNSPECIFIED.);
#11107 = CARTESIAN_POINT('',(101.4875251005,16.25,3.2));
#11108 = CARTESIAN_POINT('',(101.4875251005,16.25,3.269441990639));
#11109 = CARTESIAN_POINT('',(101.49055120575,16.242465287916,
    3.338889033971));
#11110 = CARTESIAN_POINT('',(101.49660356979,16.227393996316,
    3.407147603202));
#11111 = CARTESIAN_POINT('',(101.50558421685,16.205108578948,
    3.473065504415));
#11112 = CARTESIAN_POINT('',(101.5291257601,16.147051633357,
    3.598671756839));
#11113 = CARTESIAN_POINT('',(101.54372641724,16.111183792196,
    3.658320725438));
#11114 = CARTESIAN_POINT('',(101.56093437377,16.069157025015,
    3.713587663771));
#11115 = CARTESIAN_POINT('',(101.58049729786,16.021771576283,
    3.763678636621));
#11116 = CARTESIAN_POINT('',(101.62018182908,15.926596069628,
    3.845061128434));
#11117 = CARTESIAN_POINT('',(101.63968045485,15.880158600475,
    3.878092033047));
#11118 = CARTESIAN_POINT('',(101.66044808088,15.83110791506,
    3.906788100264));
#11119 = CARTESIAN_POINT('',(101.68229868994,15.779985583791,
    3.930931712485));
#11120 = CARTESIAN_POINT('',(101.72809841547,15.673914730385,
    3.970132939039));
#11121 = CARTESIAN_POINT('',(101.75207318548,15.618921709813,
    3.985055571044));
#11122 = CARTESIAN_POINT('',(101.7767553282,15.562906606822,
    3.995025868604));
#11123 = CARTESIAN_POINT('',(101.80192898457,15.506421756204,
    4.000000012606));
#11124 = CARTESIAN_POINT('',(101.82736587426,15.450000000979,4.));
#11125 = PCURVE('',#7327,#11126);
#11126 = DEFINITIONAL_REPRESENTATION('',(#11127),#11146);
#11127 = B_SPLINE_CURVE_WITH_KNOTS('',5,(#11128,#11129,#11130,#11131,
    #11132,#11133,#11134,#11135,#11136,#11137,#11138,#11139,#11140,
    #11141,#11142,#11143,#11144,#11145),.UNSPECIFIED.,.F.,.F.,(6,4,4,4,6
    ),(0.,0.27020261047,0.542286149613,0.769516341237,1.),
  .UNSPECIFIED.);
#11128 = CARTESIAN_POINT('',(0.,1.687525100503));
#11129 = CARTESIAN_POINT('',(8.680248829904E-02,1.687525100503));
#11130 = CARTESIAN_POINT('',(0.173611020522,1.690551205759));
#11131 = CARTESIAN_POINT('',(0.260298069034,1.696603569796));
#11132 = CARTESIAN_POINT('',(0.346780215295,1.705584216857));
#11133 = CARTESIAN_POINT('',(0.519748508901,1.729125760104));
#11134 = CARTESIAN_POINT('',(0.606240176237,1.743726417247));
#11135 = CARTESIAN_POINT('',(0.692354452228,1.760934373775));
#11136 = CARTESIAN_POINT('',(0.778064806625,1.780497297867));
#11137 = CARTESIAN_POINT('',(0.934596987027,1.820181829085));
#11138 = CARTESIAN_POINT('',(1.005547171514,1.839680454856));
#11139 = CARTESIAN_POINT('',(1.076212507152,1.860448080885));
#11140 = CARTESIAN_POINT('',(1.146615038475,1.882298689948));
#11141 = CARTESIAN_POINT('',(1.28796877309,1.928098415478));
#11142 = CARTESIAN_POINT('',(1.358913745696,1.952073185485));
#11143 = CARTESIAN_POINT('',(1.429662887181,1.976755328201));
#11144 = CARTESIAN_POINT('',(1.500269177511,2.001928984572));
#11145 = CARTESIAN_POINT('',(1.570796325571,2.027365874263));
#11146 = ( GEOMETRIC_REPRESENTATION_CONTEXT(2) 
PARAMETRIC_REPRESENTATION_CONTEXT() REPRESENTATION_CONTEXT('2D SPACE',''
  ) );
#11147 = PCURVE('',#7457,#11148);
#11148 = DEFINITIONAL_REPRESENTATION('',(#11149),#11168);
#11149 = B_SPLINE_CURVE_WITH_KNOTS('',5,(#11150,#11151,#11152,#11153,
    #11154,#11155,#11156,#11157,#11158,#11159,#11160,#11161,#11162,
    #11163,#11164,#11165,#11166,#11167),.UNSPECIFIED.,.F.,.F.,(6,4,4,4,6
    ),(0.,0.27020261047,0.542286149613,0.769516341237,1.),
  .UNSPECIFIED.);
#11150 = CARTESIAN_POINT('',(4.669165646385,0.));
#11151 = CARTESIAN_POINT('',(4.669165646385,8.680248829904E-02));
#11152 = CARTESIAN_POINT('',(4.669838141643,0.173611020522));
#11153 = CARTESIAN_POINT('',(4.671182989393,0.260298069034));
#11154 = CARTESIAN_POINT('',(4.673190296038,0.346780215295));
#11155 = CARTESIAN_POINT('',(4.678508999533,0.519748508901));
#11156 = CARTESIAN_POINT('',(4.681829666823,0.606240176237));
#11157 = CARTESIAN_POINT('',(4.685782362967,0.692354452228));
#11158 = CARTESIAN_POINT('',(4.690339493301,0.778064806625));
#11159 = CARTESIAN_POINT('',(4.699743613407,0.934596987027));
#11160 = CARTESIAN_POINT('',(4.704419149524,1.005547171514));
#11161 = CARTESIAN_POINT('',(4.709469129724,1.076212507152));
#11162 = CARTESIAN_POINT('',(4.714868312736,1.146615038475));
#11163 = CARTESIAN_POINT('',(4.726383514767,1.28796877309));
#11164 = CARTESIAN_POINT('',(4.732508712879,1.35891374463));
#11165 = CARTESIAN_POINT('',(4.738927555779,1.429662889742));
#11166 = CARTESIAN_POINT('',(4.74560020415,1.500269174945));
#11167 = CARTESIAN_POINT('',(4.752475037625,1.570796326795));
#11168 = ( GEOMETRIC_REPRESENTATION_CONTEXT(2) 
PARAMETRIC_REPRESENTATION_CONTEXT() REPRESENTATION_CONTEXT('2D SPACE',''
  ) );
#11169 = ORIENTED_EDGE('',*,*,#7311,.F.);
#11170 = ADVANCED_FACE('',(#11171),#7382,.T.);
#11171 = FACE_BOUND('',#11172,.T.);
#11172 = EDGE_LOOP('',(#11173,#11174,#11175,#11243));
#11173 = ORIENTED_EDGE('',*,*,#11010,.F.);
#11174 = ORIENTED_EDGE('',*,*,#7365,.T.);
#11175 = ORIENTED_EDGE('',*,*,#11176,.T.);
#11176 = EDGE_CURVE('',#7366,#11177,#11179,.T.);
#11177 = VERTEX_POINT('',#11178);
#11178 = CARTESIAN_POINT('',(101.82736587339,-34.55,4.));
#11179 = SURFACE_CURVE('',#11180,(#11199,#11221),.PCURVE_S1.);
#11180 = B_SPLINE_CURVE_WITH_KNOTS('',5,(#11181,#11182,#11183,#11184,
    #11185,#11186,#11187,#11188,#11189,#11190,#11191,#11192,#11193,
    #11194,#11195,#11196,#11197,#11198),.UNSPECIFIED.,.F.,.F.,(6,4,4,4,6
    ),(0.,0.270202611234,0.542286150301,0.769516341863,1.),
  .UNSPECIFIED.);
#11181 = CARTESIAN_POINT('',(101.4875251005,-33.75,3.2));
#11182 = CARTESIAN_POINT('',(101.4875251005,-33.75,3.269441990859));
#11183 = CARTESIAN_POINT('',(101.49055120577,-33.75753471213,
    3.33888903441));
#11184 = CARTESIAN_POINT('',(101.49660356985,-33.77260600382,
    3.407147603849));
#11185 = CARTESIAN_POINT('',(101.50558421697,-33.79489142133,
    3.473065505248));
#11186 = CARTESIAN_POINT('',(101.52912576032,-33.85294836718,
    3.598671757789));
#11187 = CARTESIAN_POINT('',(101.5437264175,-33.88881620842,
    3.658320726339));
#11188 = CARTESIAN_POINT('',(101.56093437406,-33.93084297568,
    3.713587664615));
#11189 = CARTESIAN_POINT('',(101.58049729818,-33.97822842448,
    3.763678637399));
#11190 = CARTESIAN_POINT('',(101.62018182945,-34.07340393125,
    3.845061129083));
#11191 = CARTESIAN_POINT('',(101.63968045524,-34.11984140044,
    3.878092033632));
#11192 = CARTESIAN_POINT('',(101.66044808129,-34.1688920859,
    3.906788100782));
#11193 = CARTESIAN_POINT('',(101.68229869037,-34.2200144172,
    3.930931712934));
#11194 = CARTESIAN_POINT('',(101.72809841587,-34.32608527053,
    3.970132939295));
#11195 = CARTESIAN_POINT('',(101.75207318658,-34.3810782906,
    3.985055571195));
#11196 = CARTESIAN_POINT('',(101.77675532668,-34.4370933947,
    3.995025868686));
#11197 = CARTESIAN_POINT('',(101.80192898661,-34.49357824345,
    4.000000012631));
#11198 = CARTESIAN_POINT('',(101.82736587356,-34.5499999998,4.));
#11199 = PCURVE('',#7382,#11200);
#11200 = DEFINITIONAL_REPRESENTATION('',(#11201),#11220);
#11201 = B_SPLINE_CURVE_WITH_KNOTS('',5,(#11202,#11203,#11204,#11205,
    #11206,#11207,#11208,#11209,#11210,#11211,#11212,#11213,#11214,
    #11215,#11216,#11217,#11218,#11219),.UNSPECIFIED.,.F.,.F.,(6,4,4,4,6
    ),(0.,0.270202611234,0.542286150301,0.769516341863,1.),
  .UNSPECIFIED.);
#11202 = CARTESIAN_POINT('',(4.669165646385,0.));
#11203 = CARTESIAN_POINT('',(4.669165646385,8.680248857316E-02));
#11204 = CARTESIAN_POINT('',(4.669838141647,0.173611021071));
#11205 = CARTESIAN_POINT('',(4.671182989405,0.260298069855));
#11206 = CARTESIAN_POINT('',(4.673190296064,0.346780216388));
#11207 = CARTESIAN_POINT('',(4.678508999584,0.519748510263));
#11208 = CARTESIAN_POINT('',(4.681829666882,0.606240177599));
#11209 = CARTESIAN_POINT('',(4.685782363034,0.69235445359));
#11210 = CARTESIAN_POINT('',(4.690339493375,0.778064807986));
#11211 = CARTESIAN_POINT('',(4.699743613495,0.934596988387));
#11212 = CARTESIAN_POINT('',(4.704419149618,1.005547172875));
#11213 = CARTESIAN_POINT('',(4.709469129824,1.076212508513));
#11214 = CARTESIAN_POINT('',(4.714868312842,1.146615039836));
#11215 = CARTESIAN_POINT('',(4.726383514869,1.287968774278));
#11216 = CARTESIAN_POINT('',(4.73250871276,1.358913746026));
#11217 = CARTESIAN_POINT('',(4.738927556355,1.429662889598));
#11218 = CARTESIAN_POINT('',(4.745600203713,1.500269176578));
#11219 = CARTESIAN_POINT('',(4.752475037909,1.570796326795));
#11220 = ( GEOMETRIC_REPRESENTATION_CONTEXT(2) 
PARAMETRIC_REPRESENTATION_CONTEXT() REPRESENTATION_CONTEXT('2D SPACE',''
  ) );
#11221 = PCURVE('',#7511,#11222);
#11222 = DEFINITIONAL_REPRESENTATION('',(#11223),#11242);
#11223 = B_SPLINE_CURVE_WITH_KNOTS('',5,(#11224,#11225,#11226,#11227,
    #11228,#11229,#11230,#11231,#11232,#11233,#11234,#11235,#11236,
    #11237,#11238,#11239,#11240,#11241),.UNSPECIFIED.,.F.,.F.,(6,4,4,4,6
    ),(0.,0.270202611234,0.542286150301,0.769516341863,1.),
  .UNSPECIFIED.);
#11224 = CARTESIAN_POINT('',(0.,1.687525100503));
#11225 = CARTESIAN_POINT('',(8.680248857316E-02,1.687525100503));
#11226 = CARTESIAN_POINT('',(0.173611021071,1.690551205778));
#11227 = CARTESIAN_POINT('',(0.260298069855,1.696603569853));
#11228 = CARTESIAN_POINT('',(0.346780216388,1.70558421697));
#11229 = CARTESIAN_POINT('',(0.519748510263,1.729125760325));
#11230 = CARTESIAN_POINT('',(0.606240177599,1.743726417502));
#11231 = CARTESIAN_POINT('',(0.69235445359,1.760934374063));
#11232 = CARTESIAN_POINT('',(0.778064807986,1.780497298184));
#11233 = CARTESIAN_POINT('',(0.934596988387,1.820181829454));
#11234 = CARTESIAN_POINT('',(1.005547172875,1.839680455245));
#11235 = CARTESIAN_POINT('',(1.076212508513,1.860448081293));
#11236 = CARTESIAN_POINT('',(1.146615039836,1.882298690374));
#11237 = CARTESIAN_POINT('',(1.287968774278,1.928098415878));
#11238 = CARTESIAN_POINT('',(1.358913746026,1.952073186581));
#11239 = CARTESIAN_POINT('',(1.429662889598,1.976755326687));
#11240 = CARTESIAN_POINT('',(1.500269176578,2.001928986618));
#11241 = CARTESIAN_POINT('',(1.570796326795,2.027365873567));
#11242 = ( GEOMETRIC_REPRESENTATION_CONTEXT(2) 
PARAMETRIC_REPRESENTATION_CONTEXT() REPRESENTATION_CONTEXT('2D SPACE',''
  ) );
#11243 = ORIENTED_EDGE('',*,*,#11244,.F.);
#11244 = EDGE_CURVE('',#10988,#11177,#11245,.T.);
#11245 = SURFACE_CURVE('',#11246,(#11251,#11258),.PCURVE_S1.);
#11246 = CIRCLE('',#11247,3.7);
#11247 = AXIS2_PLACEMENT_3D('',#11248,#11249,#11250);
#11248 = CARTESIAN_POINT('',(104.6,-37.,4.));
#11249 = DIRECTION('',(0.,0.,1.));
#11250 = DIRECTION('',(-0.691661088777,-0.722222222222,0.));
#11251 = PCURVE('',#7382,#11252);
#11252 = DEFINITIONAL_REPRESENTATION('',(#11253),#11257);
#11253 = LINE('',#11254,#11255);
#11254 = CARTESIAN_POINT('',(0.,1.570796326795));
#11255 = VECTOR('',#11256,1.);
#11256 = DIRECTION('',(1.,0.));
#11257 = ( GEOMETRIC_REPRESENTATION_CONTEXT(2) 
PARAMETRIC_REPRESENTATION_CONTEXT() REPRESENTATION_CONTEXT('2D SPACE',''
  ) );
#11258 = PCURVE('',#9733,#11259);
#11259 = DEFINITIONAL_REPRESENTATION('',(#11260),#11264);
#11260 = CIRCLE('',#11261,3.7);
#11261 = AXIS2_PLACEMENT_2D('',#11262,#11263);
#11262 = CARTESIAN_POINT('',(104.6,-37.));
#11263 = DIRECTION('',(-0.691661088777,-0.722222222222));
#11264 = ( GEOMETRIC_REPRESENTATION_CONTEXT(2) 
PARAMETRIC_REPRESENTATION_CONTEXT() REPRESENTATION_CONTEXT('2D SPACE',''
  ) );
#11265 = ADVANCED_FACE('',(#11266),#7457,.T.);
#11266 = FACE_BOUND('',#11267,.T.);
#11267 = EDGE_LOOP('',(#11268,#11336,#11337,#11338));
#11268 = ORIENTED_EDGE('',*,*,#11269,.F.);
#11269 = EDGE_CURVE('',#7420,#11270,#11272,.T.);
#11270 = VERTEX_POINT('',#11271);
#11271 = CARTESIAN_POINT('',(101.82736587339,10.55,4.));
#11272 = SURFACE_CURVE('',#11273,(#11292,#11314),.PCURVE_S1.);
#11273 = B_SPLINE_CURVE_WITH_KNOTS('',5,(#11274,#11275,#11276,#11277,
    #11278,#11279,#11280,#11281,#11282,#11283,#11284,#11285,#11286,
    #11287,#11288,#11289,#11290,#11291),.UNSPECIFIED.,.F.,.F.,(6,4,4,4,6
    ),(0.,0.270202610033,0.542286148832,0.769516340169,1.),
  .UNSPECIFIED.);
#11274 = CARTESIAN_POINT('',(101.4875251005,9.75,3.2));
#11275 = CARTESIAN_POINT('',(101.4875251005,9.75,3.269441990614));
#11276 = CARTESIAN_POINT('',(101.49055120575,9.757534712078,
    3.338889033921));
#11277 = CARTESIAN_POINT('',(101.49660356978,9.772606003667,
    3.407147603128));
#11278 = CARTESIAN_POINT('',(101.50558421684,9.79489142102,
    3.473065504319));
#11279 = CARTESIAN_POINT('',(101.52912576007,9.852948366581,
    3.59867175673));
#11280 = CARTESIAN_POINT('',(101.54372641721,9.888816207732,
    3.658320725334));
#11281 = CARTESIAN_POINT('',(101.56093437374,9.930842974905,
    3.713587663674));
#11282 = CARTESIAN_POINT('',(101.58049729783,9.978228423629,
    3.763678636531));
#11283 = CARTESIAN_POINT('',(101.62018182904,10.073403930271,
    3.84506112836));
#11284 = CARTESIAN_POINT('',(101.63968045481,10.119841399419,
    3.878092032979));
#11285 = CARTESIAN_POINT('',(101.66044808083,10.168892084829,
    3.906788100204));
#11286 = CARTESIAN_POINT('',(101.68229868989,10.220014416095,
    3.930931712434));
#11287 = CARTESIAN_POINT('',(101.72809841556,10.326085269809,
    3.97013293912));
#11288 = CARTESIAN_POINT('',(101.752073189,10.381078288728,
    3.985055571166));
#11289 = CARTESIAN_POINT('',(101.77675532057,10.437093398588,
    3.995025868768));
#11290 = CARTESIAN_POINT('',(101.80192899308,10.493578240342,
    4.000000012701));
#11291 = CARTESIAN_POINT('',(101.82736587107,10.550000002624,4.));
#11292 = PCURVE('',#7457,#11293);
#11293 = DEFINITIONAL_REPRESENTATION('',(#11294),#11313);
#11294 = B_SPLINE_CURVE_WITH_KNOTS('',5,(#11295,#11296,#11297,#11298,
    #11299,#11300,#11301,#11302,#11303,#11304,#11305,#11306,#11307,
    #11308,#11309,#11310,#11311,#11312),.UNSPECIFIED.,.F.,.F.,(6,4,4,4,6
    ),(0.,0.270202610033,0.542286148832,0.769516340169,1.),
  .UNSPECIFIED.);
#11295 = CARTESIAN_POINT('',(-2.48689957516E-14,0.));
#11296 = CARTESIAN_POINT('',(-2.48689957516E-14,8.68024882675E-02));
#11297 = CARTESIAN_POINT('',(-6.724952571968E-04,0.173611020459));
#11298 = CARTESIAN_POINT('',(-2.017343005884E-03,0.260298068939));
#11299 = CARTESIAN_POINT('',(-4.02464965009E-03,0.34678021517));
#11300 = CARTESIAN_POINT('',(-9.343353142265E-03,0.519748508744));
#11301 = CARTESIAN_POINT('',(-1.266402043126E-02,0.60624017608));
#11302 = CARTESIAN_POINT('',(-1.66167165743E-02,0.692354452071));
#11303 = CARTESIAN_POINT('',(-2.117384690713E-02,0.778064806468));
#11304 = CARTESIAN_POINT('',(-3.057796701159E-02,0.93459698687));
#11305 = CARTESIAN_POINT('',(-3.52535031273E-02,1.005547171358));
#11306 = CARTESIAN_POINT('',(-4.030348332694E-02,1.076212506996));
#11307 = CARTESIAN_POINT('',(-4.570266633842E-02,1.146615038319));
#11308 = CARTESIAN_POINT('',(-5.721786840273E-02,1.287968773353));
#11309 = CARTESIAN_POINT('',(-6.334306556161E-02,1.358913746747));
#11310 = CARTESIAN_POINT('',(-6.976191184641E-02,1.429662887094));
#11311 = CARTESIAN_POINT('',(-7.643455553669E-02,1.500269180066));
#11312 = CARTESIAN_POINT('',(-8.330939253928E-02,1.570796326795));
#11313 = ( GEOMETRIC_REPRESENTATION_CONTEXT(2) 
PARAMETRIC_REPRESENTATION_CONTEXT() REPRESENTATION_CONTEXT('2D SPACE',''
  ) );
#11314 = PCURVE('',#7565,#11315);
#11315 = DEFINITIONAL_REPRESENTATION('',(#11316),#11335);
#11316 = B_SPLINE_CURVE_WITH_KNOTS('',5,(#11317,#11318,#11319,#11320,
    #11321,#11322,#11323,#11324,#11325,#11326,#11327,#11328,#11329,
    #11330,#11331,#11332,#11333,#11334),.UNSPECIFIED.,.F.,.F.,(6,4,4,4,6
    ),(0.,0.270202610033,0.542286148832,0.769516340169,1.),
  .UNSPECIFIED.);
#11317 = CARTESIAN_POINT('',(0.,1.687525100503));
#11318 = CARTESIAN_POINT('',(-8.68024882675E-02,1.687525100503));
#11319 = CARTESIAN_POINT('',(-0.173611020459,1.690551205757));
#11320 = CARTESIAN_POINT('',(-0.260298068939,1.696603569789));
#11321 = CARTESIAN_POINT('',(-0.34678021517,1.705584216844));
#11322 = CARTESIAN_POINT('',(-0.519748508744,1.729125760079));
#11323 = CARTESIAN_POINT('',(-0.60624017608,1.743726417218));
#11324 = CARTESIAN_POINT('',(-0.692354452071,1.760934373742));
#11325 = CARTESIAN_POINT('',(-0.778064806468,1.78049729783));
#11326 = CARTESIAN_POINT('',(-0.93459698687,1.820181829043));
#11327 = CARTESIAN_POINT('',(-1.005547171358,1.839680454811));
#11328 = CARTESIAN_POINT('',(-1.076212506996,1.860448080838));
#11329 = CARTESIAN_POINT('',(-1.146615038319,1.882298689899));
#11330 = CARTESIAN_POINT('',(-1.287968773353,1.928098415561));
#11331 = CARTESIAN_POINT('',(-1.35891374389,1.952073189007));
#11332 = CARTESIAN_POINT('',(-1.429662893958,1.97675532057));
#11333 = CARTESIAN_POINT('',(-1.500269173193,2.001928993086));
#11334 = CARTESIAN_POINT('',(-1.570796330075,2.027365871079));
#11335 = ( GEOMETRIC_REPRESENTATION_CONTEXT(2) 
PARAMETRIC_REPRESENTATION_CONTEXT() REPRESENTATION_CONTEXT('2D SPACE',''
  ) );
#11336 = ORIENTED_EDGE('',*,*,#7442,.T.);
#11337 = ORIENTED_EDGE('',*,*,#11104,.T.);
#11338 = ORIENTED_EDGE('',*,*,#11339,.F.);
#11339 = EDGE_CURVE('',#11270,#11082,#11340,.T.);
#11340 = SURFACE_CURVE('',#11341,(#11346,#11353),.PCURVE_S1.);
#11341 = CIRCLE('',#11342,3.7);
#11342 = AXIS2_PLACEMENT_3D('',#11343,#11344,#11345);
#11343 = CARTESIAN_POINT('',(104.6,13.,4.));
#11344 = DIRECTION('',(0.,0.,1.));
#11345 = DIRECTION('',(-0.691661088777,-0.722222222222,0.));
#11346 = PCURVE('',#7457,#11347);
#11347 = DEFINITIONAL_REPRESENTATION('',(#11348),#11352);
#11348 = LINE('',#11349,#11350);
#11349 = CARTESIAN_POINT('',(0.,1.570796326795));
#11350 = VECTOR('',#11351,1.);
#11351 = DIRECTION('',(1.,0.));
#11352 = ( GEOMETRIC_REPRESENTATION_CONTEXT(2) 
PARAMETRIC_REPRESENTATION_CONTEXT() REPRESENTATION_CONTEXT('2D SPACE',''
  ) );
#11353 = PCURVE('',#10881,#11354);
#11354 = DEFINITIONAL_REPRESENTATION('',(#11355),#11359);
#11355 = CIRCLE('',#11356,3.7);
#11356 = AXIS2_PLACEMENT_2D('',#11357,#11358);
#11357 = CARTESIAN_POINT('',(104.6,13.));
#11358 = DIRECTION('',(-0.691661088777,-0.722222222222));
#11359 = ( GEOMETRIC_REPRESENTATION_CONTEXT(2) 
PARAMETRIC_REPRESENTATION_CONTEXT() REPRESENTATION_CONTEXT('2D SPACE',''
  ) );
#11360 = ADVANCED_FACE('',(#11361),#7511,.T.);
#11361 = FACE_BOUND('',#11362,.T.);
#11362 = EDGE_LOOP('',(#11363,#11397,#11418,#11419));
#11363 = ORIENTED_EDGE('',*,*,#11364,.T.);
#11364 = EDGE_CURVE('',#7475,#11365,#11367,.T.);
#11365 = VERTEX_POINT('',#11366);
#11366 = CARTESIAN_POINT('',(99.,-34.55,4.));
#11367 = SURFACE_CURVE('',#11368,(#11373,#11385),.PCURVE_S1.);
#11368 = ELLIPSE('',#11369,1.131370849898,0.8);
#11369 = AXIS2_PLACEMENT_3D('',#11370,#11371,#11372);
#11370 = CARTESIAN_POINT('',(99.,-34.55,3.2));
#11371 = DIRECTION('',(0.707106781187,-0.707106781187,-0.));
#11372 = DIRECTION('',(0.707106781187,0.707106781187,0.));
#11373 = PCURVE('',#7511,#11374);
#11374 = DEFINITIONAL_REPRESENTATION('',(#11375),#11384);
#11375 = B_SPLINE_CURVE_WITH_KNOTS('',7,(#11376,#11377,#11378,#11379,
    #11380,#11381,#11382,#11383),.UNSPECIFIED.,.F.,.F.,(8,8),(0.,
    1.570796107793),.PIECEWISE_BEZIER_KNOTS.);
#11376 = CARTESIAN_POINT('',(0.,0.));
#11377 = CARTESIAN_POINT('',(0.22439944397,0.));
#11378 = CARTESIAN_POINT('',(0.448798887941,-4.699892498208E-02));
#11379 = CARTESIAN_POINT('',(0.673198331912,-0.140989956989));
#11380 = CARTESIAN_POINT('',(0.897597775882,-0.276202463972));
#11381 = CARTESIAN_POINT('',(1.121997219852,-0.440961453693));
#11382 = CARTESIAN_POINT('',(1.346396663823,-0.620480269622));
#11383 = CARTESIAN_POINT('',(1.570796107793,-0.799999824799));
#11384 = ( GEOMETRIC_REPRESENTATION_CONTEXT(2) 
PARAMETRIC_REPRESENTATION_CONTEXT() REPRESENTATION_CONTEXT('2D SPACE',''
  ) );
#11385 = PCURVE('',#7597,#11386);
#11386 = DEFINITIONAL_REPRESENTATION('',(#11387),#11396);
#11387 = B_SPLINE_CURVE_WITH_KNOTS('',7,(#11388,#11389,#11390,#11391,
    #11392,#11393,#11394,#11395),.UNSPECIFIED.,.F.,.F.,(8,8),(0.,
    1.570796107793),.PIECEWISE_BEZIER_KNOTS.);
#11388 = CARTESIAN_POINT('',(0.,0.));
#11389 = CARTESIAN_POINT('',(-0.22439944397,0.));
#11390 = CARTESIAN_POINT('',(-0.448798887941,-4.699892498211E-02));
#11391 = CARTESIAN_POINT('',(-0.673198331912,-0.140989956989));
#11392 = CARTESIAN_POINT('',(-0.897597775882,-0.276202463972));
#11393 = CARTESIAN_POINT('',(-1.121997219853,-0.440961453693));
#11394 = CARTESIAN_POINT('',(-1.346396663823,-0.620480269622));
#11395 = CARTESIAN_POINT('',(-1.570796107793,-0.799999824799));
#11396 = ( GEOMETRIC_REPRESENTATION_CONTEXT(2) 
PARAMETRIC_REPRESENTATION_CONTEXT() REPRESENTATION_CONTEXT('2D SPACE',''
  ) );
#11397 = ORIENTED_EDGE('',*,*,#11398,.T.);
#11398 = EDGE_CURVE('',#11365,#11177,#11399,.T.);
#11399 = SURFACE_CURVE('',#11400,(#11404,#11411),.PCURVE_S1.);
#11400 = LINE('',#11401,#11402);
#11401 = CARTESIAN_POINT('',(99.8,-34.55,4.));
#11402 = VECTOR('',#11403,1.);
#11403 = DIRECTION('',(1.,0.,-0.));
#11404 = PCURVE('',#7511,#11405);
#11405 = DEFINITIONAL_REPRESENTATION('',(#11406),#11410);
#11406 = LINE('',#11407,#11408);
#11407 = CARTESIAN_POINT('',(1.570796326795,0.));
#11408 = VECTOR('',#11409,1.);
#11409 = DIRECTION('',(0.,1.));
#11410 = ( GEOMETRIC_REPRESENTATION_CONTEXT(2) 
PARAMETRIC_REPRESENTATION_CONTEXT() REPRESENTATION_CONTEXT('2D SPACE',''
  ) );
#11411 = PCURVE('',#9733,#11412);
#11412 = DEFINITIONAL_REPRESENTATION('',(#11413),#11417);
#11413 = LINE('',#11414,#11415);
#11414 = CARTESIAN_POINT('',(99.8,-34.55));
#11415 = VECTOR('',#11416,1.);
#11416 = DIRECTION('',(1.,0.));
#11417 = ( GEOMETRIC_REPRESENTATION_CONTEXT(2) 
PARAMETRIC_REPRESENTATION_CONTEXT() REPRESENTATION_CONTEXT('2D SPACE',''
  ) );
#11418 = ORIENTED_EDGE('',*,*,#11176,.F.);
#11419 = ORIENTED_EDGE('',*,*,#7497,.F.);
#11420 = ADVANCED_FACE('',(#11421),#7565,.T.);
#11421 = FACE_BOUND('',#11422,.F.);
#11422 = EDGE_LOOP('',(#11423,#11457,#11478,#11479));
#11423 = ORIENTED_EDGE('',*,*,#11424,.T.);
#11424 = EDGE_CURVE('',#7529,#11425,#11427,.T.);
#11425 = VERTEX_POINT('',#11426);
#11426 = CARTESIAN_POINT('',(99.,10.55,4.));
#11427 = SURFACE_CURVE('',#11428,(#11433,#11445),.PCURVE_S1.);
#11428 = ELLIPSE('',#11429,1.131370849898,0.8);
#11429 = AXIS2_PLACEMENT_3D('',#11430,#11431,#11432);
#11430 = CARTESIAN_POINT('',(99.,10.55,3.2));
#11431 = DIRECTION('',(-0.707106781187,-0.707106781187,-0.));
#11432 = DIRECTION('',(-0.707106781187,0.707106781187,0.));
#11433 = PCURVE('',#7565,#11434);
#11434 = DEFINITIONAL_REPRESENTATION('',(#11435),#11444);
#11435 = B_SPLINE_CURVE_WITH_KNOTS('',7,(#11436,#11437,#11438,#11439,
    #11440,#11441,#11442,#11443),.UNSPECIFIED.,.F.,.F.,(8,8),(
    3.14159265359,4.712388980385),.PIECEWISE_BEZIER_KNOTS.);
#11436 = CARTESIAN_POINT('',(0.,0.));
#11437 = CARTESIAN_POINT('',(-0.224399475256,-2.198480792825E-17));
#11438 = CARTESIAN_POINT('',(-0.448798950513,-4.699893808798E-02));
#11439 = CARTESIAN_POINT('',(-0.673198425769,-0.1409899963));
#11440 = CARTESIAN_POINT('',(-0.897597901026,-0.276202539381));
#11441 = CARTESIAN_POINT('',(-1.121997376282,-0.440961568545));
#11442 = CARTESIAN_POINT('',(-1.346396851538,-0.620480419795));
#11443 = CARTESIAN_POINT('',(-1.570796326795,-0.8));
#11444 = ( GEOMETRIC_REPRESENTATION_CONTEXT(2) 
PARAMETRIC_REPRESENTATION_CONTEXT() REPRESENTATION_CONTEXT('2D SPACE',''
  ) );
#11445 = PCURVE('',#7597,#11446);
#11446 = DEFINITIONAL_REPRESENTATION('',(#11447),#11456);
#11447 = B_SPLINE_CURVE_WITH_KNOTS('',7,(#11448,#11449,#11450,#11451,
    #11452,#11453,#11454,#11455),.UNSPECIFIED.,.F.,.F.,(8,8),(
    3.14159265359,4.712388980385),.PIECEWISE_BEZIER_KNOTS.);
#11448 = CARTESIAN_POINT('',(0.,43.5));
#11449 = CARTESIAN_POINT('',(-0.224399475256,43.5));
#11450 = CARTESIAN_POINT('',(-0.448798950513,43.546998938095));
#11451 = CARTESIAN_POINT('',(-0.673198425769,43.640989996275));
#11452 = CARTESIAN_POINT('',(-0.897597901026,43.776202539405));
#11453 = CARTESIAN_POINT('',(-1.121997376282,43.940961568538));
#11454 = CARTESIAN_POINT('',(-1.346396851538,44.120480419795));
#11455 = CARTESIAN_POINT('',(-1.570796326795,44.3));
#11456 = ( GEOMETRIC_REPRESENTATION_CONTEXT(2) 
PARAMETRIC_REPRESENTATION_CONTEXT() REPRESENTATION_CONTEXT('2D SPACE',''
  ) );
#11457 = ORIENTED_EDGE('',*,*,#11458,.T.);
#11458 = EDGE_CURVE('',#11425,#11270,#11459,.T.);
#11459 = SURFACE_CURVE('',#11460,(#11464,#11471),.PCURVE_S1.);
#11460 = LINE('',#11461,#11462);
#11461 = CARTESIAN_POINT('',(99.8,10.55,4.));
#11462 = VECTOR('',#11463,1.);
#11463 = DIRECTION('',(1.,0.,-0.));
#11464 = PCURVE('',#7565,#11465);
#11465 = DEFINITIONAL_REPRESENTATION('',(#11466),#11470);
#11466 = LINE('',#11467,#11468);
#11467 = CARTESIAN_POINT('',(-1.570796326795,0.));
#11468 = VECTOR('',#11469,1.);
#11469 = DIRECTION('',(-0.,1.));
#11470 = ( GEOMETRIC_REPRESENTATION_CONTEXT(2) 
PARAMETRIC_REPRESENTATION_CONTEXT() REPRESENTATION_CONTEXT('2D SPACE',''
  ) );
#11471 = PCURVE('',#10881,#11472);
#11472 = DEFINITIONAL_REPRESENTATION('',(#11473),#11477);
#11473 = LINE('',#11474,#11475);
#11474 = CARTESIAN_POINT('',(99.8,10.55));
#11475 = VECTOR('',#11476,1.);
#11476 = DIRECTION('',(1.,0.));
#11477 = ( GEOMETRIC_REPRESENTATION_CONTEXT(2) 
PARAMETRIC_REPRESENTATION_CONTEXT() REPRESENTATION_CONTEXT('2D SPACE',''
  ) );
#11478 = ORIENTED_EDGE('',*,*,#11269,.F.);
#11479 = ORIENTED_EDGE('',*,*,#7551,.F.);
#11480 = ADVANCED_FACE('',(#11481),#7597,.T.);
#11481 = FACE_BOUND('',#11482,.F.);
#11482 = EDGE_LOOP('',(#11483,#11484,#11485,#11508,#11542,#11576,#11597)
  );
#11483 = ORIENTED_EDGE('',*,*,#7583,.F.);
#11484 = ORIENTED_EDGE('',*,*,#11364,.T.);
#11485 = ORIENTED_EDGE('',*,*,#11486,.T.);
#11486 = EDGE_CURVE('',#11365,#11487,#11489,.T.);
#11487 = VERTEX_POINT('',#11488);
#11488 = CARTESIAN_POINT('',(99.,-25.5,4.));
#11489 = SURFACE_CURVE('',#11490,(#11494,#11501),.PCURVE_S1.);
#11490 = LINE('',#11491,#11492);
#11491 = CARTESIAN_POINT('',(99.,-33.75,4.));
#11492 = VECTOR('',#11493,1.);
#11493 = DIRECTION('',(-0.,1.,0.));
#11494 = PCURVE('',#7597,#11495);
#11495 = DEFINITIONAL_REPRESENTATION('',(#11496),#11500);
#11496 = LINE('',#11497,#11498);
#11497 = CARTESIAN_POINT('',(-1.570796326795,0.));
#11498 = VECTOR('',#11499,1.);
#11499 = DIRECTION('',(-0.,1.));
#11500 = ( GEOMETRIC_REPRESENTATION_CONTEXT(2) 
PARAMETRIC_REPRESENTATION_CONTEXT() REPRESENTATION_CONTEXT('2D SPACE',''
  ) );
#11501 = PCURVE('',#9733,#11502);
#11502 = DEFINITIONAL_REPRESENTATION('',(#11503),#11507);
#11503 = LINE('',#11504,#11505);
#11504 = CARTESIAN_POINT('',(99.,-33.75));
#11505 = VECTOR('',#11506,1.);
#11506 = DIRECTION('',(0.,1.));
#11507 = ( GEOMETRIC_REPRESENTATION_CONTEXT(2) 
PARAMETRIC_REPRESENTATION_CONTEXT() REPRESENTATION_CONTEXT('2D SPACE',''
  ) );
#11508 = ORIENTED_EDGE('',*,*,#11509,.T.);
#11509 = EDGE_CURVE('',#11487,#11510,#11512,.T.);
#11510 = VERTEX_POINT('',#11511);
#11511 = CARTESIAN_POINT('',(99.741619848714,-25.,3.5));
#11512 = SURFACE_CURVE('',#11513,(#11518,#11530),.PCURVE_S1.);
#11513 = ELLIPSE('',#11514,1.131370849898,0.8);
#11514 = AXIS2_PLACEMENT_3D('',#11515,#11516,#11517);
#11515 = CARTESIAN_POINT('',(99.,-24.7,3.2));
#11516 = DIRECTION('',(0.,0.707106781187,0.707106781187));
#11517 = DIRECTION('',(-0.,0.707106781187,-0.707106781187));
#11518 = PCURVE('',#7597,#11519);
#11519 = DEFINITIONAL_REPRESENTATION('',(#11520),#11529);
#11520 = B_SPLINE_CURVE_WITH_KNOTS('',7,(#11521,#11522,#11523,#11524,
    #11525,#11526,#11527,#11528),.UNSPECIFIED.,.F.,.F.,(8,8),(
    3.14159265359,4.394565276459),.PIECEWISE_BEZIER_KNOTS.);
#11521 = CARTESIAN_POINT('',(-1.570796326795,8.25));
#11522 = CARTESIAN_POINT('',(-1.391800237814,8.25));
#11523 = CARTESIAN_POINT('',(-1.212804148832,8.279903778477));
#11524 = CARTESIAN_POINT('',(-1.033808059851,8.339710083944));
#11525 = CARTESIAN_POINT('',(-0.854811970869,8.427076566289));
#11526 = CARTESIAN_POINT('',(-0.675815881888,8.537294522963));
#11527 = CARTESIAN_POINT('',(-0.496819792907,8.663974748944));
#11528 = CARTESIAN_POINT('',(-0.317823703925,8.800000000002));
#11529 = ( GEOMETRIC_REPRESENTATION_CONTEXT(2) 
PARAMETRIC_REPRESENTATION_CONTEXT() REPRESENTATION_CONTEXT('2D SPACE',''
  ) );
#11530 = PCURVE('',#11531,#11536);
#11531 = PLANE('',#11532);
#11532 = AXIS2_PLACEMENT_3D('',#11533,#11534,#11535);
#11533 = CARTESIAN_POINT('',(-100.8,-25.,3.5));
#11534 = DIRECTION('',(0.,0.707106781187,0.707106781187));
#11535 = DIRECTION('',(0.,-0.707106781187,0.707106781187));
#11536 = DEFINITIONAL_REPRESENTATION('',(#11537),#11541);
#11537 = ELLIPSE('',#11538,1.131370849898,0.8);
#11538 = AXIS2_PLACEMENT_2D('',#11539,#11540);
#11539 = CARTESIAN_POINT('',(-0.424264068712,199.8));
#11540 = DIRECTION('',(-1.,0.));
#11541 = ( GEOMETRIC_REPRESENTATION_CONTEXT(2) 
PARAMETRIC_REPRESENTATION_CONTEXT() REPRESENTATION_CONTEXT('2D SPACE',''
  ) );
#11542 = ORIENTED_EDGE('',*,*,#11543,.T.);
#11543 = EDGE_CURVE('',#11510,#11544,#11546,.T.);
#11544 = VERTEX_POINT('',#11545);
#11545 = CARTESIAN_POINT('',(99.,-24.5,4.));
#11546 = SURFACE_CURVE('',#11547,(#11552,#11564),.PCURVE_S1.);
#11547 = ELLIPSE('',#11548,1.131370849898,0.8);
#11548 = AXIS2_PLACEMENT_3D('',#11549,#11550,#11551);
#11549 = CARTESIAN_POINT('',(99.,-25.3,3.2));
#11550 = DIRECTION('',(0.,-0.707106781187,0.707106781187));
#11551 = DIRECTION('',(0.,0.707106781187,0.707106781187));
#11552 = PCURVE('',#7597,#11553);
#11553 = DEFINITIONAL_REPRESENTATION('',(#11554),#11563);
#11554 = B_SPLINE_CURVE_WITH_KNOTS('',7,(#11555,#11556,#11557,#11558,
    #11559,#11560,#11561,#11562),.UNSPECIFIED.,.F.,.F.,(8,8),(
    5.03021268431,6.28318530718),.PIECEWISE_BEZIER_KNOTS.);
#11555 = CARTESIAN_POINT('',(-0.317823703925,8.699999999998));
#11556 = CARTESIAN_POINT('',(-0.496819792907,8.836025251056));
#11557 = CARTESIAN_POINT('',(-0.675815881888,8.962705477038));
#11558 = CARTESIAN_POINT('',(-0.854811970869,9.07292343371));
#11559 = CARTESIAN_POINT('',(-1.033808059851,9.16028991606));
#11560 = CARTESIAN_POINT('',(-1.212804148832,9.220096221521));
#11561 = CARTESIAN_POINT('',(-1.391800237814,9.25));
#11562 = CARTESIAN_POINT('',(-1.570796326795,9.25));
#11563 = ( GEOMETRIC_REPRESENTATION_CONTEXT(2) 
PARAMETRIC_REPRESENTATION_CONTEXT() REPRESENTATION_CONTEXT('2D SPACE',''
  ) );
#11564 = PCURVE('',#11565,#11570);
#11565 = PLANE('',#11566);
#11566 = AXIS2_PLACEMENT_3D('',#11567,#11568,#11569);
#11567 = CARTESIAN_POINT('',(-100.8,-25.,3.5));
#11568 = DIRECTION('',(0.,-0.707106781187,0.707106781187));
#11569 = DIRECTION('',(1.,0.,0.));
#11570 = DEFINITIONAL_REPRESENTATION('',(#11571),#11575);
#11571 = ELLIPSE('',#11572,1.131370849898,0.8);
#11572 = AXIS2_PLACEMENT_2D('',#11573,#11574);
#11573 = CARTESIAN_POINT('',(199.8,-0.424264068712));
#11574 = DIRECTION('',(0.,1.));
#11575 = ( GEOMETRIC_REPRESENTATION_CONTEXT(2) 
PARAMETRIC_REPRESENTATION_CONTEXT() REPRESENTATION_CONTEXT('2D SPACE',''
  ) );
#11576 = ORIENTED_EDGE('',*,*,#11577,.T.);
#11577 = EDGE_CURVE('',#11544,#11425,#11578,.T.);
#11578 = SURFACE_CURVE('',#11579,(#11583,#11590),.PCURVE_S1.);
#11579 = LINE('',#11580,#11581);
#11580 = CARTESIAN_POINT('',(99.,-33.75,4.));
#11581 = VECTOR('',#11582,1.);
#11582 = DIRECTION('',(-0.,1.,0.));
#11583 = PCURVE('',#7597,#11584);
#11584 = DEFINITIONAL_REPRESENTATION('',(#11585),#11589);
#11585 = LINE('',#11586,#11587);
#11586 = CARTESIAN_POINT('',(-1.570796326795,0.));
#11587 = VECTOR('',#11588,1.);
#11588 = DIRECTION('',(-0.,1.));
#11589 = ( GEOMETRIC_REPRESENTATION_CONTEXT(2) 
PARAMETRIC_REPRESENTATION_CONTEXT() REPRESENTATION_CONTEXT('2D SPACE',''
  ) );
#11590 = PCURVE('',#10881,#11591);
#11591 = DEFINITIONAL_REPRESENTATION('',(#11592),#11596);
#11592 = LINE('',#11593,#11594);
#11593 = CARTESIAN_POINT('',(99.,-33.75));
#11594 = VECTOR('',#11595,1.);
#11595 = DIRECTION('',(0.,1.));
#11596 = ( GEOMETRIC_REPRESENTATION_CONTEXT(2) 
PARAMETRIC_REPRESENTATION_CONTEXT() REPRESENTATION_CONTEXT('2D SPACE',''
  ) );
#11597 = ORIENTED_EDGE('',*,*,#11424,.F.);
#11598 = ADVANCED_FACE('',(#11599),#7760,.T.);
#11599 = FACE_BOUND('',#11600,.T.);
#11600 = EDGE_LOOP('',(#11601,#11602,#11603,#11631));
#11601 = ORIENTED_EDGE('',*,*,#7744,.F.);
#11602 = ORIENTED_EDGE('',*,*,#7999,.T.);
#11603 = ORIENTED_EDGE('',*,*,#11604,.T.);
#11604 = EDGE_CURVE('',#5401,#11605,#11607,.T.);
#11605 = VERTEX_POINT('',#11606);
#11606 = CARTESIAN_POINT('',(-50.,25.,3.5));
#11607 = SURFACE_CURVE('',#11608,(#11612,#11619),.PCURVE_S1.);
#11608 = LINE('',#11609,#11610);
#11609 = CARTESIAN_POINT('',(-50.,-75.8,3.5));
#11610 = VECTOR('',#11611,1.);
#11611 = DIRECTION('',(0.,1.,0.));
#11612 = PCURVE('',#7760,#11613);
#11613 = DEFINITIONAL_REPRESENTATION('',(#11614),#11618);
#11614 = LINE('',#11615,#11616);
#11615 = CARTESIAN_POINT('',(0.707106781187,0.));
#11616 = VECTOR('',#11617,1.);
#11617 = DIRECTION('',(0.,1.));
#11618 = ( GEOMETRIC_REPRESENTATION_CONTEXT(2) 
PARAMETRIC_REPRESENTATION_CONTEXT() REPRESENTATION_CONTEXT('2D SPACE',''
  ) );
#11619 = PCURVE('',#11620,#11625);
#11620 = PLANE('',#11621);
#11621 = AXIS2_PLACEMENT_3D('',#11622,#11623,#11624);
#11622 = CARTESIAN_POINT('',(-50.,-75.8,3.5));
#11623 = DIRECTION('',(0.707106781187,0.,-0.707106781187));
#11624 = DIRECTION('',(0.707106781187,0.,0.707106781187));
#11625 = DEFINITIONAL_REPRESENTATION('',(#11626),#11630);
#11626 = LINE('',#11627,#11628);
#11627 = CARTESIAN_POINT('',(0.,0.));
#11628 = VECTOR('',#11629,1.);
#11629 = DIRECTION('',(0.,-1.));
#11630 = ( GEOMETRIC_REPRESENTATION_CONTEXT(2) 
PARAMETRIC_REPRESENTATION_CONTEXT() REPRESENTATION_CONTEXT('2D SPACE',''
  ) );
#11631 = ORIENTED_EDGE('',*,*,#11632,.T.);
#11632 = EDGE_CURVE('',#11605,#7745,#11633,.T.);
#11633 = SURFACE_CURVE('',#11634,(#11638,#11644),.PCURVE_S1.);
#11634 = LINE('',#11635,#11636);
#11635 = CARTESIAN_POINT('',(-75.43333333333,-0.433333333333,
    28.933333333333));
#11636 = VECTOR('',#11637,1.);
#11637 = DIRECTION('',(-0.57735026919,-0.57735026919,0.57735026919));
#11638 = PCURVE('',#7760,#11639);
#11639 = DEFINITIONAL_REPRESENTATION('',(#11640),#11643);
#11640 = B_SPLINE_CURVE_WITH_KNOTS('',1,(#11641,#11642),.UNSPECIFIED.,
  .F.,.F.,(2,2),(-44.05182553916,-43.18580013538),
  .PIECEWISE_BEZIER_KNOTS.);
#11641 = CARTESIAN_POINT('',(0.707106781187,100.8));
#11642 = CARTESIAN_POINT('',(-3.227002080432E-15,100.3));
#11643 = ( GEOMETRIC_REPRESENTATION_CONTEXT(2) 
PARAMETRIC_REPRESENTATION_CONTEXT() REPRESENTATION_CONTEXT('2D SPACE',''
  ) );
#11644 = PCURVE('',#7788,#11645);
#11645 = DEFINITIONAL_REPRESENTATION('',(#11646),#11649);
#11646 = B_SPLINE_CURVE_WITH_KNOTS('',1,(#11647,#11648),.UNSPECIFIED.,
  .F.,.F.,(2,2),(-44.05182553916,-43.18580013538),
  .PIECEWISE_BEZIER_KNOTS.);
#11647 = CARTESIAN_POINT('',(-8.897264802277E-15,50.8));
#11648 = CARTESIAN_POINT('',(0.707106781187,50.3));
#11649 = ( GEOMETRIC_REPRESENTATION_CONTEXT(2) 
PARAMETRIC_REPRESENTATION_CONTEXT() REPRESENTATION_CONTEXT('2D SPACE',''
  ) );
#11650 = ADVANCED_FACE('',(#11651),#7788,.T.);
#11651 = FACE_BOUND('',#11652,.T.);
#11652 = EDGE_LOOP('',(#11653,#11654,#11675,#11676));
#11653 = ORIENTED_EDGE('',*,*,#11632,.F.);
#11654 = ORIENTED_EDGE('',*,*,#11655,.F.);
#11655 = EDGE_CURVE('',#8764,#11605,#11656,.T.);
#11656 = SURFACE_CURVE('',#11657,(#11661,#11668),.PCURVE_S1.);
#11657 = LINE('',#11658,#11659);
#11658 = CARTESIAN_POINT('',(-100.8,25.,3.5));
#11659 = VECTOR('',#11660,1.);
#11660 = DIRECTION('',(1.,0.,0.));
#11661 = PCURVE('',#7788,#11662);
#11662 = DEFINITIONAL_REPRESENTATION('',(#11663),#11667);
#11663 = LINE('',#11664,#11665);
#11664 = CARTESIAN_POINT('',(0.,0.));
#11665 = VECTOR('',#11666,1.);
#11666 = DIRECTION('',(0.,1.));
#11667 = ( GEOMETRIC_REPRESENTATION_CONTEXT(2) 
PARAMETRIC_REPRESENTATION_CONTEXT() REPRESENTATION_CONTEXT('2D SPACE',''
  ) );
#11668 = PCURVE('',#8814,#11669);
#11669 = DEFINITIONAL_REPRESENTATION('',(#11670),#11674);
#11670 = LINE('',#11671,#11672);
#11671 = CARTESIAN_POINT('',(0.,0.));
#11672 = VECTOR('',#11673,1.);
#11673 = DIRECTION('',(1.,0.));
#11674 = ( GEOMETRIC_REPRESENTATION_CONTEXT(2) 
PARAMETRIC_REPRESENTATION_CONTEXT() REPRESENTATION_CONTEXT('2D SPACE',''
  ) );
#11675 = ORIENTED_EDGE('',*,*,#8763,.T.);
#11676 = ORIENTED_EDGE('',*,*,#7772,.T.);
#11677 = ADVANCED_FACE('',(#11678),#7888,.T.);
#11678 = FACE_BOUND('',#11679,.T.);
#11679 = EDGE_LOOP('',(#11680,#11703,#11730,#11731));
#11680 = ORIENTED_EDGE('',*,*,#11681,.T.);
#11681 = EDGE_CURVE('',#7872,#11682,#11684,.T.);
#11682 = VERTEX_POINT('',#11683);
#11683 = CARTESIAN_POINT('',(-73.4,-21.5,5.3));
#11684 = SEAM_CURVE('',#11685,(#11689,#11696),.PCURVE_S1.);
#11685 = LINE('',#11686,#11687);
#11686 = CARTESIAN_POINT('',(-73.4,-21.5,4.));
#11687 = VECTOR('',#11688,1.);
#11688 = DIRECTION('',(0.,0.,1.));
#11689 = PCURVE('',#7888,#11690);
#11690 = DEFINITIONAL_REPRESENTATION('',(#11691),#11695);
#11691 = LINE('',#11692,#11693);
#11692 = CARTESIAN_POINT('',(6.28318530718,-0.));
#11693 = VECTOR('',#11694,1.);
#11694 = DIRECTION('',(0.,1.));
#11695 = ( GEOMETRIC_REPRESENTATION_CONTEXT(2) 
PARAMETRIC_REPRESENTATION_CONTEXT() REPRESENTATION_CONTEXT('2D SPACE',''
  ) );
#11696 = PCURVE('',#7888,#11697);
#11697 = DEFINITIONAL_REPRESENTATION('',(#11698),#11702);
#11698 = LINE('',#11699,#11700);
#11699 = CARTESIAN_POINT('',(0.,-0.));
#11700 = VECTOR('',#11701,1.);
#11701 = DIRECTION('',(0.,1.));
#11702 = ( GEOMETRIC_REPRESENTATION_CONTEXT(2) 
PARAMETRIC_REPRESENTATION_CONTEXT() REPRESENTATION_CONTEXT('2D SPACE',''
  ) );
#11703 = ORIENTED_EDGE('',*,*,#11704,.F.);
#11704 = EDGE_CURVE('',#11682,#11682,#11705,.T.);
#11705 = SURFACE_CURVE('',#11706,(#11711,#11718),.PCURVE_S1.);
#11706 = CIRCLE('',#11707,1.6);
#11707 = AXIS2_PLACEMENT_3D('',#11708,#11709,#11710);
#11708 = CARTESIAN_POINT('',(-75.,-21.5,5.3));
#11709 = DIRECTION('',(0.,0.,1.));
#11710 = DIRECTION('',(1.,0.,-0.));
#11711 = PCURVE('',#7888,#11712);
#11712 = DEFINITIONAL_REPRESENTATION('',(#11713),#11717);
#11713 = LINE('',#11714,#11715);
#11714 = CARTESIAN_POINT('',(0.,1.3));
#11715 = VECTOR('',#11716,1.);
#11716 = DIRECTION('',(1.,0.));
#11717 = ( GEOMETRIC_REPRESENTATION_CONTEXT(2) 
PARAMETRIC_REPRESENTATION_CONTEXT() REPRESENTATION_CONTEXT('2D SPACE',''
  ) );
#11718 = PCURVE('',#11719,#11724);
#11719 = CONICAL_SURFACE('',#11720,1.6,0.785398163397);
#11720 = AXIS2_PLACEMENT_3D('',#11721,#11722,#11723);
#11721 = CARTESIAN_POINT('',(-75.,-21.5,5.3));
#11722 = DIRECTION('',(-0.,-0.,-1.));
#11723 = DIRECTION('',(1.,0.,0.));
#11724 = DEFINITIONAL_REPRESENTATION('',(#11725),#11729);
#11725 = LINE('',#11726,#11727);
#11726 = CARTESIAN_POINT('',(-0.,-0.));
#11727 = VECTOR('',#11728,1.);
#11728 = DIRECTION('',(-1.,-0.));
#11729 = ( GEOMETRIC_REPRESENTATION_CONTEXT(2) 
PARAMETRIC_REPRESENTATION_CONTEXT() REPRESENTATION_CONTEXT('2D SPACE',''
  ) );
#11730 = ORIENTED_EDGE('',*,*,#11681,.F.);
#11731 = ORIENTED_EDGE('',*,*,#7871,.T.);
#11732 = ADVANCED_FACE('',(#11733),#7919,.T.);
#11733 = FACE_BOUND('',#11734,.T.);
#11734 = EDGE_LOOP('',(#11735,#11758,#11785,#11786));
#11735 = ORIENTED_EDGE('',*,*,#11736,.T.);
#11736 = EDGE_CURVE('',#7903,#11737,#11739,.T.);
#11737 = VERTEX_POINT('',#11738);
#11738 = CARTESIAN_POINT('',(-94.9,0.,5.3));
#11739 = SEAM_CURVE('',#11740,(#11744,#11751),.PCURVE_S1.);
#11740 = LINE('',#11741,#11742);
#11741 = CARTESIAN_POINT('',(-94.9,-3.918869757272E-16,4.));
#11742 = VECTOR('',#11743,1.);
#11743 = DIRECTION('',(0.,0.,1.));
#11744 = PCURVE('',#7919,#11745);
#11745 = DEFINITIONAL_REPRESENTATION('',(#11746),#11750);
#11746 = LINE('',#11747,#11748);
#11747 = CARTESIAN_POINT('',(6.28318530718,-0.));
#11748 = VECTOR('',#11749,1.);
#11749 = DIRECTION('',(0.,1.));
#11750 = ( GEOMETRIC_REPRESENTATION_CONTEXT(2) 
PARAMETRIC_REPRESENTATION_CONTEXT() REPRESENTATION_CONTEXT('2D SPACE',''
  ) );
#11751 = PCURVE('',#7919,#11752);
#11752 = DEFINITIONAL_REPRESENTATION('',(#11753),#11757);
#11753 = LINE('',#11754,#11755);
#11754 = CARTESIAN_POINT('',(0.,-0.));
#11755 = VECTOR('',#11756,1.);
#11756 = DIRECTION('',(0.,1.));
#11757 = ( GEOMETRIC_REPRESENTATION_CONTEXT(2) 
PARAMETRIC_REPRESENTATION_CONTEXT() REPRESENTATION_CONTEXT('2D SPACE',''
  ) );
#11758 = ORIENTED_EDGE('',*,*,#11759,.F.);
#11759 = EDGE_CURVE('',#11737,#11737,#11760,.T.);
#11760 = SURFACE_CURVE('',#11761,(#11766,#11773),.PCURVE_S1.);
#11761 = CIRCLE('',#11762,1.6);
#11762 = AXIS2_PLACEMENT_3D('',#11763,#11764,#11765);
#11763 = CARTESIAN_POINT('',(-96.5,0.,5.3));
#11764 = DIRECTION('',(0.,0.,1.));
#11765 = DIRECTION('',(1.,0.,-0.));
#11766 = PCURVE('',#7919,#11767);
#11767 = DEFINITIONAL_REPRESENTATION('',(#11768),#11772);
#11768 = LINE('',#11769,#11770);
#11769 = CARTESIAN_POINT('',(0.,1.3));
#11770 = VECTOR('',#11771,1.);
#11771 = DIRECTION('',(1.,0.));
#11772 = ( GEOMETRIC_REPRESENTATION_CONTEXT(2) 
PARAMETRIC_REPRESENTATION_CONTEXT() REPRESENTATION_CONTEXT('2D SPACE',''
  ) );
#11773 = PCURVE('',#11774,#11779);
#11774 = CONICAL_SURFACE('',#11775,1.6,0.785398163397);
#11775 = AXIS2_PLACEMENT_3D('',#11776,#11777,#11778);
#11776 = CARTESIAN_POINT('',(-96.5,0.,5.3));
#11777 = DIRECTION('',(-0.,-0.,-1.));
#11778 = DIRECTION('',(1.,0.,0.));
#11779 = DEFINITIONAL_REPRESENTATION('',(#11780),#11784);
#11780 = LINE('',#11781,#11782);
#11781 = CARTESIAN_POINT('',(-0.,-0.));
#11782 = VECTOR('',#11783,1.);
#11783 = DIRECTION('',(-1.,-0.));
#11784 = ( GEOMETRIC_REPRESENTATION_CONTEXT(2) 
PARAMETRIC_REPRESENTATION_CONTEXT() REPRESENTATION_CONTEXT('2D SPACE',''
  ) );
#11785 = ORIENTED_EDGE('',*,*,#11736,.F.);
#11786 = ORIENTED_EDGE('',*,*,#7902,.T.);
#11787 = ADVANCED_FACE('',(#11788),#7950,.T.);
#11788 = FACE_BOUND('',#11789,.T.);
#11789 = EDGE_LOOP('',(#11790,#11813,#11840,#11841));
#11790 = ORIENTED_EDGE('',*,*,#11791,.T.);
#11791 = EDGE_CURVE('',#7934,#11792,#11794,.T.);
#11792 = VERTEX_POINT('',#11793);
#11793 = CARTESIAN_POINT('',(-73.4,21.5,5.3));
#11794 = SEAM_CURVE('',#11795,(#11799,#11806),.PCURVE_S1.);
#11795 = LINE('',#11796,#11797);
#11796 = CARTESIAN_POINT('',(-73.4,21.5,4.));
#11797 = VECTOR('',#11798,1.);
#11798 = DIRECTION('',(0.,0.,1.));
#11799 = PCURVE('',#7950,#11800);
#11800 = DEFINITIONAL_REPRESENTATION('',(#11801),#11805);
#11801 = LINE('',#11802,#11803);
#11802 = CARTESIAN_POINT('',(6.28318530718,-0.));
#11803 = VECTOR('',#11804,1.);
#11804 = DIRECTION('',(0.,1.));
#11805 = ( GEOMETRIC_REPRESENTATION_CONTEXT(2) 
PARAMETRIC_REPRESENTATION_CONTEXT() REPRESENTATION_CONTEXT('2D SPACE',''
  ) );
#11806 = PCURVE('',#7950,#11807);
#11807 = DEFINITIONAL_REPRESENTATION('',(#11808),#11812);
#11808 = LINE('',#11809,#11810);
#11809 = CARTESIAN_POINT('',(0.,-0.));
#11810 = VECTOR('',#11811,1.);
#11811 = DIRECTION('',(0.,1.));
#11812 = ( GEOMETRIC_REPRESENTATION_CONTEXT(2) 
PARAMETRIC_REPRESENTATION_CONTEXT() REPRESENTATION_CONTEXT('2D SPACE',''
  ) );
#11813 = ORIENTED_EDGE('',*,*,#11814,.F.);
#11814 = EDGE_CURVE('',#11792,#11792,#11815,.T.);
#11815 = SURFACE_CURVE('',#11816,(#11821,#11828),.PCURVE_S1.);
#11816 = CIRCLE('',#11817,1.6);
#11817 = AXIS2_PLACEMENT_3D('',#11818,#11819,#11820);
#11818 = CARTESIAN_POINT('',(-75.,21.5,5.3));
#11819 = DIRECTION('',(0.,0.,1.));
#11820 = DIRECTION('',(1.,0.,-0.));
#11821 = PCURVE('',#7950,#11822);
#11822 = DEFINITIONAL_REPRESENTATION('',(#11823),#11827);
#11823 = LINE('',#11824,#11825);
#11824 = CARTESIAN_POINT('',(0.,1.3));
#11825 = VECTOR('',#11826,1.);
#11826 = DIRECTION('',(1.,0.));
#11827 = ( GEOMETRIC_REPRESENTATION_CONTEXT(2) 
PARAMETRIC_REPRESENTATION_CONTEXT() REPRESENTATION_CONTEXT('2D SPACE',''
  ) );
#11828 = PCURVE('',#11829,#11834);
#11829 = CONICAL_SURFACE('',#11830,1.6,0.785398163397);
#11830 = AXIS2_PLACEMENT_3D('',#11831,#11832,#11833);
#11831 = CARTESIAN_POINT('',(-75.,21.5,5.3));
#11832 = DIRECTION('',(-0.,-0.,-1.));
#11833 = DIRECTION('',(1.,0.,0.));
#11834 = DEFINITIONAL_REPRESENTATION('',(#11835),#11839);
#11835 = LINE('',#11836,#11837);
#11836 = CARTESIAN_POINT('',(-0.,-0.));
#11837 = VECTOR('',#11838,1.);
#11838 = DIRECTION('',(-1.,-0.));
#11839 = ( GEOMETRIC_REPRESENTATION_CONTEXT(2) 
PARAMETRIC_REPRESENTATION_CONTEXT() REPRESENTATION_CONTEXT('2D SPACE',''
  ) );
#11840 = ORIENTED_EDGE('',*,*,#11791,.F.);
#11841 = ORIENTED_EDGE('',*,*,#7933,.T.);
#11842 = ADVANCED_FACE('',(#11843),#7981,.T.);
#11843 = FACE_BOUND('',#11844,.T.);
#11844 = EDGE_LOOP('',(#11845,#11868,#11895,#11896));
#11845 = ORIENTED_EDGE('',*,*,#11846,.T.);
#11846 = EDGE_CURVE('',#7965,#11847,#11849,.T.);
#11847 = VERTEX_POINT('',#11848);
#11848 = CARTESIAN_POINT('',(-51.9,0.,5.3));
#11849 = SEAM_CURVE('',#11850,(#11854,#11861),.PCURVE_S1.);
#11850 = LINE('',#11851,#11852);
#11851 = CARTESIAN_POINT('',(-51.9,-3.918869757272E-16,4.));
#11852 = VECTOR('',#11853,1.);
#11853 = DIRECTION('',(0.,0.,1.));
#11854 = PCURVE('',#7981,#11855);
#11855 = DEFINITIONAL_REPRESENTATION('',(#11856),#11860);
#11856 = LINE('',#11857,#11858);
#11857 = CARTESIAN_POINT('',(6.28318530718,-0.));
#11858 = VECTOR('',#11859,1.);
#11859 = DIRECTION('',(0.,1.));
#11860 = ( GEOMETRIC_REPRESENTATION_CONTEXT(2) 
PARAMETRIC_REPRESENTATION_CONTEXT() REPRESENTATION_CONTEXT('2D SPACE',''
  ) );
#11861 = PCURVE('',#7981,#11862);
#11862 = DEFINITIONAL_REPRESENTATION('',(#11863),#11867);
#11863 = LINE('',#11864,#11865);
#11864 = CARTESIAN_POINT('',(0.,-0.));
#11865 = VECTOR('',#11866,1.);
#11866 = DIRECTION('',(0.,1.));
#11867 = ( GEOMETRIC_REPRESENTATION_CONTEXT(2) 
PARAMETRIC_REPRESENTATION_CONTEXT() REPRESENTATION_CONTEXT('2D SPACE',''
  ) );
#11868 = ORIENTED_EDGE('',*,*,#11869,.F.);
#11869 = EDGE_CURVE('',#11847,#11847,#11870,.T.);
#11870 = SURFACE_CURVE('',#11871,(#11876,#11883),.PCURVE_S1.);
#11871 = CIRCLE('',#11872,1.6);
#11872 = AXIS2_PLACEMENT_3D('',#11873,#11874,#11875);
#11873 = CARTESIAN_POINT('',(-53.5,0.,5.3));
#11874 = DIRECTION('',(0.,0.,1.));
#11875 = DIRECTION('',(1.,0.,-0.));
#11876 = PCURVE('',#7981,#11877);
#11877 = DEFINITIONAL_REPRESENTATION('',(#11878),#11882);
#11878 = LINE('',#11879,#11880);
#11879 = CARTESIAN_POINT('',(0.,1.3));
#11880 = VECTOR('',#11881,1.);
#11881 = DIRECTION('',(1.,0.));
#11882 = ( GEOMETRIC_REPRESENTATION_CONTEXT(2) 
PARAMETRIC_REPRESENTATION_CONTEXT() REPRESENTATION_CONTEXT('2D SPACE',''
  ) );
#11883 = PCURVE('',#11884,#11889);
#11884 = CONICAL_SURFACE('',#11885,1.6,0.785398163397);
#11885 = AXIS2_PLACEMENT_3D('',#11886,#11887,#11888);
#11886 = CARTESIAN_POINT('',(-53.5,0.,5.3));
#11887 = DIRECTION('',(-0.,-0.,-1.));
#11888 = DIRECTION('',(1.,0.,0.));
#11889 = DEFINITIONAL_REPRESENTATION('',(#11890),#11894);
#11890 = LINE('',#11891,#11892);
#11891 = CARTESIAN_POINT('',(-0.,-0.));
#11892 = VECTOR('',#11893,1.);
#11893 = DIRECTION('',(-1.,-0.));
#11894 = ( GEOMETRIC_REPRESENTATION_CONTEXT(2) 
PARAMETRIC_REPRESENTATION_CONTEXT() REPRESENTATION_CONTEXT('2D SPACE',''
  ) );
#11895 = ORIENTED_EDGE('',*,*,#11846,.F.);
#11896 = ORIENTED_EDGE('',*,*,#7964,.T.);
#11897 = ADVANCED_FACE('',(#11898),#8264,.T.);
#11898 = FACE_BOUND('',#11899,.T.);
#11899 = EDGE_LOOP('',(#11900,#11928,#11929,#11930));
#11900 = ORIENTED_EDGE('',*,*,#11901,.F.);
#11901 = EDGE_CURVE('',#5401,#11902,#11904,.T.);
#11902 = VERTEX_POINT('',#11903);
#11903 = CARTESIAN_POINT('',(0.,-25.,3.5));
#11904 = SURFACE_CURVE('',#11905,(#11909,#11916),.PCURVE_S1.);
#11905 = LINE('',#11906,#11907);
#11906 = CARTESIAN_POINT('',(-100.8,-25.,3.5));
#11907 = VECTOR('',#11908,1.);
#11908 = DIRECTION('',(1.,0.,0.));
#11909 = PCURVE('',#8264,#11910);
#11910 = DEFINITIONAL_REPRESENTATION('',(#11911),#11915);
#11911 = LINE('',#11912,#11913);
#11912 = CARTESIAN_POINT('',(0.,0.));
#11913 = VECTOR('',#11914,1.);
#11914 = DIRECTION('',(0.,1.));
#11915 = ( GEOMETRIC_REPRESENTATION_CONTEXT(2) 
PARAMETRIC_REPRESENTATION_CONTEXT() REPRESENTATION_CONTEXT('2D SPACE',''
  ) );
#11916 = PCURVE('',#11917,#11922);
#11917 = PLANE('',#11918);
#11918 = AXIS2_PLACEMENT_3D('',#11919,#11920,#11921);
#11919 = CARTESIAN_POINT('',(-100.8,-25.,3.5));
#11920 = DIRECTION('',(0.,-0.707106781187,0.707106781187));
#11921 = DIRECTION('',(1.,0.,0.));
#11922 = DEFINITIONAL_REPRESENTATION('',(#11923),#11927);
#11923 = LINE('',#11924,#11925);
#11924 = CARTESIAN_POINT('',(0.,0.));
#11925 = VECTOR('',#11926,1.);
#11926 = DIRECTION('',(1.,0.));
#11927 = ( GEOMETRIC_REPRESENTATION_CONTEXT(2) 
PARAMETRIC_REPRESENTATION_CONTEXT() REPRESENTATION_CONTEXT('2D SPACE',''
  ) );
#11928 = ORIENTED_EDGE('',*,*,#8282,.T.);
#11929 = ORIENTED_EDGE('',*,*,#8250,.T.);
#11930 = ORIENTED_EDGE('',*,*,#11931,.F.);
#11931 = EDGE_CURVE('',#11902,#8223,#11932,.T.);
#11932 = SURFACE_CURVE('',#11933,(#11937,#11943),.PCURVE_S1.);
#11933 = LINE('',#11934,#11935);
#11934 = CARTESIAN_POINT('',(-25.43333333333,-50.43333333333,
    28.933333333333));
#11935 = VECTOR('',#11936,1.);
#11936 = DIRECTION('',(-0.57735026919,-0.57735026919,0.57735026919));
#11937 = PCURVE('',#8264,#11938);
#11938 = DEFINITIONAL_REPRESENTATION('',(#11939),#11942);
#11939 = B_SPLINE_CURVE_WITH_KNOTS('',1,(#11940,#11941),.UNSPECIFIED.,
  .F.,.F.,(2,2),(-44.05182553916,-43.18580013538),
  .PIECEWISE_BEZIER_KNOTS.);
#11940 = CARTESIAN_POINT('',(-8.897264802277E-15,100.8));
#11941 = CARTESIAN_POINT('',(0.707106781187,100.3));
#11942 = ( GEOMETRIC_REPRESENTATION_CONTEXT(2) 
PARAMETRIC_REPRESENTATION_CONTEXT() REPRESENTATION_CONTEXT('2D SPACE',''
  ) );
#11943 = PCURVE('',#8238,#11944);
#11944 = DEFINITIONAL_REPRESENTATION('',(#11945),#11948);
#11945 = B_SPLINE_CURVE_WITH_KNOTS('',1,(#11946,#11947),.UNSPECIFIED.,
  .F.,.F.,(2,2),(-44.05182553916,-43.18580013538),
  .PIECEWISE_BEZIER_KNOTS.);
#11946 = CARTESIAN_POINT('',(0.707106781187,50.8));
#11947 = CARTESIAN_POINT('',(-1.923131866342E-15,50.3));
#11948 = ( GEOMETRIC_REPRESENTATION_CONTEXT(2) 
PARAMETRIC_REPRESENTATION_CONTEXT() REPRESENTATION_CONTEXT('2D SPACE',''
  ) );
#11949 = ADVANCED_FACE('',(#11950),#8238,.T.);
#11950 = FACE_BOUND('',#11951,.T.);
#11951 = EDGE_LOOP('',(#11952,#11953,#11954,#11975));
#11952 = ORIENTED_EDGE('',*,*,#8222,.F.);
#11953 = ORIENTED_EDGE('',*,*,#8892,.T.);
#11954 = ORIENTED_EDGE('',*,*,#11955,.T.);
#11955 = EDGE_CURVE('',#8893,#11902,#11956,.T.);
#11956 = SURFACE_CURVE('',#11957,(#11961,#11968),.PCURVE_S1.);
#11957 = LINE('',#11958,#11959);
#11958 = CARTESIAN_POINT('',(0.,-75.8,3.5));
#11959 = VECTOR('',#11960,1.);
#11960 = DIRECTION('',(0.,1.,0.));
#11961 = PCURVE('',#8238,#11962);
#11962 = DEFINITIONAL_REPRESENTATION('',(#11963),#11967);
#11963 = LINE('',#11964,#11965);
#11964 = CARTESIAN_POINT('',(0.707106781187,0.));
#11965 = VECTOR('',#11966,1.);
#11966 = DIRECTION('',(0.,1.));
#11967 = ( GEOMETRIC_REPRESENTATION_CONTEXT(2) 
PARAMETRIC_REPRESENTATION_CONTEXT() REPRESENTATION_CONTEXT('2D SPACE',''
  ) );
#11968 = PCURVE('',#8943,#11969);
#11969 = DEFINITIONAL_REPRESENTATION('',(#11970),#11974);
#11970 = LINE('',#11971,#11972);
#11971 = CARTESIAN_POINT('',(0.,0.));
#11972 = VECTOR('',#11973,1.);
#11973 = DIRECTION('',(0.,-1.));
#11974 = ( GEOMETRIC_REPRESENTATION_CONTEXT(2) 
PARAMETRIC_REPRESENTATION_CONTEXT() REPRESENTATION_CONTEXT('2D SPACE',''
  ) );
#11975 = ORIENTED_EDGE('',*,*,#11931,.T.);
#11976 = ADVANCED_FACE('',(#11977),#8342,.T.);
#11977 = FACE_BOUND('',#11978,.T.);
#11978 = EDGE_LOOP('',(#11979));
#11979 = ORIENTED_EDGE('',*,*,#8327,.T.);
#11980 = ADVANCED_FACE('',(#11981),#8395,.T.);
#11981 = FACE_BOUND('',#11982,.T.);
#11982 = EDGE_LOOP('',(#11983));
#11983 = ORIENTED_EDGE('',*,*,#8380,.T.);
#11984 = ADVANCED_FACE('',(#11985),#8448,.T.);
#11985 = FACE_BOUND('',#11986,.T.);
#11986 = EDGE_LOOP('',(#11987));
#11987 = ORIENTED_EDGE('',*,*,#8433,.T.);
#11988 = ADVANCED_FACE('',(#11989),#8501,.T.);
#11989 = FACE_BOUND('',#11990,.T.);
#11990 = EDGE_LOOP('',(#11991));
#11991 = ORIENTED_EDGE('',*,*,#8486,.T.);
#11992 = ADVANCED_FACE('',(#11993,#12045,#12076,#12107,#12138),#8842,.T.
  );
#11993 = FACE_BOUND('',#11994,.T.);
#11994 = EDGE_LOOP('',(#11995,#12018,#12039,#12040,#12041,#12042,#12043,
    #12044));
#11995 = ORIENTED_EDGE('',*,*,#11996,.T.);
#11996 = EDGE_CURVE('',#8793,#11997,#11999,.T.);
#11997 = VERTEX_POINT('',#11998);
#11998 = CARTESIAN_POINT('',(-50.5,25.5,4.));
#11999 = SURFACE_CURVE('',#12000,(#12004,#12011),.PCURVE_S1.);
#12000 = LINE('',#12001,#12002);
#12001 = CARTESIAN_POINT('',(-100.8,25.5,4.));
#12002 = VECTOR('',#12003,1.);
#12003 = DIRECTION('',(1.,0.,0.));
#12004 = PCURVE('',#8842,#12005);
#12005 = DEFINITIONAL_REPRESENTATION('',(#12006),#12010);
#12006 = LINE('',#12007,#12008);
#12007 = CARTESIAN_POINT('',(-100.8,25.5));
#12008 = VECTOR('',#12009,1.);
#12009 = DIRECTION('',(1.,0.));
#12010 = ( GEOMETRIC_REPRESENTATION_CONTEXT(2) 
PARAMETRIC_REPRESENTATION_CONTEXT() REPRESENTATION_CONTEXT('2D SPACE',''
  ) );
#12011 = PCURVE('',#8814,#12012);
#12012 = DEFINITIONAL_REPRESENTATION('',(#12013),#12017);
#12013 = LINE('',#12014,#12015);
#12014 = CARTESIAN_POINT('',(0.,0.707106781187));
#12015 = VECTOR('',#12016,1.);
#12016 = DIRECTION('',(1.,0.));
#12017 = ( GEOMETRIC_REPRESENTATION_CONTEXT(2) 
PARAMETRIC_REPRESENTATION_CONTEXT() REPRESENTATION_CONTEXT('2D SPACE',''
  ) );
#12018 = ORIENTED_EDGE('',*,*,#12019,.T.);
#12019 = EDGE_CURVE('',#11997,#9783,#12020,.T.);
#12020 = SURFACE_CURVE('',#12021,(#12025,#12032),.PCURVE_S1.);
#12021 = LINE('',#12022,#12023);
#12022 = CARTESIAN_POINT('',(-50.5,-75.8,4.));
#12023 = VECTOR('',#12024,1.);
#12024 = DIRECTION('',(0.,1.,0.));
#12025 = PCURVE('',#8842,#12026);
#12026 = DEFINITIONAL_REPRESENTATION('',(#12027),#12031);
#12027 = LINE('',#12028,#12029);
#12028 = CARTESIAN_POINT('',(-50.5,-75.8));
#12029 = VECTOR('',#12030,1.);
#12030 = DIRECTION('',(0.,1.));
#12031 = ( GEOMETRIC_REPRESENTATION_CONTEXT(2) 
PARAMETRIC_REPRESENTATION_CONTEXT() REPRESENTATION_CONTEXT('2D SPACE',''
  ) );
#12032 = PCURVE('',#9827,#12033);
#12033 = DEFINITIONAL_REPRESENTATION('',(#12034),#12038);
#12034 = LINE('',#12035,#12036);
#12035 = CARTESIAN_POINT('',(0.,0.));
#12036 = VECTOR('',#12037,1.);
#12037 = DIRECTION('',(0.,1.));
#12038 = ( GEOMETRIC_REPRESENTATION_CONTEXT(2) 
PARAMETRIC_REPRESENTATION_CONTEXT() REPRESENTATION_CONTEXT('2D SPACE',''
  ) );
#12039 = ORIENTED_EDGE('',*,*,#9782,.F.);
#12040 = ORIENTED_EDGE('',*,*,#9565,.F.);
#12041 = ORIENTED_EDGE('',*,*,#9478,.T.);
#12042 = ORIENTED_EDGE('',*,*,#9312,.F.);
#12043 = ORIENTED_EDGE('',*,*,#9019,.F.);
#12044 = ORIENTED_EDGE('',*,*,#8826,.F.);
#12045 = FACE_BOUND('',#12046,.T.);
#12046 = EDGE_LOOP('',(#12047));
#12047 = ORIENTED_EDGE('',*,*,#12048,.F.);
#12048 = EDGE_CURVE('',#12049,#12049,#12051,.T.);
#12049 = VERTEX_POINT('',#12050);
#12050 = CARTESIAN_POINT('',(-73.4,28.5,4.));
#12051 = SURFACE_CURVE('',#12052,(#12057,#12064),.PCURVE_S1.);
#12052 = CIRCLE('',#12053,1.6);
#12053 = AXIS2_PLACEMENT_3D('',#12054,#12055,#12056);
#12054 = CARTESIAN_POINT('',(-75.,28.5,4.));
#12055 = DIRECTION('',(0.,0.,1.));
#12056 = DIRECTION('',(1.,0.,-0.));
#12057 = PCURVE('',#8842,#12058);
#12058 = DEFINITIONAL_REPRESENTATION('',(#12059),#12063);
#12059 = CIRCLE('',#12060,1.6);
#12060 = AXIS2_PLACEMENT_2D('',#12061,#12062);
#12061 = CARTESIAN_POINT('',(-75.,28.5));
#12062 = DIRECTION('',(1.,0.));
#12063 = ( GEOMETRIC_REPRESENTATION_CONTEXT(2) 
PARAMETRIC_REPRESENTATION_CONTEXT() REPRESENTATION_CONTEXT('2D SPACE',''
  ) );
#12064 = PCURVE('',#12065,#12070);
#12065 = CYLINDRICAL_SURFACE('',#12066,1.6);
#12066 = AXIS2_PLACEMENT_3D('',#12067,#12068,#12069);
#12067 = CARTESIAN_POINT('',(-75.,28.5,4.));
#12068 = DIRECTION('',(0.,0.,1.));
#12069 = DIRECTION('',(1.,0.,-0.));
#12070 = DEFINITIONAL_REPRESENTATION('',(#12071),#12075);
#12071 = LINE('',#12072,#12073);
#12072 = CARTESIAN_POINT('',(0.,0.));
#12073 = VECTOR('',#12074,1.);
#12074 = DIRECTION('',(1.,0.));
#12075 = ( GEOMETRIC_REPRESENTATION_CONTEXT(2) 
PARAMETRIC_REPRESENTATION_CONTEXT() REPRESENTATION_CONTEXT('2D SPACE',''
  ) );
#12076 = FACE_BOUND('',#12077,.T.);
#12077 = EDGE_LOOP('',(#12078));
#12078 = ORIENTED_EDGE('',*,*,#12079,.F.);
#12079 = EDGE_CURVE('',#12080,#12080,#12082,.T.);
#12080 = VERTEX_POINT('',#12081);
#12081 = CARTESIAN_POINT('',(-94.9,50.,4.));
#12082 = SURFACE_CURVE('',#12083,(#12088,#12095),.PCURVE_S1.);
#12083 = CIRCLE('',#12084,1.6);
#12084 = AXIS2_PLACEMENT_3D('',#12085,#12086,#12087);
#12085 = CARTESIAN_POINT('',(-96.5,50.,4.));
#12086 = DIRECTION('',(0.,0.,1.));
#12087 = DIRECTION('',(1.,0.,-0.));
#12088 = PCURVE('',#8842,#12089);
#12089 = DEFINITIONAL_REPRESENTATION('',(#12090),#12094);
#12090 = CIRCLE('',#12091,1.6);
#12091 = AXIS2_PLACEMENT_2D('',#12092,#12093);
#12092 = CARTESIAN_POINT('',(-96.5,50.));
#12093 = DIRECTION('',(1.,0.));
#12094 = ( GEOMETRIC_REPRESENTATION_CONTEXT(2) 
PARAMETRIC_REPRESENTATION_CONTEXT() REPRESENTATION_CONTEXT('2D SPACE',''
  ) );
#12095 = PCURVE('',#12096,#12101);
#12096 = CYLINDRICAL_SURFACE('',#12097,1.6);
#12097 = AXIS2_PLACEMENT_3D('',#12098,#12099,#12100);
#12098 = CARTESIAN_POINT('',(-96.5,50.,4.));
#12099 = DIRECTION('',(0.,0.,1.));
#12100 = DIRECTION('',(1.,0.,-0.));
#12101 = DEFINITIONAL_REPRESENTATION('',(#12102),#12106);
#12102 = LINE('',#12103,#12104);
#12103 = CARTESIAN_POINT('',(0.,0.));
#12104 = VECTOR('',#12105,1.);
#12105 = DIRECTION('',(1.,0.));
#12106 = ( GEOMETRIC_REPRESENTATION_CONTEXT(2) 
PARAMETRIC_REPRESENTATION_CONTEXT() REPRESENTATION_CONTEXT('2D SPACE',''
  ) );
#12107 = FACE_BOUND('',#12108,.T.);
#12108 = EDGE_LOOP('',(#12109));
#12109 = ORIENTED_EDGE('',*,*,#12110,.F.);
#12110 = EDGE_CURVE('',#12111,#12111,#12113,.T.);
#12111 = VERTEX_POINT('',#12112);
#12112 = CARTESIAN_POINT('',(-73.4,71.5,4.));
#12113 = SURFACE_CURVE('',#12114,(#12119,#12126),.PCURVE_S1.);
#12114 = CIRCLE('',#12115,1.6);
#12115 = AXIS2_PLACEMENT_3D('',#12116,#12117,#12118);
#12116 = CARTESIAN_POINT('',(-75.,71.5,4.));
#12117 = DIRECTION('',(0.,0.,1.));
#12118 = DIRECTION('',(1.,0.,-0.));
#12119 = PCURVE('',#8842,#12120);
#12120 = DEFINITIONAL_REPRESENTATION('',(#12121),#12125);
#12121 = CIRCLE('',#12122,1.6);
#12122 = AXIS2_PLACEMENT_2D('',#12123,#12124);
#12123 = CARTESIAN_POINT('',(-75.,71.5));
#12124 = DIRECTION('',(1.,0.));
#12125 = ( GEOMETRIC_REPRESENTATION_CONTEXT(2) 
PARAMETRIC_REPRESENTATION_CONTEXT() REPRESENTATION_CONTEXT('2D SPACE',''
  ) );
#12126 = PCURVE('',#12127,#12132);
#12127 = CYLINDRICAL_SURFACE('',#12128,1.6);
#12128 = AXIS2_PLACEMENT_3D('',#12129,#12130,#12131);
#12129 = CARTESIAN_POINT('',(-75.,71.5,4.));
#12130 = DIRECTION('',(0.,0.,1.));
#12131 = DIRECTION('',(1.,0.,-0.));
#12132 = DEFINITIONAL_REPRESENTATION('',(#12133),#12137);
#12133 = LINE('',#12134,#12135);
#12134 = CARTESIAN_POINT('',(0.,0.));
#12135 = VECTOR('',#12136,1.);
#12136 = DIRECTION('',(1.,0.));
#12137 = ( GEOMETRIC_REPRESENTATION_CONTEXT(2) 
PARAMETRIC_REPRESENTATION_CONTEXT() REPRESENTATION_CONTEXT('2D SPACE',''
  ) );
#12138 = FACE_BOUND('',#12139,.T.);
#12139 = EDGE_LOOP('',(#12140));
#12140 = ORIENTED_EDGE('',*,*,#12141,.F.);
#12141 = EDGE_CURVE('',#12142,#12142,#12144,.T.);
#12142 = VERTEX_POINT('',#12143);
#12143 = CARTESIAN_POINT('',(-51.9,50.,4.));
#12144 = SURFACE_CURVE('',#12145,(#12150,#12157),.PCURVE_S1.);
#12145 = CIRCLE('',#12146,1.6);
#12146 = AXIS2_PLACEMENT_3D('',#12147,#12148,#12149);
#12147 = CARTESIAN_POINT('',(-53.5,50.,4.));
#12148 = DIRECTION('',(0.,0.,1.));
#12149 = DIRECTION('',(1.,0.,-0.));
#12150 = PCURVE('',#8842,#12151);
#12151 = DEFINITIONAL_REPRESENTATION('',(#12152),#12156);
#12152 = CIRCLE('',#12153,1.6);
#12153 = AXIS2_PLACEMENT_2D('',#12154,#12155);
#12154 = CARTESIAN_POINT('',(-53.5,50.));
#12155 = DIRECTION('',(1.,0.));
#12156 = ( GEOMETRIC_REPRESENTATION_CONTEXT(2) 
PARAMETRIC_REPRESENTATION_CONTEXT() REPRESENTATION_CONTEXT('2D SPACE',''
  ) );
#12157 = PCURVE('',#12158,#12163);
#12158 = CYLINDRICAL_SURFACE('',#12159,1.6);
#12159 = AXIS2_PLACEMENT_3D('',#12160,#12161,#12162);
#12160 = CARTESIAN_POINT('',(-53.5,50.,4.));
#12161 = DIRECTION('',(0.,0.,1.));
#12162 = DIRECTION('',(1.,0.,-0.));
#12163 = DEFINITIONAL_REPRESENTATION('',(#12164),#12168);
#12164 = LINE('',#12165,#12166);
#12165 = CARTESIAN_POINT('',(0.,0.));
#12166 = VECTOR('',#12167,1.);
#12167 = DIRECTION('',(1.,0.));
#12168 = ( GEOMETRIC_REPRESENTATION_CONTEXT(2) 
PARAMETRIC_REPRESENTATION_CONTEXT() REPRESENTATION_CONTEXT('2D SPACE',''
  ) );
#12169 = ADVANCED_FACE('',(#12170),#8814,.T.);
#12170 = FACE_BOUND('',#12171,.T.);
#12171 = EDGE_LOOP('',(#12172,#12173,#12174,#12175));
#12172 = ORIENTED_EDGE('',*,*,#11996,.F.);
#12173 = ORIENTED_EDGE('',*,*,#8792,.T.);
#12174 = ORIENTED_EDGE('',*,*,#11655,.T.);
#12175 = ORIENTED_EDGE('',*,*,#12176,.F.);
#12176 = EDGE_CURVE('',#11997,#11605,#12177,.T.);
#12177 = SURFACE_CURVE('',#12178,(#12182,#12188),.PCURVE_S1.);
#12178 = LINE('',#12179,#12180);
#12179 = CARTESIAN_POINT('',(-41.83333333333,16.833333333333,
    -4.666666666667));
#12180 = VECTOR('',#12181,1.);
#12181 = DIRECTION('',(0.57735026919,-0.57735026919,-0.57735026919));
#12182 = PCURVE('',#8814,#12183);
#12183 = DEFINITIONAL_REPRESENTATION('',(#12184),#12187);
#12184 = B_SPLINE_CURVE_WITH_KNOTS('',1,(#12185,#12186),.UNSPECIFIED.,
  .F.,.F.,(2,2),(-15.01110699893,-14.14508159514),
  .PIECEWISE_BEZIER_KNOTS.);
#12185 = CARTESIAN_POINT('',(50.3,0.707106781187));
#12186 = CARTESIAN_POINT('',(50.8,3.313606857471E-15));
#12187 = ( GEOMETRIC_REPRESENTATION_CONTEXT(2) 
PARAMETRIC_REPRESENTATION_CONTEXT() REPRESENTATION_CONTEXT('2D SPACE',''
  ) );
#12188 = PCURVE('',#9827,#12189);
#12189 = DEFINITIONAL_REPRESENTATION('',(#12190),#12193);
#12190 = B_SPLINE_CURVE_WITH_KNOTS('',1,(#12191,#12192),.UNSPECIFIED.,
  .F.,.F.,(2,2),(-15.01110699893,-14.14508159514),
  .PIECEWISE_BEZIER_KNOTS.);
#12191 = CARTESIAN_POINT('',(-2.84411072898E-15,101.3));
#12192 = CARTESIAN_POINT('',(0.707106781187,100.8));
#12193 = ( GEOMETRIC_REPRESENTATION_CONTEXT(2) 
PARAMETRIC_REPRESENTATION_CONTEXT() REPRESENTATION_CONTEXT('2D SPACE',''
  ) );
#12194 = ADVANCED_FACE('',(#12195),#8971,.T.);
#12195 = FACE_BOUND('',#12196,.T.);
#12196 = EDGE_LOOP('',(#12197,#12227,#12248,#12249,#12250,#12251,#12252,
    #12253));
#12197 = ORIENTED_EDGE('',*,*,#12198,.F.);
#12198 = EDGE_CURVE('',#12199,#12201,#12203,.T.);
#12199 = VERTEX_POINT('',#12200);
#12200 = CARTESIAN_POINT('',(0.5,-25.5,4.));
#12201 = VERTEX_POINT('',#12202);
#12202 = CARTESIAN_POINT('',(49.5,-25.5,4.));
#12203 = SURFACE_CURVE('',#12204,(#12208,#12215),.PCURVE_S1.);
#12204 = LINE('',#12205,#12206);
#12205 = CARTESIAN_POINT('',(-100.8,-25.5,4.));
#12206 = VECTOR('',#12207,1.);
#12207 = DIRECTION('',(1.,0.,0.));
#12208 = PCURVE('',#8971,#12209);
#12209 = DEFINITIONAL_REPRESENTATION('',(#12210),#12214);
#12210 = LINE('',#12211,#12212);
#12211 = CARTESIAN_POINT('',(-100.8,-25.5));
#12212 = VECTOR('',#12213,1.);
#12213 = DIRECTION('',(1.,0.));
#12214 = ( GEOMETRIC_REPRESENTATION_CONTEXT(2) 
PARAMETRIC_REPRESENTATION_CONTEXT() REPRESENTATION_CONTEXT('2D SPACE',''
  ) );
#12215 = PCURVE('',#12216,#12221);
#12216 = PLANE('',#12217);
#12217 = AXIS2_PLACEMENT_3D('',#12218,#12219,#12220);
#12218 = CARTESIAN_POINT('',(-100.8,-25.,3.5));
#12219 = DIRECTION('',(0.,0.707106781187,0.707106781187));
#12220 = DIRECTION('',(0.,-0.707106781187,0.707106781187));
#12221 = DEFINITIONAL_REPRESENTATION('',(#12222),#12226);
#12222 = LINE('',#12223,#12224);
#12223 = CARTESIAN_POINT('',(0.707106781187,0.));
#12224 = VECTOR('',#12225,1.);
#12225 = DIRECTION('',(0.,1.));
#12226 = ( GEOMETRIC_REPRESENTATION_CONTEXT(2) 
PARAMETRIC_REPRESENTATION_CONTEXT() REPRESENTATION_CONTEXT('2D SPACE',''
  ) );
#12227 = ORIENTED_EDGE('',*,*,#12228,.F.);
#12228 = EDGE_CURVE('',#8922,#12199,#12229,.T.);
#12229 = SURFACE_CURVE('',#12230,(#12234,#12241),.PCURVE_S1.);
#12230 = LINE('',#12231,#12232);
#12231 = CARTESIAN_POINT('',(0.5,-75.8,4.));
#12232 = VECTOR('',#12233,1.);
#12233 = DIRECTION('',(0.,1.,0.));
#12234 = PCURVE('',#8971,#12235);
#12235 = DEFINITIONAL_REPRESENTATION('',(#12236),#12240);
#12236 = LINE('',#12237,#12238);
#12237 = CARTESIAN_POINT('',(0.5,-75.8));
#12238 = VECTOR('',#12239,1.);
#12239 = DIRECTION('',(0.,1.));
#12240 = ( GEOMETRIC_REPRESENTATION_CONTEXT(2) 
PARAMETRIC_REPRESENTATION_CONTEXT() REPRESENTATION_CONTEXT('2D SPACE',''
  ) );
#12241 = PCURVE('',#8943,#12242);
#12242 = DEFINITIONAL_REPRESENTATION('',(#12243),#12247);
#12243 = LINE('',#12244,#12245);
#12244 = CARTESIAN_POINT('',(0.707106781187,0.));
#12245 = VECTOR('',#12246,1.);
#12246 = DIRECTION('',(0.,-1.));
#12247 = ( GEOMETRIC_REPRESENTATION_CONTEXT(2) 
PARAMETRIC_REPRESENTATION_CONTEXT() REPRESENTATION_CONTEXT('2D SPACE',''
  ) );
#12248 = ORIENTED_EDGE('',*,*,#8955,.T.);
#12249 = ORIENTED_EDGE('',*,*,#9125,.T.);
#12250 = ORIENTED_EDGE('',*,*,#9419,.F.);
#12251 = ORIENTED_EDGE('',*,*,#9538,.F.);
#12252 = ORIENTED_EDGE('',*,*,#9626,.T.);
#12253 = ORIENTED_EDGE('',*,*,#12254,.T.);
#12254 = EDGE_CURVE('',#9627,#12201,#12255,.T.);
#12255 = SURFACE_CURVE('',#12256,(#12260,#12267),.PCURVE_S1.);
#12256 = LINE('',#12257,#12258);
#12257 = CARTESIAN_POINT('',(49.5,-75.8,4.));
#12258 = VECTOR('',#12259,1.);
#12259 = DIRECTION('',(0.,1.,0.));
#12260 = PCURVE('',#8971,#12261);
#12261 = DEFINITIONAL_REPRESENTATION('',(#12262),#12266);
#12262 = LINE('',#12263,#12264);
#12263 = CARTESIAN_POINT('',(49.5,-75.8));
#12264 = VECTOR('',#12265,1.);
#12265 = DIRECTION('',(0.,1.));
#12266 = ( GEOMETRIC_REPRESENTATION_CONTEXT(2) 
PARAMETRIC_REPRESENTATION_CONTEXT() REPRESENTATION_CONTEXT('2D SPACE',''
  ) );
#12267 = PCURVE('',#9671,#12268);
#12268 = DEFINITIONAL_REPRESENTATION('',(#12269),#12273);
#12269 = LINE('',#12270,#12271);
#12270 = CARTESIAN_POINT('',(0.,0.));
#12271 = VECTOR('',#12272,1.);
#12272 = DIRECTION('',(0.,1.));
#12273 = ( GEOMETRIC_REPRESENTATION_CONTEXT(2) 
PARAMETRIC_REPRESENTATION_CONTEXT() REPRESENTATION_CONTEXT('2D SPACE',''
  ) );
#12274 = ADVANCED_FACE('',(#12275),#8943,.F.);
#12275 = FACE_BOUND('',#12276,.F.);
#12276 = EDGE_LOOP('',(#12277,#12278,#12279,#12280));
#12277 = ORIENTED_EDGE('',*,*,#12228,.F.);
#12278 = ORIENTED_EDGE('',*,*,#8921,.T.);
#12279 = ORIENTED_EDGE('',*,*,#11955,.T.);
#12280 = ORIENTED_EDGE('',*,*,#12281,.T.);
#12281 = EDGE_CURVE('',#11902,#12199,#12282,.T.);
#12282 = SURFACE_CURVE('',#12283,(#12287,#12293),.PCURVE_S1.);
#12283 = LINE('',#12284,#12285);
#12284 = CARTESIAN_POINT('',(-8.333333333333,-16.66666666666,
    -4.833333333333));
#12285 = VECTOR('',#12286,1.);
#12286 = DIRECTION('',(0.57735026919,-0.57735026919,0.57735026919));
#12287 = PCURVE('',#8943,#12288);
#12288 = DEFINITIONAL_REPRESENTATION('',(#12289),#12292);
#12289 = B_SPLINE_CURVE_WITH_KNOTS('',1,(#12290,#12291),.UNSPECIFIED.,
  .F.,.F.,(2,2),(14.433756729741,15.299782133525),
  .PIECEWISE_BEZIER_KNOTS.);
#12290 = CARTESIAN_POINT('',(-4.048330611567E-16,-50.8));
#12291 = CARTESIAN_POINT('',(0.707106781187,-50.3));
#12292 = ( GEOMETRIC_REPRESENTATION_CONTEXT(2) 
PARAMETRIC_REPRESENTATION_CONTEXT() REPRESENTATION_CONTEXT('2D SPACE',''
  ) );
#12293 = PCURVE('',#12216,#12294);
#12294 = DEFINITIONAL_REPRESENTATION('',(#12295),#12298);
#12295 = B_SPLINE_CURVE_WITH_KNOTS('',1,(#12296,#12297),.UNSPECIFIED.,
  .F.,.F.,(2,2),(14.433756729741,15.299782133525),
  .PIECEWISE_BEZIER_KNOTS.);
#12296 = CARTESIAN_POINT('',(-4.048330611567E-16,100.8));
#12297 = CARTESIAN_POINT('',(0.707106781187,101.3));
#12298 = ( GEOMETRIC_REPRESENTATION_CONTEXT(2) 
PARAMETRIC_REPRESENTATION_CONTEXT() REPRESENTATION_CONTEXT('2D SPACE',''
  ) );
#12299 = ADVANCED_FACE('',(#12300),#9733,.T.);
#12300 = FACE_BOUND('',#12301,.T.);
#12301 = EDGE_LOOP('',(#12302,#12325,#12346,#12347,#12348,#12349,#12350,
    #12351,#12352,#12353,#12354,#12355));
#12302 = ORIENTED_EDGE('',*,*,#12303,.F.);
#12303 = EDGE_CURVE('',#12304,#11487,#12306,.T.);
#12304 = VERTEX_POINT('',#12305);
#12305 = CARTESIAN_POINT('',(50.5,-25.5,4.));
#12306 = SURFACE_CURVE('',#12307,(#12311,#12318),.PCURVE_S1.);
#12307 = LINE('',#12308,#12309);
#12308 = CARTESIAN_POINT('',(-100.8,-25.5,4.));
#12309 = VECTOR('',#12310,1.);
#12310 = DIRECTION('',(1.,0.,0.));
#12311 = PCURVE('',#9733,#12312);
#12312 = DEFINITIONAL_REPRESENTATION('',(#12313),#12317);
#12313 = LINE('',#12314,#12315);
#12314 = CARTESIAN_POINT('',(-100.8,-25.5));
#12315 = VECTOR('',#12316,1.);
#12316 = DIRECTION('',(1.,0.));
#12317 = ( GEOMETRIC_REPRESENTATION_CONTEXT(2) 
PARAMETRIC_REPRESENTATION_CONTEXT() REPRESENTATION_CONTEXT('2D SPACE',''
  ) );
#12318 = PCURVE('',#11531,#12319);
#12319 = DEFINITIONAL_REPRESENTATION('',(#12320),#12324);
#12320 = LINE('',#12321,#12322);
#12321 = CARTESIAN_POINT('',(0.707106781187,0.));
#12322 = VECTOR('',#12323,1.);
#12323 = DIRECTION('',(0.,1.));
#12324 = ( GEOMETRIC_REPRESENTATION_CONTEXT(2) 
PARAMETRIC_REPRESENTATION_CONTEXT() REPRESENTATION_CONTEXT('2D SPACE',''
  ) );
#12325 = ORIENTED_EDGE('',*,*,#12326,.F.);
#12326 = EDGE_CURVE('',#9684,#12304,#12327,.T.);
#12327 = SURFACE_CURVE('',#12328,(#12332,#12339),.PCURVE_S1.);
#12328 = LINE('',#12329,#12330);
#12329 = CARTESIAN_POINT('',(50.5,-75.8,4.));
#12330 = VECTOR('',#12331,1.);
#12331 = DIRECTION('',(0.,1.,0.));
#12332 = PCURVE('',#9733,#12333);
#12333 = DEFINITIONAL_REPRESENTATION('',(#12334),#12338);
#12334 = LINE('',#12335,#12336);
#12335 = CARTESIAN_POINT('',(50.5,-75.8));
#12336 = VECTOR('',#12337,1.);
#12337 = DIRECTION('',(0.,1.));
#12338 = ( GEOMETRIC_REPRESENTATION_CONTEXT(2) 
PARAMETRIC_REPRESENTATION_CONTEXT() REPRESENTATION_CONTEXT('2D SPACE',''
  ) );
#12339 = PCURVE('',#9705,#12340);
#12340 = DEFINITIONAL_REPRESENTATION('',(#12341),#12345);
#12341 = LINE('',#12342,#12343);
#12342 = CARTESIAN_POINT('',(0.707106781187,0.));
#12343 = VECTOR('',#12344,1.);
#12344 = DIRECTION('',(0.,-1.));
#12345 = ( GEOMETRIC_REPRESENTATION_CONTEXT(2) 
PARAMETRIC_REPRESENTATION_CONTEXT() REPRESENTATION_CONTEXT('2D SPACE',''
  ) );
#12346 = ORIENTED_EDGE('',*,*,#9717,.T.);
#12347 = ORIENTED_EDGE('',*,*,#10129,.T.);
#12348 = ORIENTED_EDGE('',*,*,#10376,.F.);
#12349 = ORIENTED_EDGE('',*,*,#10529,.F.);
#12350 = ORIENTED_EDGE('',*,*,#10651,.T.);
#12351 = ORIENTED_EDGE('',*,*,#10771,.T.);
#12352 = ORIENTED_EDGE('',*,*,#10987,.T.);
#12353 = ORIENTED_EDGE('',*,*,#11244,.T.);
#12354 = ORIENTED_EDGE('',*,*,#11398,.F.);
#12355 = ORIENTED_EDGE('',*,*,#11486,.T.);
#12356 = ADVANCED_FACE('',(#12357),#9705,.F.);
#12357 = FACE_BOUND('',#12358,.F.);
#12358 = EDGE_LOOP('',(#12359,#12360,#12361,#12384));
#12359 = ORIENTED_EDGE('',*,*,#12326,.F.);
#12360 = ORIENTED_EDGE('',*,*,#9683,.T.);
#12361 = ORIENTED_EDGE('',*,*,#12362,.T.);
#12362 = EDGE_CURVE('',#9650,#12363,#12365,.T.);
#12363 = VERTEX_POINT('',#12364);
#12364 = CARTESIAN_POINT('',(50.,-25.,3.5));
#12365 = SURFACE_CURVE('',#12366,(#12370,#12377),.PCURVE_S1.);
#12366 = LINE('',#12367,#12368);
#12367 = CARTESIAN_POINT('',(50.,-75.8,3.5));
#12368 = VECTOR('',#12369,1.);
#12369 = DIRECTION('',(0.,1.,0.));
#12370 = PCURVE('',#9705,#12371);
#12371 = DEFINITIONAL_REPRESENTATION('',(#12372),#12376);
#12372 = LINE('',#12373,#12374);
#12373 = CARTESIAN_POINT('',(0.,0.));
#12374 = VECTOR('',#12375,1.);
#12375 = DIRECTION('',(0.,-1.));
#12376 = ( GEOMETRIC_REPRESENTATION_CONTEXT(2) 
PARAMETRIC_REPRESENTATION_CONTEXT() REPRESENTATION_CONTEXT('2D SPACE',''
  ) );
#12377 = PCURVE('',#9671,#12378);
#12378 = DEFINITIONAL_REPRESENTATION('',(#12379),#12383);
#12379 = LINE('',#12380,#12381);
#12380 = CARTESIAN_POINT('',(0.707106781187,0.));
#12381 = VECTOR('',#12382,1.);
#12382 = DIRECTION('',(0.,1.));
#12383 = ( GEOMETRIC_REPRESENTATION_CONTEXT(2) 
PARAMETRIC_REPRESENTATION_CONTEXT() REPRESENTATION_CONTEXT('2D SPACE',''
  ) );
#12384 = ORIENTED_EDGE('',*,*,#12385,.T.);
#12385 = EDGE_CURVE('',#12363,#12304,#12386,.T.);
#12386 = SURFACE_CURVE('',#12387,(#12391,#12397),.PCURVE_S1.);
#12387 = LINE('',#12388,#12389);
#12388 = CARTESIAN_POINT('',(33.333333333333,-8.333333333333,
    -13.16666666666));
#12389 = VECTOR('',#12390,1.);
#12390 = DIRECTION('',(0.57735026919,-0.57735026919,0.57735026919));
#12391 = PCURVE('',#9705,#12392);
#12392 = DEFINITIONAL_REPRESENTATION('',(#12393),#12396);
#12393 = B_SPLINE_CURVE_WITH_KNOTS('',1,(#12394,#12395),.UNSPECIFIED.,
  .F.,.F.,(2,2),(28.867513459481,29.733538863266),
  .PIECEWISE_BEZIER_KNOTS.);
#12394 = CARTESIAN_POINT('',(1.369422673647E-14,-50.8));
#12395 = CARTESIAN_POINT('',(0.707106781187,-50.3));
#12396 = ( GEOMETRIC_REPRESENTATION_CONTEXT(2) 
PARAMETRIC_REPRESENTATION_CONTEXT() REPRESENTATION_CONTEXT('2D SPACE',''
  ) );
#12397 = PCURVE('',#11531,#12398);
#12398 = DEFINITIONAL_REPRESENTATION('',(#12399),#12402);
#12399 = B_SPLINE_CURVE_WITH_KNOTS('',1,(#12400,#12401),.UNSPECIFIED.,
  .F.,.F.,(2,2),(28.867513459481,29.733538863266),
  .PIECEWISE_BEZIER_KNOTS.);
#12400 = CARTESIAN_POINT('',(1.014151305767E-14,150.8));
#12401 = CARTESIAN_POINT('',(0.707106781187,151.3));
#12402 = ( GEOMETRIC_REPRESENTATION_CONTEXT(2) 
PARAMETRIC_REPRESENTATION_CONTEXT() REPRESENTATION_CONTEXT('2D SPACE',''
  ) );
#12403 = ADVANCED_FACE('',(#12404),#9671,.T.);
#12404 = FACE_BOUND('',#12405,.T.);
#12405 = EDGE_LOOP('',(#12406,#12407,#12408,#12409));
#12406 = ORIENTED_EDGE('',*,*,#12254,.F.);
#12407 = ORIENTED_EDGE('',*,*,#9649,.T.);
#12408 = ORIENTED_EDGE('',*,*,#12362,.T.);
#12409 = ORIENTED_EDGE('',*,*,#12410,.T.);
#12410 = EDGE_CURVE('',#12363,#12201,#12411,.T.);
#12411 = SURFACE_CURVE('',#12412,(#12416,#12422),.PCURVE_S1.);
#12412 = LINE('',#12413,#12414);
#12413 = CARTESIAN_POINT('',(16.233333333333,-58.76666666666,
    37.266666666667));
#12414 = VECTOR('',#12415,1.);
#12415 = DIRECTION('',(-0.57735026919,-0.57735026919,0.57735026919));
#12416 = PCURVE('',#9671,#12417);
#12417 = DEFINITIONAL_REPRESENTATION('',(#12418),#12421);
#12418 = B_SPLINE_CURVE_WITH_KNOTS('',1,(#12419,#12420),.UNSPECIFIED.,
  .F.,.F.,(2,2),(-58.4855822689,-57.61955686512),
  .PIECEWISE_BEZIER_KNOTS.);
#12419 = CARTESIAN_POINT('',(0.707106781187,50.8));
#12420 = CARTESIAN_POINT('',(8.650583114772E-15,50.3));
#12421 = ( GEOMETRIC_REPRESENTATION_CONTEXT(2) 
PARAMETRIC_REPRESENTATION_CONTEXT() REPRESENTATION_CONTEXT('2D SPACE',''
  ) );
#12422 = PCURVE('',#12216,#12423);
#12423 = DEFINITIONAL_REPRESENTATION('',(#12424),#12427);
#12424 = B_SPLINE_CURVE_WITH_KNOTS('',1,(#12425,#12426),.UNSPECIFIED.,
  .F.,.F.,(2,2),(-58.4855822689,-57.61955686512),
  .PIECEWISE_BEZIER_KNOTS.);
#12425 = CARTESIAN_POINT('',(-6.873715068816E-15,150.8));
#12426 = CARTESIAN_POINT('',(0.707106781187,150.3));
#12427 = ( GEOMETRIC_REPRESENTATION_CONTEXT(2) 
PARAMETRIC_REPRESENTATION_CONTEXT() REPRESENTATION_CONTEXT('2D SPACE',''
  ) );
#12428 = ADVANCED_FACE('',(#12429),#10081,.T.);
#12429 = FACE_BOUND('',#12430,.T.);
#12430 = EDGE_LOOP('',(#12431,#12432,#12455,#12476,#12477,#12478,#12479,
    #12480));
#12431 = ORIENTED_EDGE('',*,*,#10065,.F.);
#12432 = ORIENTED_EDGE('',*,*,#12433,.F.);
#12433 = EDGE_CURVE('',#12434,#10032,#12436,.T.);
#12434 = VERTEX_POINT('',#12435);
#12435 = CARTESIAN_POINT('',(50.5,25.5,4.));
#12436 = SURFACE_CURVE('',#12437,(#12441,#12448),.PCURVE_S1.);
#12437 = LINE('',#12438,#12439);
#12438 = CARTESIAN_POINT('',(50.5,-75.8,4.));
#12439 = VECTOR('',#12440,1.);
#12440 = DIRECTION('',(0.,1.,0.));
#12441 = PCURVE('',#10081,#12442);
#12442 = DEFINITIONAL_REPRESENTATION('',(#12443),#12447);
#12443 = LINE('',#12444,#12445);
#12444 = CARTESIAN_POINT('',(50.5,-75.8));
#12445 = VECTOR('',#12446,1.);
#12446 = DIRECTION('',(0.,1.));
#12447 = ( GEOMETRIC_REPRESENTATION_CONTEXT(2) 
PARAMETRIC_REPRESENTATION_CONTEXT() REPRESENTATION_CONTEXT('2D SPACE',''
  ) );
#12448 = PCURVE('',#10053,#12449);
#12449 = DEFINITIONAL_REPRESENTATION('',(#12450),#12454);
#12450 = LINE('',#12451,#12452);
#12451 = CARTESIAN_POINT('',(0.707106781187,0.));
#12452 = VECTOR('',#12453,1.);
#12453 = DIRECTION('',(0.,-1.));
#12454 = ( GEOMETRIC_REPRESENTATION_CONTEXT(2) 
PARAMETRIC_REPRESENTATION_CONTEXT() REPRESENTATION_CONTEXT('2D SPACE',''
  ) );
#12455 = ORIENTED_EDGE('',*,*,#12456,.T.);
#12456 = EDGE_CURVE('',#12434,#10928,#12457,.T.);
#12457 = SURFACE_CURVE('',#12458,(#12462,#12469),.PCURVE_S1.);
#12458 = LINE('',#12459,#12460);
#12459 = CARTESIAN_POINT('',(-100.8,25.5,4.));
#12460 = VECTOR('',#12461,1.);
#12461 = DIRECTION('',(1.,0.,0.));
#12462 = PCURVE('',#10081,#12463);
#12463 = DEFINITIONAL_REPRESENTATION('',(#12464),#12468);
#12464 = LINE('',#12465,#12466);
#12465 = CARTESIAN_POINT('',(-100.8,25.5));
#12466 = VECTOR('',#12467,1.);
#12467 = DIRECTION('',(1.,0.));
#12468 = ( GEOMETRIC_REPRESENTATION_CONTEXT(2) 
PARAMETRIC_REPRESENTATION_CONTEXT() REPRESENTATION_CONTEXT('2D SPACE',''
  ) );
#12469 = PCURVE('',#10949,#12470);
#12470 = DEFINITIONAL_REPRESENTATION('',(#12471),#12475);
#12471 = LINE('',#12472,#12473);
#12472 = CARTESIAN_POINT('',(0.,0.707106781187));
#12473 = VECTOR('',#12474,1.);
#12474 = DIRECTION('',(1.,0.));
#12475 = ( GEOMETRIC_REPRESENTATION_CONTEXT(2) 
PARAMETRIC_REPRESENTATION_CONTEXT() REPRESENTATION_CONTEXT('2D SPACE',''
  ) );
#12476 = ORIENTED_EDGE('',*,*,#10961,.T.);
#12477 = ORIENTED_EDGE('',*,*,#10744,.T.);
#12478 = ORIENTED_EDGE('',*,*,#10625,.T.);
#12479 = ORIENTED_EDGE('',*,*,#10402,.F.);
#12480 = ORIENTED_EDGE('',*,*,#10268,.T.);
#12481 = ADVANCED_FACE('',(#12482),#10053,.F.);
#12482 = FACE_BOUND('',#12483,.F.);
#12483 = EDGE_LOOP('',(#12484,#12485,#12506,#12527));
#12484 = ORIENTED_EDGE('',*,*,#12433,.F.);
#12485 = ORIENTED_EDGE('',*,*,#12486,.T.);
#12486 = EDGE_CURVE('',#12434,#12487,#12489,.T.);
#12487 = VERTEX_POINT('',#12488);
#12488 = CARTESIAN_POINT('',(50.,25.,3.5));
#12489 = SURFACE_CURVE('',#12490,(#12494,#12500),.PCURVE_S1.);
#12490 = LINE('',#12491,#12492);
#12491 = CARTESIAN_POINT('',(8.066666666667,-16.93333333333,
    -38.43333333333));
#12492 = VECTOR('',#12493,1.);
#12493 = DIRECTION('',(-0.57735026919,-0.57735026919,-0.57735026919));
#12494 = PCURVE('',#10053,#12495);
#12495 = DEFINITIONAL_REPRESENTATION('',(#12496),#12499);
#12496 = B_SPLINE_CURVE_WITH_KNOTS('',1,(#12497,#12498),.UNSPECIFIED.,
  .F.,.F.,(2,2),(-73.49668926783,-72.63066386405),
  .PIECEWISE_BEZIER_KNOTS.);
#12497 = CARTESIAN_POINT('',(0.707106781187,-101.3));
#12498 = CARTESIAN_POINT('',(3.093876972343E-14,-100.8));
#12499 = ( GEOMETRIC_REPRESENTATION_CONTEXT(2) 
PARAMETRIC_REPRESENTATION_CONTEXT() REPRESENTATION_CONTEXT('2D SPACE',''
  ) );
#12500 = PCURVE('',#10949,#12501);
#12501 = DEFINITIONAL_REPRESENTATION('',(#12502),#12505);
#12502 = B_SPLINE_CURVE_WITH_KNOTS('',1,(#12503,#12504),.UNSPECIFIED.,
  .F.,.F.,(2,2),(-73.49668926783,-72.63066386405),
  .PIECEWISE_BEZIER_KNOTS.);
#12503 = CARTESIAN_POINT('',(151.3,0.707106781187));
#12504 = CARTESIAN_POINT('',(150.8,6.74789912873E-15));
#12505 = ( GEOMETRIC_REPRESENTATION_CONTEXT(2) 
PARAMETRIC_REPRESENTATION_CONTEXT() REPRESENTATION_CONTEXT('2D SPACE',''
  ) );
#12506 = ORIENTED_EDGE('',*,*,#12507,.T.);
#12507 = EDGE_CURVE('',#12487,#9998,#12508,.T.);
#12508 = SURFACE_CURVE('',#12509,(#12513,#12520),.PCURVE_S1.);
#12509 = LINE('',#12510,#12511);
#12510 = CARTESIAN_POINT('',(50.,-75.8,3.5));
#12511 = VECTOR('',#12512,1.);
#12512 = DIRECTION('',(0.,1.,0.));
#12513 = PCURVE('',#10053,#12514);
#12514 = DEFINITIONAL_REPRESENTATION('',(#12515),#12519);
#12515 = LINE('',#12516,#12517);
#12516 = CARTESIAN_POINT('',(0.,0.));
#12517 = VECTOR('',#12518,1.);
#12518 = DIRECTION('',(0.,-1.));
#12519 = ( GEOMETRIC_REPRESENTATION_CONTEXT(2) 
PARAMETRIC_REPRESENTATION_CONTEXT() REPRESENTATION_CONTEXT('2D SPACE',''
  ) );
#12520 = PCURVE('',#10019,#12521);
#12521 = DEFINITIONAL_REPRESENTATION('',(#12522),#12526);
#12522 = LINE('',#12523,#12524);
#12523 = CARTESIAN_POINT('',(0.707106781187,0.));
#12524 = VECTOR('',#12525,1.);
#12525 = DIRECTION('',(0.,1.));
#12526 = ( GEOMETRIC_REPRESENTATION_CONTEXT(2) 
PARAMETRIC_REPRESENTATION_CONTEXT() REPRESENTATION_CONTEXT('2D SPACE',''
  ) );
#12527 = ORIENTED_EDGE('',*,*,#10031,.T.);
#12528 = ADVANCED_FACE('',(#12529),#10019,.T.);
#12529 = FACE_BOUND('',#12530,.T.);
#12530 = EDGE_LOOP('',(#12531,#12554,#12578,#12579));
#12531 = ORIENTED_EDGE('',*,*,#12532,.F.);
#12532 = EDGE_CURVE('',#12533,#9970,#12535,.T.);
#12533 = VERTEX_POINT('',#12534);
#12534 = CARTESIAN_POINT('',(49.5,25.5,4.));
#12535 = SURFACE_CURVE('',#12536,(#12540,#12547),.PCURVE_S1.);
#12536 = LINE('',#12537,#12538);
#12537 = CARTESIAN_POINT('',(49.5,-75.8,4.));
#12538 = VECTOR('',#12539,1.);
#12539 = DIRECTION('',(0.,1.,0.));
#12540 = PCURVE('',#10019,#12541);
#12541 = DEFINITIONAL_REPRESENTATION('',(#12542),#12546);
#12542 = LINE('',#12543,#12544);
#12543 = CARTESIAN_POINT('',(0.,0.));
#12544 = VECTOR('',#12545,1.);
#12545 = DIRECTION('',(0.,1.));
#12546 = ( GEOMETRIC_REPRESENTATION_CONTEXT(2) 
PARAMETRIC_REPRESENTATION_CONTEXT() REPRESENTATION_CONTEXT('2D SPACE',''
  ) );
#12547 = PCURVE('',#9985,#12548);
#12548 = DEFINITIONAL_REPRESENTATION('',(#12549),#12553);
#12549 = LINE('',#12550,#12551);
#12550 = CARTESIAN_POINT('',(49.5,-75.8));
#12551 = VECTOR('',#12552,1.);
#12552 = DIRECTION('',(0.,1.));
#12553 = ( GEOMETRIC_REPRESENTATION_CONTEXT(2) 
PARAMETRIC_REPRESENTATION_CONTEXT() REPRESENTATION_CONTEXT('2D SPACE',''
  ) );
#12554 = ORIENTED_EDGE('',*,*,#12555,.T.);
#12555 = EDGE_CURVE('',#12533,#12487,#12556,.T.);
#12556 = SURFACE_CURVE('',#12557,(#12561,#12567),.PCURVE_S1.);
#12557 = LINE('',#12558,#12559);
#12558 = CARTESIAN_POINT('',(41.5,33.5,12.));
#12559 = VECTOR('',#12560,1.);
#12560 = DIRECTION('',(0.57735026919,-0.57735026919,-0.57735026919));
#12561 = PCURVE('',#10019,#12562);
#12562 = DEFINITIONAL_REPRESENTATION('',(#12563),#12566);
#12563 = B_SPLINE_CURVE_WITH_KNOTS('',1,(#12564,#12565),.UNSPECIFIED.,
  .F.,.F.,(2,2),(13.856406460551,14.722431864335),
  .PIECEWISE_BEZIER_KNOTS.);
#12564 = CARTESIAN_POINT('',(-1.07896583306E-15,101.3));
#12565 = CARTESIAN_POINT('',(0.707106781187,100.8));
#12566 = ( GEOMETRIC_REPRESENTATION_CONTEXT(2) 
PARAMETRIC_REPRESENTATION_CONTEXT() REPRESENTATION_CONTEXT('2D SPACE',''
  ) );
#12567 = PCURVE('',#12568,#12573);
#12568 = PLANE('',#12569);
#12569 = AXIS2_PLACEMENT_3D('',#12570,#12571,#12572);
#12570 = CARTESIAN_POINT('',(-100.8,25.,3.5));
#12571 = DIRECTION('',(0.,-0.707106781187,0.707106781187));
#12572 = DIRECTION('',(1.,0.,0.));
#12573 = DEFINITIONAL_REPRESENTATION('',(#12574),#12577);
#12574 = B_SPLINE_CURVE_WITH_KNOTS('',1,(#12575,#12576),.UNSPECIFIED.,
  .F.,.F.,(2,2),(13.856406460551,14.722431864335),
  .PIECEWISE_BEZIER_KNOTS.);
#12575 = CARTESIAN_POINT('',(150.3,0.707106781187));
#12576 = CARTESIAN_POINT('',(150.8,-4.557254420844E-15));
#12577 = ( GEOMETRIC_REPRESENTATION_CONTEXT(2) 
PARAMETRIC_REPRESENTATION_CONTEXT() REPRESENTATION_CONTEXT('2D SPACE',''
  ) );
#12578 = ORIENTED_EDGE('',*,*,#12507,.T.);
#12579 = ORIENTED_EDGE('',*,*,#9997,.T.);
#12580 = ADVANCED_FACE('',(#12581),#9985,.T.);
#12581 = FACE_BOUND('',#12582,.T.);
#12582 = EDGE_LOOP('',(#12583,#12584,#12607,#12628));
#12583 = ORIENTED_EDGE('',*,*,#9969,.F.);
#12584 = ORIENTED_EDGE('',*,*,#12585,.F.);
#12585 = EDGE_CURVE('',#12586,#9936,#12588,.T.);
#12586 = VERTEX_POINT('',#12587);
#12587 = CARTESIAN_POINT('',(0.5,25.5,4.));
#12588 = SURFACE_CURVE('',#12589,(#12593,#12600),.PCURVE_S1.);
#12589 = LINE('',#12590,#12591);
#12590 = CARTESIAN_POINT('',(0.5,-75.8,4.));
#12591 = VECTOR('',#12592,1.);
#12592 = DIRECTION('',(0.,1.,0.));
#12593 = PCURVE('',#9985,#12594);
#12594 = DEFINITIONAL_REPRESENTATION('',(#12595),#12599);
#12595 = LINE('',#12596,#12597);
#12596 = CARTESIAN_POINT('',(0.5,-75.8));
#12597 = VECTOR('',#12598,1.);
#12598 = DIRECTION('',(0.,1.));
#12599 = ( GEOMETRIC_REPRESENTATION_CONTEXT(2) 
PARAMETRIC_REPRESENTATION_CONTEXT() REPRESENTATION_CONTEXT('2D SPACE',''
  ) );
#12600 = PCURVE('',#9957,#12601);
#12601 = DEFINITIONAL_REPRESENTATION('',(#12602),#12606);
#12602 = LINE('',#12603,#12604);
#12603 = CARTESIAN_POINT('',(0.707106781187,0.));
#12604 = VECTOR('',#12605,1.);
#12605 = DIRECTION('',(0.,-1.));
#12606 = ( GEOMETRIC_REPRESENTATION_CONTEXT(2) 
PARAMETRIC_REPRESENTATION_CONTEXT() REPRESENTATION_CONTEXT('2D SPACE',''
  ) );
#12607 = ORIENTED_EDGE('',*,*,#12608,.T.);
#12608 = EDGE_CURVE('',#12586,#12533,#12609,.T.);
#12609 = SURFACE_CURVE('',#12610,(#12614,#12621),.PCURVE_S1.);
#12610 = LINE('',#12611,#12612);
#12611 = CARTESIAN_POINT('',(-100.8,25.5,4.));
#12612 = VECTOR('',#12613,1.);
#12613 = DIRECTION('',(1.,0.,0.));
#12614 = PCURVE('',#9985,#12615);
#12615 = DEFINITIONAL_REPRESENTATION('',(#12616),#12620);
#12616 = LINE('',#12617,#12618);
#12617 = CARTESIAN_POINT('',(-100.8,25.5));
#12618 = VECTOR('',#12619,1.);
#12619 = DIRECTION('',(1.,0.));
#12620 = ( GEOMETRIC_REPRESENTATION_CONTEXT(2) 
PARAMETRIC_REPRESENTATION_CONTEXT() REPRESENTATION_CONTEXT('2D SPACE',''
  ) );
#12621 = PCURVE('',#12568,#12622);
#12622 = DEFINITIONAL_REPRESENTATION('',(#12623),#12627);
#12623 = LINE('',#12624,#12625);
#12624 = CARTESIAN_POINT('',(0.,0.707106781187));
#12625 = VECTOR('',#12626,1.);
#12626 = DIRECTION('',(1.,0.));
#12627 = ( GEOMETRIC_REPRESENTATION_CONTEXT(2) 
PARAMETRIC_REPRESENTATION_CONTEXT() REPRESENTATION_CONTEXT('2D SPACE',''
  ) );
#12628 = ORIENTED_EDGE('',*,*,#12532,.T.);
#12629 = ADVANCED_FACE('',(#12630),#9957,.F.);
#12630 = FACE_BOUND('',#12631,.F.);
#12631 = EDGE_LOOP('',(#12632,#12633,#12654,#12675));
#12632 = ORIENTED_EDGE('',*,*,#12585,.F.);
#12633 = ORIENTED_EDGE('',*,*,#12634,.T.);
#12634 = EDGE_CURVE('',#12586,#12635,#12637,.T.);
#12635 = VERTEX_POINT('',#12636);
#12636 = CARTESIAN_POINT('',(0.,25.,3.5));
#12637 = SURFACE_CURVE('',#12638,(#12642,#12648),.PCURVE_S1.);
#12638 = LINE('',#12639,#12640);
#12639 = CARTESIAN_POINT('',(-33.6,-8.6,-30.1));
#12640 = VECTOR('',#12641,1.);
#12641 = DIRECTION('',(-0.57735026919,-0.57735026919,-0.57735026919));
#12642 = PCURVE('',#9957,#12643);
#12643 = DEFINITIONAL_REPRESENTATION('',(#12644),#12647);
#12644 = B_SPLINE_CURVE_WITH_KNOTS('',1,(#12645,#12646),.UNSPECIFIED.,
  .F.,.F.,(2,2),(-59.06293253809,-58.19690713431),
  .PIECEWISE_BEZIER_KNOTS.);
#12645 = CARTESIAN_POINT('',(0.707106781187,-101.3));
#12646 = CARTESIAN_POINT('',(1.105996109694E-14,-100.8));
#12647 = ( GEOMETRIC_REPRESENTATION_CONTEXT(2) 
PARAMETRIC_REPRESENTATION_CONTEXT() REPRESENTATION_CONTEXT('2D SPACE',''
  ) );
#12648 = PCURVE('',#12568,#12649);
#12649 = DEFINITIONAL_REPRESENTATION('',(#12650),#12653);
#12650 = B_SPLINE_CURVE_WITH_KNOTS('',1,(#12651,#12652),.UNSPECIFIED.,
  .F.,.F.,(2,2),(-59.06293253809,-58.19690713431),
  .PIECEWISE_BEZIER_KNOTS.);
#12651 = CARTESIAN_POINT('',(101.3,0.707106781187));
#12652 = CARTESIAN_POINT('',(100.8,-1.218075424205E-15));
#12653 = ( GEOMETRIC_REPRESENTATION_CONTEXT(2) 
PARAMETRIC_REPRESENTATION_CONTEXT() REPRESENTATION_CONTEXT('2D SPACE',''
  ) );
#12654 = ORIENTED_EDGE('',*,*,#12655,.T.);
#12655 = EDGE_CURVE('',#12635,#9902,#12656,.T.);
#12656 = SURFACE_CURVE('',#12657,(#12661,#12668),.PCURVE_S1.);
#12657 = LINE('',#12658,#12659);
#12658 = CARTESIAN_POINT('',(0.,-75.8,3.5));
#12659 = VECTOR('',#12660,1.);
#12660 = DIRECTION('',(0.,1.,0.));
#12661 = PCURVE('',#9957,#12662);
#12662 = DEFINITIONAL_REPRESENTATION('',(#12663),#12667);
#12663 = LINE('',#12664,#12665);
#12664 = CARTESIAN_POINT('',(0.,0.));
#12665 = VECTOR('',#12666,1.);
#12666 = DIRECTION('',(0.,-1.));
#12667 = ( GEOMETRIC_REPRESENTATION_CONTEXT(2) 
PARAMETRIC_REPRESENTATION_CONTEXT() REPRESENTATION_CONTEXT('2D SPACE',''
  ) );
#12668 = PCURVE('',#9923,#12669);
#12669 = DEFINITIONAL_REPRESENTATION('',(#12670),#12674);
#12670 = LINE('',#12671,#12672);
#12671 = CARTESIAN_POINT('',(0.707106781187,0.));
#12672 = VECTOR('',#12673,1.);
#12673 = DIRECTION('',(0.,1.));
#12674 = ( GEOMETRIC_REPRESENTATION_CONTEXT(2) 
PARAMETRIC_REPRESENTATION_CONTEXT() REPRESENTATION_CONTEXT('2D SPACE',''
  ) );
#12675 = ORIENTED_EDGE('',*,*,#9935,.T.);
#12676 = ADVANCED_FACE('',(#12677),#9923,.T.);
#12677 = FACE_BOUND('',#12678,.T.);
#12678 = EDGE_LOOP('',(#12679,#12702,#12726,#12727));
#12679 = ORIENTED_EDGE('',*,*,#12680,.F.);
#12680 = EDGE_CURVE('',#12681,#9874,#12683,.T.);
#12681 = VERTEX_POINT('',#12682);
#12682 = CARTESIAN_POINT('',(-0.5,25.5,4.));
#12683 = SURFACE_CURVE('',#12684,(#12688,#12695),.PCURVE_S1.);
#12684 = LINE('',#12685,#12686);
#12685 = CARTESIAN_POINT('',(-0.5,-75.8,4.));
#12686 = VECTOR('',#12687,1.);
#12687 = DIRECTION('',(0.,1.,0.));
#12688 = PCURVE('',#9923,#12689);
#12689 = DEFINITIONAL_REPRESENTATION('',(#12690),#12694);
#12690 = LINE('',#12691,#12692);
#12691 = CARTESIAN_POINT('',(0.,0.));
#12692 = VECTOR('',#12693,1.);
#12693 = DIRECTION('',(0.,1.));
#12694 = ( GEOMETRIC_REPRESENTATION_CONTEXT(2) 
PARAMETRIC_REPRESENTATION_CONTEXT() REPRESENTATION_CONTEXT('2D SPACE',''
  ) );
#12695 = PCURVE('',#9889,#12696);
#12696 = DEFINITIONAL_REPRESENTATION('',(#12697),#12701);
#12697 = LINE('',#12698,#12699);
#12698 = CARTESIAN_POINT('',(-0.5,-75.8));
#12699 = VECTOR('',#12700,1.);
#12700 = DIRECTION('',(0.,1.));
#12701 = ( GEOMETRIC_REPRESENTATION_CONTEXT(2) 
PARAMETRIC_REPRESENTATION_CONTEXT() REPRESENTATION_CONTEXT('2D SPACE',''
  ) );
#12702 = ORIENTED_EDGE('',*,*,#12703,.T.);
#12703 = EDGE_CURVE('',#12681,#12635,#12704,.T.);
#12704 = SURFACE_CURVE('',#12705,(#12709,#12715),.PCURVE_S1.);
#12705 = LINE('',#12706,#12707);
#12706 = CARTESIAN_POINT('',(-0.166666666667,25.166666666667,
    3.666666666667));
#12707 = VECTOR('',#12708,1.);
#12708 = DIRECTION('',(0.57735026919,-0.57735026919,-0.57735026919));
#12709 = PCURVE('',#9923,#12710);
#12710 = DEFINITIONAL_REPRESENTATION('',(#12711),#12714);
#12711 = B_SPLINE_CURVE_WITH_KNOTS('',1,(#12712,#12713),.UNSPECIFIED.,
  .F.,.F.,(2,2),(-0.57735026919,0.288675134595),
  .PIECEWISE_BEZIER_KNOTS.);
#12712 = CARTESIAN_POINT('',(1.710222143608E-15,101.3));
#12713 = CARTESIAN_POINT('',(0.707106781187,100.8));
#12714 = ( GEOMETRIC_REPRESENTATION_CONTEXT(2) 
PARAMETRIC_REPRESENTATION_CONTEXT() REPRESENTATION_CONTEXT('2D SPACE',''
  ) );
#12715 = PCURVE('',#12716,#12721);
#12716 = PLANE('',#12717);
#12717 = AXIS2_PLACEMENT_3D('',#12718,#12719,#12720);
#12718 = CARTESIAN_POINT('',(-100.8,25.,3.5));
#12719 = DIRECTION('',(0.,-0.707106781187,0.707106781187));
#12720 = DIRECTION('',(1.,0.,0.));
#12721 = DEFINITIONAL_REPRESENTATION('',(#12722),#12725);
#12722 = B_SPLINE_CURVE_WITH_KNOTS('',1,(#12723,#12724),.UNSPECIFIED.,
  .F.,.F.,(2,2),(-0.57735026919,0.288675134595),
  .PIECEWISE_BEZIER_KNOTS.);
#12723 = CARTESIAN_POINT('',(100.3,0.707106781187));
#12724 = CARTESIAN_POINT('',(100.8,3.283017482881E-15));
#12725 = ( GEOMETRIC_REPRESENTATION_CONTEXT(2) 
PARAMETRIC_REPRESENTATION_CONTEXT() REPRESENTATION_CONTEXT('2D SPACE',''
  ) );
#12726 = ORIENTED_EDGE('',*,*,#12655,.T.);
#12727 = ORIENTED_EDGE('',*,*,#9901,.T.);
#12728 = ADVANCED_FACE('',(#12729),#9889,.T.);
#12729 = FACE_BOUND('',#12730,.T.);
#12730 = EDGE_LOOP('',(#12731,#12754,#12775,#12776));
#12731 = ORIENTED_EDGE('',*,*,#12732,.F.);
#12732 = EDGE_CURVE('',#12733,#9840,#12735,.T.);
#12733 = VERTEX_POINT('',#12734);
#12734 = CARTESIAN_POINT('',(-49.5,25.5,4.));
#12735 = SURFACE_CURVE('',#12736,(#12740,#12747),.PCURVE_S1.);
#12736 = LINE('',#12737,#12738);
#12737 = CARTESIAN_POINT('',(-49.5,-75.8,4.));
#12738 = VECTOR('',#12739,1.);
#12739 = DIRECTION('',(0.,1.,0.));
#12740 = PCURVE('',#9889,#12741);
#12741 = DEFINITIONAL_REPRESENTATION('',(#12742),#12746);
#12742 = LINE('',#12743,#12744);
#12743 = CARTESIAN_POINT('',(-49.5,-75.8));
#12744 = VECTOR('',#12745,1.);
#12745 = DIRECTION('',(0.,1.));
#12746 = ( GEOMETRIC_REPRESENTATION_CONTEXT(2) 
PARAMETRIC_REPRESENTATION_CONTEXT() REPRESENTATION_CONTEXT('2D SPACE',''
  ) );
#12747 = PCURVE('',#9861,#12748);
#12748 = DEFINITIONAL_REPRESENTATION('',(#12749),#12753);
#12749 = LINE('',#12750,#12751);
#12750 = CARTESIAN_POINT('',(0.707106781187,0.));
#12751 = VECTOR('',#12752,1.);
#12752 = DIRECTION('',(0.,-1.));
#12753 = ( GEOMETRIC_REPRESENTATION_CONTEXT(2) 
PARAMETRIC_REPRESENTATION_CONTEXT() REPRESENTATION_CONTEXT('2D SPACE',''
  ) );
#12754 = ORIENTED_EDGE('',*,*,#12755,.T.);
#12755 = EDGE_CURVE('',#12733,#12681,#12756,.T.);
#12756 = SURFACE_CURVE('',#12757,(#12761,#12768),.PCURVE_S1.);
#12757 = LINE('',#12758,#12759);
#12758 = CARTESIAN_POINT('',(-100.8,25.5,4.));
#12759 = VECTOR('',#12760,1.);
#12760 = DIRECTION('',(1.,0.,0.));
#12761 = PCURVE('',#9889,#12762);
#12762 = DEFINITIONAL_REPRESENTATION('',(#12763),#12767);
#12763 = LINE('',#12764,#12765);
#12764 = CARTESIAN_POINT('',(-100.8,25.5));
#12765 = VECTOR('',#12766,1.);
#12766 = DIRECTION('',(1.,0.));
#12767 = ( GEOMETRIC_REPRESENTATION_CONTEXT(2) 
PARAMETRIC_REPRESENTATION_CONTEXT() REPRESENTATION_CONTEXT('2D SPACE',''
  ) );
#12768 = PCURVE('',#12716,#12769);
#12769 = DEFINITIONAL_REPRESENTATION('',(#12770),#12774);
#12770 = LINE('',#12771,#12772);
#12771 = CARTESIAN_POINT('',(0.,0.707106781187));
#12772 = VECTOR('',#12773,1.);
#12773 = DIRECTION('',(1.,0.));
#12774 = ( GEOMETRIC_REPRESENTATION_CONTEXT(2) 
PARAMETRIC_REPRESENTATION_CONTEXT() REPRESENTATION_CONTEXT('2D SPACE',''
  ) );
#12775 = ORIENTED_EDGE('',*,*,#12680,.T.);
#12776 = ORIENTED_EDGE('',*,*,#9873,.F.);
#12777 = ADVANCED_FACE('',(#12778),#9861,.F.);
#12778 = FACE_BOUND('',#12779,.F.);
#12779 = EDGE_LOOP('',(#12780,#12781,#12800,#12821));
#12780 = ORIENTED_EDGE('',*,*,#12732,.F.);
#12781 = ORIENTED_EDGE('',*,*,#12782,.T.);
#12782 = EDGE_CURVE('',#12733,#11605,#12783,.T.);
#12783 = SURFACE_CURVE('',#12784,(#12788,#12794),.PCURVE_S1.);
#12784 = LINE('',#12785,#12786);
#12785 = CARTESIAN_POINT('',(-75.26666666666,-0.266666666667,
    -21.76666666666));
#12786 = VECTOR('',#12787,1.);
#12787 = DIRECTION('',(-0.57735026919,-0.57735026919,-0.57735026919));
#12788 = PCURVE('',#9861,#12789);
#12789 = DEFINITIONAL_REPRESENTATION('',(#12790),#12793);
#12790 = B_SPLINE_CURVE_WITH_KNOTS('',1,(#12791,#12792),.UNSPECIFIED.,
  .F.,.F.,(2,2),(-44.62917580835,-43.76315040457),
  .PIECEWISE_BEZIER_KNOTS.);
#12791 = CARTESIAN_POINT('',(0.707106781187,-101.3));
#12792 = CARTESIAN_POINT('',(1.438738104449E-14,-100.8));
#12793 = ( GEOMETRIC_REPRESENTATION_CONTEXT(2) 
PARAMETRIC_REPRESENTATION_CONTEXT() REPRESENTATION_CONTEXT('2D SPACE',''
  ) );
#12794 = PCURVE('',#12716,#12795);
#12795 = DEFINITIONAL_REPRESENTATION('',(#12796),#12799);
#12796 = B_SPLINE_CURVE_WITH_KNOTS('',1,(#12797,#12798),.UNSPECIFIED.,
  .F.,.F.,(2,2),(-44.62917580835,-43.76315040457),
  .PIECEWISE_BEZIER_KNOTS.);
#12797 = CARTESIAN_POINT('',(51.3,0.707106781187));
#12798 = CARTESIAN_POINT('',(50.8,-1.886761182961E-16));
#12799 = ( GEOMETRIC_REPRESENTATION_CONTEXT(2) 
PARAMETRIC_REPRESENTATION_CONTEXT() REPRESENTATION_CONTEXT('2D SPACE',''
  ) );
#12800 = ORIENTED_EDGE('',*,*,#12801,.T.);
#12801 = EDGE_CURVE('',#11605,#9806,#12802,.T.);
#12802 = SURFACE_CURVE('',#12803,(#12807,#12814),.PCURVE_S1.);
#12803 = LINE('',#12804,#12805);
#12804 = CARTESIAN_POINT('',(-50.,-75.8,3.5));
#12805 = VECTOR('',#12806,1.);
#12806 = DIRECTION('',(0.,1.,0.));
#12807 = PCURVE('',#9861,#12808);
#12808 = DEFINITIONAL_REPRESENTATION('',(#12809),#12813);
#12809 = LINE('',#12810,#12811);
#12810 = CARTESIAN_POINT('',(0.,0.));
#12811 = VECTOR('',#12812,1.);
#12812 = DIRECTION('',(0.,-1.));
#12813 = ( GEOMETRIC_REPRESENTATION_CONTEXT(2) 
PARAMETRIC_REPRESENTATION_CONTEXT() REPRESENTATION_CONTEXT('2D SPACE',''
  ) );
#12814 = PCURVE('',#9827,#12815);
#12815 = DEFINITIONAL_REPRESENTATION('',(#12816),#12820);
#12816 = LINE('',#12817,#12818);
#12817 = CARTESIAN_POINT('',(0.707106781187,0.));
#12818 = VECTOR('',#12819,1.);
#12819 = DIRECTION('',(0.,1.));
#12820 = ( GEOMETRIC_REPRESENTATION_CONTEXT(2) 
PARAMETRIC_REPRESENTATION_CONTEXT() REPRESENTATION_CONTEXT('2D SPACE',''
  ) );
#12821 = ORIENTED_EDGE('',*,*,#9839,.T.);
#12822 = ADVANCED_FACE('',(#12823),#9827,.T.);
#12823 = FACE_BOUND('',#12824,.T.);
#12824 = EDGE_LOOP('',(#12825,#12826,#12827,#12828));
#12825 = ORIENTED_EDGE('',*,*,#12019,.F.);
#12826 = ORIENTED_EDGE('',*,*,#12176,.T.);
#12827 = ORIENTED_EDGE('',*,*,#12801,.T.);
#12828 = ORIENTED_EDGE('',*,*,#9805,.T.);
#12829 = ADVANCED_FACE('',(#12830),#10949,.T.);
#12830 = FACE_BOUND('',#12831,.T.);
#12831 = EDGE_LOOP('',(#12832,#12833,#12854,#12855));
#12832 = ORIENTED_EDGE('',*,*,#12486,.T.);
#12833 = ORIENTED_EDGE('',*,*,#12834,.T.);
#12834 = EDGE_CURVE('',#12487,#10894,#12835,.T.);
#12835 = SURFACE_CURVE('',#12836,(#12840,#12847),.PCURVE_S1.);
#12836 = LINE('',#12837,#12838);
#12837 = CARTESIAN_POINT('',(-100.8,25.,3.5));
#12838 = VECTOR('',#12839,1.);
#12839 = DIRECTION('',(1.,0.,0.));
#12840 = PCURVE('',#10949,#12841);
#12841 = DEFINITIONAL_REPRESENTATION('',(#12842),#12846);
#12842 = LINE('',#12843,#12844);
#12843 = CARTESIAN_POINT('',(0.,0.));
#12844 = VECTOR('',#12845,1.);
#12845 = DIRECTION('',(1.,0.));
#12846 = ( GEOMETRIC_REPRESENTATION_CONTEXT(2) 
PARAMETRIC_REPRESENTATION_CONTEXT() REPRESENTATION_CONTEXT('2D SPACE',''
  ) );
#12847 = PCURVE('',#10915,#12848);
#12848 = DEFINITIONAL_REPRESENTATION('',(#12849),#12853);
#12849 = LINE('',#12850,#12851);
#12850 = CARTESIAN_POINT('',(0.,0.));
#12851 = VECTOR('',#12852,1.);
#12852 = DIRECTION('',(0.,1.));
#12853 = ( GEOMETRIC_REPRESENTATION_CONTEXT(2) 
PARAMETRIC_REPRESENTATION_CONTEXT() REPRESENTATION_CONTEXT('2D SPACE',''
  ) );
#12854 = ORIENTED_EDGE('',*,*,#10927,.T.);
#12855 = ORIENTED_EDGE('',*,*,#12456,.F.);
#12856 = ADVANCED_FACE('',(#12857),#10915,.T.);
#12857 = FACE_BOUND('',#12858,.T.);
#12858 = EDGE_LOOP('',(#12859,#12860,#12886,#12907));
#12859 = ORIENTED_EDGE('',*,*,#12834,.F.);
#12860 = ORIENTED_EDGE('',*,*,#12861,.T.);
#12861 = EDGE_CURVE('',#12487,#12862,#12864,.T.);
#12862 = VERTEX_POINT('',#12863);
#12863 = CARTESIAN_POINT('',(50.5,24.5,4.));
#12864 = SURFACE_CURVE('',#12865,(#12869,#12875),.PCURVE_S1.);
#12865 = LINE('',#12866,#12867);
#12866 = CARTESIAN_POINT('',(41.666666666667,33.333333333333,
    -4.833333333333));
#12867 = VECTOR('',#12868,1.);
#12868 = DIRECTION('',(0.57735026919,-0.57735026919,0.57735026919));
#12869 = PCURVE('',#10915,#12870);
#12870 = DEFINITIONAL_REPRESENTATION('',(#12871),#12874);
#12871 = B_SPLINE_CURVE_WITH_KNOTS('',1,(#12872,#12873),.UNSPECIFIED.,
  .F.,.F.,(2,2),(14.433756729741,15.299782133525),
  .PIECEWISE_BEZIER_KNOTS.);
#12872 = CARTESIAN_POINT('',(4.418821421788E-15,150.8));
#12873 = CARTESIAN_POINT('',(0.707106781187,151.3));
#12874 = ( GEOMETRIC_REPRESENTATION_CONTEXT(2) 
PARAMETRIC_REPRESENTATION_CONTEXT() REPRESENTATION_CONTEXT('2D SPACE',''
  ) );
#12875 = PCURVE('',#12876,#12881);
#12876 = PLANE('',#12877);
#12877 = AXIS2_PLACEMENT_3D('',#12878,#12879,#12880);
#12878 = CARTESIAN_POINT('',(50.,-75.8,3.5));
#12879 = DIRECTION('',(0.707106781187,0.,-0.707106781187));
#12880 = DIRECTION('',(0.707106781187,0.,0.707106781187));
#12881 = DEFINITIONAL_REPRESENTATION('',(#12882),#12885);
#12882 = B_SPLINE_CURVE_WITH_KNOTS('',1,(#12883,#12884),.UNSPECIFIED.,
  .F.,.F.,(2,2),(14.433756729741,15.299782133525),
  .PIECEWISE_BEZIER_KNOTS.);
#12883 = CARTESIAN_POINT('',(4.418821421788E-15,-100.8));
#12884 = CARTESIAN_POINT('',(0.707106781187,-100.3));
#12885 = ( GEOMETRIC_REPRESENTATION_CONTEXT(2) 
PARAMETRIC_REPRESENTATION_CONTEXT() REPRESENTATION_CONTEXT('2D SPACE',''
  ) );
#12886 = ORIENTED_EDGE('',*,*,#12887,.T.);
#12887 = EDGE_CURVE('',#12862,#10866,#12888,.T.);
#12888 = SURFACE_CURVE('',#12889,(#12893,#12900),.PCURVE_S1.);
#12889 = LINE('',#12890,#12891);
#12890 = CARTESIAN_POINT('',(-100.8,24.5,4.));
#12891 = VECTOR('',#12892,1.);
#12892 = DIRECTION('',(1.,0.,0.));
#12893 = PCURVE('',#10915,#12894);
#12894 = DEFINITIONAL_REPRESENTATION('',(#12895),#12899);
#12895 = LINE('',#12896,#12897);
#12896 = CARTESIAN_POINT('',(0.707106781187,0.));
#12897 = VECTOR('',#12898,1.);
#12898 = DIRECTION('',(0.,1.));
#12899 = ( GEOMETRIC_REPRESENTATION_CONTEXT(2) 
PARAMETRIC_REPRESENTATION_CONTEXT() REPRESENTATION_CONTEXT('2D SPACE',''
  ) );
#12900 = PCURVE('',#10881,#12901);
#12901 = DEFINITIONAL_REPRESENTATION('',(#12902),#12906);
#12902 = LINE('',#12903,#12904);
#12903 = CARTESIAN_POINT('',(-100.8,24.5));
#12904 = VECTOR('',#12905,1.);
#12905 = DIRECTION('',(1.,0.));
#12906 = ( GEOMETRIC_REPRESENTATION_CONTEXT(2) 
PARAMETRIC_REPRESENTATION_CONTEXT() REPRESENTATION_CONTEXT('2D SPACE',''
  ) );
#12907 = ORIENTED_EDGE('',*,*,#10893,.T.);
#12908 = ADVANCED_FACE('',(#12909),#10881,.T.);
#12909 = FACE_BOUND('',#12910,.T.);
#12910 = EDGE_LOOP('',(#12911,#12912,#12935,#12956,#12957,#12958,#12959,
    #12960));
#12911 = ORIENTED_EDGE('',*,*,#12887,.F.);
#12912 = ORIENTED_EDGE('',*,*,#12913,.F.);
#12913 = EDGE_CURVE('',#12914,#12862,#12916,.T.);
#12914 = VERTEX_POINT('',#12915);
#12915 = CARTESIAN_POINT('',(50.5,-24.5,4.));
#12916 = SURFACE_CURVE('',#12917,(#12921,#12928),.PCURVE_S1.);
#12917 = LINE('',#12918,#12919);
#12918 = CARTESIAN_POINT('',(50.5,-75.8,4.));
#12919 = VECTOR('',#12920,1.);
#12920 = DIRECTION('',(0.,1.,0.));
#12921 = PCURVE('',#10881,#12922);
#12922 = DEFINITIONAL_REPRESENTATION('',(#12923),#12927);
#12923 = LINE('',#12924,#12925);
#12924 = CARTESIAN_POINT('',(50.5,-75.8));
#12925 = VECTOR('',#12926,1.);
#12926 = DIRECTION('',(0.,1.));
#12927 = ( GEOMETRIC_REPRESENTATION_CONTEXT(2) 
PARAMETRIC_REPRESENTATION_CONTEXT() REPRESENTATION_CONTEXT('2D SPACE',''
  ) );
#12928 = PCURVE('',#12876,#12929);
#12929 = DEFINITIONAL_REPRESENTATION('',(#12930),#12934);
#12930 = LINE('',#12931,#12932);
#12931 = CARTESIAN_POINT('',(0.707106781187,0.));
#12932 = VECTOR('',#12933,1.);
#12933 = DIRECTION('',(0.,-1.));
#12934 = ( GEOMETRIC_REPRESENTATION_CONTEXT(2) 
PARAMETRIC_REPRESENTATION_CONTEXT() REPRESENTATION_CONTEXT('2D SPACE',''
  ) );
#12935 = ORIENTED_EDGE('',*,*,#12936,.T.);
#12936 = EDGE_CURVE('',#12914,#11544,#12937,.T.);
#12937 = SURFACE_CURVE('',#12938,(#12942,#12949),.PCURVE_S1.);
#12938 = LINE('',#12939,#12940);
#12939 = CARTESIAN_POINT('',(-100.8,-24.5,4.));
#12940 = VECTOR('',#12941,1.);
#12941 = DIRECTION('',(1.,0.,0.));
#12942 = PCURVE('',#10881,#12943);
#12943 = DEFINITIONAL_REPRESENTATION('',(#12944),#12948);
#12944 = LINE('',#12945,#12946);
#12945 = CARTESIAN_POINT('',(-100.8,-24.5));
#12946 = VECTOR('',#12947,1.);
#12947 = DIRECTION('',(1.,0.));
#12948 = ( GEOMETRIC_REPRESENTATION_CONTEXT(2) 
PARAMETRIC_REPRESENTATION_CONTEXT() REPRESENTATION_CONTEXT('2D SPACE',''
  ) );
#12949 = PCURVE('',#11565,#12950);
#12950 = DEFINITIONAL_REPRESENTATION('',(#12951),#12955);
#12951 = LINE('',#12952,#12953);
#12952 = CARTESIAN_POINT('',(0.,0.707106781187));
#12953 = VECTOR('',#12954,1.);
#12954 = DIRECTION('',(1.,0.));
#12955 = ( GEOMETRIC_REPRESENTATION_CONTEXT(2) 
PARAMETRIC_REPRESENTATION_CONTEXT() REPRESENTATION_CONTEXT('2D SPACE',''
  ) );
#12956 = ORIENTED_EDGE('',*,*,#11577,.T.);
#12957 = ORIENTED_EDGE('',*,*,#11458,.T.);
#12958 = ORIENTED_EDGE('',*,*,#11339,.T.);
#12959 = ORIENTED_EDGE('',*,*,#11081,.F.);
#12960 = ORIENTED_EDGE('',*,*,#10865,.T.);
#12961 = ADVANCED_FACE('',(#12962),#11565,.T.);
#12962 = FACE_BOUND('',#12963,.T.);
#12963 = EDGE_LOOP('',(#12964,#12983,#13004,#13005));
#12964 = ORIENTED_EDGE('',*,*,#12965,.T.);
#12965 = EDGE_CURVE('',#12914,#12363,#12966,.T.);
#12966 = SURFACE_CURVE('',#12967,(#12971,#12977),.PCURVE_S1.);
#12967 = LINE('',#12968,#12969);
#12968 = CARTESIAN_POINT('',(16.4,-58.6,-30.1));
#12969 = VECTOR('',#12970,1.);
#12970 = DIRECTION('',(-0.57735026919,-0.57735026919,-0.57735026919));
#12971 = PCURVE('',#11565,#12972);
#12972 = DEFINITIONAL_REPRESENTATION('',(#12973),#12976);
#12973 = B_SPLINE_CURVE_WITH_KNOTS('',1,(#12974,#12975),.UNSPECIFIED.,
  .F.,.F.,(2,2),(-59.06293253809,-58.19690713431),
  .PIECEWISE_BEZIER_KNOTS.);
#12974 = CARTESIAN_POINT('',(151.3,0.707106781187));
#12975 = CARTESIAN_POINT('',(150.8,1.038503886282E-14));
#12976 = ( GEOMETRIC_REPRESENTATION_CONTEXT(2) 
PARAMETRIC_REPRESENTATION_CONTEXT() REPRESENTATION_CONTEXT('2D SPACE',''
  ) );
#12977 = PCURVE('',#12876,#12978);
#12978 = DEFINITIONAL_REPRESENTATION('',(#12979),#12982);
#12979 = B_SPLINE_CURVE_WITH_KNOTS('',1,(#12980,#12981),.UNSPECIFIED.,
  .F.,.F.,(2,2),(-59.06293253809,-58.19690713431),
  .PIECEWISE_BEZIER_KNOTS.);
#12980 = CARTESIAN_POINT('',(0.707106781187,-51.3));
#12981 = CARTESIAN_POINT('',(1.555764802636E-14,-50.8));
#12982 = ( GEOMETRIC_REPRESENTATION_CONTEXT(2) 
PARAMETRIC_REPRESENTATION_CONTEXT() REPRESENTATION_CONTEXT('2D SPACE',''
  ) );
#12983 = ORIENTED_EDGE('',*,*,#12984,.T.);
#12984 = EDGE_CURVE('',#12363,#11510,#12985,.T.);
#12985 = SURFACE_CURVE('',#12986,(#12990,#12997),.PCURVE_S1.);
#12986 = LINE('',#12987,#12988);
#12987 = CARTESIAN_POINT('',(-100.8,-25.,3.5));
#12988 = VECTOR('',#12989,1.);
#12989 = DIRECTION('',(1.,0.,0.));
#12990 = PCURVE('',#11565,#12991);
#12991 = DEFINITIONAL_REPRESENTATION('',(#12992),#12996);
#12992 = LINE('',#12993,#12994);
#12993 = CARTESIAN_POINT('',(0.,0.));
#12994 = VECTOR('',#12995,1.);
#12995 = DIRECTION('',(1.,0.));
#12996 = ( GEOMETRIC_REPRESENTATION_CONTEXT(2) 
PARAMETRIC_REPRESENTATION_CONTEXT() REPRESENTATION_CONTEXT('2D SPACE',''
  ) );
#12997 = PCURVE('',#11531,#12998);
#12998 = DEFINITIONAL_REPRESENTATION('',(#12999),#13003);
#12999 = LINE('',#13000,#13001);
#13000 = CARTESIAN_POINT('',(0.,0.));
#13001 = VECTOR('',#13002,1.);
#13002 = DIRECTION('',(0.,1.));
#13003 = ( GEOMETRIC_REPRESENTATION_CONTEXT(2) 
PARAMETRIC_REPRESENTATION_CONTEXT() REPRESENTATION_CONTEXT('2D SPACE',''
  ) );
#13004 = ORIENTED_EDGE('',*,*,#11543,.T.);
#13005 = ORIENTED_EDGE('',*,*,#12936,.F.);
#13006 = ADVANCED_FACE('',(#13007),#11531,.T.);
#13007 = FACE_BOUND('',#13008,.T.);
#13008 = EDGE_LOOP('',(#13009,#13010,#13011,#13012));
#13009 = ORIENTED_EDGE('',*,*,#12984,.F.);
#13010 = ORIENTED_EDGE('',*,*,#12385,.T.);
#13011 = ORIENTED_EDGE('',*,*,#12303,.T.);
#13012 = ORIENTED_EDGE('',*,*,#11509,.T.);
#13013 = ADVANCED_FACE('',(#13014),#11620,.F.);
#13014 = FACE_BOUND('',#13015,.F.);
#13015 = EDGE_LOOP('',(#13016,#13046,#13065,#13066));
#13016 = ORIENTED_EDGE('',*,*,#13017,.F.);
#13017 = EDGE_CURVE('',#13018,#13020,#13022,.T.);
#13018 = VERTEX_POINT('',#13019);
#13019 = CARTESIAN_POINT('',(-49.5,-24.5,4.));
#13020 = VERTEX_POINT('',#13021);
#13021 = CARTESIAN_POINT('',(-49.5,24.5,4.));
#13022 = SURFACE_CURVE('',#13023,(#13027,#13034),.PCURVE_S1.);
#13023 = LINE('',#13024,#13025);
#13024 = CARTESIAN_POINT('',(-49.5,-75.8,4.));
#13025 = VECTOR('',#13026,1.);
#13026 = DIRECTION('',(0.,1.,0.));
#13027 = PCURVE('',#11620,#13028);
#13028 = DEFINITIONAL_REPRESENTATION('',(#13029),#13033);
#13029 = LINE('',#13030,#13031);
#13030 = CARTESIAN_POINT('',(0.707106781187,0.));
#13031 = VECTOR('',#13032,1.);
#13032 = DIRECTION('',(0.,-1.));
#13033 = ( GEOMETRIC_REPRESENTATION_CONTEXT(2) 
PARAMETRIC_REPRESENTATION_CONTEXT() REPRESENTATION_CONTEXT('2D SPACE',''
  ) );
#13034 = PCURVE('',#13035,#13040);
#13035 = PLANE('',#13036);
#13036 = AXIS2_PLACEMENT_3D('',#13037,#13038,#13039);
#13037 = CARTESIAN_POINT('',(0.,0.,4.));
#13038 = DIRECTION('',(0.,0.,1.));
#13039 = DIRECTION('',(1.,0.,-0.));
#13040 = DEFINITIONAL_REPRESENTATION('',(#13041),#13045);
#13041 = LINE('',#13042,#13043);
#13042 = CARTESIAN_POINT('',(-49.5,-75.8));
#13043 = VECTOR('',#13044,1.);
#13044 = DIRECTION('',(0.,1.));
#13045 = ( GEOMETRIC_REPRESENTATION_CONTEXT(2) 
PARAMETRIC_REPRESENTATION_CONTEXT() REPRESENTATION_CONTEXT('2D SPACE',''
  ) );
#13046 = ORIENTED_EDGE('',*,*,#13047,.T.);
#13047 = EDGE_CURVE('',#13018,#5401,#13048,.T.);
#13048 = SURFACE_CURVE('',#13049,(#13053,#13059),.PCURVE_S1.);
#13049 = LINE('',#13050,#13051);
#13050 = CARTESIAN_POINT('',(-66.93333333333,-41.93333333333,
    -13.43333333333));
#13051 = VECTOR('',#13052,1.);
#13052 = DIRECTION('',(-0.57735026919,-0.57735026919,-0.57735026919));
#13053 = PCURVE('',#11620,#13054);
#13054 = DEFINITIONAL_REPRESENTATION('',(#13055),#13058);
#13055 = B_SPLINE_CURVE_WITH_KNOTS('',1,(#13056,#13057),.UNSPECIFIED.,
  .F.,.F.,(2,2),(-30.19541907861,-29.32939367483),
  .PIECEWISE_BEZIER_KNOTS.);
#13056 = CARTESIAN_POINT('',(0.707106781187,-51.3));
#13057 = CARTESIAN_POINT('',(1.907037919174E-15,-50.8));
#13058 = ( GEOMETRIC_REPRESENTATION_CONTEXT(2) 
PARAMETRIC_REPRESENTATION_CONTEXT() REPRESENTATION_CONTEXT('2D SPACE',''
  ) );
#13059 = PCURVE('',#11917,#13060);
#13060 = DEFINITIONAL_REPRESENTATION('',(#13061),#13064);
#13061 = B_SPLINE_CURVE_WITH_KNOTS('',1,(#13062,#13063),.UNSPECIFIED.,
  .F.,.F.,(2,2),(-30.19541907861,-29.32939367483),
  .PIECEWISE_BEZIER_KNOTS.);
#13062 = CARTESIAN_POINT('',(51.3,0.707106781187));
#13063 = CARTESIAN_POINT('',(50.8,-7.561851700532E-16));
#13064 = ( GEOMETRIC_REPRESENTATION_CONTEXT(2) 
PARAMETRIC_REPRESENTATION_CONTEXT() REPRESENTATION_CONTEXT('2D SPACE',''
  ) );
#13065 = ORIENTED_EDGE('',*,*,#11604,.T.);
#13066 = ORIENTED_EDGE('',*,*,#13067,.T.);
#13067 = EDGE_CURVE('',#11605,#13020,#13068,.T.);
#13068 = SURFACE_CURVE('',#13069,(#13073,#13079),.PCURVE_S1.);
#13069 = LINE('',#13070,#13071);
#13070 = CARTESIAN_POINT('',(-41.66666666666,16.666666666667,
    11.833333333333));
#13071 = VECTOR('',#13072,1.);
#13072 = DIRECTION('',(0.57735026919,-0.57735026919,0.57735026919));
#13073 = PCURVE('',#11620,#13074);
#13074 = DEFINITIONAL_REPRESENTATION('',(#13075),#13078);
#13075 = B_SPLINE_CURVE_WITH_KNOTS('',1,(#13076,#13077),.UNSPECIFIED.,
  .F.,.F.,(2,2),(-14.43375672974,-13.56773132595),
  .PIECEWISE_BEZIER_KNOTS.);
#13076 = CARTESIAN_POINT('',(-6.765356415412E-17,-100.8));
#13077 = CARTESIAN_POINT('',(0.707106781187,-100.3));
#13078 = ( GEOMETRIC_REPRESENTATION_CONTEXT(2) 
PARAMETRIC_REPRESENTATION_CONTEXT() REPRESENTATION_CONTEXT('2D SPACE',''
  ) );
#13079 = PCURVE('',#13080,#13085);
#13080 = PLANE('',#13081);
#13081 = AXIS2_PLACEMENT_3D('',#13082,#13083,#13084);
#13082 = CARTESIAN_POINT('',(-100.8,25.,3.5));
#13083 = DIRECTION('',(0.,0.707106781187,0.707106781187));
#13084 = DIRECTION('',(0.,-0.707106781187,0.707106781187));
#13085 = DEFINITIONAL_REPRESENTATION('',(#13086),#13089);
#13086 = B_SPLINE_CURVE_WITH_KNOTS('',1,(#13087,#13088),.UNSPECIFIED.,
  .F.,.F.,(2,2),(-14.43375672974,-13.56773132595),
  .PIECEWISE_BEZIER_KNOTS.);
#13087 = CARTESIAN_POINT('',(-5.396724082355E-15,50.8));
#13088 = CARTESIAN_POINT('',(0.707106781187,51.3));
#13089 = ( GEOMETRIC_REPRESENTATION_CONTEXT(2) 
PARAMETRIC_REPRESENTATION_CONTEXT() REPRESENTATION_CONTEXT('2D SPACE',''
  ) );
#13090 = ADVANCED_FACE('',(#13091),#11719,.T.);
#13091 = FACE_BOUND('',#13092,.T.);
#13092 = EDGE_LOOP('',(#13093,#13114,#13115,#13116));
#13093 = ORIENTED_EDGE('',*,*,#13094,.F.);
#13094 = EDGE_CURVE('',#11682,#13095,#13097,.T.);
#13095 = VERTEX_POINT('',#13096);
#13096 = CARTESIAN_POINT('',(-73.7,-21.5,5.6));
#13097 = SEAM_CURVE('',#13098,(#13102,#13108),.PCURVE_S1.);
#13098 = LINE('',#13099,#13100);
#13099 = CARTESIAN_POINT('',(-73.4,-21.5,5.3));
#13100 = VECTOR('',#13101,1.);
#13101 = DIRECTION('',(-0.707106781187,0.,0.707106781187));
#13102 = PCURVE('',#11719,#13103);
#13103 = DEFINITIONAL_REPRESENTATION('',(#13104),#13107);
#13104 = B_SPLINE_CURVE_WITH_KNOTS('',1,(#13105,#13106),.UNSPECIFIED.,
  .F.,.F.,(2,2),(0.,0.424264068712),.PIECEWISE_BEZIER_KNOTS.);
#13105 = CARTESIAN_POINT('',(0.,0.));
#13106 = CARTESIAN_POINT('',(0.,-0.3));
#13107 = ( GEOMETRIC_REPRESENTATION_CONTEXT(2) 
PARAMETRIC_REPRESENTATION_CONTEXT() REPRESENTATION_CONTEXT('2D SPACE',''
  ) );
#13108 = PCURVE('',#11719,#13109);
#13109 = DEFINITIONAL_REPRESENTATION('',(#13110),#13113);
#13110 = B_SPLINE_CURVE_WITH_KNOTS('',1,(#13111,#13112),.UNSPECIFIED.,
  .F.,.F.,(2,2),(0.,0.424264068712),.PIECEWISE_BEZIER_KNOTS.);
#13111 = CARTESIAN_POINT('',(-6.28318530718,0.));
#13112 = CARTESIAN_POINT('',(-6.28318530718,-0.3));
#13113 = ( GEOMETRIC_REPRESENTATION_CONTEXT(2) 
PARAMETRIC_REPRESENTATION_CONTEXT() REPRESENTATION_CONTEXT('2D SPACE',''
  ) );
#13114 = ORIENTED_EDGE('',*,*,#11704,.T.);
#13115 = ORIENTED_EDGE('',*,*,#13094,.T.);
#13116 = ORIENTED_EDGE('',*,*,#13117,.F.);
#13117 = EDGE_CURVE('',#13095,#13095,#13118,.T.);
#13118 = SURFACE_CURVE('',#13119,(#13124,#13131),.PCURVE_S1.);
#13119 = CIRCLE('',#13120,1.3);
#13120 = AXIS2_PLACEMENT_3D('',#13121,#13122,#13123);
#13121 = CARTESIAN_POINT('',(-75.,-21.5,5.6));
#13122 = DIRECTION('',(0.,0.,1.));
#13123 = DIRECTION('',(1.,0.,-0.));
#13124 = PCURVE('',#11719,#13125);
#13125 = DEFINITIONAL_REPRESENTATION('',(#13126),#13130);
#13126 = LINE('',#13127,#13128);
#13127 = CARTESIAN_POINT('',(-0.,-0.3));
#13128 = VECTOR('',#13129,1.);
#13129 = DIRECTION('',(-1.,-0.));
#13130 = ( GEOMETRIC_REPRESENTATION_CONTEXT(2) 
PARAMETRIC_REPRESENTATION_CONTEXT() REPRESENTATION_CONTEXT('2D SPACE',''
  ) );
#13131 = PCURVE('',#13132,#13137);
#13132 = PLANE('',#13133);
#13133 = AXIS2_PLACEMENT_3D('',#13134,#13135,#13136);
#13134 = CARTESIAN_POINT('',(-75.,-21.5,5.6));
#13135 = DIRECTION('',(0.,0.,1.));
#13136 = DIRECTION('',(1.,0.,-0.));
#13137 = DEFINITIONAL_REPRESENTATION('',(#13138),#13142);
#13138 = CIRCLE('',#13139,1.3);
#13139 = AXIS2_PLACEMENT_2D('',#13140,#13141);
#13140 = CARTESIAN_POINT('',(0.,0.));
#13141 = DIRECTION('',(1.,0.));
#13142 = ( GEOMETRIC_REPRESENTATION_CONTEXT(2) 
PARAMETRIC_REPRESENTATION_CONTEXT() REPRESENTATION_CONTEXT('2D SPACE',''
  ) );
#13143 = ADVANCED_FACE('',(#13144),#11774,.T.);
#13144 = FACE_BOUND('',#13145,.T.);
#13145 = EDGE_LOOP('',(#13146,#13167,#13168,#13169));
#13146 = ORIENTED_EDGE('',*,*,#13147,.F.);
#13147 = EDGE_CURVE('',#11737,#13148,#13150,.T.);
#13148 = VERTEX_POINT('',#13149);
#13149 = CARTESIAN_POINT('',(-95.2,0.,5.6));
#13150 = SEAM_CURVE('',#13151,(#13155,#13161),.PCURVE_S1.);
#13151 = LINE('',#13152,#13153);
#13152 = CARTESIAN_POINT('',(-94.9,0.,5.3));
#13153 = VECTOR('',#13154,1.);
#13154 = DIRECTION('',(-0.707106781187,0.,0.707106781187));
#13155 = PCURVE('',#11774,#13156);
#13156 = DEFINITIONAL_REPRESENTATION('',(#13157),#13160);
#13157 = B_SPLINE_CURVE_WITH_KNOTS('',1,(#13158,#13159),.UNSPECIFIED.,
  .F.,.F.,(2,2),(0.,0.424264068712),.PIECEWISE_BEZIER_KNOTS.);
#13158 = CARTESIAN_POINT('',(0.,0.));
#13159 = CARTESIAN_POINT('',(0.,-0.3));
#13160 = ( GEOMETRIC_REPRESENTATION_CONTEXT(2) 
PARAMETRIC_REPRESENTATION_CONTEXT() REPRESENTATION_CONTEXT('2D SPACE',''
  ) );
#13161 = PCURVE('',#11774,#13162);
#13162 = DEFINITIONAL_REPRESENTATION('',(#13163),#13166);
#13163 = B_SPLINE_CURVE_WITH_KNOTS('',1,(#13164,#13165),.UNSPECIFIED.,
  .F.,.F.,(2,2),(0.,0.424264068712),.PIECEWISE_BEZIER_KNOTS.);
#13164 = CARTESIAN_POINT('',(-6.28318530718,0.));
#13165 = CARTESIAN_POINT('',(-6.28318530718,-0.3));
#13166 = ( GEOMETRIC_REPRESENTATION_CONTEXT(2) 
PARAMETRIC_REPRESENTATION_CONTEXT() REPRESENTATION_CONTEXT('2D SPACE',''
  ) );
#13167 = ORIENTED_EDGE('',*,*,#11759,.T.);
#13168 = ORIENTED_EDGE('',*,*,#13147,.T.);
#13169 = ORIENTED_EDGE('',*,*,#13170,.F.);
#13170 = EDGE_CURVE('',#13148,#13148,#13171,.T.);
#13171 = SURFACE_CURVE('',#13172,(#13177,#13184),.PCURVE_S1.);
#13172 = CIRCLE('',#13173,1.3);
#13173 = AXIS2_PLACEMENT_3D('',#13174,#13175,#13176);
#13174 = CARTESIAN_POINT('',(-96.5,0.,5.6));
#13175 = DIRECTION('',(0.,0.,1.));
#13176 = DIRECTION('',(1.,0.,-0.));
#13177 = PCURVE('',#11774,#13178);
#13178 = DEFINITIONAL_REPRESENTATION('',(#13179),#13183);
#13179 = LINE('',#13180,#13181);
#13180 = CARTESIAN_POINT('',(-0.,-0.3));
#13181 = VECTOR('',#13182,1.);
#13182 = DIRECTION('',(-1.,-0.));
#13183 = ( GEOMETRIC_REPRESENTATION_CONTEXT(2) 
PARAMETRIC_REPRESENTATION_CONTEXT() REPRESENTATION_CONTEXT('2D SPACE',''
  ) );
#13184 = PCURVE('',#13185,#13190);
#13185 = PLANE('',#13186);
#13186 = AXIS2_PLACEMENT_3D('',#13187,#13188,#13189);
#13187 = CARTESIAN_POINT('',(-96.5,0.,5.6));
#13188 = DIRECTION('',(0.,0.,1.));
#13189 = DIRECTION('',(1.,0.,-0.));
#13190 = DEFINITIONAL_REPRESENTATION('',(#13191),#13195);
#13191 = CIRCLE('',#13192,1.3);
#13192 = AXIS2_PLACEMENT_2D('',#13193,#13194);
#13193 = CARTESIAN_POINT('',(0.,0.));
#13194 = DIRECTION('',(1.,0.));
#13195 = ( GEOMETRIC_REPRESENTATION_CONTEXT(2) 
PARAMETRIC_REPRESENTATION_CONTEXT() REPRESENTATION_CONTEXT('2D SPACE',''
  ) );
#13196 = ADVANCED_FACE('',(#13197),#11829,.T.);
#13197 = FACE_BOUND('',#13198,.T.);
#13198 = EDGE_LOOP('',(#13199,#13220,#13221,#13222));
#13199 = ORIENTED_EDGE('',*,*,#13200,.F.);
#13200 = EDGE_CURVE('',#11792,#13201,#13203,.T.);
#13201 = VERTEX_POINT('',#13202);
#13202 = CARTESIAN_POINT('',(-73.7,21.5,5.6));
#13203 = SEAM_CURVE('',#13204,(#13208,#13214),.PCURVE_S1.);
#13204 = LINE('',#13205,#13206);
#13205 = CARTESIAN_POINT('',(-73.4,21.5,5.3));
#13206 = VECTOR('',#13207,1.);
#13207 = DIRECTION('',(-0.707106781187,0.,0.707106781187));
#13208 = PCURVE('',#11829,#13209);
#13209 = DEFINITIONAL_REPRESENTATION('',(#13210),#13213);
#13210 = B_SPLINE_CURVE_WITH_KNOTS('',1,(#13211,#13212),.UNSPECIFIED.,
  .F.,.F.,(2,2),(0.,0.424264068712),.PIECEWISE_BEZIER_KNOTS.);
#13211 = CARTESIAN_POINT('',(0.,0.));
#13212 = CARTESIAN_POINT('',(0.,-0.3));
#13213 = ( GEOMETRIC_REPRESENTATION_CONTEXT(2) 
PARAMETRIC_REPRESENTATION_CONTEXT() REPRESENTATION_CONTEXT('2D SPACE',''
  ) );
#13214 = PCURVE('',#11829,#13215);
#13215 = DEFINITIONAL_REPRESENTATION('',(#13216),#13219);
#13216 = B_SPLINE_CURVE_WITH_KNOTS('',1,(#13217,#13218),.UNSPECIFIED.,
  .F.,.F.,(2,2),(0.,0.424264068712),.PIECEWISE_BEZIER_KNOTS.);
#13217 = CARTESIAN_POINT('',(-6.28318530718,0.));
#13218 = CARTESIAN_POINT('',(-6.28318530718,-0.3));
#13219 = ( GEOMETRIC_REPRESENTATION_CONTEXT(2) 
PARAMETRIC_REPRESENTATION_CONTEXT() REPRESENTATION_CONTEXT('2D SPACE',''
  ) );
#13220 = ORIENTED_EDGE('',*,*,#11814,.T.);
#13221 = ORIENTED_EDGE('',*,*,#13200,.T.);
#13222 = ORIENTED_EDGE('',*,*,#13223,.F.);
#13223 = EDGE_CURVE('',#13201,#13201,#13224,.T.);
#13224 = SURFACE_CURVE('',#13225,(#13230,#13237),.PCURVE_S1.);
#13225 = CIRCLE('',#13226,1.3);
#13226 = AXIS2_PLACEMENT_3D('',#13227,#13228,#13229);
#13227 = CARTESIAN_POINT('',(-75.,21.5,5.6));
#13228 = DIRECTION('',(0.,0.,1.));
#13229 = DIRECTION('',(1.,0.,-0.));
#13230 = PCURVE('',#11829,#13231);
#13231 = DEFINITIONAL_REPRESENTATION('',(#13232),#13236);
#13232 = LINE('',#13233,#13234);
#13233 = CARTESIAN_POINT('',(-0.,-0.3));
#13234 = VECTOR('',#13235,1.);
#13235 = DIRECTION('',(-1.,-0.));
#13236 = ( GEOMETRIC_REPRESENTATION_CONTEXT(2) 
PARAMETRIC_REPRESENTATION_CONTEXT() REPRESENTATION_CONTEXT('2D SPACE',''
  ) );
#13237 = PCURVE('',#13238,#13243);
#13238 = PLANE('',#13239);
#13239 = AXIS2_PLACEMENT_3D('',#13240,#13241,#13242);
#13240 = CARTESIAN_POINT('',(-75.,21.5,5.6));
#13241 = DIRECTION('',(0.,0.,1.));
#13242 = DIRECTION('',(1.,0.,-0.));
#13243 = DEFINITIONAL_REPRESENTATION('',(#13244),#13248);
#13244 = CIRCLE('',#13245,1.3);
#13245 = AXIS2_PLACEMENT_2D('',#13246,#13247);
#13246 = CARTESIAN_POINT('',(0.,0.));
#13247 = DIRECTION('',(1.,0.));
#13248 = ( GEOMETRIC_REPRESENTATION_CONTEXT(2) 
PARAMETRIC_REPRESENTATION_CONTEXT() REPRESENTATION_CONTEXT('2D SPACE',''
  ) );
#13249 = ADVANCED_FACE('',(#13250),#11884,.T.);
#13250 = FACE_BOUND('',#13251,.T.);
#13251 = EDGE_LOOP('',(#13252,#13273,#13274,#13275));
#13252 = ORIENTED_EDGE('',*,*,#13253,.F.);
#13253 = EDGE_CURVE('',#11847,#13254,#13256,.T.);
#13254 = VERTEX_POINT('',#13255);
#13255 = CARTESIAN_POINT('',(-52.2,0.,5.6));
#13256 = SEAM_CURVE('',#13257,(#13261,#13267),.PCURVE_S1.);
#13257 = LINE('',#13258,#13259);
#13258 = CARTESIAN_POINT('',(-51.9,0.,5.3));
#13259 = VECTOR('',#13260,1.);
#13260 = DIRECTION('',(-0.707106781187,0.,0.707106781187));
#13261 = PCURVE('',#11884,#13262);
#13262 = DEFINITIONAL_REPRESENTATION('',(#13263),#13266);
#13263 = B_SPLINE_CURVE_WITH_KNOTS('',1,(#13264,#13265),.UNSPECIFIED.,
  .F.,.F.,(2,2),(0.,0.424264068712),.PIECEWISE_BEZIER_KNOTS.);
#13264 = CARTESIAN_POINT('',(0.,0.));
#13265 = CARTESIAN_POINT('',(0.,-0.3));
#13266 = ( GEOMETRIC_REPRESENTATION_CONTEXT(2) 
PARAMETRIC_REPRESENTATION_CONTEXT() REPRESENTATION_CONTEXT('2D SPACE',''
  ) );
#13267 = PCURVE('',#11884,#13268);
#13268 = DEFINITIONAL_REPRESENTATION('',(#13269),#13272);
#13269 = B_SPLINE_CURVE_WITH_KNOTS('',1,(#13270,#13271),.UNSPECIFIED.,
  .F.,.F.,(2,2),(0.,0.424264068712),.PIECEWISE_BEZIER_KNOTS.);
#13270 = CARTESIAN_POINT('',(-6.28318530718,0.));
#13271 = CARTESIAN_POINT('',(-6.28318530718,-0.3));
#13272 = ( GEOMETRIC_REPRESENTATION_CONTEXT(2) 
PARAMETRIC_REPRESENTATION_CONTEXT() REPRESENTATION_CONTEXT('2D SPACE',''
  ) );
#13273 = ORIENTED_EDGE('',*,*,#11869,.T.);
#13274 = ORIENTED_EDGE('',*,*,#13253,.T.);
#13275 = ORIENTED_EDGE('',*,*,#13276,.F.);
#13276 = EDGE_CURVE('',#13254,#13254,#13277,.T.);
#13277 = SURFACE_CURVE('',#13278,(#13283,#13290),.PCURVE_S1.);
#13278 = CIRCLE('',#13279,1.3);
#13279 = AXIS2_PLACEMENT_3D('',#13280,#13281,#13282);
#13280 = CARTESIAN_POINT('',(-53.5,0.,5.6));
#13281 = DIRECTION('',(0.,0.,1.));
#13282 = DIRECTION('',(1.,0.,-0.));
#13283 = PCURVE('',#11884,#13284);
#13284 = DEFINITIONAL_REPRESENTATION('',(#13285),#13289);
#13285 = LINE('',#13286,#13287);
#13286 = CARTESIAN_POINT('',(-0.,-0.3));
#13287 = VECTOR('',#13288,1.);
#13288 = DIRECTION('',(-1.,-0.));
#13289 = ( GEOMETRIC_REPRESENTATION_CONTEXT(2) 
PARAMETRIC_REPRESENTATION_CONTEXT() REPRESENTATION_CONTEXT('2D SPACE',''
  ) );
#13290 = PCURVE('',#13291,#13296);
#13291 = PLANE('',#13292);
#13292 = AXIS2_PLACEMENT_3D('',#13293,#13294,#13295);
#13293 = CARTESIAN_POINT('',(-53.5,0.,5.6));
#13294 = DIRECTION('',(0.,0.,1.));
#13295 = DIRECTION('',(1.,0.,-0.));
#13296 = DEFINITIONAL_REPRESENTATION('',(#13297),#13301);
#13297 = CIRCLE('',#13298,1.3);
#13298 = AXIS2_PLACEMENT_2D('',#13299,#13300);
#13299 = CARTESIAN_POINT('',(0.,0.));
#13300 = DIRECTION('',(1.,0.));
#13301 = ( GEOMETRIC_REPRESENTATION_CONTEXT(2) 
PARAMETRIC_REPRESENTATION_CONTEXT() REPRESENTATION_CONTEXT('2D SPACE',''
  ) );
#13302 = ADVANCED_FACE('',(#13303),#11917,.T.);
#13303 = FACE_BOUND('',#13304,.T.);
#13304 = EDGE_LOOP('',(#13305,#13306,#13307,#13333));
#13305 = ORIENTED_EDGE('',*,*,#13047,.T.);
#13306 = ORIENTED_EDGE('',*,*,#11901,.T.);
#13307 = ORIENTED_EDGE('',*,*,#13308,.F.);
#13308 = EDGE_CURVE('',#13309,#11902,#13311,.T.);
#13309 = VERTEX_POINT('',#13310);
#13310 = CARTESIAN_POINT('',(-0.5,-24.5,4.));
#13311 = SURFACE_CURVE('',#13312,(#13316,#13322),.PCURVE_S1.);
#13312 = LINE('',#13313,#13314);
#13313 = CARTESIAN_POINT('',(-8.5,-16.5,12.));
#13314 = VECTOR('',#13315,1.);
#13315 = DIRECTION('',(0.57735026919,-0.57735026919,-0.57735026919));
#13316 = PCURVE('',#11917,#13317);
#13317 = DEFINITIONAL_REPRESENTATION('',(#13318),#13321);
#13318 = B_SPLINE_CURVE_WITH_KNOTS('',1,(#13319,#13320),.UNSPECIFIED.,
  .F.,.F.,(2,2),(13.856406460551,14.722431864335),
  .PIECEWISE_BEZIER_KNOTS.);
#13319 = CARTESIAN_POINT('',(100.3,0.707106781187));
#13320 = CARTESIAN_POINT('',(100.8,1.896237829712E-15));
#13321 = ( GEOMETRIC_REPRESENTATION_CONTEXT(2) 
PARAMETRIC_REPRESENTATION_CONTEXT() REPRESENTATION_CONTEXT('2D SPACE',''
  ) );
#13322 = PCURVE('',#13323,#13328);
#13323 = PLANE('',#13324);
#13324 = AXIS2_PLACEMENT_3D('',#13325,#13326,#13327);
#13325 = CARTESIAN_POINT('',(-0.5,-75.8,4.));
#13326 = DIRECTION('',(0.707106781187,0.,0.707106781187));
#13327 = DIRECTION('',(0.707106781187,0.,-0.707106781187));
#13328 = DEFINITIONAL_REPRESENTATION('',(#13329),#13332);
#13329 = B_SPLINE_CURVE_WITH_KNOTS('',1,(#13330,#13331),.UNSPECIFIED.,
  .F.,.F.,(2,2),(13.856406460551,14.722431864335),
  .PIECEWISE_BEZIER_KNOTS.);
#13330 = CARTESIAN_POINT('',(3.714234528176E-16,51.3));
#13331 = CARTESIAN_POINT('',(0.707106781187,50.8));
#13332 = ( GEOMETRIC_REPRESENTATION_CONTEXT(2) 
PARAMETRIC_REPRESENTATION_CONTEXT() REPRESENTATION_CONTEXT('2D SPACE',''
  ) );
#13333 = ORIENTED_EDGE('',*,*,#13334,.F.);
#13334 = EDGE_CURVE('',#13018,#13309,#13335,.T.);
#13335 = SURFACE_CURVE('',#13336,(#13340,#13347),.PCURVE_S1.);
#13336 = LINE('',#13337,#13338);
#13337 = CARTESIAN_POINT('',(-100.8,-24.5,4.));
#13338 = VECTOR('',#13339,1.);
#13339 = DIRECTION('',(1.,0.,0.));
#13340 = PCURVE('',#11917,#13341);
#13341 = DEFINITIONAL_REPRESENTATION('',(#13342),#13346);
#13342 = LINE('',#13343,#13344);
#13343 = CARTESIAN_POINT('',(0.,0.707106781187));
#13344 = VECTOR('',#13345,1.);
#13345 = DIRECTION('',(1.,0.));
#13346 = ( GEOMETRIC_REPRESENTATION_CONTEXT(2) 
PARAMETRIC_REPRESENTATION_CONTEXT() REPRESENTATION_CONTEXT('2D SPACE',''
  ) );
#13347 = PCURVE('',#13035,#13348);
#13348 = DEFINITIONAL_REPRESENTATION('',(#13349),#13353);
#13349 = LINE('',#13350,#13351);
#13350 = CARTESIAN_POINT('',(-100.8,-24.5));
#13351 = VECTOR('',#13352,1.);
#13352 = DIRECTION('',(1.,0.));
#13353 = ( GEOMETRIC_REPRESENTATION_CONTEXT(2) 
PARAMETRIC_REPRESENTATION_CONTEXT() REPRESENTATION_CONTEXT('2D SPACE',''
  ) );
#13354 = ADVANCED_FACE('',(#13355),#12065,.T.);
#13355 = FACE_BOUND('',#13356,.T.);
#13356 = EDGE_LOOP('',(#13357,#13380,#13407,#13408));
#13357 = ORIENTED_EDGE('',*,*,#13358,.T.);
#13358 = EDGE_CURVE('',#12049,#13359,#13361,.T.);
#13359 = VERTEX_POINT('',#13360);
#13360 = CARTESIAN_POINT('',(-73.4,28.5,5.3));
#13361 = SEAM_CURVE('',#13362,(#13366,#13373),.PCURVE_S1.);
#13362 = LINE('',#13363,#13364);
#13363 = CARTESIAN_POINT('',(-73.4,28.5,4.));
#13364 = VECTOR('',#13365,1.);
#13365 = DIRECTION('',(0.,0.,1.));
#13366 = PCURVE('',#12065,#13367);
#13367 = DEFINITIONAL_REPRESENTATION('',(#13368),#13372);
#13368 = LINE('',#13369,#13370);
#13369 = CARTESIAN_POINT('',(6.28318530718,-0.));
#13370 = VECTOR('',#13371,1.);
#13371 = DIRECTION('',(0.,1.));
#13372 = ( GEOMETRIC_REPRESENTATION_CONTEXT(2) 
PARAMETRIC_REPRESENTATION_CONTEXT() REPRESENTATION_CONTEXT('2D SPACE',''
  ) );
#13373 = PCURVE('',#12065,#13374);
#13374 = DEFINITIONAL_REPRESENTATION('',(#13375),#13379);
#13375 = LINE('',#13376,#13377);
#13376 = CARTESIAN_POINT('',(0.,-0.));
#13377 = VECTOR('',#13378,1.);
#13378 = DIRECTION('',(0.,1.));
#13379 = ( GEOMETRIC_REPRESENTATION_CONTEXT(2) 
PARAMETRIC_REPRESENTATION_CONTEXT() REPRESENTATION_CONTEXT('2D SPACE',''
  ) );
#13380 = ORIENTED_EDGE('',*,*,#13381,.F.);
#13381 = EDGE_CURVE('',#13359,#13359,#13382,.T.);
#13382 = SURFACE_CURVE('',#13383,(#13388,#13395),.PCURVE_S1.);
#13383 = CIRCLE('',#13384,1.6);
#13384 = AXIS2_PLACEMENT_3D('',#13385,#13386,#13387);
#13385 = CARTESIAN_POINT('',(-75.,28.5,5.3));
#13386 = DIRECTION('',(0.,0.,1.));
#13387 = DIRECTION('',(1.,0.,-0.));
#13388 = PCURVE('',#12065,#13389);
#13389 = DEFINITIONAL_REPRESENTATION('',(#13390),#13394);
#13390 = LINE('',#13391,#13392);
#13391 = CARTESIAN_POINT('',(0.,1.3));
#13392 = VECTOR('',#13393,1.);
#13393 = DIRECTION('',(1.,0.));
#13394 = ( GEOMETRIC_REPRESENTATION_CONTEXT(2) 
PARAMETRIC_REPRESENTATION_CONTEXT() REPRESENTATION_CONTEXT('2D SPACE',''
  ) );
#13395 = PCURVE('',#13396,#13401);
#13396 = CONICAL_SURFACE('',#13397,1.6,0.785398163397);
#13397 = AXIS2_PLACEMENT_3D('',#13398,#13399,#13400);
#13398 = CARTESIAN_POINT('',(-75.,28.5,5.3));
#13399 = DIRECTION('',(-0.,-0.,-1.));
#13400 = DIRECTION('',(1.,0.,0.));
#13401 = DEFINITIONAL_REPRESENTATION('',(#13402),#13406);
#13402 = LINE('',#13403,#13404);
#13403 = CARTESIAN_POINT('',(-0.,-0.));
#13404 = VECTOR('',#13405,1.);
#13405 = DIRECTION('',(-1.,-0.));
#13406 = ( GEOMETRIC_REPRESENTATION_CONTEXT(2) 
PARAMETRIC_REPRESENTATION_CONTEXT() REPRESENTATION_CONTEXT('2D SPACE',''
  ) );
#13407 = ORIENTED_EDGE('',*,*,#13358,.F.);
#13408 = ORIENTED_EDGE('',*,*,#12048,.T.);
#13409 = ADVANCED_FACE('',(#13410),#12096,.T.);
#13410 = FACE_BOUND('',#13411,.T.);
#13411 = EDGE_LOOP('',(#13412,#13435,#13462,#13463));
#13412 = ORIENTED_EDGE('',*,*,#13413,.T.);
#13413 = EDGE_CURVE('',#12080,#13414,#13416,.T.);
#13414 = VERTEX_POINT('',#13415);
#13415 = CARTESIAN_POINT('',(-94.9,50.,5.3));
#13416 = SEAM_CURVE('',#13417,(#13421,#13428),.PCURVE_S1.);
#13417 = LINE('',#13418,#13419);
#13418 = CARTESIAN_POINT('',(-94.9,50.,4.));
#13419 = VECTOR('',#13420,1.);
#13420 = DIRECTION('',(0.,0.,1.));
#13421 = PCURVE('',#12096,#13422);
#13422 = DEFINITIONAL_REPRESENTATION('',(#13423),#13427);
#13423 = LINE('',#13424,#13425);
#13424 = CARTESIAN_POINT('',(6.28318530718,-0.));
#13425 = VECTOR('',#13426,1.);
#13426 = DIRECTION('',(0.,1.));
#13427 = ( GEOMETRIC_REPRESENTATION_CONTEXT(2) 
PARAMETRIC_REPRESENTATION_CONTEXT() REPRESENTATION_CONTEXT('2D SPACE',''
  ) );
#13428 = PCURVE('',#12096,#13429);
#13429 = DEFINITIONAL_REPRESENTATION('',(#13430),#13434);
#13430 = LINE('',#13431,#13432);
#13431 = CARTESIAN_POINT('',(0.,-0.));
#13432 = VECTOR('',#13433,1.);
#13433 = DIRECTION('',(0.,1.));
#13434 = ( GEOMETRIC_REPRESENTATION_CONTEXT(2) 
PARAMETRIC_REPRESENTATION_CONTEXT() REPRESENTATION_CONTEXT('2D SPACE',''
  ) );
#13435 = ORIENTED_EDGE('',*,*,#13436,.F.);
#13436 = EDGE_CURVE('',#13414,#13414,#13437,.T.);
#13437 = SURFACE_CURVE('',#13438,(#13443,#13450),.PCURVE_S1.);
#13438 = CIRCLE('',#13439,1.6);
#13439 = AXIS2_PLACEMENT_3D('',#13440,#13441,#13442);
#13440 = CARTESIAN_POINT('',(-96.5,50.,5.3));
#13441 = DIRECTION('',(0.,0.,1.));
#13442 = DIRECTION('',(1.,0.,-0.));
#13443 = PCURVE('',#12096,#13444);
#13444 = DEFINITIONAL_REPRESENTATION('',(#13445),#13449);
#13445 = LINE('',#13446,#13447);
#13446 = CARTESIAN_POINT('',(0.,1.3));
#13447 = VECTOR('',#13448,1.);
#13448 = DIRECTION('',(1.,0.));
#13449 = ( GEOMETRIC_REPRESENTATION_CONTEXT(2) 
PARAMETRIC_REPRESENTATION_CONTEXT() REPRESENTATION_CONTEXT('2D SPACE',''
  ) );
#13450 = PCURVE('',#13451,#13456);
#13451 = CONICAL_SURFACE('',#13452,1.6,0.785398163397);
#13452 = AXIS2_PLACEMENT_3D('',#13453,#13454,#13455);
#13453 = CARTESIAN_POINT('',(-96.5,50.,5.3));
#13454 = DIRECTION('',(-0.,-0.,-1.));
#13455 = DIRECTION('',(1.,0.,0.));
#13456 = DEFINITIONAL_REPRESENTATION('',(#13457),#13461);
#13457 = LINE('',#13458,#13459);
#13458 = CARTESIAN_POINT('',(-0.,-0.));
#13459 = VECTOR('',#13460,1.);
#13460 = DIRECTION('',(-1.,-0.));
#13461 = ( GEOMETRIC_REPRESENTATION_CONTEXT(2) 
PARAMETRIC_REPRESENTATION_CONTEXT() REPRESENTATION_CONTEXT('2D SPACE',''
  ) );
#13462 = ORIENTED_EDGE('',*,*,#13413,.F.);
#13463 = ORIENTED_EDGE('',*,*,#12079,.T.);
#13464 = ADVANCED_FACE('',(#13465),#12127,.T.);
#13465 = FACE_BOUND('',#13466,.T.);
#13466 = EDGE_LOOP('',(#13467,#13490,#13517,#13518));
#13467 = ORIENTED_EDGE('',*,*,#13468,.T.);
#13468 = EDGE_CURVE('',#12111,#13469,#13471,.T.);
#13469 = VERTEX_POINT('',#13470);
#13470 = CARTESIAN_POINT('',(-73.4,71.5,5.3));
#13471 = SEAM_CURVE('',#13472,(#13476,#13483),.PCURVE_S1.);
#13472 = LINE('',#13473,#13474);
#13473 = CARTESIAN_POINT('',(-73.4,71.5,4.));
#13474 = VECTOR('',#13475,1.);
#13475 = DIRECTION('',(0.,0.,1.));
#13476 = PCURVE('',#12127,#13477);
#13477 = DEFINITIONAL_REPRESENTATION('',(#13478),#13482);
#13478 = LINE('',#13479,#13480);
#13479 = CARTESIAN_POINT('',(6.28318530718,-0.));
#13480 = VECTOR('',#13481,1.);
#13481 = DIRECTION('',(0.,1.));
#13482 = ( GEOMETRIC_REPRESENTATION_CONTEXT(2) 
PARAMETRIC_REPRESENTATION_CONTEXT() REPRESENTATION_CONTEXT('2D SPACE',''
  ) );
#13483 = PCURVE('',#12127,#13484);
#13484 = DEFINITIONAL_REPRESENTATION('',(#13485),#13489);
#13485 = LINE('',#13486,#13487);
#13486 = CARTESIAN_POINT('',(0.,-0.));
#13487 = VECTOR('',#13488,1.);
#13488 = DIRECTION('',(0.,1.));
#13489 = ( GEOMETRIC_REPRESENTATION_CONTEXT(2) 
PARAMETRIC_REPRESENTATION_CONTEXT() REPRESENTATION_CONTEXT('2D SPACE',''
  ) );
#13490 = ORIENTED_EDGE('',*,*,#13491,.F.);
#13491 = EDGE_CURVE('',#13469,#13469,#13492,.T.);
#13492 = SURFACE_CURVE('',#13493,(#13498,#13505),.PCURVE_S1.);
#13493 = CIRCLE('',#13494,1.6);
#13494 = AXIS2_PLACEMENT_3D('',#13495,#13496,#13497);
#13495 = CARTESIAN_POINT('',(-75.,71.5,5.3));
#13496 = DIRECTION('',(0.,0.,1.));
#13497 = DIRECTION('',(1.,0.,-0.));
#13498 = PCURVE('',#12127,#13499);
#13499 = DEFINITIONAL_REPRESENTATION('',(#13500),#13504);
#13500 = LINE('',#13501,#13502);
#13501 = CARTESIAN_POINT('',(0.,1.3));
#13502 = VECTOR('',#13503,1.);
#13503 = DIRECTION('',(1.,0.));
#13504 = ( GEOMETRIC_REPRESENTATION_CONTEXT(2) 
PARAMETRIC_REPRESENTATION_CONTEXT() REPRESENTATION_CONTEXT('2D SPACE',''
  ) );
#13505 = PCURVE('',#13506,#13511);
#13506 = CONICAL_SURFACE('',#13507,1.6,0.785398163397);
#13507 = AXIS2_PLACEMENT_3D('',#13508,#13509,#13510);
#13508 = CARTESIAN_POINT('',(-75.,71.5,5.3));
#13509 = DIRECTION('',(-0.,-0.,-1.));
#13510 = DIRECTION('',(1.,0.,0.));
#13511 = DEFINITIONAL_REPRESENTATION('',(#13512),#13516);
#13512 = LINE('',#13513,#13514);
#13513 = CARTESIAN_POINT('',(-0.,-0.));
#13514 = VECTOR('',#13515,1.);
#13515 = DIRECTION('',(-1.,-0.));
#13516 = ( GEOMETRIC_REPRESENTATION_CONTEXT(2) 
PARAMETRIC_REPRESENTATION_CONTEXT() REPRESENTATION_CONTEXT('2D SPACE',''
  ) );
#13517 = ORIENTED_EDGE('',*,*,#13468,.F.);
#13518 = ORIENTED_EDGE('',*,*,#12110,.T.);
#13519 = ADVANCED_FACE('',(#13520),#12158,.T.);
#13520 = FACE_BOUND('',#13521,.T.);
#13521 = EDGE_LOOP('',(#13522,#13545,#13572,#13573));
#13522 = ORIENTED_EDGE('',*,*,#13523,.T.);
#13523 = EDGE_CURVE('',#12142,#13524,#13526,.T.);
#13524 = VERTEX_POINT('',#13525);
#13525 = CARTESIAN_POINT('',(-51.9,50.,5.3));
#13526 = SEAM_CURVE('',#13527,(#13531,#13538),.PCURVE_S1.);
#13527 = LINE('',#13528,#13529);
#13528 = CARTESIAN_POINT('',(-51.9,50.,4.));
#13529 = VECTOR('',#13530,1.);
#13530 = DIRECTION('',(0.,0.,1.));
#13531 = PCURVE('',#12158,#13532);
#13532 = DEFINITIONAL_REPRESENTATION('',(#13533),#13537);
#13533 = LINE('',#13534,#13535);
#13534 = CARTESIAN_POINT('',(6.28318530718,-0.));
#13535 = VECTOR('',#13536,1.);
#13536 = DIRECTION('',(0.,1.));
#13537 = ( GEOMETRIC_REPRESENTATION_CONTEXT(2) 
PARAMETRIC_REPRESENTATION_CONTEXT() REPRESENTATION_CONTEXT('2D SPACE',''
  ) );
#13538 = PCURVE('',#12158,#13539);
#13539 = DEFINITIONAL_REPRESENTATION('',(#13540),#13544);
#13540 = LINE('',#13541,#13542);
#13541 = CARTESIAN_POINT('',(0.,-0.));
#13542 = VECTOR('',#13543,1.);
#13543 = DIRECTION('',(0.,1.));
#13544 = ( GEOMETRIC_REPRESENTATION_CONTEXT(2) 
PARAMETRIC_REPRESENTATION_CONTEXT() REPRESENTATION_CONTEXT('2D SPACE',''
  ) );
#13545 = ORIENTED_EDGE('',*,*,#13546,.F.);
#13546 = EDGE_CURVE('',#13524,#13524,#13547,.T.);
#13547 = SURFACE_CURVE('',#13548,(#13553,#13560),.PCURVE_S1.);
#13548 = CIRCLE('',#13549,1.6);
#13549 = AXIS2_PLACEMENT_3D('',#13550,#13551,#13552);
#13550 = CARTESIAN_POINT('',(-53.5,50.,5.3));
#13551 = DIRECTION('',(0.,0.,1.));
#13552 = DIRECTION('',(1.,0.,-0.));
#13553 = PCURVE('',#12158,#13554);
#13554 = DEFINITIONAL_REPRESENTATION('',(#13555),#13559);
#13555 = LINE('',#13556,#13557);
#13556 = CARTESIAN_POINT('',(0.,1.3));
#13557 = VECTOR('',#13558,1.);
#13558 = DIRECTION('',(1.,0.));
#13559 = ( GEOMETRIC_REPRESENTATION_CONTEXT(2) 
PARAMETRIC_REPRESENTATION_CONTEXT() REPRESENTATION_CONTEXT('2D SPACE',''
  ) );
#13560 = PCURVE('',#13561,#13566);
#13561 = CONICAL_SURFACE('',#13562,1.6,0.785398163397);
#13562 = AXIS2_PLACEMENT_3D('',#13563,#13564,#13565);
#13563 = CARTESIAN_POINT('',(-53.5,50.,5.3));
#13564 = DIRECTION('',(-0.,-0.,-1.));
#13565 = DIRECTION('',(1.,0.,0.));
#13566 = DEFINITIONAL_REPRESENTATION('',(#13567),#13571);
#13567 = LINE('',#13568,#13569);
#13568 = CARTESIAN_POINT('',(-0.,-0.));
#13569 = VECTOR('',#13570,1.);
#13570 = DIRECTION('',(-1.,-0.));
#13571 = ( GEOMETRIC_REPRESENTATION_CONTEXT(2) 
PARAMETRIC_REPRESENTATION_CONTEXT() REPRESENTATION_CONTEXT('2D SPACE',''
  ) );
#13572 = ORIENTED_EDGE('',*,*,#13523,.F.);
#13573 = ORIENTED_EDGE('',*,*,#12141,.T.);
#13574 = ADVANCED_FACE('',(#13575),#12216,.T.);
#13575 = FACE_BOUND('',#13576,.T.);
#13576 = EDGE_LOOP('',(#13577,#13603,#13604,#13605));
#13577 = ORIENTED_EDGE('',*,*,#13578,.F.);
#13578 = EDGE_CURVE('',#11902,#12363,#13579,.T.);
#13579 = SURFACE_CURVE('',#13580,(#13584,#13591),.PCURVE_S1.);
#13580 = LINE('',#13581,#13582);
#13581 = CARTESIAN_POINT('',(-100.8,-25.,3.5));
#13582 = VECTOR('',#13583,1.);
#13583 = DIRECTION('',(1.,0.,0.));
#13584 = PCURVE('',#12216,#13585);
#13585 = DEFINITIONAL_REPRESENTATION('',(#13586),#13590);
#13586 = LINE('',#13587,#13588);
#13587 = CARTESIAN_POINT('',(0.,0.));
#13588 = VECTOR('',#13589,1.);
#13589 = DIRECTION('',(0.,1.));
#13590 = ( GEOMETRIC_REPRESENTATION_CONTEXT(2) 
PARAMETRIC_REPRESENTATION_CONTEXT() REPRESENTATION_CONTEXT('2D SPACE',''
  ) );
#13591 = PCURVE('',#13592,#13597);
#13592 = PLANE('',#13593);
#13593 = AXIS2_PLACEMENT_3D('',#13594,#13595,#13596);
#13594 = CARTESIAN_POINT('',(-100.8,-25.,3.5));
#13595 = DIRECTION('',(0.,-0.707106781187,0.707106781187));
#13596 = DIRECTION('',(1.,0.,0.));
#13597 = DEFINITIONAL_REPRESENTATION('',(#13598),#13602);
#13598 = LINE('',#13599,#13600);
#13599 = CARTESIAN_POINT('',(0.,0.));
#13600 = VECTOR('',#13601,1.);
#13601 = DIRECTION('',(1.,0.));
#13602 = ( GEOMETRIC_REPRESENTATION_CONTEXT(2) 
PARAMETRIC_REPRESENTATION_CONTEXT() REPRESENTATION_CONTEXT('2D SPACE',''
  ) );
#13603 = ORIENTED_EDGE('',*,*,#12281,.T.);
#13604 = ORIENTED_EDGE('',*,*,#12198,.T.);
#13605 = ORIENTED_EDGE('',*,*,#12410,.F.);
#13606 = ADVANCED_FACE('',(#13607),#12568,.T.);
#13607 = FACE_BOUND('',#13608,.T.);
#13608 = EDGE_LOOP('',(#13609,#13610,#13636,#13637));
#13609 = ORIENTED_EDGE('',*,*,#12634,.T.);
#13610 = ORIENTED_EDGE('',*,*,#13611,.T.);
#13611 = EDGE_CURVE('',#12635,#12487,#13612,.T.);
#13612 = SURFACE_CURVE('',#13613,(#13617,#13624),.PCURVE_S1.);
#13613 = LINE('',#13614,#13615);
#13614 = CARTESIAN_POINT('',(-100.8,25.,3.5));
#13615 = VECTOR('',#13616,1.);
#13616 = DIRECTION('',(1.,0.,0.));
#13617 = PCURVE('',#12568,#13618);
#13618 = DEFINITIONAL_REPRESENTATION('',(#13619),#13623);
#13619 = LINE('',#13620,#13621);
#13620 = CARTESIAN_POINT('',(0.,0.));
#13621 = VECTOR('',#13622,1.);
#13622 = DIRECTION('',(1.,0.));
#13623 = ( GEOMETRIC_REPRESENTATION_CONTEXT(2) 
PARAMETRIC_REPRESENTATION_CONTEXT() REPRESENTATION_CONTEXT('2D SPACE',''
  ) );
#13624 = PCURVE('',#13625,#13630);
#13625 = PLANE('',#13626);
#13626 = AXIS2_PLACEMENT_3D('',#13627,#13628,#13629);
#13627 = CARTESIAN_POINT('',(-100.8,25.,3.5));
#13628 = DIRECTION('',(0.,0.707106781187,0.707106781187));
#13629 = DIRECTION('',(0.,-0.707106781187,0.707106781187));
#13630 = DEFINITIONAL_REPRESENTATION('',(#13631),#13635);
#13631 = LINE('',#13632,#13633);
#13632 = CARTESIAN_POINT('',(0.,0.));
#13633 = VECTOR('',#13634,1.);
#13634 = DIRECTION('',(0.,1.));
#13635 = ( GEOMETRIC_REPRESENTATION_CONTEXT(2) 
PARAMETRIC_REPRESENTATION_CONTEXT() REPRESENTATION_CONTEXT('2D SPACE',''
  ) );
#13636 = ORIENTED_EDGE('',*,*,#12555,.F.);
#13637 = ORIENTED_EDGE('',*,*,#12608,.F.);
#13638 = ADVANCED_FACE('',(#13639),#12716,.T.);
#13639 = FACE_BOUND('',#13640,.T.);
#13640 = EDGE_LOOP('',(#13641,#13642,#13663,#13664));
#13641 = ORIENTED_EDGE('',*,*,#12782,.T.);
#13642 = ORIENTED_EDGE('',*,*,#13643,.T.);
#13643 = EDGE_CURVE('',#11605,#12635,#13644,.T.);
#13644 = SURFACE_CURVE('',#13645,(#13649,#13656),.PCURVE_S1.);
#13645 = LINE('',#13646,#13647);
#13646 = CARTESIAN_POINT('',(-100.8,25.,3.5));
#13647 = VECTOR('',#13648,1.);
#13648 = DIRECTION('',(1.,0.,0.));
#13649 = PCURVE('',#12716,#13650);
#13650 = DEFINITIONAL_REPRESENTATION('',(#13651),#13655);
#13651 = LINE('',#13652,#13653);
#13652 = CARTESIAN_POINT('',(0.,0.));
#13653 = VECTOR('',#13654,1.);
#13654 = DIRECTION('',(1.,0.));
#13655 = ( GEOMETRIC_REPRESENTATION_CONTEXT(2) 
PARAMETRIC_REPRESENTATION_CONTEXT() REPRESENTATION_CONTEXT('2D SPACE',''
  ) );
#13656 = PCURVE('',#13080,#13657);
#13657 = DEFINITIONAL_REPRESENTATION('',(#13658),#13662);
#13658 = LINE('',#13659,#13660);
#13659 = CARTESIAN_POINT('',(0.,0.));
#13660 = VECTOR('',#13661,1.);
#13661 = DIRECTION('',(0.,1.));
#13662 = ( GEOMETRIC_REPRESENTATION_CONTEXT(2) 
PARAMETRIC_REPRESENTATION_CONTEXT() REPRESENTATION_CONTEXT('2D SPACE',''
  ) );
#13663 = ORIENTED_EDGE('',*,*,#12703,.F.);
#13664 = ORIENTED_EDGE('',*,*,#12755,.F.);
#13665 = ADVANCED_FACE('',(#13666),#12876,.F.);
#13666 = FACE_BOUND('',#13667,.F.);
#13667 = EDGE_LOOP('',(#13668,#13669,#13670,#13696));
#13668 = ORIENTED_EDGE('',*,*,#12913,.F.);
#13669 = ORIENTED_EDGE('',*,*,#12965,.T.);
#13670 = ORIENTED_EDGE('',*,*,#13671,.T.);
#13671 = EDGE_CURVE('',#12363,#12487,#13672,.T.);
#13672 = SURFACE_CURVE('',#13673,(#13677,#13684),.PCURVE_S1.);
#13673 = LINE('',#13674,#13675);
#13674 = CARTESIAN_POINT('',(50.,-75.8,3.5));
#13675 = VECTOR('',#13676,1.);
#13676 = DIRECTION('',(0.,1.,0.));
#13677 = PCURVE('',#12876,#13678);
#13678 = DEFINITIONAL_REPRESENTATION('',(#13679),#13683);
#13679 = LINE('',#13680,#13681);
#13680 = CARTESIAN_POINT('',(0.,0.));
#13681 = VECTOR('',#13682,1.);
#13682 = DIRECTION('',(0.,-1.));
#13683 = ( GEOMETRIC_REPRESENTATION_CONTEXT(2) 
PARAMETRIC_REPRESENTATION_CONTEXT() REPRESENTATION_CONTEXT('2D SPACE',''
  ) );
#13684 = PCURVE('',#13685,#13690);
#13685 = PLANE('',#13686);
#13686 = AXIS2_PLACEMENT_3D('',#13687,#13688,#13689);
#13687 = CARTESIAN_POINT('',(49.5,-75.8,4.));
#13688 = DIRECTION('',(0.707106781187,0.,0.707106781187));
#13689 = DIRECTION('',(0.707106781187,0.,-0.707106781187));
#13690 = DEFINITIONAL_REPRESENTATION('',(#13691),#13695);
#13691 = LINE('',#13692,#13693);
#13692 = CARTESIAN_POINT('',(0.707106781187,0.));
#13693 = VECTOR('',#13694,1.);
#13694 = DIRECTION('',(0.,1.));
#13695 = ( GEOMETRIC_REPRESENTATION_CONTEXT(2) 
PARAMETRIC_REPRESENTATION_CONTEXT() REPRESENTATION_CONTEXT('2D SPACE',''
  ) );
#13696 = ORIENTED_EDGE('',*,*,#12861,.T.);
#13697 = ADVANCED_FACE('',(#13698),#13035,.T.);
#13698 = FACE_BOUND('',#13699,.T.);
#13699 = EDGE_LOOP('',(#13700,#13701,#13702,#13725));
#13700 = ORIENTED_EDGE('',*,*,#13017,.F.);
#13701 = ORIENTED_EDGE('',*,*,#13334,.T.);
#13702 = ORIENTED_EDGE('',*,*,#13703,.T.);
#13703 = EDGE_CURVE('',#13309,#13704,#13706,.T.);
#13704 = VERTEX_POINT('',#13705);
#13705 = CARTESIAN_POINT('',(-0.5,24.5,4.));
#13706 = SURFACE_CURVE('',#13707,(#13711,#13718),.PCURVE_S1.);
#13707 = LINE('',#13708,#13709);
#13708 = CARTESIAN_POINT('',(-0.5,-75.8,4.));
#13709 = VECTOR('',#13710,1.);
#13710 = DIRECTION('',(0.,1.,0.));
#13711 = PCURVE('',#13035,#13712);
#13712 = DEFINITIONAL_REPRESENTATION('',(#13713),#13717);
#13713 = LINE('',#13714,#13715);
#13714 = CARTESIAN_POINT('',(-0.5,-75.8));
#13715 = VECTOR('',#13716,1.);
#13716 = DIRECTION('',(0.,1.));
#13717 = ( GEOMETRIC_REPRESENTATION_CONTEXT(2) 
PARAMETRIC_REPRESENTATION_CONTEXT() REPRESENTATION_CONTEXT('2D SPACE',''
  ) );
#13718 = PCURVE('',#13323,#13719);
#13719 = DEFINITIONAL_REPRESENTATION('',(#13720),#13724);
#13720 = LINE('',#13721,#13722);
#13721 = CARTESIAN_POINT('',(0.,0.));
#13722 = VECTOR('',#13723,1.);
#13723 = DIRECTION('',(0.,1.));
#13724 = ( GEOMETRIC_REPRESENTATION_CONTEXT(2) 
PARAMETRIC_REPRESENTATION_CONTEXT() REPRESENTATION_CONTEXT('2D SPACE',''
  ) );
#13725 = ORIENTED_EDGE('',*,*,#13726,.F.);
#13726 = EDGE_CURVE('',#13020,#13704,#13727,.T.);
#13727 = SURFACE_CURVE('',#13728,(#13732,#13739),.PCURVE_S1.);
#13728 = LINE('',#13729,#13730);
#13729 = CARTESIAN_POINT('',(-100.8,24.5,4.));
#13730 = VECTOR('',#13731,1.);
#13731 = DIRECTION('',(1.,0.,0.));
#13732 = PCURVE('',#13035,#13733);
#13733 = DEFINITIONAL_REPRESENTATION('',(#13734),#13738);
#13734 = LINE('',#13735,#13736);
#13735 = CARTESIAN_POINT('',(-100.8,24.5));
#13736 = VECTOR('',#13737,1.);
#13737 = DIRECTION('',(1.,0.));
#13738 = ( GEOMETRIC_REPRESENTATION_CONTEXT(2) 
PARAMETRIC_REPRESENTATION_CONTEXT() REPRESENTATION_CONTEXT('2D SPACE',''
  ) );
#13739 = PCURVE('',#13080,#13740);
#13740 = DEFINITIONAL_REPRESENTATION('',(#13741),#13745);
#13741 = LINE('',#13742,#13743);
#13742 = CARTESIAN_POINT('',(0.707106781187,0.));
#13743 = VECTOR('',#13744,1.);
#13744 = DIRECTION('',(0.,1.));
#13745 = ( GEOMETRIC_REPRESENTATION_CONTEXT(2) 
PARAMETRIC_REPRESENTATION_CONTEXT() REPRESENTATION_CONTEXT('2D SPACE',''
  ) );
#13746 = ADVANCED_FACE('',(#13747),#13080,.T.);
#13747 = FACE_BOUND('',#13748,.T.);
#13748 = EDGE_LOOP('',(#13749,#13750,#13751,#13752));
#13749 = ORIENTED_EDGE('',*,*,#13643,.F.);
#13750 = ORIENTED_EDGE('',*,*,#13067,.T.);
#13751 = ORIENTED_EDGE('',*,*,#13726,.T.);
#13752 = ORIENTED_EDGE('',*,*,#13753,.F.);
#13753 = EDGE_CURVE('',#12635,#13704,#13754,.T.);
#13754 = SURFACE_CURVE('',#13755,(#13759,#13765),.PCURVE_S1.);
#13755 = LINE('',#13756,#13757);
#13756 = CARTESIAN_POINT('',(-33.76666666666,-8.766666666667,
    37.266666666667));
#13757 = VECTOR('',#13758,1.);
#13758 = DIRECTION('',(-0.57735026919,-0.57735026919,0.57735026919));
#13759 = PCURVE('',#13080,#13760);
#13760 = DEFINITIONAL_REPRESENTATION('',(#13761),#13764);
#13761 = B_SPLINE_CURVE_WITH_KNOTS('',1,(#13762,#13763),.UNSPECIFIED.,
  .F.,.F.,(2,2),(-58.4855822689,-57.61955686512),
  .PIECEWISE_BEZIER_KNOTS.);
#13762 = CARTESIAN_POINT('',(-1.586908892766E-14,100.8));
#13763 = CARTESIAN_POINT('',(0.707106781187,100.3));
#13764 = ( GEOMETRIC_REPRESENTATION_CONTEXT(2) 
PARAMETRIC_REPRESENTATION_CONTEXT() REPRESENTATION_CONTEXT('2D SPACE',''
  ) );
#13765 = PCURVE('',#13323,#13766);
#13766 = DEFINITIONAL_REPRESENTATION('',(#13767),#13770);
#13767 = B_SPLINE_CURVE_WITH_KNOTS('',1,(#13768,#13769),.UNSPECIFIED.,
  .F.,.F.,(2,2),(-58.4855822689,-57.61955686512),
  .PIECEWISE_BEZIER_KNOTS.);
#13768 = CARTESIAN_POINT('',(0.707106781187,100.8));
#13769 = CARTESIAN_POINT('',(7.346712900682E-15,100.3));
#13770 = ( GEOMETRIC_REPRESENTATION_CONTEXT(2) 
PARAMETRIC_REPRESENTATION_CONTEXT() REPRESENTATION_CONTEXT('2D SPACE',''
  ) );
#13771 = ADVANCED_FACE('',(#13772),#13132,.T.);
#13772 = FACE_BOUND('',#13773,.T.);
#13773 = EDGE_LOOP('',(#13774));
#13774 = ORIENTED_EDGE('',*,*,#13117,.T.);
#13775 = ADVANCED_FACE('',(#13776),#13185,.T.);
#13776 = FACE_BOUND('',#13777,.T.);
#13777 = EDGE_LOOP('',(#13778));
#13778 = ORIENTED_EDGE('',*,*,#13170,.T.);
#13779 = ADVANCED_FACE('',(#13780),#13238,.T.);
#13780 = FACE_BOUND('',#13781,.T.);
#13781 = EDGE_LOOP('',(#13782));
#13782 = ORIENTED_EDGE('',*,*,#13223,.T.);
#13783 = ADVANCED_FACE('',(#13784),#13291,.T.);
#13784 = FACE_BOUND('',#13785,.T.);
#13785 = EDGE_LOOP('',(#13786));
#13786 = ORIENTED_EDGE('',*,*,#13276,.T.);
#13787 = ADVANCED_FACE('',(#13788),#13323,.T.);
#13788 = FACE_BOUND('',#13789,.T.);
#13789 = EDGE_LOOP('',(#13790,#13791,#13792,#13818));
#13790 = ORIENTED_EDGE('',*,*,#13703,.F.);
#13791 = ORIENTED_EDGE('',*,*,#13308,.T.);
#13792 = ORIENTED_EDGE('',*,*,#13793,.T.);
#13793 = EDGE_CURVE('',#11902,#12635,#13794,.T.);
#13794 = SURFACE_CURVE('',#13795,(#13799,#13806),.PCURVE_S1.);
#13795 = LINE('',#13796,#13797);
#13796 = CARTESIAN_POINT('',(0.,-75.8,3.5));
#13797 = VECTOR('',#13798,1.);
#13798 = DIRECTION('',(0.,1.,0.));
#13799 = PCURVE('',#13323,#13800);
#13800 = DEFINITIONAL_REPRESENTATION('',(#13801),#13805);
#13801 = LINE('',#13802,#13803);
#13802 = CARTESIAN_POINT('',(0.707106781187,0.));
#13803 = VECTOR('',#13804,1.);
#13804 = DIRECTION('',(0.,1.));
#13805 = ( GEOMETRIC_REPRESENTATION_CONTEXT(2) 
PARAMETRIC_REPRESENTATION_CONTEXT() REPRESENTATION_CONTEXT('2D SPACE',''
  ) );
#13806 = PCURVE('',#13807,#13812);
#13807 = PLANE('',#13808);
#13808 = AXIS2_PLACEMENT_3D('',#13809,#13810,#13811);
#13809 = CARTESIAN_POINT('',(0.,-75.8,3.5));
#13810 = DIRECTION('',(0.707106781187,0.,-0.707106781187));
#13811 = DIRECTION('',(0.707106781187,0.,0.707106781187));
#13812 = DEFINITIONAL_REPRESENTATION('',(#13813),#13817);
#13813 = LINE('',#13814,#13815);
#13814 = CARTESIAN_POINT('',(0.,0.));
#13815 = VECTOR('',#13816,1.);
#13816 = DIRECTION('',(0.,-1.));
#13817 = ( GEOMETRIC_REPRESENTATION_CONTEXT(2) 
PARAMETRIC_REPRESENTATION_CONTEXT() REPRESENTATION_CONTEXT('2D SPACE',''
  ) );
#13818 = ORIENTED_EDGE('',*,*,#13753,.T.);
#13819 = ADVANCED_FACE('',(#13820),#13396,.T.);
#13820 = FACE_BOUND('',#13821,.T.);
#13821 = EDGE_LOOP('',(#13822,#13843,#13844,#13845));
#13822 = ORIENTED_EDGE('',*,*,#13823,.F.);
#13823 = EDGE_CURVE('',#13359,#13824,#13826,.T.);
#13824 = VERTEX_POINT('',#13825);
#13825 = CARTESIAN_POINT('',(-73.7,28.5,5.6));
#13826 = SEAM_CURVE('',#13827,(#13831,#13837),.PCURVE_S1.);
#13827 = LINE('',#13828,#13829);
#13828 = CARTESIAN_POINT('',(-73.4,28.5,5.3));
#13829 = VECTOR('',#13830,1.);
#13830 = DIRECTION('',(-0.707106781187,0.,0.707106781187));
#13831 = PCURVE('',#13396,#13832);
#13832 = DEFINITIONAL_REPRESENTATION('',(#13833),#13836);
#13833 = B_SPLINE_CURVE_WITH_KNOTS('',1,(#13834,#13835),.UNSPECIFIED.,
  .F.,.F.,(2,2),(0.,0.424264068712),.PIECEWISE_BEZIER_KNOTS.);
#13834 = CARTESIAN_POINT('',(0.,0.));
#13835 = CARTESIAN_POINT('',(0.,-0.3));
#13836 = ( GEOMETRIC_REPRESENTATION_CONTEXT(2) 
PARAMETRIC_REPRESENTATION_CONTEXT() REPRESENTATION_CONTEXT('2D SPACE',''
  ) );
#13837 = PCURVE('',#13396,#13838);
#13838 = DEFINITIONAL_REPRESENTATION('',(#13839),#13842);
#13839 = B_SPLINE_CURVE_WITH_KNOTS('',1,(#13840,#13841),.UNSPECIFIED.,
  .F.,.F.,(2,2),(0.,0.424264068712),.PIECEWISE_BEZIER_KNOTS.);
#13840 = CARTESIAN_POINT('',(-6.28318530718,0.));
#13841 = CARTESIAN_POINT('',(-6.28318530718,-0.3));
#13842 = ( GEOMETRIC_REPRESENTATION_CONTEXT(2) 
PARAMETRIC_REPRESENTATION_CONTEXT() REPRESENTATION_CONTEXT('2D SPACE',''
  ) );
#13843 = ORIENTED_EDGE('',*,*,#13381,.T.);
#13844 = ORIENTED_EDGE('',*,*,#13823,.T.);
#13845 = ORIENTED_EDGE('',*,*,#13846,.F.);
#13846 = EDGE_CURVE('',#13824,#13824,#13847,.T.);
#13847 = SURFACE_CURVE('',#13848,(#13853,#13860),.PCURVE_S1.);
#13848 = CIRCLE('',#13849,1.3);
#13849 = AXIS2_PLACEMENT_3D('',#13850,#13851,#13852);
#13850 = CARTESIAN_POINT('',(-75.,28.5,5.6));
#13851 = DIRECTION('',(0.,0.,1.));
#13852 = DIRECTION('',(1.,0.,-0.));
#13853 = PCURVE('',#13396,#13854);
#13854 = DEFINITIONAL_REPRESENTATION('',(#13855),#13859);
#13855 = LINE('',#13856,#13857);
#13856 = CARTESIAN_POINT('',(-0.,-0.3));
#13857 = VECTOR('',#13858,1.);
#13858 = DIRECTION('',(-1.,-0.));
#13859 = ( GEOMETRIC_REPRESENTATION_CONTEXT(2) 
PARAMETRIC_REPRESENTATION_CONTEXT() REPRESENTATION_CONTEXT('2D SPACE',''
  ) );
#13860 = PCURVE('',#13861,#13866);
#13861 = PLANE('',#13862);
#13862 = AXIS2_PLACEMENT_3D('',#13863,#13864,#13865);
#13863 = CARTESIAN_POINT('',(-75.,28.5,5.6));
#13864 = DIRECTION('',(0.,0.,1.));
#13865 = DIRECTION('',(1.,0.,-0.));
#13866 = DEFINITIONAL_REPRESENTATION('',(#13867),#13871);
#13867 = CIRCLE('',#13868,1.3);
#13868 = AXIS2_PLACEMENT_2D('',#13869,#13870);
#13869 = CARTESIAN_POINT('',(0.,0.));
#13870 = DIRECTION('',(1.,0.));
#13871 = ( GEOMETRIC_REPRESENTATION_CONTEXT(2) 
PARAMETRIC_REPRESENTATION_CONTEXT() REPRESENTATION_CONTEXT('2D SPACE',''
  ) );
#13872 = ADVANCED_FACE('',(#13873),#13451,.T.);
#13873 = FACE_BOUND('',#13874,.T.);
#13874 = EDGE_LOOP('',(#13875,#13896,#13897,#13898));
#13875 = ORIENTED_EDGE('',*,*,#13876,.F.);
#13876 = EDGE_CURVE('',#13414,#13877,#13879,.T.);
#13877 = VERTEX_POINT('',#13878);
#13878 = CARTESIAN_POINT('',(-95.2,50.,5.6));
#13879 = SEAM_CURVE('',#13880,(#13884,#13890),.PCURVE_S1.);
#13880 = LINE('',#13881,#13882);
#13881 = CARTESIAN_POINT('',(-94.9,50.,5.3));
#13882 = VECTOR('',#13883,1.);
#13883 = DIRECTION('',(-0.707106781187,0.,0.707106781187));
#13884 = PCURVE('',#13451,#13885);
#13885 = DEFINITIONAL_REPRESENTATION('',(#13886),#13889);
#13886 = B_SPLINE_CURVE_WITH_KNOTS('',1,(#13887,#13888),.UNSPECIFIED.,
  .F.,.F.,(2,2),(0.,0.424264068712),.PIECEWISE_BEZIER_KNOTS.);
#13887 = CARTESIAN_POINT('',(0.,0.));
#13888 = CARTESIAN_POINT('',(0.,-0.3));
#13889 = ( GEOMETRIC_REPRESENTATION_CONTEXT(2) 
PARAMETRIC_REPRESENTATION_CONTEXT() REPRESENTATION_CONTEXT('2D SPACE',''
  ) );
#13890 = PCURVE('',#13451,#13891);
#13891 = DEFINITIONAL_REPRESENTATION('',(#13892),#13895);
#13892 = B_SPLINE_CURVE_WITH_KNOTS('',1,(#13893,#13894),.UNSPECIFIED.,
  .F.,.F.,(2,2),(0.,0.424264068712),.PIECEWISE_BEZIER_KNOTS.);
#13893 = CARTESIAN_POINT('',(-6.28318530718,0.));
#13894 = CARTESIAN_POINT('',(-6.28318530718,-0.3));
#13895 = ( GEOMETRIC_REPRESENTATION_CONTEXT(2) 
PARAMETRIC_REPRESENTATION_CONTEXT() REPRESENTATION_CONTEXT('2D SPACE',''
  ) );
#13896 = ORIENTED_EDGE('',*,*,#13436,.T.);
#13897 = ORIENTED_EDGE('',*,*,#13876,.T.);
#13898 = ORIENTED_EDGE('',*,*,#13899,.F.);
#13899 = EDGE_CURVE('',#13877,#13877,#13900,.T.);
#13900 = SURFACE_CURVE('',#13901,(#13906,#13913),.PCURVE_S1.);
#13901 = CIRCLE('',#13902,1.3);
#13902 = AXIS2_PLACEMENT_3D('',#13903,#13904,#13905);
#13903 = CARTESIAN_POINT('',(-96.5,50.,5.6));
#13904 = DIRECTION('',(0.,0.,1.));
#13905 = DIRECTION('',(1.,0.,-0.));
#13906 = PCURVE('',#13451,#13907);
#13907 = DEFINITIONAL_REPRESENTATION('',(#13908),#13912);
#13908 = LINE('',#13909,#13910);
#13909 = CARTESIAN_POINT('',(-0.,-0.3));
#13910 = VECTOR('',#13911,1.);
#13911 = DIRECTION('',(-1.,-0.));
#13912 = ( GEOMETRIC_REPRESENTATION_CONTEXT(2) 
PARAMETRIC_REPRESENTATION_CONTEXT() REPRESENTATION_CONTEXT('2D SPACE',''
  ) );
#13913 = PCURVE('',#13914,#13919);
#13914 = PLANE('',#13915);
#13915 = AXIS2_PLACEMENT_3D('',#13916,#13917,#13918);
#13916 = CARTESIAN_POINT('',(-96.5,50.,5.6));
#13917 = DIRECTION('',(0.,0.,1.));
#13918 = DIRECTION('',(1.,0.,-0.));
#13919 = DEFINITIONAL_REPRESENTATION('',(#13920),#13924);
#13920 = CIRCLE('',#13921,1.3);
#13921 = AXIS2_PLACEMENT_2D('',#13922,#13923);
#13922 = CARTESIAN_POINT('',(0.,0.));
#13923 = DIRECTION('',(1.,0.));
#13924 = ( GEOMETRIC_REPRESENTATION_CONTEXT(2) 
PARAMETRIC_REPRESENTATION_CONTEXT() REPRESENTATION_CONTEXT('2D SPACE',''
  ) );
#13925 = ADVANCED_FACE('',(#13926),#13506,.T.);
#13926 = FACE_BOUND('',#13927,.T.);
#13927 = EDGE_LOOP('',(#13928,#13949,#13950,#13951));
#13928 = ORIENTED_EDGE('',*,*,#13929,.F.);
#13929 = EDGE_CURVE('',#13469,#13930,#13932,.T.);
#13930 = VERTEX_POINT('',#13931);
#13931 = CARTESIAN_POINT('',(-73.7,71.5,5.6));
#13932 = SEAM_CURVE('',#13933,(#13937,#13943),.PCURVE_S1.);
#13933 = LINE('',#13934,#13935);
#13934 = CARTESIAN_POINT('',(-73.4,71.5,5.3));
#13935 = VECTOR('',#13936,1.);
#13936 = DIRECTION('',(-0.707106781187,0.,0.707106781187));
#13937 = PCURVE('',#13506,#13938);
#13938 = DEFINITIONAL_REPRESENTATION('',(#13939),#13942);
#13939 = B_SPLINE_CURVE_WITH_KNOTS('',1,(#13940,#13941),.UNSPECIFIED.,
  .F.,.F.,(2,2),(0.,0.424264068712),.PIECEWISE_BEZIER_KNOTS.);
#13940 = CARTESIAN_POINT('',(0.,0.));
#13941 = CARTESIAN_POINT('',(0.,-0.3));
#13942 = ( GEOMETRIC_REPRESENTATION_CONTEXT(2) 
PARAMETRIC_REPRESENTATION_CONTEXT() REPRESENTATION_CONTEXT('2D SPACE',''
  ) );
#13943 = PCURVE('',#13506,#13944);
#13944 = DEFINITIONAL_REPRESENTATION('',(#13945),#13948);
#13945 = B_SPLINE_CURVE_WITH_KNOTS('',1,(#13946,#13947),.UNSPECIFIED.,
  .F.,.F.,(2,2),(0.,0.424264068712),.PIECEWISE_BEZIER_KNOTS.);
#13946 = CARTESIAN_POINT('',(-6.28318530718,0.));
#13947 = CARTESIAN_POINT('',(-6.28318530718,-0.3));
#13948 = ( GEOMETRIC_REPRESENTATION_CONTEXT(2) 
PARAMETRIC_REPRESENTATION_CONTEXT() REPRESENTATION_CONTEXT('2D SPACE',''
  ) );
#13949 = ORIENTED_EDGE('',*,*,#13491,.T.);
#13950 = ORIENTED_EDGE('',*,*,#13929,.T.);
#13951 = ORIENTED_EDGE('',*,*,#13952,.F.);
#13952 = EDGE_CURVE('',#13930,#13930,#13953,.T.);
#13953 = SURFACE_CURVE('',#13954,(#13959,#13966),.PCURVE_S1.);
#13954 = CIRCLE('',#13955,1.3);
#13955 = AXIS2_PLACEMENT_3D('',#13956,#13957,#13958);
#13956 = CARTESIAN_POINT('',(-75.,71.5,5.6));
#13957 = DIRECTION('',(0.,0.,1.));
#13958 = DIRECTION('',(1.,0.,-0.));
#13959 = PCURVE('',#13506,#13960);
#13960 = DEFINITIONAL_REPRESENTATION('',(#13961),#13965);
#13961 = LINE('',#13962,#13963);
#13962 = CARTESIAN_POINT('',(-0.,-0.3));
#13963 = VECTOR('',#13964,1.);
#13964 = DIRECTION('',(-1.,-0.));
#13965 = ( GEOMETRIC_REPRESENTATION_CONTEXT(2) 
PARAMETRIC_REPRESENTATION_CONTEXT() REPRESENTATION_CONTEXT('2D SPACE',''
  ) );
#13966 = PCURVE('',#13967,#13972);
#13967 = PLANE('',#13968);
#13968 = AXIS2_PLACEMENT_3D('',#13969,#13970,#13971);
#13969 = CARTESIAN_POINT('',(-75.,71.5,5.6));
#13970 = DIRECTION('',(0.,0.,1.));
#13971 = DIRECTION('',(1.,0.,-0.));
#13972 = DEFINITIONAL_REPRESENTATION('',(#13973),#13977);
#13973 = CIRCLE('',#13974,1.3);
#13974 = AXIS2_PLACEMENT_2D('',#13975,#13976);
#13975 = CARTESIAN_POINT('',(0.,0.));
#13976 = DIRECTION('',(1.,0.));
#13977 = ( GEOMETRIC_REPRESENTATION_CONTEXT(2) 
PARAMETRIC_REPRESENTATION_CONTEXT() REPRESENTATION_CONTEXT('2D SPACE',''
  ) );
#13978 = ADVANCED_FACE('',(#13979),#13561,.T.);
#13979 = FACE_BOUND('',#13980,.T.);
#13980 = EDGE_LOOP('',(#13981,#14002,#14003,#14004));
#13981 = ORIENTED_EDGE('',*,*,#13982,.F.);
#13982 = EDGE_CURVE('',#13524,#13983,#13985,.T.);
#13983 = VERTEX_POINT('',#13984);
#13984 = CARTESIAN_POINT('',(-52.2,50.,5.6));
#13985 = SEAM_CURVE('',#13986,(#13990,#13996),.PCURVE_S1.);
#13986 = LINE('',#13987,#13988);
#13987 = CARTESIAN_POINT('',(-51.9,50.,5.3));
#13988 = VECTOR('',#13989,1.);
#13989 = DIRECTION('',(-0.707106781187,0.,0.707106781187));
#13990 = PCURVE('',#13561,#13991);
#13991 = DEFINITIONAL_REPRESENTATION('',(#13992),#13995);
#13992 = B_SPLINE_CURVE_WITH_KNOTS('',1,(#13993,#13994),.UNSPECIFIED.,
  .F.,.F.,(2,2),(0.,0.424264068712),.PIECEWISE_BEZIER_KNOTS.);
#13993 = CARTESIAN_POINT('',(0.,0.));
#13994 = CARTESIAN_POINT('',(0.,-0.3));
#13995 = ( GEOMETRIC_REPRESENTATION_CONTEXT(2) 
PARAMETRIC_REPRESENTATION_CONTEXT() REPRESENTATION_CONTEXT('2D SPACE',''
  ) );
#13996 = PCURVE('',#13561,#13997);
#13997 = DEFINITIONAL_REPRESENTATION('',(#13998),#14001);
#13998 = B_SPLINE_CURVE_WITH_KNOTS('',1,(#13999,#14000),.UNSPECIFIED.,
  .F.,.F.,(2,2),(0.,0.424264068712),.PIECEWISE_BEZIER_KNOTS.);
#13999 = CARTESIAN_POINT('',(-6.28318530718,0.));
#14000 = CARTESIAN_POINT('',(-6.28318530718,-0.3));
#14001 = ( GEOMETRIC_REPRESENTATION_CONTEXT(2) 
PARAMETRIC_REPRESENTATION_CONTEXT() REPRESENTATION_CONTEXT('2D SPACE',''
  ) );
#14002 = ORIENTED_EDGE('',*,*,#13546,.T.);
#14003 = ORIENTED_EDGE('',*,*,#13982,.T.);
#14004 = ORIENTED_EDGE('',*,*,#14005,.F.);
#14005 = EDGE_CURVE('',#13983,#13983,#14006,.T.);
#14006 = SURFACE_CURVE('',#14007,(#14012,#14019),.PCURVE_S1.);
#14007 = CIRCLE('',#14008,1.3);
#14008 = AXIS2_PLACEMENT_3D('',#14009,#14010,#14011);
#14009 = CARTESIAN_POINT('',(-53.5,50.,5.6));
#14010 = DIRECTION('',(0.,0.,1.));
#14011 = DIRECTION('',(1.,0.,-0.));
#14012 = PCURVE('',#13561,#14013);
#14013 = DEFINITIONAL_REPRESENTATION('',(#14014),#14018);
#14014 = LINE('',#14015,#14016);
#14015 = CARTESIAN_POINT('',(-0.,-0.3));
#14016 = VECTOR('',#14017,1.);
#14017 = DIRECTION('',(-1.,-0.));
#14018 = ( GEOMETRIC_REPRESENTATION_CONTEXT(2) 
PARAMETRIC_REPRESENTATION_CONTEXT() REPRESENTATION_CONTEXT('2D SPACE',''
  ) );
#14019 = PCURVE('',#14020,#14025);
#14020 = PLANE('',#14021);
#14021 = AXIS2_PLACEMENT_3D('',#14022,#14023,#14024);
#14022 = CARTESIAN_POINT('',(-53.5,50.,5.6));
#14023 = DIRECTION('',(0.,0.,1.));
#14024 = DIRECTION('',(1.,0.,-0.));
#14025 = DEFINITIONAL_REPRESENTATION('',(#14026),#14030);
#14026 = CIRCLE('',#14027,1.3);
#14027 = AXIS2_PLACEMENT_2D('',#14028,#14029);
#14028 = CARTESIAN_POINT('',(0.,0.));
#14029 = DIRECTION('',(1.,0.));
#14030 = ( GEOMETRIC_REPRESENTATION_CONTEXT(2) 
PARAMETRIC_REPRESENTATION_CONTEXT() REPRESENTATION_CONTEXT('2D SPACE',''
  ) );
#14031 = ADVANCED_FACE('',(#14032),#13592,.T.);
#14032 = FACE_BOUND('',#14033,.T.);
#14033 = EDGE_LOOP('',(#14034,#14055,#14056,#14077));
#14034 = ORIENTED_EDGE('',*,*,#14035,.T.);
#14035 = EDGE_CURVE('',#14036,#11902,#14038,.T.);
#14036 = VERTEX_POINT('',#14037);
#14037 = CARTESIAN_POINT('',(0.5,-24.5,4.));
#14038 = SURFACE_CURVE('',#14039,(#14043,#14049),.PCURVE_S1.);
#14039 = LINE('',#14040,#14041);
#14040 = CARTESIAN_POINT('',(-25.26666666666,-50.26666666666,
    -21.76666666666));
#14041 = VECTOR('',#14042,1.);
#14042 = DIRECTION('',(-0.57735026919,-0.57735026919,-0.57735026919));
#14043 = PCURVE('',#13592,#14044);
#14044 = DEFINITIONAL_REPRESENTATION('',(#14045),#14048);
#14045 = B_SPLINE_CURVE_WITH_KNOTS('',1,(#14046,#14047),.UNSPECIFIED.,
  .F.,.F.,(2,2),(-44.62917580835,-43.76315040457),
  .PIECEWISE_BEZIER_KNOTS.);
#14046 = CARTESIAN_POINT('',(101.3,0.707106781187));
#14047 = CARTESIAN_POINT('',(100.8,1.115194095793E-15));
#14048 = ( GEOMETRIC_REPRESENTATION_CONTEXT(2) 
PARAMETRIC_REPRESENTATION_CONTEXT() REPRESENTATION_CONTEXT('2D SPACE',''
  ) );
#14049 = PCURVE('',#13807,#14050);
#14050 = DEFINITIONAL_REPRESENTATION('',(#14051),#14054);
#14051 = B_SPLINE_CURVE_WITH_KNOTS('',1,(#14052,#14053),.UNSPECIFIED.,
  .F.,.F.,(2,2),(-44.62917580835,-43.76315040457),
  .PIECEWISE_BEZIER_KNOTS.);
#14052 = CARTESIAN_POINT('',(0.707106781187,-51.3));
#14053 = CARTESIAN_POINT('',(1.480396543379E-15,-50.8));
#14054 = ( GEOMETRIC_REPRESENTATION_CONTEXT(2) 
PARAMETRIC_REPRESENTATION_CONTEXT() REPRESENTATION_CONTEXT('2D SPACE',''
  ) );
#14055 = ORIENTED_EDGE('',*,*,#13578,.T.);
#14056 = ORIENTED_EDGE('',*,*,#14057,.F.);
#14057 = EDGE_CURVE('',#14058,#12363,#14060,.T.);
#14058 = VERTEX_POINT('',#14059);
#14059 = CARTESIAN_POINT('',(49.5,-24.5,4.));
#14060 = SURFACE_CURVE('',#14061,(#14065,#14071),.PCURVE_S1.);
#14061 = LINE('',#14062,#14063);
#14062 = CARTESIAN_POINT('',(33.166666666667,-8.166666666667,
    20.333333333333));
#14063 = VECTOR('',#14064,1.);
#14064 = DIRECTION('',(0.57735026919,-0.57735026919,-0.57735026919));
#14065 = PCURVE('',#13592,#14066);
#14066 = DEFINITIONAL_REPRESENTATION('',(#14067),#14070);
#14067 = B_SPLINE_CURVE_WITH_KNOTS('',1,(#14068,#14069),.UNSPECIFIED.,
  .F.,.F.,(2,2),(28.290163190292,29.156188594076),
  .PIECEWISE_BEZIER_KNOTS.);
#14068 = CARTESIAN_POINT('',(150.3,0.707106781187));
#14069 = CARTESIAN_POINT('',(150.8,1.823023717905E-15));
#14070 = ( GEOMETRIC_REPRESENTATION_CONTEXT(2) 
PARAMETRIC_REPRESENTATION_CONTEXT() REPRESENTATION_CONTEXT('2D SPACE',''
  ) );
#14071 = PCURVE('',#13685,#14072);
#14072 = DEFINITIONAL_REPRESENTATION('',(#14073),#14076);
#14073 = B_SPLINE_CURVE_WITH_KNOTS('',1,(#14074,#14075),.UNSPECIFIED.,
  .F.,.F.,(2,2),(28.290163190292,29.156188594076),
  .PIECEWISE_BEZIER_KNOTS.);
#14074 = CARTESIAN_POINT('',(1.88946630285E-15,51.3));
#14075 = CARTESIAN_POINT('',(0.707106781187,50.8));
#14076 = ( GEOMETRIC_REPRESENTATION_CONTEXT(2) 
PARAMETRIC_REPRESENTATION_CONTEXT() REPRESENTATION_CONTEXT('2D SPACE',''
  ) );
#14077 = ORIENTED_EDGE('',*,*,#14078,.F.);
#14078 = EDGE_CURVE('',#14036,#14058,#14079,.T.);
#14079 = SURFACE_CURVE('',#14080,(#14084,#14091),.PCURVE_S1.);
#14080 = LINE('',#14081,#14082);
#14081 = CARTESIAN_POINT('',(-100.8,-24.5,4.));
#14082 = VECTOR('',#14083,1.);
#14083 = DIRECTION('',(1.,0.,0.));
#14084 = PCURVE('',#13592,#14085);
#14085 = DEFINITIONAL_REPRESENTATION('',(#14086),#14090);
#14086 = LINE('',#14087,#14088);
#14087 = CARTESIAN_POINT('',(0.,0.707106781187));
#14088 = VECTOR('',#14089,1.);
#14089 = DIRECTION('',(1.,0.));
#14090 = ( GEOMETRIC_REPRESENTATION_CONTEXT(2) 
PARAMETRIC_REPRESENTATION_CONTEXT() REPRESENTATION_CONTEXT('2D SPACE',''
  ) );
#14091 = PCURVE('',#14092,#14097);
#14092 = PLANE('',#14093);
#14093 = AXIS2_PLACEMENT_3D('',#14094,#14095,#14096);
#14094 = CARTESIAN_POINT('',(0.,0.,4.));
#14095 = DIRECTION('',(0.,0.,1.));
#14096 = DIRECTION('',(1.,0.,-0.));
#14097 = DEFINITIONAL_REPRESENTATION('',(#14098),#14102);
#14098 = LINE('',#14099,#14100);
#14099 = CARTESIAN_POINT('',(-100.8,-24.5));
#14100 = VECTOR('',#14101,1.);
#14101 = DIRECTION('',(1.,0.));
#14102 = ( GEOMETRIC_REPRESENTATION_CONTEXT(2) 
PARAMETRIC_REPRESENTATION_CONTEXT() REPRESENTATION_CONTEXT('2D SPACE',''
  ) );
#14103 = ADVANCED_FACE('',(#14104),#13625,.T.);
#14104 = FACE_BOUND('',#14105,.T.);
#14105 = EDGE_LOOP('',(#14106,#14107,#14128,#14151));
#14106 = ORIENTED_EDGE('',*,*,#13611,.F.);
#14107 = ORIENTED_EDGE('',*,*,#14108,.T.);
#14108 = EDGE_CURVE('',#12635,#14109,#14111,.T.);
#14109 = VERTEX_POINT('',#14110);
#14110 = CARTESIAN_POINT('',(0.5,24.5,4.));
#14111 = SURFACE_CURVE('',#14112,(#14116,#14122),.PCURVE_S1.);
#14112 = LINE('',#14113,#14114);
#14113 = CARTESIAN_POINT('',(-3.552713678801E-15,25.,3.5));
#14114 = VECTOR('',#14115,1.);
#14115 = DIRECTION('',(0.57735026919,-0.57735026919,0.57735026919));
#14116 = PCURVE('',#13625,#14117);
#14117 = DEFINITIONAL_REPRESENTATION('',(#14118),#14121);
#14118 = B_SPLINE_CURVE_WITH_KNOTS('',1,(#14119,#14120),.UNSPECIFIED.,
  .F.,.F.,(2,2),(0.,0.866025403784),.PIECEWISE_BEZIER_KNOTS.);
#14119 = CARTESIAN_POINT('',(0.,100.8));
#14120 = CARTESIAN_POINT('',(0.707106781187,101.3));
#14121 = ( GEOMETRIC_REPRESENTATION_CONTEXT(2) 
PARAMETRIC_REPRESENTATION_CONTEXT() REPRESENTATION_CONTEXT('2D SPACE',''
  ) );
#14122 = PCURVE('',#13807,#14123);
#14123 = DEFINITIONAL_REPRESENTATION('',(#14124),#14127);
#14124 = B_SPLINE_CURVE_WITH_KNOTS('',1,(#14125,#14126),.UNSPECIFIED.,
  .F.,.F.,(2,2),(0.,0.866025403784),.PIECEWISE_BEZIER_KNOTS.);
#14125 = CARTESIAN_POINT('',(-2.512147933894E-15,-100.8));
#14126 = CARTESIAN_POINT('',(0.707106781187,-100.3));
#14127 = ( GEOMETRIC_REPRESENTATION_CONTEXT(2) 
PARAMETRIC_REPRESENTATION_CONTEXT() REPRESENTATION_CONTEXT('2D SPACE',''
  ) );
#14128 = ORIENTED_EDGE('',*,*,#14129,.T.);
#14129 = EDGE_CURVE('',#14109,#14130,#14132,.T.);
#14130 = VERTEX_POINT('',#14131);
#14131 = CARTESIAN_POINT('',(49.5,24.5,4.));
#14132 = SURFACE_CURVE('',#14133,(#14137,#14144),.PCURVE_S1.);
#14133 = LINE('',#14134,#14135);
#14134 = CARTESIAN_POINT('',(-100.8,24.5,4.));
#14135 = VECTOR('',#14136,1.);
#14136 = DIRECTION('',(1.,0.,0.));
#14137 = PCURVE('',#13625,#14138);
#14138 = DEFINITIONAL_REPRESENTATION('',(#14139),#14143);
#14139 = LINE('',#14140,#14141);
#14140 = CARTESIAN_POINT('',(0.707106781187,0.));
#14141 = VECTOR('',#14142,1.);
#14142 = DIRECTION('',(0.,1.));
#14143 = ( GEOMETRIC_REPRESENTATION_CONTEXT(2) 
PARAMETRIC_REPRESENTATION_CONTEXT() REPRESENTATION_CONTEXT('2D SPACE',''
  ) );
#14144 = PCURVE('',#14092,#14145);
#14145 = DEFINITIONAL_REPRESENTATION('',(#14146),#14150);
#14146 = LINE('',#14147,#14148);
#14147 = CARTESIAN_POINT('',(-100.8,24.5));
#14148 = VECTOR('',#14149,1.);
#14149 = DIRECTION('',(1.,0.));
#14150 = ( GEOMETRIC_REPRESENTATION_CONTEXT(2) 
PARAMETRIC_REPRESENTATION_CONTEXT() REPRESENTATION_CONTEXT('2D SPACE',''
  ) );
#14151 = ORIENTED_EDGE('',*,*,#14152,.F.);
#14152 = EDGE_CURVE('',#12487,#14130,#14153,.T.);
#14153 = SURFACE_CURVE('',#14154,(#14158,#14164),.PCURVE_S1.);
#14154 = LINE('',#14155,#14156);
#14155 = CARTESIAN_POINT('',(7.9,-17.1,45.6));
#14156 = VECTOR('',#14157,1.);
#14157 = DIRECTION('',(-0.57735026919,-0.57735026919,0.57735026919));
#14158 = PCURVE('',#13625,#14159);
#14159 = DEFINITIONAL_REPRESENTATION('',(#14160),#14163);
#14160 = B_SPLINE_CURVE_WITH_KNOTS('',1,(#14161,#14162),.UNSPECIFIED.,
  .F.,.F.,(2,2),(-72.91933899865,-72.05331359486),
  .PIECEWISE_BEZIER_KNOTS.);
#14161 = CARTESIAN_POINT('',(-2.242424907175E-15,150.8));
#14162 = CARTESIAN_POINT('',(0.707106781187,150.3));
#14163 = ( GEOMETRIC_REPRESENTATION_CONTEXT(2) 
PARAMETRIC_REPRESENTATION_CONTEXT() REPRESENTATION_CONTEXT('2D SPACE',''
  ) );
#14164 = PCURVE('',#13685,#14165);
#14165 = DEFINITIONAL_REPRESENTATION('',(#14166),#14169);
#14166 = B_SPLINE_CURVE_WITH_KNOTS('',1,(#14167,#14168),.UNSPECIFIED.,
  .F.,.F.,(2,2),(-72.91933899865,-72.05331359486),
  .PIECEWISE_BEZIER_KNOTS.);
#14167 = CARTESIAN_POINT('',(0.707106781187,100.8));
#14168 = CARTESIAN_POINT('',(1.342274095237E-14,100.3));
#14169 = ( GEOMETRIC_REPRESENTATION_CONTEXT(2) 
PARAMETRIC_REPRESENTATION_CONTEXT() REPRESENTATION_CONTEXT('2D SPACE',''
  ) );
#14170 = ADVANCED_FACE('',(#14171),#13685,.T.);
#14171 = FACE_BOUND('',#14172,.T.);
#14172 = EDGE_LOOP('',(#14173,#14194,#14195,#14196));
#14173 = ORIENTED_EDGE('',*,*,#14174,.F.);
#14174 = EDGE_CURVE('',#14058,#14130,#14175,.T.);
#14175 = SURFACE_CURVE('',#14176,(#14180,#14187),.PCURVE_S1.);
#14176 = LINE('',#14177,#14178);
#14177 = CARTESIAN_POINT('',(49.5,-75.8,4.));
#14178 = VECTOR('',#14179,1.);
#14179 = DIRECTION('',(0.,1.,0.));
#14180 = PCURVE('',#13685,#14181);
#14181 = DEFINITIONAL_REPRESENTATION('',(#14182),#14186);
#14182 = LINE('',#14183,#14184);
#14183 = CARTESIAN_POINT('',(0.,0.));
#14184 = VECTOR('',#14185,1.);
#14185 = DIRECTION('',(0.,1.));
#14186 = ( GEOMETRIC_REPRESENTATION_CONTEXT(2) 
PARAMETRIC_REPRESENTATION_CONTEXT() REPRESENTATION_CONTEXT('2D SPACE',''
  ) );
#14187 = PCURVE('',#14092,#14188);
#14188 = DEFINITIONAL_REPRESENTATION('',(#14189),#14193);
#14189 = LINE('',#14190,#14191);
#14190 = CARTESIAN_POINT('',(49.5,-75.8));
#14191 = VECTOR('',#14192,1.);
#14192 = DIRECTION('',(0.,1.));
#14193 = ( GEOMETRIC_REPRESENTATION_CONTEXT(2) 
PARAMETRIC_REPRESENTATION_CONTEXT() REPRESENTATION_CONTEXT('2D SPACE',''
  ) );
#14194 = ORIENTED_EDGE('',*,*,#14057,.T.);
#14195 = ORIENTED_EDGE('',*,*,#13671,.T.);
#14196 = ORIENTED_EDGE('',*,*,#14152,.T.);
#14197 = ADVANCED_FACE('',(#14198),#13807,.F.);
#14198 = FACE_BOUND('',#14199,.F.);
#14199 = EDGE_LOOP('',(#14200,#14221,#14222,#14223));
#14200 = ORIENTED_EDGE('',*,*,#14201,.F.);
#14201 = EDGE_CURVE('',#14036,#14109,#14202,.T.);
#14202 = SURFACE_CURVE('',#14203,(#14207,#14214),.PCURVE_S1.);
#14203 = LINE('',#14204,#14205);
#14204 = CARTESIAN_POINT('',(0.5,-75.8,4.));
#14205 = VECTOR('',#14206,1.);
#14206 = DIRECTION('',(0.,1.,0.));
#14207 = PCURVE('',#13807,#14208);
#14208 = DEFINITIONAL_REPRESENTATION('',(#14209),#14213);
#14209 = LINE('',#14210,#14211);
#14210 = CARTESIAN_POINT('',(0.707106781187,0.));
#14211 = VECTOR('',#14212,1.);
#14212 = DIRECTION('',(0.,-1.));
#14213 = ( GEOMETRIC_REPRESENTATION_CONTEXT(2) 
PARAMETRIC_REPRESENTATION_CONTEXT() REPRESENTATION_CONTEXT('2D SPACE',''
  ) );
#14214 = PCURVE('',#14092,#14215);
#14215 = DEFINITIONAL_REPRESENTATION('',(#14216),#14220);
#14216 = LINE('',#14217,#14218);
#14217 = CARTESIAN_POINT('',(0.5,-75.8));
#14218 = VECTOR('',#14219,1.);
#14219 = DIRECTION('',(0.,1.));
#14220 = ( GEOMETRIC_REPRESENTATION_CONTEXT(2) 
PARAMETRIC_REPRESENTATION_CONTEXT() REPRESENTATION_CONTEXT('2D SPACE',''
  ) );
#14221 = ORIENTED_EDGE('',*,*,#14035,.T.);
#14222 = ORIENTED_EDGE('',*,*,#13793,.T.);
#14223 = ORIENTED_EDGE('',*,*,#14108,.T.);
#14224 = ADVANCED_FACE('',(#14225),#13861,.T.);
#14225 = FACE_BOUND('',#14226,.T.);
#14226 = EDGE_LOOP('',(#14227));
#14227 = ORIENTED_EDGE('',*,*,#13846,.T.);
#14228 = ADVANCED_FACE('',(#14229),#13914,.T.);
#14229 = FACE_BOUND('',#14230,.T.);
#14230 = EDGE_LOOP('',(#14231));
#14231 = ORIENTED_EDGE('',*,*,#13899,.T.);
#14232 = ADVANCED_FACE('',(#14233),#13967,.T.);
#14233 = FACE_BOUND('',#14234,.T.);
#14234 = EDGE_LOOP('',(#14235));
#14235 = ORIENTED_EDGE('',*,*,#13952,.T.);
#14236 = ADVANCED_FACE('',(#14237),#14020,.T.);
#14237 = FACE_BOUND('',#14238,.T.);
#14238 = EDGE_LOOP('',(#14239));
#14239 = ORIENTED_EDGE('',*,*,#14005,.T.);
#14240 = ADVANCED_FACE('',(#14241),#14092,.T.);
#14241 = FACE_BOUND('',#14242,.T.);
#14242 = EDGE_LOOP('',(#14243,#14244,#14245,#14246));
#14243 = ORIENTED_EDGE('',*,*,#14129,.F.);
#14244 = ORIENTED_EDGE('',*,*,#14201,.F.);
#14245 = ORIENTED_EDGE('',*,*,#14078,.T.);
#14246 = ORIENTED_EDGE('',*,*,#14174,.T.);
#14247 = ( GEOMETRIC_REPRESENTATION_CONTEXT(3) 
GLOBAL_UNCERTAINTY_ASSIGNED_CONTEXT((#14251)) 
GLOBAL_UNIT_ASSIGNED_CONTEXT((#14248,#14249,#14250)) 
REPRESENTATION_CONTEXT('Context #1',
  '3D Context with UNIT and UNCERTAINTY') );
#14248 = ( LENGTH_UNIT() NAMED_UNIT(*) SI_UNIT(.MILLI.,.METRE.) );
#14249 = ( NAMED_UNIT(*) PLANE_ANGLE_UNIT() SI_UNIT($,.RADIAN.) );
#14250 = ( NAMED_UNIT(*) SI_UNIT($,.STERADIAN.) SOLID_ANGLE_UNIT() );
#14251 = UNCERTAINTY_MEASURE_WITH_UNIT(LENGTH_MEASURE(1.E-05),#14248,
  'distance_accuracy_value','confusion accuracy');
#14252 = PRODUCT_RELATED_PRODUCT_CATEGORY('part',$,(#7));
ENDSEC;
END-ISO-10303-21;
