ISO-10303-21;
HEADER;
FILE_DESCRIPTION(('Open CASCADE Model'),'2;1');
FILE_NAME('Open CASCADE Shape Model','2026-09-30T16:31:16',('Author'),(
    'Open CASCADE'),'Open CASCADE STEP processor 8.0','build123d',
  'Unknown');
FILE_SCHEMA(('AUTOMOTIVE_DESIGN { 1 0 10303 214 1 1 1 1 }'));
ENDSEC;
DATA;
#1 = APPLICATION_PROTOCOL_DEFINITION('international standard',
  'automotive_design',2000,#2);
#2 = APPLICATION_CONTEXT(
  'core data for automotive mechanical design processes');
#3 = SHAPE_DEFINITION_REPRESENTATION(#4,#10);
#4 = PRODUCT_DEFINITION_SHAPE('','',#5);
#5 = PRODUCT_DEFINITION('design','',#6,#9);
#6 = PRODUCT_DEFINITION_FORMATION('','',#7);
#7 = PRODUCT('COMPOUND','COMPOUND','',(#8));
#8 = PRODUCT_CONTEXT('',#2,'mechanical');
#9 = PRODUCT_DEFINITION_CONTEXT('part definition',#2,'design');
#10 = ADVANCED_BREP_SHAPE_REPRESENTATION('',(#11,#15),#5757);
#11 = AXIS2_PLACEMENT_3D('',#12,#13,#14);
#12 = CARTESIAN_POINT('',(0.,0.,0.));
#13 = DIRECTION('',(0.,0.,1.));
#14 = DIRECTION('',(1.,0.,-0.));
#15 = MANIFOLD_SOLID_BREP('',#16);
#16 = CLOSED_SHELL('',(#17,#137,#218,#299,#2226,#2275,#2329,#2378,#2540,
    #2567,#2616,#2665,#2714,#2964,#3013,#3062,#3111,#3160,#3209,#3258,
    #3307,#3356,#3405,#3432,#3481,#3530,#3579,#3628,#3655,#3704,#3753,
    #3780,#3856,#3905,#3954,#3981,#4057,#4106,#4155,#4204,#4253,#4302,
    #4351,#4400,#4449,#4476,#4552,#4601,#4650,#4699,#4748,#4797,#4846,
    #4895,#4944,#4993,#5042,#5091,#5140,#5189,#5238,#5287,#5336,#5385,
    #5434,#5483,#5532,#5559,#5590,#5617,#5648,#5675,#5682,#5689,#5698,
    #5712,#5719,#5732));
#17 = ADVANCED_FACE('',(#18),#32,.T.);
#18 = FACE_BOUND('',#19,.T.);
#19 = EDGE_LOOP('',(#20,#55,#83,#111));
#20 = ORIENTED_EDGE('',*,*,#21,.T.);
#21 = EDGE_CURVE('',#22,#24,#26,.T.);
#22 = VERTEX_POINT('',#23);
#23 = CARTESIAN_POINT('',(-24.8,-11.,0.4));
#24 = VERTEX_POINT('',#25);
#25 = CARTESIAN_POINT('',(-24.8,-11.,4.));
#26 = SURFACE_CURVE('',#27,(#31,#43),.PCURVE_S1.);
#27 = LINE('',#28,#29);
#28 = CARTESIAN_POINT('',(-24.8,-11.,0.));
#29 = VECTOR('',#30,1.);
#30 = DIRECTION('',(0.,0.,1.));
#31 = PCURVE('',#32,#37);
#32 = PLANE('',#33);
#33 = AXIS2_PLACEMENT_3D('',#34,#35,#36);
#34 = CARTESIAN_POINT('',(-24.8,-11.,0.));
#35 = DIRECTION('',(-1.,-0.,0.));
#36 = DIRECTION('',(-0.,1.,0.));
#37 = DEFINITIONAL_REPRESENTATION('',(#38),#42);
#38 = LINE('',#39,#40);
#39 = CARTESIAN_POINT('',(0.,0.));
#40 = VECTOR('',#41,1.);
#41 = DIRECTION('',(0.,-1.));
#42 = ( GEOMETRIC_REPRESENTATION_CONTEXT(2) 
PARAMETRIC_REPRESENTATION_CONTEXT() REPRESENTATION_CONTEXT('2D SPACE',''
  ) );
#43 = PCURVE('',#44,#49);
#44 = PLANE('',#45);
#45 = AXIS2_PLACEMENT_3D('',#46,#47,#48);
#46 = CARTESIAN_POINT('',(-24.8,-11.,0.));
#47 = DIRECTION('',(-0.,1.,0.));
#48 = DIRECTION('',(1.,0.,-0.));
#49 = DEFINITIONAL_REPRESENTATION('',(#50),#54);
#50 = LINE('',#51,#52);
#51 = CARTESIAN_POINT('',(0.,0.));
#52 = VECTOR('',#53,1.);
#53 = DIRECTION('',(0.,-1.));
#54 = ( GEOMETRIC_REPRESENTATION_CONTEXT(2) 
PARAMETRIC_REPRESENTATION_CONTEXT() REPRESENTATION_CONTEXT('2D SPACE',''
  ) );
#55 = ORIENTED_EDGE('',*,*,#56,.T.);
#56 = EDGE_CURVE('',#24,#57,#59,.T.);
#57 = VERTEX_POINT('',#58);
#58 = CARTESIAN_POINT('',(-24.8,11.,4.));
#59 = SURFACE_CURVE('',#60,(#64,#71),.PCURVE_S1.);
#60 = LINE('',#61,#62);
#61 = CARTESIAN_POINT('',(-24.8,0.,4.));
#62 = VECTOR('',#63,1.);
#63 = DIRECTION('',(-0.,1.,0.));
#64 = PCURVE('',#32,#65);
#65 = DEFINITIONAL_REPRESENTATION('',(#66),#70);
#66 = LINE('',#67,#68);
#67 = CARTESIAN_POINT('',(11.,-4.));
#68 = VECTOR('',#69,1.);
#69 = DIRECTION('',(1.,0.));
#70 = ( GEOMETRIC_REPRESENTATION_CONTEXT(2) 
PARAMETRIC_REPRESENTATION_CONTEXT() REPRESENTATION_CONTEXT('2D SPACE',''
  ) );
#71 = PCURVE('',#72,#77);
#72 = PLANE('',#73);
#73 = AXIS2_PLACEMENT_3D('',#74,#75,#76);
#74 = CARTESIAN_POINT('',(0.,0.,4.));
#75 = DIRECTION('',(0.,0.,1.));
#76 = DIRECTION('',(1.,0.,-0.));
#77 = DEFINITIONAL_REPRESENTATION('',(#78),#82);
#78 = LINE('',#79,#80);
#79 = CARTESIAN_POINT('',(-24.8,0.));
#80 = VECTOR('',#81,1.);
#81 = DIRECTION('',(0.,1.));
#82 = ( GEOMETRIC_REPRESENTATION_CONTEXT(2) 
PARAMETRIC_REPRESENTATION_CONTEXT() REPRESENTATION_CONTEXT('2D SPACE',''
  ) );
#83 = ORIENTED_EDGE('',*,*,#84,.F.);
#84 = EDGE_CURVE('',#85,#57,#87,.T.);
#85 = VERTEX_POINT('',#86);
#86 = CARTESIAN_POINT('',(-24.8,11.,0.4));
#87 = SURFACE_CURVE('',#88,(#92,#99),.PCURVE_S1.);
#88 = LINE('',#89,#90);
#89 = CARTESIAN_POINT('',(-24.8,11.,0.));
#90 = VECTOR('',#91,1.);
#91 = DIRECTION('',(0.,0.,1.));
#92 = PCURVE('',#32,#93);
#93 = DEFINITIONAL_REPRESENTATION('',(#94),#98);
#94 = LINE('',#95,#96);
#95 = CARTESIAN_POINT('',(22.,0.));
#96 = VECTOR('',#97,1.);
#97 = DIRECTION('',(0.,-1.));
#98 = ( GEOMETRIC_REPRESENTATION_CONTEXT(2) 
PARAMETRIC_REPRESENTATION_CONTEXT() REPRESENTATION_CONTEXT('2D SPACE',''
  ) );
#99 = PCURVE('',#100,#105);
#100 = PLANE('',#101);
#101 = AXIS2_PLACEMENT_3D('',#102,#103,#104);
#102 = CARTESIAN_POINT('',(-24.8,11.,0.));
#103 = DIRECTION('',(-0.,1.,0.));
#104 = DIRECTION('',(1.,0.,-0.));
#105 = DEFINITIONAL_REPRESENTATION('',(#106),#110);
#106 = LINE('',#107,#108);
#107 = CARTESIAN_POINT('',(0.,0.));
#108 = VECTOR('',#109,1.);
#109 = DIRECTION('',(0.,-1.));
#110 = ( GEOMETRIC_REPRESENTATION_CONTEXT(2) 
PARAMETRIC_REPRESENTATION_CONTEXT() REPRESENTATION_CONTEXT('2D SPACE',''
  ) );
#111 = ORIENTED_EDGE('',*,*,#112,.F.);
#112 = EDGE_CURVE('',#22,#85,#113,.T.);
#113 = SURFACE_CURVE('',#114,(#118,#125),.PCURVE_S1.);
#114 = LINE('',#115,#116);
#115 = CARTESIAN_POINT('',(-24.8,-11.,0.4));
#116 = VECTOR('',#117,1.);
#117 = DIRECTION('',(-0.,1.,0.));
#118 = PCURVE('',#32,#119);
#119 = DEFINITIONAL_REPRESENTATION('',(#120),#124);
#120 = LINE('',#121,#122);
#121 = CARTESIAN_POINT('',(0.,-0.4));
#122 = VECTOR('',#123,1.);
#123 = DIRECTION('',(1.,0.));
#124 = ( GEOMETRIC_REPRESENTATION_CONTEXT(2) 
PARAMETRIC_REPRESENTATION_CONTEXT() REPRESENTATION_CONTEXT('2D SPACE',''
  ) );
#125 = PCURVE('',#126,#131);
#126 = PLANE('',#127);
#127 = AXIS2_PLACEMENT_3D('',#128,#129,#130);
#128 = CARTESIAN_POINT('',(-24.6,-11.,0.2));
#129 = DIRECTION('',(0.707106781187,-6.949987266552E-18,0.707106781187)
  );
#130 = DIRECTION('',(-4.914383125339E-18,-1.,-4.914383125339E-18));
#131 = DEFINITIONAL_REPRESENTATION('',(#132),#136);
#132 = LINE('',#133,#134);
#133 = CARTESIAN_POINT('',(-0.,-0.282842712475));
#134 = VECTOR('',#135,1.);
#135 = DIRECTION('',(-1.,0.));
#136 = ( GEOMETRIC_REPRESENTATION_CONTEXT(2) 
PARAMETRIC_REPRESENTATION_CONTEXT() REPRESENTATION_CONTEXT('2D SPACE',''
  ) );
#137 = ADVANCED_FACE('',(#138),#44,.F.);
#138 = FACE_BOUND('',#139,.F.);
#139 = EDGE_LOOP('',(#140,#141,#164,#192));
#140 = ORIENTED_EDGE('',*,*,#21,.T.);
#141 = ORIENTED_EDGE('',*,*,#142,.T.);
#142 = EDGE_CURVE('',#24,#143,#145,.T.);
#143 = VERTEX_POINT('',#144);
#144 = CARTESIAN_POINT('',(-3.4,-11.,4.));
#145 = SURFACE_CURVE('',#146,(#150,#157),.PCURVE_S1.);
#146 = LINE('',#147,#148);
#147 = CARTESIAN_POINT('',(0.,-11.,4.));
#148 = VECTOR('',#149,1.);
#149 = DIRECTION('',(1.,0.,-0.));
#150 = PCURVE('',#44,#151);
#151 = DEFINITIONAL_REPRESENTATION('',(#152),#156);
#152 = LINE('',#153,#154);
#153 = CARTESIAN_POINT('',(24.8,-4.));
#154 = VECTOR('',#155,1.);
#155 = DIRECTION('',(1.,0.));
#156 = ( GEOMETRIC_REPRESENTATION_CONTEXT(2) 
PARAMETRIC_REPRESENTATION_CONTEXT() REPRESENTATION_CONTEXT('2D SPACE',''
  ) );
#157 = PCURVE('',#72,#158);
#158 = DEFINITIONAL_REPRESENTATION('',(#159),#163);
#159 = LINE('',#160,#161);
#160 = CARTESIAN_POINT('',(0.,-11.));
#161 = VECTOR('',#162,1.);
#162 = DIRECTION('',(1.,0.));
#163 = ( GEOMETRIC_REPRESENTATION_CONTEXT(2) 
PARAMETRIC_REPRESENTATION_CONTEXT() REPRESENTATION_CONTEXT('2D SPACE',''
  ) );
#164 = ORIENTED_EDGE('',*,*,#165,.F.);
#165 = EDGE_CURVE('',#166,#143,#168,.T.);
#166 = VERTEX_POINT('',#167);
#167 = CARTESIAN_POINT('',(-3.4,-11.,0.4));
#168 = SURFACE_CURVE('',#169,(#173,#180),.PCURVE_S1.);
#169 = LINE('',#170,#171);
#170 = CARTESIAN_POINT('',(-3.4,-11.,0.));
#171 = VECTOR('',#172,1.);
#172 = DIRECTION('',(0.,0.,1.));
#173 = PCURVE('',#44,#174);
#174 = DEFINITIONAL_REPRESENTATION('',(#175),#179);
#175 = LINE('',#176,#177);
#176 = CARTESIAN_POINT('',(21.4,0.));
#177 = VECTOR('',#178,1.);
#178 = DIRECTION('',(0.,-1.));
#179 = ( GEOMETRIC_REPRESENTATION_CONTEXT(2) 
PARAMETRIC_REPRESENTATION_CONTEXT() REPRESENTATION_CONTEXT('2D SPACE',''
  ) );
#180 = PCURVE('',#181,#186);
#181 = PLANE('',#182);
#182 = AXIS2_PLACEMENT_3D('',#183,#184,#185);
#183 = CARTESIAN_POINT('',(-3.4,-11.,0.));
#184 = DIRECTION('',(-1.,2.22044604925E-16,0.));
#185 = DIRECTION('',(2.22044604925E-16,1.,0.));
#186 = DEFINITIONAL_REPRESENTATION('',(#187),#191);
#187 = LINE('',#188,#189);
#188 = CARTESIAN_POINT('',(0.,0.));
#189 = VECTOR('',#190,1.);
#190 = DIRECTION('',(0.,-1.));
#191 = ( GEOMETRIC_REPRESENTATION_CONTEXT(2) 
PARAMETRIC_REPRESENTATION_CONTEXT() REPRESENTATION_CONTEXT('2D SPACE',''
  ) );
#192 = ORIENTED_EDGE('',*,*,#193,.F.);
#193 = EDGE_CURVE('',#22,#166,#194,.T.);
#194 = SURFACE_CURVE('',#195,(#199,#206),.PCURVE_S1.);
#195 = LINE('',#196,#197);
#196 = CARTESIAN_POINT('',(-24.8,-11.,0.4));
#197 = VECTOR('',#198,1.);
#198 = DIRECTION('',(1.,0.,-0.));
#199 = PCURVE('',#44,#200);
#200 = DEFINITIONAL_REPRESENTATION('',(#201),#205);
#201 = LINE('',#202,#203);
#202 = CARTESIAN_POINT('',(0.,-0.4));
#203 = VECTOR('',#204,1.);
#204 = DIRECTION('',(1.,0.));
#205 = ( GEOMETRIC_REPRESENTATION_CONTEXT(2) 
PARAMETRIC_REPRESENTATION_CONTEXT() REPRESENTATION_CONTEXT('2D SPACE',''
  ) );
#206 = PCURVE('',#207,#212);
#207 = PLANE('',#208);
#208 = AXIS2_PLACEMENT_3D('',#209,#210,#211);
#209 = CARTESIAN_POINT('',(-24.8,-10.8,0.2));
#210 = DIRECTION('',(-3.474993633276E-18,-0.707106781187,-0.707106781187
    ));
#211 = DIRECTION('',(-1.,2.457191562669E-18,2.457191562669E-18));
#212 = DEFINITIONAL_REPRESENTATION('',(#213),#217);
#213 = LINE('',#214,#215);
#214 = CARTESIAN_POINT('',(-0.,-0.282842712475));
#215 = VECTOR('',#216,1.);
#216 = DIRECTION('',(-1.,0.));
#217 = ( GEOMETRIC_REPRESENTATION_CONTEXT(2) 
PARAMETRIC_REPRESENTATION_CONTEXT() REPRESENTATION_CONTEXT('2D SPACE',''
  ) );
#218 = ADVANCED_FACE('',(#219),#126,.F.);
#219 = FACE_BOUND('',#220,.T.);
#220 = EDGE_LOOP('',(#221,#244,#245,#273));
#221 = ORIENTED_EDGE('',*,*,#222,.F.);
#222 = EDGE_CURVE('',#22,#223,#225,.T.);
#223 = VERTEX_POINT('',#224);
#224 = CARTESIAN_POINT('',(-24.4,-10.6,5.551115123126E-17));
#225 = SURFACE_CURVE('',#226,(#230,#237),.PCURVE_S1.);
#226 = LINE('',#227,#228);
#227 = CARTESIAN_POINT('',(-24.66666666666,-10.86666666666,
    0.266666666667));
#228 = VECTOR('',#229,1.);
#229 = DIRECTION('',(0.57735026919,0.57735026919,-0.57735026919));
#230 = PCURVE('',#126,#231);
#231 = DEFINITIONAL_REPRESENTATION('',(#232),#236);
#232 = LINE('',#233,#234);
#233 = CARTESIAN_POINT('',(-0.133333333333,-9.428090415821E-02));
#234 = VECTOR('',#235,1.);
#235 = DIRECTION('',(-0.57735026919,0.816496580928));
#236 = ( GEOMETRIC_REPRESENTATION_CONTEXT(2) 
PARAMETRIC_REPRESENTATION_CONTEXT() REPRESENTATION_CONTEXT('2D SPACE',''
  ) );
#237 = PCURVE('',#207,#238);
#238 = DEFINITIONAL_REPRESENTATION('',(#239),#243);
#239 = LINE('',#240,#241);
#240 = CARTESIAN_POINT('',(-0.133333333333,-9.428090415821E-02));
#241 = VECTOR('',#242,1.);
#242 = DIRECTION('',(-0.57735026919,0.816496580928));
#243 = ( GEOMETRIC_REPRESENTATION_CONTEXT(2) 
PARAMETRIC_REPRESENTATION_CONTEXT() REPRESENTATION_CONTEXT('2D SPACE',''
  ) );
#244 = ORIENTED_EDGE('',*,*,#112,.T.);
#245 = ORIENTED_EDGE('',*,*,#246,.T.);
#246 = EDGE_CURVE('',#85,#247,#249,.T.);
#247 = VERTEX_POINT('',#248);
#248 = CARTESIAN_POINT('',(-24.4,10.6,1.665334536938E-16));
#249 = SURFACE_CURVE('',#250,(#254,#261),.PCURVE_S1.);
#250 = LINE('',#251,#252);
#251 = CARTESIAN_POINT('',(-21.,7.2,-3.4));
#252 = VECTOR('',#253,1.);
#253 = DIRECTION('',(0.57735026919,-0.57735026919,-0.57735026919));
#254 = PCURVE('',#126,#255);
#255 = DEFINITIONAL_REPRESENTATION('',(#256),#260);
#256 = LINE('',#257,#258);
#257 = CARTESIAN_POINT('',(-18.2,5.091168824543));
#258 = VECTOR('',#259,1.);
#259 = DIRECTION('',(0.57735026919,0.816496580928));
#260 = ( GEOMETRIC_REPRESENTATION_CONTEXT(2) 
PARAMETRIC_REPRESENTATION_CONTEXT() REPRESENTATION_CONTEXT('2D SPACE',''
  ) );
#261 = PCURVE('',#262,#267);
#262 = PLANE('',#263);
#263 = AXIS2_PLACEMENT_3D('',#264,#265,#266);
#264 = CARTESIAN_POINT('',(-24.8,10.8,0.2));
#265 = DIRECTION('',(3.474993633276E-18,-0.707106781187,0.707106781187)
  );
#266 = DIRECTION('',(-1.,-2.457191562669E-18,2.457191562669E-18));
#267 = DEFINITIONAL_REPRESENTATION('',(#268),#272);
#268 = LINE('',#269,#270);
#269 = CARTESIAN_POINT('',(-3.8,5.091168824543));
#270 = VECTOR('',#271,1.);
#271 = DIRECTION('',(-0.57735026919,0.816496580928));
#272 = ( GEOMETRIC_REPRESENTATION_CONTEXT(2) 
PARAMETRIC_REPRESENTATION_CONTEXT() REPRESENTATION_CONTEXT('2D SPACE',''
  ) );
#273 = ORIENTED_EDGE('',*,*,#274,.F.);
#274 = EDGE_CURVE('',#223,#247,#275,.T.);
#275 = SURFACE_CURVE('',#276,(#280,#287),.PCURVE_S1.);
#276 = LINE('',#277,#278);
#277 = CARTESIAN_POINT('',(-24.4,-11.,0.));
#278 = VECTOR('',#279,1.);
#279 = DIRECTION('',(-0.,1.,0.));
#280 = PCURVE('',#126,#281);
#281 = DEFINITIONAL_REPRESENTATION('',(#282),#286);
#282 = LINE('',#283,#284);
#283 = CARTESIAN_POINT('',(-0.,0.282842712475));
#284 = VECTOR('',#285,1.);
#285 = DIRECTION('',(-1.,0.));
#286 = ( GEOMETRIC_REPRESENTATION_CONTEXT(2) 
PARAMETRIC_REPRESENTATION_CONTEXT() REPRESENTATION_CONTEXT('2D SPACE',''
  ) );
#287 = PCURVE('',#288,#293);
#288 = PLANE('',#289);
#289 = AXIS2_PLACEMENT_3D('',#290,#291,#292);
#290 = CARTESIAN_POINT('',(0.,0.,0.));
#291 = DIRECTION('',(0.,0.,1.));
#292 = DIRECTION('',(1.,0.,-0.));
#293 = DEFINITIONAL_REPRESENTATION('',(#294),#298);
#294 = LINE('',#295,#296);
#295 = CARTESIAN_POINT('',(-24.4,-11.));
#296 = VECTOR('',#297,1.);
#297 = DIRECTION('',(0.,1.));
#298 = ( GEOMETRIC_REPRESENTATION_CONTEXT(2) 
PARAMETRIC_REPRESENTATION_CONTEXT() REPRESENTATION_CONTEXT('2D SPACE',''
  ) );
#299 = ADVANCED_FACE('',(#300,#1001,#1107,#1369),#72,.T.);
#300 = FACE_BOUND('',#301,.T.);
#301 = EDGE_LOOP('',(#302,#303,#304,#327,#356,#382,#408,#434,#458,#484,
    #510,#536,#562,#588,#612,#638,#664,#690,#716,#742,#768,#794,#820,
    #846,#872,#896,#924,#952,#980));
#302 = ORIENTED_EDGE('',*,*,#56,.F.);
#303 = ORIENTED_EDGE('',*,*,#142,.T.);
#304 = ORIENTED_EDGE('',*,*,#305,.T.);
#305 = EDGE_CURVE('',#143,#306,#308,.T.);
#306 = VERTEX_POINT('',#307);
#307 = CARTESIAN_POINT('',(-3.4,-9.772144385112,4.));
#308 = SURFACE_CURVE('',#309,(#313,#320),.PCURVE_S1.);
#309 = LINE('',#310,#311);
#310 = CARTESIAN_POINT('',(-3.4,-9.9,4.));
#311 = VECTOR('',#312,1.);
#312 = DIRECTION('',(2.22044604925E-16,1.,0.));
#313 = PCURVE('',#72,#314);
#314 = DEFINITIONAL_REPRESENTATION('',(#315),#319);
#315 = LINE('',#316,#317);
#316 = CARTESIAN_POINT('',(-3.4,-9.9));
#317 = VECTOR('',#318,1.);
#318 = DIRECTION('',(2.22044604925E-16,1.));
#319 = ( GEOMETRIC_REPRESENTATION_CONTEXT(2) 
PARAMETRIC_REPRESENTATION_CONTEXT() REPRESENTATION_CONTEXT('2D SPACE',''
  ) );
#320 = PCURVE('',#181,#321);
#321 = DEFINITIONAL_REPRESENTATION('',(#322),#326);
#322 = LINE('',#323,#324);
#323 = CARTESIAN_POINT('',(1.1,-4.));
#324 = VECTOR('',#325,1.);
#325 = DIRECTION('',(1.,0.));
#326 = ( GEOMETRIC_REPRESENTATION_CONTEXT(2) 
PARAMETRIC_REPRESENTATION_CONTEXT() REPRESENTATION_CONTEXT('2D SPACE',''
  ) );
#327 = ORIENTED_EDGE('',*,*,#328,.F.);
#328 = EDGE_CURVE('',#329,#306,#331,.T.);
#329 = VERTEX_POINT('',#330);
#330 = CARTESIAN_POINT('',(-4.647962289578,-6.737646484375,4.));
#331 = SURFACE_CURVE('',#332,(#337,#344),.PCURVE_S1.);
#332 = CIRCLE('',#333,4.65);
#333 = AXIS2_PLACEMENT_3D('',#334,#335,#336);
#334 = CARTESIAN_POINT('',(1.021405182655E-15,-6.6,4.));
#335 = DIRECTION('',(-0.,0.,1.));
#336 = DIRECTION('',(0.731182795699,-0.682181588196,0.));
#337 = PCURVE('',#72,#338);
#338 = DEFINITIONAL_REPRESENTATION('',(#339),#343);
#339 = CIRCLE('',#340,4.65);
#340 = AXIS2_PLACEMENT_2D('',#341,#342);
#341 = CARTESIAN_POINT('',(1.021405182655E-15,-6.6));
#342 = DIRECTION('',(0.731182795699,-0.682181588196));
#343 = ( GEOMETRIC_REPRESENTATION_CONTEXT(2) 
PARAMETRIC_REPRESENTATION_CONTEXT() REPRESENTATION_CONTEXT('2D SPACE',''
  ) );
#344 = PCURVE('',#345,#350);
#345 = CYLINDRICAL_SURFACE('',#346,4.65);
#346 = AXIS2_PLACEMENT_3D('',#347,#348,#349);
#347 = CARTESIAN_POINT('',(1.021405182655E-15,-6.6,0.));
#348 = DIRECTION('',(0.,-0.,-1.));
#349 = DIRECTION('',(0.731182795699,-0.682181588196,0.));
#350 = DEFINITIONAL_REPRESENTATION('',(#351),#355);
#351 = LINE('',#352,#353);
#352 = CARTESIAN_POINT('',(-0.,-4.));
#353 = VECTOR('',#354,1.);
#354 = DIRECTION('',(-1.,0.));
#355 = ( GEOMETRIC_REPRESENTATION_CONTEXT(2) 
PARAMETRIC_REPRESENTATION_CONTEXT() REPRESENTATION_CONTEXT('2D SPACE',''
  ) );
#356 = ORIENTED_EDGE('',*,*,#357,.F.);
#357 = EDGE_CURVE('',#358,#329,#360,.T.);
#358 = VERTEX_POINT('',#359);
#359 = CARTESIAN_POINT('',(-5.03857426875,-6.737646484375,4.));
#360 = SURFACE_CURVE('',#361,(#365,#371),.PCURVE_S1.);
#361 = LINE('',#362,#363);
#362 = CARTESIAN_POINT('',(-1.652685571875,-6.737646484375,4.));
#363 = VECTOR('',#364,1.);
#364 = DIRECTION('',(1.,0.,-0.));
#365 = PCURVE('',#72,#366);
#366 = DEFINITIONAL_REPRESENTATION('',(#367),#370);
#367 = B_SPLINE_CURVE_WITH_KNOTS('',1,(#368,#369),.UNSPECIFIED.,.F.,.F.,
  (2,2),(-3.385888696875,-1.652685571875),.PIECEWISE_BEZIER_KNOTS.);
#368 = CARTESIAN_POINT('',(-5.03857426875,-6.737646484375));
#369 = CARTESIAN_POINT('',(-3.30537114375,-6.737646484375));
#370 = ( GEOMETRIC_REPRESENTATION_CONTEXT(2) 
PARAMETRIC_REPRESENTATION_CONTEXT() REPRESENTATION_CONTEXT('2D SPACE',''
  ) );
#371 = PCURVE('',#372,#377);
#372 = PLANE('',#373);
#373 = AXIS2_PLACEMENT_3D('',#374,#375,#376);
#374 = CARTESIAN_POINT('',(-3.30537114375,-6.737646484375,3.5));
#375 = DIRECTION('',(0.,-1.,0.));
#376 = DIRECTION('',(-1.,0.,0.));
#377 = DEFINITIONAL_REPRESENTATION('',(#378),#381);
#378 = B_SPLINE_CURVE_WITH_KNOTS('',1,(#379,#380),.UNSPECIFIED.,.F.,.F.,
  (2,2),(-3.385888696875,-1.652685571875),.PIECEWISE_BEZIER_KNOTS.);
#379 = CARTESIAN_POINT('',(1.733203125,-0.5));
#380 = CARTESIAN_POINT('',(0.,-0.5));
#381 = ( GEOMETRIC_REPRESENTATION_CONTEXT(2) 
PARAMETRIC_REPRESENTATION_CONTEXT() REPRESENTATION_CONTEXT('2D SPACE',''
  ) );
#382 = ORIENTED_EDGE('',*,*,#383,.F.);
#383 = EDGE_CURVE('',#384,#358,#386,.T.);
#384 = VERTEX_POINT('',#385);
#385 = CARTESIAN_POINT('',(-5.03857426875,-6.296044921875,4.));
#386 = SURFACE_CURVE('',#387,(#391,#397),.PCURVE_S1.);
#387 = LINE('',#388,#389);
#388 = CARTESIAN_POINT('',(-5.03857426875,-3.368823242188,4.));
#389 = VECTOR('',#390,1.);
#390 = DIRECTION('',(0.,-1.,0.));
#391 = PCURVE('',#72,#392);
#392 = DEFINITIONAL_REPRESENTATION('',(#393),#396);
#393 = B_SPLINE_CURVE_WITH_KNOTS('',1,(#394,#395),.UNSPECIFIED.,.F.,.F.,
  (2,2),(2.927221679688,3.368823242188),.PIECEWISE_BEZIER_KNOTS.);
#394 = CARTESIAN_POINT('',(-5.03857426875,-6.296044921875));
#395 = CARTESIAN_POINT('',(-5.03857426875,-6.737646484375));
#396 = ( GEOMETRIC_REPRESENTATION_CONTEXT(2) 
PARAMETRIC_REPRESENTATION_CONTEXT() REPRESENTATION_CONTEXT('2D SPACE',''
  ) );
#397 = PCURVE('',#398,#403);
#398 = PLANE('',#399);
#399 = AXIS2_PLACEMENT_3D('',#400,#401,#402);
#400 = CARTESIAN_POINT('',(-5.03857426875,-6.737646484375,3.5));
#401 = DIRECTION('',(-1.,0.,0.));
#402 = DIRECTION('',(0.,1.,0.));
#403 = DEFINITIONAL_REPRESENTATION('',(#404),#407);
#404 = B_SPLINE_CURVE_WITH_KNOTS('',1,(#405,#406),.UNSPECIFIED.,.F.,.F.,
  (2,2),(2.927221679688,3.368823242188),.PIECEWISE_BEZIER_KNOTS.);
#405 = CARTESIAN_POINT('',(0.4416015625,-0.5));
#406 = CARTESIAN_POINT('',(0.,-0.5));
#407 = ( GEOMETRIC_REPRESENTATION_CONTEXT(2) 
PARAMETRIC_REPRESENTATION_CONTEXT() REPRESENTATION_CONTEXT('2D SPACE',''
  ) );
#408 = ORIENTED_EDGE('',*,*,#409,.F.);
#409 = EDGE_CURVE('',#410,#384,#412,.T.);
#410 = VERTEX_POINT('',#411);
#411 = CARTESIAN_POINT('',(-4.640055097785,-6.296044921875,4.));
#412 = SURFACE_CURVE('',#413,(#417,#423),.PCURVE_S1.);
#413 = LINE('',#414,#415);
#414 = CARTESIAN_POINT('',(-2.519287134375,-6.296044921875,4.));
#415 = VECTOR('',#416,1.);
#416 = DIRECTION('',(-1.,0.,0.));
#417 = PCURVE('',#72,#418);
#418 = DEFINITIONAL_REPRESENTATION('',(#419),#422);
#419 = B_SPLINE_CURVE_WITH_KNOTS('',1,(#420,#421),.UNSPECIFIED.,.F.,.F.,
  (2,2),(1.954834009375,2.519287134375),.PIECEWISE_BEZIER_KNOTS.);
#420 = CARTESIAN_POINT('',(-4.47412114375,-6.296044921875));
#421 = CARTESIAN_POINT('',(-5.03857426875,-6.296044921875));
#422 = ( GEOMETRIC_REPRESENTATION_CONTEXT(2) 
PARAMETRIC_REPRESENTATION_CONTEXT() REPRESENTATION_CONTEXT('2D SPACE',''
  ) );
#423 = PCURVE('',#424,#429);
#424 = PLANE('',#425);
#425 = AXIS2_PLACEMENT_3D('',#426,#427,#428);
#426 = CARTESIAN_POINT('',(-5.03857426875,-6.296044921875,3.5));
#427 = DIRECTION('',(0.,1.,0.));
#428 = DIRECTION('',(1.,0.,0.));
#429 = DEFINITIONAL_REPRESENTATION('',(#430),#433);
#430 = B_SPLINE_CURVE_WITH_KNOTS('',1,(#431,#432),.UNSPECIFIED.,.F.,.F.,
  (2,2),(1.954834009375,2.519287134375),.PIECEWISE_BEZIER_KNOTS.);
#431 = CARTESIAN_POINT('',(0.564453125,-0.5));
#432 = CARTESIAN_POINT('',(0.,-0.5));
#433 = ( GEOMETRIC_REPRESENTATION_CONTEXT(2) 
PARAMETRIC_REPRESENTATION_CONTEXT() REPRESENTATION_CONTEXT('2D SPACE',''
  ) );
#434 = ORIENTED_EDGE('',*,*,#435,.F.);
#435 = EDGE_CURVE('',#436,#410,#438,.T.);
#436 = VERTEX_POINT('',#437);
#437 = CARTESIAN_POINT('',(-4.47412114375,-5.333216675572,4.));
#438 = SURFACE_CURVE('',#439,(#444,#451),.PCURVE_S1.);
#439 = CIRCLE('',#440,4.65);
#440 = AXIS2_PLACEMENT_3D('',#441,#442,#443);
#441 = CARTESIAN_POINT('',(1.021405182655E-15,-6.6,4.));
#442 = DIRECTION('',(-0.,0.,1.));
#443 = DIRECTION('',(0.731182795699,-0.682181588196,0.));
#444 = PCURVE('',#72,#445);
#445 = DEFINITIONAL_REPRESENTATION('',(#446),#450);
#446 = CIRCLE('',#447,4.65);
#447 = AXIS2_PLACEMENT_2D('',#448,#449);
#448 = CARTESIAN_POINT('',(1.021405182655E-15,-6.6));
#449 = DIRECTION('',(0.731182795699,-0.682181588196));
#450 = ( GEOMETRIC_REPRESENTATION_CONTEXT(2) 
PARAMETRIC_REPRESENTATION_CONTEXT() REPRESENTATION_CONTEXT('2D SPACE',''
  ) );
#451 = PCURVE('',#345,#452);
#452 = DEFINITIONAL_REPRESENTATION('',(#453),#457);
#453 = LINE('',#454,#455);
#454 = CARTESIAN_POINT('',(-0.,-4.));
#455 = VECTOR('',#456,1.);
#456 = DIRECTION('',(-1.,0.));
#457 = ( GEOMETRIC_REPRESENTATION_CONTEXT(2) 
PARAMETRIC_REPRESENTATION_CONTEXT() REPRESENTATION_CONTEXT('2D SPACE',''
  ) );
#458 = ORIENTED_EDGE('',*,*,#459,.F.);
#459 = EDGE_CURVE('',#460,#436,#462,.T.);
#460 = VERTEX_POINT('',#461);
#461 = CARTESIAN_POINT('',(-4.47412114375,-4.693994140625,4.));
#462 = SURFACE_CURVE('',#463,(#467,#473),.PCURVE_S1.);
#463 = LINE('',#464,#465);
#464 = CARTESIAN_POINT('',(-4.47412114375,-3.148022460937,4.));
#465 = VECTOR('',#466,1.);
#466 = DIRECTION('',(0.,-1.,0.));
#467 = PCURVE('',#72,#468);
#468 = DEFINITIONAL_REPRESENTATION('',(#469),#472);
#469 = B_SPLINE_CURVE_WITH_KNOTS('',1,(#470,#471),.UNSPECIFIED.,.F.,.F.,
  (2,2),(1.545971679688,3.148022460937),.PIECEWISE_BEZIER_KNOTS.);
#470 = CARTESIAN_POINT('',(-4.47412114375,-4.693994140625));
#471 = CARTESIAN_POINT('',(-4.47412114375,-6.296044921875));
#472 = ( GEOMETRIC_REPRESENTATION_CONTEXT(2) 
PARAMETRIC_REPRESENTATION_CONTEXT() REPRESENTATION_CONTEXT('2D SPACE',''
  ) );
#473 = PCURVE('',#474,#479);
#474 = PLANE('',#475);
#475 = AXIS2_PLACEMENT_3D('',#476,#477,#478);
#476 = CARTESIAN_POINT('',(-4.47412114375,-6.296044921875,3.5));
#477 = DIRECTION('',(-1.,0.,0.));
#478 = DIRECTION('',(0.,1.,0.));
#479 = DEFINITIONAL_REPRESENTATION('',(#480),#483);
#480 = B_SPLINE_CURVE_WITH_KNOTS('',1,(#481,#482),.UNSPECIFIED.,.F.,.F.,
  (2,2),(1.545971679688,3.148022460937),.PIECEWISE_BEZIER_KNOTS.);
#481 = CARTESIAN_POINT('',(1.60205078125,-0.5));
#482 = CARTESIAN_POINT('',(0.,-0.5));
#483 = ( GEOMETRIC_REPRESENTATION_CONTEXT(2) 
PARAMETRIC_REPRESENTATION_CONTEXT() REPRESENTATION_CONTEXT('2D SPACE',''
  ) );
#484 = ORIENTED_EDGE('',*,*,#485,.F.);
#485 = EDGE_CURVE('',#486,#460,#488,.T.);
#486 = VERTEX_POINT('',#487);
#487 = CARTESIAN_POINT('',(-5.053515675,-4.813525390625,4.));
#488 = SURFACE_CURVE('',#489,(#493,#499),.PCURVE_S1.);
#489 = LINE('',#490,#491);
#490 = CARTESIAN_POINT('',(-1.863958076476,-4.155507777176,4.));
#491 = VECTOR('',#492,1.);
#492 = DIRECTION('',(0.979375454391,0.202048804344,-0.));
#493 = PCURVE('',#72,#494);
#494 = DEFINITIONAL_REPRESENTATION('',(#495),#498);
#495 = B_SPLINE_CURVE_WITH_KNOTS('',1,(#496,#497),.UNSPECIFIED.,.F.,.F.,
  (2,2),(-3.256726094394,-2.665130165936),.PIECEWISE_BEZIER_KNOTS.);
#496 = CARTESIAN_POINT('',(-5.053515675,-4.813525390625));
#497 = CARTESIAN_POINT('',(-4.47412114375,-4.693994140625));
#498 = ( GEOMETRIC_REPRESENTATION_CONTEXT(2) 
PARAMETRIC_REPRESENTATION_CONTEXT() REPRESENTATION_CONTEXT('2D SPACE',''
  ) );
#499 = PCURVE('',#500,#505);
#500 = PLANE('',#501);
#501 = AXIS2_PLACEMENT_3D('',#502,#503,#504);
#502 = CARTESIAN_POINT('',(-4.47412114375,-4.693994140625,3.5));
#503 = DIRECTION('',(0.202048804344,-0.979375454391,0.));
#504 = DIRECTION('',(-0.979375454391,-0.202048804344,0.));
#505 = DEFINITIONAL_REPRESENTATION('',(#506),#509);
#506 = B_SPLINE_CURVE_WITH_KNOTS('',1,(#507,#508),.UNSPECIFIED.,.F.,.F.,
  (2,2),(-3.256726094394,-2.665130165936),.PIECEWISE_BEZIER_KNOTS.);
#507 = CARTESIAN_POINT('',(0.591595928459,-0.5));
#508 = CARTESIAN_POINT('',(0.,-0.5));
#509 = ( GEOMETRIC_REPRESENTATION_CONTEXT(2) 
PARAMETRIC_REPRESENTATION_CONTEXT() REPRESENTATION_CONTEXT('2D SPACE',''
  ) );
#510 = ORIENTED_EDGE('',*,*,#511,.F.);
#511 = EDGE_CURVE('',#512,#486,#514,.T.);
#512 = VERTEX_POINT('',#513);
#513 = CARTESIAN_POINT('',(-5.053515675,-4.378564453125,4.));
#514 = SURFACE_CURVE('',#515,(#519,#525),.PCURVE_S1.);
#515 = LINE('',#516,#517);
#516 = CARTESIAN_POINT('',(-5.053515675,-2.406762695313,4.));
#517 = VECTOR('',#518,1.);
#518 = DIRECTION('',(0.,-1.,0.));
#519 = PCURVE('',#72,#520);
#520 = DEFINITIONAL_REPRESENTATION('',(#521),#524);
#521 = B_SPLINE_CURVE_WITH_KNOTS('',1,(#522,#523),.UNSPECIFIED.,.F.,.F.,
  (2,2),(1.971801757812,2.406762695313),.PIECEWISE_BEZIER_KNOTS.);
#522 = CARTESIAN_POINT('',(-5.053515675,-4.378564453125));
#523 = CARTESIAN_POINT('',(-5.053515675,-4.813525390625));
#524 = ( GEOMETRIC_REPRESENTATION_CONTEXT(2) 
PARAMETRIC_REPRESENTATION_CONTEXT() REPRESENTATION_CONTEXT('2D SPACE',''
  ) );
#525 = PCURVE('',#526,#531);
#526 = PLANE('',#527);
#527 = AXIS2_PLACEMENT_3D('',#528,#529,#530);
#528 = CARTESIAN_POINT('',(-5.053515675,-4.813525390625,3.5));
#529 = DIRECTION('',(-1.,0.,0.));
#530 = DIRECTION('',(0.,1.,0.));
#531 = DEFINITIONAL_REPRESENTATION('',(#532),#535);
#532 = B_SPLINE_CURVE_WITH_KNOTS('',1,(#533,#534),.UNSPECIFIED.,.F.,.F.,
  (2,2),(1.971801757812,2.406762695313),.PIECEWISE_BEZIER_KNOTS.);
#533 = CARTESIAN_POINT('',(0.4349609375,-0.5));
#534 = CARTESIAN_POINT('',(0.,-0.5));
#535 = ( GEOMETRIC_REPRESENTATION_CONTEXT(2) 
PARAMETRIC_REPRESENTATION_CONTEXT() REPRESENTATION_CONTEXT('2D SPACE',''
  ) );
#536 = ORIENTED_EDGE('',*,*,#537,.F.);
#537 = EDGE_CURVE('',#538,#512,#540,.T.);
#538 = VERTEX_POINT('',#539);
#539 = CARTESIAN_POINT('',(-4.47744145625,-4.259033203125,4.));
#540 = SURFACE_CURVE('',#541,(#545,#551),.PCURVE_S1.);
#541 = LINE('',#542,#543);
#542 = CARTESIAN_POINT('',(-2.195542606406,-3.785555631976,4.));
#543 = VECTOR('',#544,1.);
#544 = DIRECTION('',(-0.979144429707,-0.203165414809,0.));
#545 = PCURVE('',#72,#546);
#546 = DEFINITIONAL_REPRESENTATION('',(#547),#550);
#547 = B_SPLINE_CURVE_WITH_KNOTS('',1,(#548,#549),.UNSPECIFIED.,.F.,.F.,
  (2,2),(2.330502815124,2.9188472935),.PIECEWISE_BEZIER_KNOTS.);
#548 = CARTESIAN_POINT('',(-4.47744145625,-4.259033203125));
#549 = CARTESIAN_POINT('',(-5.053515675,-4.378564453125));
#550 = ( GEOMETRIC_REPRESENTATION_CONTEXT(2) 
PARAMETRIC_REPRESENTATION_CONTEXT() REPRESENTATION_CONTEXT('2D SPACE',''
  ) );
#551 = PCURVE('',#552,#557);
#552 = PLANE('',#553);
#553 = AXIS2_PLACEMENT_3D('',#554,#555,#556);
#554 = CARTESIAN_POINT('',(-5.053515675,-4.378564453125,3.5));
#555 = DIRECTION('',(-0.203165414809,0.979144429707,0.));
#556 = DIRECTION('',(0.979144429707,0.203165414809,0.));
#557 = DEFINITIONAL_REPRESENTATION('',(#558),#561);
#558 = B_SPLINE_CURVE_WITH_KNOTS('',1,(#559,#560),.UNSPECIFIED.,.F.,.F.,
  (2,2),(2.330502815124,2.9188472935),.PIECEWISE_BEZIER_KNOTS.);
#559 = CARTESIAN_POINT('',(0.588344478376,-0.5));
#560 = CARTESIAN_POINT('',(0.,-0.5));
#561 = ( GEOMETRIC_REPRESENTATION_CONTEXT(2) 
PARAMETRIC_REPRESENTATION_CONTEXT() REPRESENTATION_CONTEXT('2D SPACE',''
  ) );
#562 = ORIENTED_EDGE('',*,*,#563,.F.);
#563 = EDGE_CURVE('',#564,#538,#566,.T.);
#564 = VERTEX_POINT('',#565);
#565 = CARTESIAN_POINT('',(-4.017757391373,-4.259033203125,4.));
#566 = SURFACE_CURVE('',#567,(#571,#577),.PCURVE_S1.);
#567 = LINE('',#568,#569);
#568 = CARTESIAN_POINT('',(-2.238720728125,-4.259033203125,4.));
#569 = VECTOR('',#570,1.);
#570 = DIRECTION('',(-1.,0.,0.));
#571 = PCURVE('',#72,#572);
#572 = DEFINITIONAL_REPRESENTATION('',(#573),#576);
#573 = B_SPLINE_CURVE_WITH_KNOTS('',1,(#574,#575),.UNSPECIFIED.,.F.,.F.,
  (2,2),(1.631103540625,2.238720728125),.PIECEWISE_BEZIER_KNOTS.);
#574 = CARTESIAN_POINT('',(-3.86982426875,-4.259033203125));
#575 = CARTESIAN_POINT('',(-4.47744145625,-4.259033203125));
#576 = ( GEOMETRIC_REPRESENTATION_CONTEXT(2) 
PARAMETRIC_REPRESENTATION_CONTEXT() REPRESENTATION_CONTEXT('2D SPACE',''
  ) );
#577 = PCURVE('',#578,#583);
#578 = PLANE('',#579);
#579 = AXIS2_PLACEMENT_3D('',#580,#581,#582);
#580 = CARTESIAN_POINT('',(-4.47744145625,-4.259033203125,3.5));
#581 = DIRECTION('',(0.,1.,0.));
#582 = DIRECTION('',(1.,0.,0.));
#583 = DEFINITIONAL_REPRESENTATION('',(#584),#587);
#584 = B_SPLINE_CURVE_WITH_KNOTS('',1,(#585,#586),.UNSPECIFIED.,.F.,.F.,
  (2,2),(1.631103540625,2.238720728125),.PIECEWISE_BEZIER_KNOTS.);
#585 = CARTESIAN_POINT('',(0.6076171875,-0.5));
#586 = CARTESIAN_POINT('',(0.,-0.5));
#587 = ( GEOMETRIC_REPRESENTATION_CONTEXT(2) 
PARAMETRIC_REPRESENTATION_CONTEXT() REPRESENTATION_CONTEXT('2D SPACE',''
  ) );
#588 = ORIENTED_EDGE('',*,*,#589,.F.);
#589 = EDGE_CURVE('',#590,#564,#592,.T.);
#590 = VERTEX_POINT('',#591);
#591 = CARTESIAN_POINT('',(4.640055097785,-6.296044921875,4.));
#592 = SURFACE_CURVE('',#593,(#598,#605),.PCURVE_S1.);
#593 = CIRCLE('',#594,4.65);
#594 = AXIS2_PLACEMENT_3D('',#595,#596,#597);
#595 = CARTESIAN_POINT('',(1.021405182655E-15,-6.6,4.));
#596 = DIRECTION('',(-0.,0.,1.));
#597 = DIRECTION('',(0.731182795699,-0.682181588196,0.));
#598 = PCURVE('',#72,#599);
#599 = DEFINITIONAL_REPRESENTATION('',(#600),#604);
#600 = CIRCLE('',#601,4.65);
#601 = AXIS2_PLACEMENT_2D('',#602,#603);
#602 = CARTESIAN_POINT('',(1.021405182655E-15,-6.6));
#603 = DIRECTION('',(0.731182795699,-0.682181588196));
#604 = ( GEOMETRIC_REPRESENTATION_CONTEXT(2) 
PARAMETRIC_REPRESENTATION_CONTEXT() REPRESENTATION_CONTEXT('2D SPACE',''
  ) );
#605 = PCURVE('',#345,#606);
#606 = DEFINITIONAL_REPRESENTATION('',(#607),#611);
#607 = LINE('',#608,#609);
#608 = CARTESIAN_POINT('',(-0.,-4.));
#609 = VECTOR('',#610,1.);
#610 = DIRECTION('',(-1.,0.));
#611 = ( GEOMETRIC_REPRESENTATION_CONTEXT(2) 
PARAMETRIC_REPRESENTATION_CONTEXT() REPRESENTATION_CONTEXT('2D SPACE',''
  ) );
#612 = ORIENTED_EDGE('',*,*,#613,.F.);
#613 = EDGE_CURVE('',#614,#590,#616,.T.);
#614 = VERTEX_POINT('',#615);
#615 = CARTESIAN_POINT('',(5.18134760625,-6.296044921875,4.));
#616 = SURFACE_CURVE('',#617,(#621,#627),.PCURVE_S1.);
#617 = LINE('',#618,#619);
#618 = CARTESIAN_POINT('',(2.308447240625,-6.296044921875,4.));
#619 = VECTOR('',#620,1.);
#620 = DIRECTION('',(-1.,0.,0.));
#621 = PCURVE('',#72,#622);
#622 = DEFINITIONAL_REPRESENTATION('',(#623),#626);
#623 = B_SPLINE_CURVE_WITH_KNOTS('',1,(#624,#625),.UNSPECIFIED.,.F.,.F.,
  (2,2),(-2.872900365625,-2.308447240625),.PIECEWISE_BEZIER_KNOTS.);
#624 = CARTESIAN_POINT('',(5.18134760625,-6.296044921875));
#625 = CARTESIAN_POINT('',(4.61689448125,-6.296044921875));
#626 = ( GEOMETRIC_REPRESENTATION_CONTEXT(2) 
PARAMETRIC_REPRESENTATION_CONTEXT() REPRESENTATION_CONTEXT('2D SPACE',''
  ) );
#627 = PCURVE('',#628,#633);
#628 = PLANE('',#629);
#629 = AXIS2_PLACEMENT_3D('',#630,#631,#632);
#630 = CARTESIAN_POINT('',(4.61689448125,-6.296044921875,3.5));
#631 = DIRECTION('',(0.,1.,0.));
#632 = DIRECTION('',(1.,0.,0.));
#633 = DEFINITIONAL_REPRESENTATION('',(#634),#637);
#634 = B_SPLINE_CURVE_WITH_KNOTS('',1,(#635,#636),.UNSPECIFIED.,.F.,.F.,
  (2,2),(-2.872900365625,-2.308447240625),.PIECEWISE_BEZIER_KNOTS.);
#635 = CARTESIAN_POINT('',(0.564453125,-0.5));
#636 = CARTESIAN_POINT('',(0.,-0.5));
#637 = ( GEOMETRIC_REPRESENTATION_CONTEXT(2) 
PARAMETRIC_REPRESENTATION_CONTEXT() REPRESENTATION_CONTEXT('2D SPACE',''
  ) );
#638 = ORIENTED_EDGE('',*,*,#639,.F.);
#639 = EDGE_CURVE('',#640,#614,#642,.T.);
#640 = VERTEX_POINT('',#641);
#641 = CARTESIAN_POINT('',(5.18134760625,-4.693994140625,4.));
#642 = SURFACE_CURVE('',#643,(#647,#653),.PCURVE_S1.);
#643 = LINE('',#644,#645);
#644 = CARTESIAN_POINT('',(5.18134760625,-3.148022460937,4.));
#645 = VECTOR('',#646,1.);
#646 = DIRECTION('',(0.,-1.,0.));
#647 = PCURVE('',#72,#648);
#648 = DEFINITIONAL_REPRESENTATION('',(#649),#652);
#649 = B_SPLINE_CURVE_WITH_KNOTS('',1,(#650,#651),.UNSPECIFIED.,.F.,.F.,
  (2,2),(1.545971679688,3.148022460937),.PIECEWISE_BEZIER_KNOTS.);
#650 = CARTESIAN_POINT('',(5.18134760625,-4.693994140625));
#651 = CARTESIAN_POINT('',(5.18134760625,-6.296044921875));
#652 = ( GEOMETRIC_REPRESENTATION_CONTEXT(2) 
PARAMETRIC_REPRESENTATION_CONTEXT() REPRESENTATION_CONTEXT('2D SPACE',''
  ) );
#653 = PCURVE('',#654,#659);
#654 = PLANE('',#655);
#655 = AXIS2_PLACEMENT_3D('',#656,#657,#658);
#656 = CARTESIAN_POINT('',(5.18134760625,-6.296044921875,3.5));
#657 = DIRECTION('',(-1.,0.,0.));
#658 = DIRECTION('',(0.,1.,0.));
#659 = DEFINITIONAL_REPRESENTATION('',(#660),#663);
#660 = B_SPLINE_CURVE_WITH_KNOTS('',1,(#661,#662),.UNSPECIFIED.,.F.,.F.,
  (2,2),(1.545971679688,3.148022460937),.PIECEWISE_BEZIER_KNOTS.);
#661 = CARTESIAN_POINT('',(1.60205078125,-0.5));
#662 = CARTESIAN_POINT('',(0.,-0.5));
#663 = ( GEOMETRIC_REPRESENTATION_CONTEXT(2) 
PARAMETRIC_REPRESENTATION_CONTEXT() REPRESENTATION_CONTEXT('2D SPACE',''
  ) );
#664 = ORIENTED_EDGE('',*,*,#665,.F.);
#665 = EDGE_CURVE('',#666,#640,#668,.T.);
#666 = VERTEX_POINT('',#667);
#667 = CARTESIAN_POINT('',(4.601953075,-4.813525390625,4.));
#668 = SURFACE_CURVE('',#669,(#673,#679),.PCURVE_S1.);
#669 = LINE('',#670,#671);
#670 = CARTESIAN_POINT('',(3.160862371682,-5.110827770679,4.));
#671 = VECTOR('',#672,1.);
#672 = DIRECTION('',(0.979375454391,0.202048804344,-0.));
#673 = PCURVE('',#72,#674);
#674 = DEFINITIONAL_REPRESENTATION('',(#675),#678);
#675 = B_SPLINE_CURVE_WITH_KNOTS('',1,(#676,#677),.UNSPECIFIED.,.F.,.F.,
  (2,2),(1.471438452799,2.063034381258),.PIECEWISE_BEZIER_KNOTS.);
#676 = CARTESIAN_POINT('',(4.601953075,-4.813525390625));
#677 = CARTESIAN_POINT('',(5.18134760625,-4.693994140625));
#678 = ( GEOMETRIC_REPRESENTATION_CONTEXT(2) 
PARAMETRIC_REPRESENTATION_CONTEXT() REPRESENTATION_CONTEXT('2D SPACE',''
  ) );
#679 = PCURVE('',#680,#685);
#680 = PLANE('',#681);
#681 = AXIS2_PLACEMENT_3D('',#682,#683,#684);
#682 = CARTESIAN_POINT('',(5.18134760625,-4.693994140625,3.5));
#683 = DIRECTION('',(0.202048804344,-0.979375454391,0.));
#684 = DIRECTION('',(-0.979375454391,-0.202048804344,0.));
#685 = DEFINITIONAL_REPRESENTATION('',(#686),#689);
#686 = B_SPLINE_CURVE_WITH_KNOTS('',1,(#687,#688),.UNSPECIFIED.,.F.,.F.,
  (2,2),(1.471438452799,2.063034381258),.PIECEWISE_BEZIER_KNOTS.);
#687 = CARTESIAN_POINT('',(0.591595928459,-0.5));
#688 = CARTESIAN_POINT('',(0.,-0.5));
#689 = ( GEOMETRIC_REPRESENTATION_CONTEXT(2) 
PARAMETRIC_REPRESENTATION_CONTEXT() REPRESENTATION_CONTEXT('2D SPACE',''
  ) );
#690 = ORIENTED_EDGE('',*,*,#691,.F.);
#691 = EDGE_CURVE('',#692,#666,#694,.T.);
#692 = VERTEX_POINT('',#693);
#693 = CARTESIAN_POINT('',(4.601953075,-4.378564453125,4.));
#694 = SURFACE_CURVE('',#695,(#699,#705),.PCURVE_S1.);
#695 = LINE('',#696,#697);
#696 = CARTESIAN_POINT('',(4.601953075,-2.406762695313,4.));
#697 = VECTOR('',#698,1.);
#698 = DIRECTION('',(0.,-1.,0.));
#699 = PCURVE('',#72,#700);
#700 = DEFINITIONAL_REPRESENTATION('',(#701),#704);
#701 = B_SPLINE_CURVE_WITH_KNOTS('',1,(#702,#703),.UNSPECIFIED.,.F.,.F.,
  (2,2),(1.971801757812,2.406762695313),.PIECEWISE_BEZIER_KNOTS.);
#702 = CARTESIAN_POINT('',(4.601953075,-4.378564453125));
#703 = CARTESIAN_POINT('',(4.601953075,-4.813525390625));
#704 = ( GEOMETRIC_REPRESENTATION_CONTEXT(2) 
PARAMETRIC_REPRESENTATION_CONTEXT() REPRESENTATION_CONTEXT('2D SPACE',''
  ) );
#705 = PCURVE('',#706,#711);
#706 = PLANE('',#707);
#707 = AXIS2_PLACEMENT_3D('',#708,#709,#710);
#708 = CARTESIAN_POINT('',(4.601953075,-4.813525390625,3.5));
#709 = DIRECTION('',(-1.,0.,0.));
#710 = DIRECTION('',(0.,1.,0.));
#711 = DEFINITIONAL_REPRESENTATION('',(#712),#715);
#712 = B_SPLINE_CURVE_WITH_KNOTS('',1,(#713,#714),.UNSPECIFIED.,.F.,.F.,
  (2,2),(1.971801757812,2.406762695313),.PIECEWISE_BEZIER_KNOTS.);
#713 = CARTESIAN_POINT('',(0.4349609375,-0.5));
#714 = CARTESIAN_POINT('',(0.,-0.5));
#715 = ( GEOMETRIC_REPRESENTATION_CONTEXT(2) 
PARAMETRIC_REPRESENTATION_CONTEXT() REPRESENTATION_CONTEXT('2D SPACE',''
  ) );
#716 = ORIENTED_EDGE('',*,*,#717,.F.);
#717 = EDGE_CURVE('',#718,#692,#720,.T.);
#718 = VERTEX_POINT('',#719);
#719 = CARTESIAN_POINT('',(5.17802729375,-4.259033203125,4.));
#720 = SURFACE_CURVE('',#721,(#725,#731),.PCURVE_S1.);
#721 = LINE('',#722,#723);
#722 = CARTESIAN_POINT('',(2.831462229528,-4.745928547863,4.));
#723 = VECTOR('',#724,1.);
#724 = DIRECTION('',(-0.979144429707,-0.203165414809,0.));
#725 = PCURVE('',#72,#726);
#726 = DEFINITIONAL_REPRESENTATION('',(#727),#730);
#727 = B_SPLINE_CURVE_WITH_KNOTS('',1,(#728,#729),.UNSPECIFIED.,.F.,.F.,
  (2,2),(-2.39654640626,-1.808201927884),.PIECEWISE_BEZIER_KNOTS.);
#728 = CARTESIAN_POINT('',(5.17802729375,-4.259033203125));
#729 = CARTESIAN_POINT('',(4.601953075,-4.378564453125));
#730 = ( GEOMETRIC_REPRESENTATION_CONTEXT(2) 
PARAMETRIC_REPRESENTATION_CONTEXT() REPRESENTATION_CONTEXT('2D SPACE',''
  ) );
#731 = PCURVE('',#732,#737);
#732 = PLANE('',#733);
#733 = AXIS2_PLACEMENT_3D('',#734,#735,#736);
#734 = CARTESIAN_POINT('',(4.601953075,-4.378564453125,3.5));
#735 = DIRECTION('',(-0.203165414809,0.979144429707,0.));
#736 = DIRECTION('',(0.979144429707,0.203165414809,0.));
#737 = DEFINITIONAL_REPRESENTATION('',(#738),#741);
#738 = B_SPLINE_CURVE_WITH_KNOTS('',1,(#739,#740),.UNSPECIFIED.,.F.,.F.,
  (2,2),(-2.39654640626,-1.808201927884),.PIECEWISE_BEZIER_KNOTS.);
#739 = CARTESIAN_POINT('',(0.588344478376,-0.5));
#740 = CARTESIAN_POINT('',(0.,-0.5));
#741 = ( GEOMETRIC_REPRESENTATION_CONTEXT(2) 
PARAMETRIC_REPRESENTATION_CONTEXT() REPRESENTATION_CONTEXT('2D SPACE',''
  ) );
#742 = ORIENTED_EDGE('',*,*,#743,.F.);
#743 = EDGE_CURVE('',#744,#718,#746,.T.);
#744 = VERTEX_POINT('',#745);
#745 = CARTESIAN_POINT('',(5.78564448125,-4.259033203125,4.));
#746 = SURFACE_CURVE('',#747,(#751,#757),.PCURVE_S1.);
#747 = LINE('',#748,#749);
#748 = CARTESIAN_POINT('',(2.589013646875,-4.259033203125,4.));
#749 = VECTOR('',#750,1.);
#750 = DIRECTION('',(-1.,0.,0.));
#751 = PCURVE('',#72,#752);
#752 = DEFINITIONAL_REPRESENTATION('',(#753),#756);
#753 = B_SPLINE_CURVE_WITH_KNOTS('',1,(#754,#755),.UNSPECIFIED.,.F.,.F.,
  (2,2),(-3.196630834375,-2.589013646875),.PIECEWISE_BEZIER_KNOTS.);
#754 = CARTESIAN_POINT('',(5.78564448125,-4.259033203125));
#755 = CARTESIAN_POINT('',(5.17802729375,-4.259033203125));
#756 = ( GEOMETRIC_REPRESENTATION_CONTEXT(2) 
PARAMETRIC_REPRESENTATION_CONTEXT() REPRESENTATION_CONTEXT('2D SPACE',''
  ) );
#757 = PCURVE('',#758,#763);
#758 = PLANE('',#759);
#759 = AXIS2_PLACEMENT_3D('',#760,#761,#762);
#760 = CARTESIAN_POINT('',(5.17802729375,-4.259033203125,3.5));
#761 = DIRECTION('',(0.,1.,0.));
#762 = DIRECTION('',(1.,0.,0.));
#763 = DEFINITIONAL_REPRESENTATION('',(#764),#767);
#764 = B_SPLINE_CURVE_WITH_KNOTS('',1,(#765,#766),.UNSPECIFIED.,.F.,.F.,
  (2,2),(-3.196630834375,-2.589013646875),.PIECEWISE_BEZIER_KNOTS.);
#765 = CARTESIAN_POINT('',(0.6076171875,-0.5));
#766 = CARTESIAN_POINT('',(0.,-0.5));
#767 = ( GEOMETRIC_REPRESENTATION_CONTEXT(2) 
PARAMETRIC_REPRESENTATION_CONTEXT() REPRESENTATION_CONTEXT('2D SPACE',''
  ) );
#768 = ORIENTED_EDGE('',*,*,#769,.F.);
#769 = EDGE_CURVE('',#770,#744,#772,.T.);
#770 = VERTEX_POINT('',#771);
#771 = CARTESIAN_POINT('',(5.78564448125,-6.296044921875,4.));
#772 = SURFACE_CURVE('',#773,(#777,#783),.PCURVE_S1.);
#773 = LINE('',#774,#775);
#774 = CARTESIAN_POINT('',(5.78564448125,-2.129516601562,4.));
#775 = VECTOR('',#776,1.);
#776 = DIRECTION('',(0.,1.,0.));
#777 = PCURVE('',#72,#778);
#778 = DEFINITIONAL_REPRESENTATION('',(#779),#782);
#779 = B_SPLINE_CURVE_WITH_KNOTS('',1,(#780,#781),.UNSPECIFIED.,.F.,.F.,
  (2,2),(-4.166528320312,-2.129516601562),.PIECEWISE_BEZIER_KNOTS.);
#780 = CARTESIAN_POINT('',(5.78564448125,-6.296044921875));
#781 = CARTESIAN_POINT('',(5.78564448125,-4.259033203125));
#782 = ( GEOMETRIC_REPRESENTATION_CONTEXT(2) 
PARAMETRIC_REPRESENTATION_CONTEXT() REPRESENTATION_CONTEXT('2D SPACE',''
  ) );
#783 = PCURVE('',#784,#789);
#784 = PLANE('',#785);
#785 = AXIS2_PLACEMENT_3D('',#786,#787,#788);
#786 = CARTESIAN_POINT('',(5.78564448125,-4.259033203125,3.5));
#787 = DIRECTION('',(1.,0.,0.));
#788 = DIRECTION('',(0.,-1.,0.));
#789 = DEFINITIONAL_REPRESENTATION('',(#790),#793);
#790 = B_SPLINE_CURVE_WITH_KNOTS('',1,(#791,#792),.UNSPECIFIED.,.F.,.F.,
  (2,2),(-4.166528320312,-2.129516601562),.PIECEWISE_BEZIER_KNOTS.);
#791 = CARTESIAN_POINT('',(2.03701171875,-0.5));
#792 = CARTESIAN_POINT('',(0.,-0.5));
#793 = ( GEOMETRIC_REPRESENTATION_CONTEXT(2) 
PARAMETRIC_REPRESENTATION_CONTEXT() REPRESENTATION_CONTEXT('2D SPACE',''
  ) );
#794 = ORIENTED_EDGE('',*,*,#795,.F.);
#795 = EDGE_CURVE('',#796,#770,#798,.T.);
#796 = VERTEX_POINT('',#797);
#797 = CARTESIAN_POINT('',(6.35009760625,-6.296044921875,4.));
#798 = SURFACE_CURVE('',#799,(#803,#809),.PCURVE_S1.);
#799 = LINE('',#800,#801);
#800 = CARTESIAN_POINT('',(2.892822240625,-6.296044921875,4.));
#801 = VECTOR('',#802,1.);
#802 = DIRECTION('',(-1.,0.,0.));
#803 = PCURVE('',#72,#804);
#804 = DEFINITIONAL_REPRESENTATION('',(#805),#808);
#805 = B_SPLINE_CURVE_WITH_KNOTS('',1,(#806,#807),.UNSPECIFIED.,.F.,.F.,
  (2,2),(-3.457275365625,-2.892822240625),.PIECEWISE_BEZIER_KNOTS.);
#806 = CARTESIAN_POINT('',(6.35009760625,-6.296044921875));
#807 = CARTESIAN_POINT('',(5.78564448125,-6.296044921875));
#808 = ( GEOMETRIC_REPRESENTATION_CONTEXT(2) 
PARAMETRIC_REPRESENTATION_CONTEXT() REPRESENTATION_CONTEXT('2D SPACE',''
  ) );
#809 = PCURVE('',#810,#815);
#810 = PLANE('',#811);
#811 = AXIS2_PLACEMENT_3D('',#812,#813,#814);
#812 = CARTESIAN_POINT('',(5.78564448125,-6.296044921875,3.5));
#813 = DIRECTION('',(0.,1.,0.));
#814 = DIRECTION('',(1.,0.,0.));
#815 = DEFINITIONAL_REPRESENTATION('',(#816),#819);
#816 = B_SPLINE_CURVE_WITH_KNOTS('',1,(#817,#818),.UNSPECIFIED.,.F.,.F.,
  (2,2),(-3.457275365625,-2.892822240625),.PIECEWISE_BEZIER_KNOTS.);
#817 = CARTESIAN_POINT('',(0.564453125,-0.5));
#818 = CARTESIAN_POINT('',(0.,-0.5));
#819 = ( GEOMETRIC_REPRESENTATION_CONTEXT(2) 
PARAMETRIC_REPRESENTATION_CONTEXT() REPRESENTATION_CONTEXT('2D SPACE',''
  ) );
#820 = ORIENTED_EDGE('',*,*,#821,.F.);
#821 = EDGE_CURVE('',#822,#796,#824,.T.);
#822 = VERTEX_POINT('',#823);
#823 = CARTESIAN_POINT('',(6.35009760625,-6.737646484375,4.));
#824 = SURFACE_CURVE('',#825,(#829,#835),.PCURVE_S1.);
#825 = LINE('',#826,#827);
#826 = CARTESIAN_POINT('',(6.35009760625,-3.148022460937,4.));
#827 = VECTOR('',#828,1.);
#828 = DIRECTION('',(0.,1.,0.));
#829 = PCURVE('',#72,#830);
#830 = DEFINITIONAL_REPRESENTATION('',(#831),#834);
#831 = B_SPLINE_CURVE_WITH_KNOTS('',1,(#832,#833),.UNSPECIFIED.,.F.,.F.,
  (2,2),(-3.589624023437,-3.148022460937),.PIECEWISE_BEZIER_KNOTS.);
#832 = CARTESIAN_POINT('',(6.35009760625,-6.737646484375));
#833 = CARTESIAN_POINT('',(6.35009760625,-6.296044921875));
#834 = ( GEOMETRIC_REPRESENTATION_CONTEXT(2) 
PARAMETRIC_REPRESENTATION_CONTEXT() REPRESENTATION_CONTEXT('2D SPACE',''
  ) );
#835 = PCURVE('',#836,#841);
#836 = PLANE('',#837);
#837 = AXIS2_PLACEMENT_3D('',#838,#839,#840);
#838 = CARTESIAN_POINT('',(6.35009760625,-6.296044921875,3.5));
#839 = DIRECTION('',(1.,0.,0.));
#840 = DIRECTION('',(0.,-1.,0.));
#841 = DEFINITIONAL_REPRESENTATION('',(#842),#845);
#842 = B_SPLINE_CURVE_WITH_KNOTS('',1,(#843,#844),.UNSPECIFIED.,.F.,.F.,
  (2,2),(-3.589624023437,-3.148022460937),.PIECEWISE_BEZIER_KNOTS.);
#843 = CARTESIAN_POINT('',(0.4416015625,-0.5));
#844 = CARTESIAN_POINT('',(0.,-0.5));
#845 = ( GEOMETRIC_REPRESENTATION_CONTEXT(2) 
PARAMETRIC_REPRESENTATION_CONTEXT() REPRESENTATION_CONTEXT('2D SPACE',''
  ) );
#846 = ORIENTED_EDGE('',*,*,#847,.F.);
#847 = EDGE_CURVE('',#848,#822,#850,.T.);
#848 = VERTEX_POINT('',#849);
#849 = CARTESIAN_POINT('',(4.647962289578,-6.737646484375,4.));
#850 = SURFACE_CURVE('',#851,(#855,#861),.PCURVE_S1.);
#851 = LINE('',#852,#853);
#852 = CARTESIAN_POINT('',(3.175048803125,-6.737646484375,4.));
#853 = VECTOR('',#854,1.);
#854 = DIRECTION('',(1.,0.,-0.));
#855 = PCURVE('',#72,#856);
#856 = DEFINITIONAL_REPRESENTATION('',(#857),#860);
#857 = B_SPLINE_CURVE_WITH_KNOTS('',1,(#858,#859),.UNSPECIFIED.,.F.,.F.,
  (2,2),(1.441845678125,3.175048803125),.PIECEWISE_BEZIER_KNOTS.);
#858 = CARTESIAN_POINT('',(4.61689448125,-6.737646484375));
#859 = CARTESIAN_POINT('',(6.35009760625,-6.737646484375));
#860 = ( GEOMETRIC_REPRESENTATION_CONTEXT(2) 
PARAMETRIC_REPRESENTATION_CONTEXT() REPRESENTATION_CONTEXT('2D SPACE',''
  ) );
#861 = PCURVE('',#862,#867);
#862 = PLANE('',#863);
#863 = AXIS2_PLACEMENT_3D('',#864,#865,#866);
#864 = CARTESIAN_POINT('',(6.35009760625,-6.737646484375,3.5));
#865 = DIRECTION('',(0.,-1.,0.));
#866 = DIRECTION('',(-1.,0.,0.));
#867 = DEFINITIONAL_REPRESENTATION('',(#868),#871);
#868 = B_SPLINE_CURVE_WITH_KNOTS('',1,(#869,#870),.UNSPECIFIED.,.F.,.F.,
  (2,2),(1.441845678125,3.175048803125),.PIECEWISE_BEZIER_KNOTS.);
#869 = CARTESIAN_POINT('',(1.733203125,-0.5));
#870 = CARTESIAN_POINT('',(0.,-0.5));
#871 = ( GEOMETRIC_REPRESENTATION_CONTEXT(2) 
PARAMETRIC_REPRESENTATION_CONTEXT() REPRESENTATION_CONTEXT('2D SPACE',''
  ) );
#872 = ORIENTED_EDGE('',*,*,#873,.F.);
#873 = EDGE_CURVE('',#874,#848,#876,.T.);
#874 = VERTEX_POINT('',#875);
#875 = CARTESIAN_POINT('',(3.4,-9.772144385112,4.));
#876 = SURFACE_CURVE('',#877,(#882,#889),.PCURVE_S1.);
#877 = CIRCLE('',#878,4.65);
#878 = AXIS2_PLACEMENT_3D('',#879,#880,#881);
#879 = CARTESIAN_POINT('',(1.021405182655E-15,-6.6,4.));
#880 = DIRECTION('',(-0.,0.,1.));
#881 = DIRECTION('',(0.731182795699,-0.682181588196,0.));
#882 = PCURVE('',#72,#883);
#883 = DEFINITIONAL_REPRESENTATION('',(#884),#888);
#884 = CIRCLE('',#885,4.65);
#885 = AXIS2_PLACEMENT_2D('',#886,#887);
#886 = CARTESIAN_POINT('',(1.021405182655E-15,-6.6));
#887 = DIRECTION('',(0.731182795699,-0.682181588196));
#888 = ( GEOMETRIC_REPRESENTATION_CONTEXT(2) 
PARAMETRIC_REPRESENTATION_CONTEXT() REPRESENTATION_CONTEXT('2D SPACE',''
  ) );
#889 = PCURVE('',#345,#890);
#890 = DEFINITIONAL_REPRESENTATION('',(#891),#895);
#891 = LINE('',#892,#893);
#892 = CARTESIAN_POINT('',(-0.,-4.));
#893 = VECTOR('',#894,1.);
#894 = DIRECTION('',(-1.,0.));
#895 = ( GEOMETRIC_REPRESENTATION_CONTEXT(2) 
PARAMETRIC_REPRESENTATION_CONTEXT() REPRESENTATION_CONTEXT('2D SPACE',''
  ) );
#896 = ORIENTED_EDGE('',*,*,#897,.F.);
#897 = EDGE_CURVE('',#898,#874,#900,.T.);
#898 = VERTEX_POINT('',#899);
#899 = CARTESIAN_POINT('',(3.4,-11.,4.));
#900 = SURFACE_CURVE('',#901,(#905,#912),.PCURVE_S1.);
#901 = LINE('',#902,#903);
#902 = CARTESIAN_POINT('',(3.4,-9.9,4.));
#903 = VECTOR('',#904,1.);
#904 = DIRECTION('',(2.22044604925E-16,1.,0.));
#905 = PCURVE('',#72,#906);
#906 = DEFINITIONAL_REPRESENTATION('',(#907),#911);
#907 = LINE('',#908,#909);
#908 = CARTESIAN_POINT('',(3.4,-9.9));
#909 = VECTOR('',#910,1.);
#910 = DIRECTION('',(2.22044604925E-16,1.));
#911 = ( GEOMETRIC_REPRESENTATION_CONTEXT(2) 
PARAMETRIC_REPRESENTATION_CONTEXT() REPRESENTATION_CONTEXT('2D SPACE',''
  ) );
#912 = PCURVE('',#913,#918);
#913 = PLANE('',#914);
#914 = AXIS2_PLACEMENT_3D('',#915,#916,#917);
#915 = CARTESIAN_POINT('',(3.4,-11.,0.));
#916 = DIRECTION('',(-1.,2.22044604925E-16,0.));
#917 = DIRECTION('',(2.22044604925E-16,1.,0.));
#918 = DEFINITIONAL_REPRESENTATION('',(#919),#923);
#919 = LINE('',#920,#921);
#920 = CARTESIAN_POINT('',(1.1,-4.));
#921 = VECTOR('',#922,1.);
#922 = DIRECTION('',(1.,0.));
#923 = ( GEOMETRIC_REPRESENTATION_CONTEXT(2) 
PARAMETRIC_REPRESENTATION_CONTEXT() REPRESENTATION_CONTEXT('2D SPACE',''
  ) );
#924 = ORIENTED_EDGE('',*,*,#925,.T.);
#925 = EDGE_CURVE('',#898,#926,#928,.T.);
#926 = VERTEX_POINT('',#927);
#927 = CARTESIAN_POINT('',(24.8,-11.,4.));
#928 = SURFACE_CURVE('',#929,(#933,#940),.PCURVE_S1.);
#929 = LINE('',#930,#931);
#930 = CARTESIAN_POINT('',(0.,-11.,4.));
#931 = VECTOR('',#932,1.);
#932 = DIRECTION('',(1.,0.,-0.));
#933 = PCURVE('',#72,#934);
#934 = DEFINITIONAL_REPRESENTATION('',(#935),#939);
#935 = LINE('',#936,#937);
#936 = CARTESIAN_POINT('',(0.,-11.));
#937 = VECTOR('',#938,1.);
#938 = DIRECTION('',(1.,0.));
#939 = ( GEOMETRIC_REPRESENTATION_CONTEXT(2) 
PARAMETRIC_REPRESENTATION_CONTEXT() REPRESENTATION_CONTEXT('2D SPACE',''
  ) );
#940 = PCURVE('',#941,#946);
#941 = PLANE('',#942);
#942 = AXIS2_PLACEMENT_3D('',#943,#944,#945);
#943 = CARTESIAN_POINT('',(3.4,-11.,0.));
#944 = DIRECTION('',(-0.,1.,0.));
#945 = DIRECTION('',(1.,0.,-0.));
#946 = DEFINITIONAL_REPRESENTATION('',(#947),#951);
#947 = LINE('',#948,#949);
#948 = CARTESIAN_POINT('',(-3.4,-4.));
#949 = VECTOR('',#950,1.);
#950 = DIRECTION('',(1.,0.));
#951 = ( GEOMETRIC_REPRESENTATION_CONTEXT(2) 
PARAMETRIC_REPRESENTATION_CONTEXT() REPRESENTATION_CONTEXT('2D SPACE',''
  ) );
#952 = ORIENTED_EDGE('',*,*,#953,.T.);
#953 = EDGE_CURVE('',#926,#954,#956,.T.);
#954 = VERTEX_POINT('',#955);
#955 = CARTESIAN_POINT('',(24.8,11.,4.));
#956 = SURFACE_CURVE('',#957,(#961,#968),.PCURVE_S1.);
#957 = LINE('',#958,#959);
#958 = CARTESIAN_POINT('',(24.8,0.,4.));
#959 = VECTOR('',#960,1.);
#960 = DIRECTION('',(-0.,1.,0.));
#961 = PCURVE('',#72,#962);
#962 = DEFINITIONAL_REPRESENTATION('',(#963),#967);
#963 = LINE('',#964,#965);
#964 = CARTESIAN_POINT('',(24.8,0.));
#965 = VECTOR('',#966,1.);
#966 = DIRECTION('',(0.,1.));
#967 = ( GEOMETRIC_REPRESENTATION_CONTEXT(2) 
PARAMETRIC_REPRESENTATION_CONTEXT() REPRESENTATION_CONTEXT('2D SPACE',''
  ) );
#968 = PCURVE('',#969,#974);
#969 = PLANE('',#970);
#970 = AXIS2_PLACEMENT_3D('',#971,#972,#973);
#971 = CARTESIAN_POINT('',(24.8,-11.,0.));
#972 = DIRECTION('',(-1.,-0.,0.));
#973 = DIRECTION('',(-0.,1.,0.));
#974 = DEFINITIONAL_REPRESENTATION('',(#975),#979);
#975 = LINE('',#976,#977);
#976 = CARTESIAN_POINT('',(11.,-4.));
#977 = VECTOR('',#978,1.);
#978 = DIRECTION('',(1.,0.));
#979 = ( GEOMETRIC_REPRESENTATION_CONTEXT(2) 
PARAMETRIC_REPRESENTATION_CONTEXT() REPRESENTATION_CONTEXT('2D SPACE',''
  ) );
#980 = ORIENTED_EDGE('',*,*,#981,.F.);
#981 = EDGE_CURVE('',#57,#954,#982,.T.);
#982 = SURFACE_CURVE('',#983,(#987,#994),.PCURVE_S1.);
#983 = LINE('',#984,#985);
#984 = CARTESIAN_POINT('',(0.,11.,4.));
#985 = VECTOR('',#986,1.);
#986 = DIRECTION('',(1.,0.,-0.));
#987 = PCURVE('',#72,#988);
#988 = DEFINITIONAL_REPRESENTATION('',(#989),#993);
#989 = LINE('',#990,#991);
#990 = CARTESIAN_POINT('',(0.,11.));
#991 = VECTOR('',#992,1.);
#992 = DIRECTION('',(1.,0.));
#993 = ( GEOMETRIC_REPRESENTATION_CONTEXT(2) 
PARAMETRIC_REPRESENTATION_CONTEXT() REPRESENTATION_CONTEXT('2D SPACE',''
  ) );
#994 = PCURVE('',#100,#995);
#995 = DEFINITIONAL_REPRESENTATION('',(#996),#1000);
#996 = LINE('',#997,#998);
#997 = CARTESIAN_POINT('',(24.8,-4.));
#998 = VECTOR('',#999,1.);
#999 = DIRECTION('',(1.,0.));
#1000 = ( GEOMETRIC_REPRESENTATION_CONTEXT(2) 
PARAMETRIC_REPRESENTATION_CONTEXT() REPRESENTATION_CONTEXT('2D SPACE',''
  ) );
#1001 = FACE_BOUND('',#1002,.T.);
#1002 = EDGE_LOOP('',(#1003,#1031,#1057,#1083));
#1003 = ORIENTED_EDGE('',*,*,#1004,.F.);
#1004 = EDGE_CURVE('',#1005,#1007,#1009,.T.);
#1005 = VERTEX_POINT('',#1006);
#1006 = CARTESIAN_POINT('',(-8.71250005,-4.259033203125,4.));
#1007 = VERTEX_POINT('',#1008);
#1008 = CARTESIAN_POINT('',(-8.71250005,-6.737646484375,4.));
#1009 = SURFACE_CURVE('',#1010,(#1014,#1020),.PCURVE_S1.);
#1010 = LINE('',#1011,#1012);
#1011 = CARTESIAN_POINT('',(-8.71250005,-3.368823242188,4.));
#1012 = VECTOR('',#1013,1.);
#1013 = DIRECTION('',(0.,-1.,0.));
#1014 = PCURVE('',#72,#1015);
#1015 = DEFINITIONAL_REPRESENTATION('',(#1016),#1019);
#1016 = B_SPLINE_CURVE_WITH_KNOTS('',1,(#1017,#1018),.UNSPECIFIED.,.F.,
  .F.,(2,2),(0.890209960938,3.368823242188),.PIECEWISE_BEZIER_KNOTS.);
#1017 = CARTESIAN_POINT('',(-8.71250005,-4.259033203125));
#1018 = CARTESIAN_POINT('',(-8.71250005,-6.737646484375));
#1019 = ( GEOMETRIC_REPRESENTATION_CONTEXT(2) 
PARAMETRIC_REPRESENTATION_CONTEXT() REPRESENTATION_CONTEXT('2D SPACE',''
  ) );
#1020 = PCURVE('',#1021,#1026);
#1021 = PLANE('',#1022);
#1022 = AXIS2_PLACEMENT_3D('',#1023,#1024,#1025);
#1023 = CARTESIAN_POINT('',(-8.71250005,-6.737646484375,3.5));
#1024 = DIRECTION('',(-1.,0.,0.));
#1025 = DIRECTION('',(0.,1.,0.));
#1026 = DEFINITIONAL_REPRESENTATION('',(#1027),#1030);
#1027 = B_SPLINE_CURVE_WITH_KNOTS('',1,(#1028,#1029),.UNSPECIFIED.,.F.,
  .F.,(2,2),(0.890209960938,3.368823242188),.PIECEWISE_BEZIER_KNOTS.);
#1028 = CARTESIAN_POINT('',(2.47861328125,-0.5));
#1029 = CARTESIAN_POINT('',(0.,-0.5));
#1030 = ( GEOMETRIC_REPRESENTATION_CONTEXT(2) 
PARAMETRIC_REPRESENTATION_CONTEXT() REPRESENTATION_CONTEXT('2D SPACE',''
  ) );
#1031 = ORIENTED_EDGE('',*,*,#1032,.F.);
#1032 = EDGE_CURVE('',#1033,#1005,#1035,.T.);
#1033 = VERTEX_POINT('',#1034);
#1034 = CARTESIAN_POINT('',(-8.07333989375,-4.259033203125,4.));
#1035 = SURFACE_CURVE('',#1036,(#1040,#1046),.PCURVE_S1.);
#1036 = LINE('',#1037,#1038);
#1037 = CARTESIAN_POINT('',(-4.356250025,-4.259033203125,4.));
#1038 = VECTOR('',#1039,1.);
#1039 = DIRECTION('',(-1.,0.,0.));
#1040 = PCURVE('',#72,#1041);
#1041 = DEFINITIONAL_REPRESENTATION('',(#1042),#1045);
#1042 = B_SPLINE_CURVE_WITH_KNOTS('',1,(#1043,#1044),.UNSPECIFIED.,.F.,
  .F.,(2,2),(3.71708986875,4.356250025),.PIECEWISE_BEZIER_KNOTS.);
#1043 = CARTESIAN_POINT('',(-8.07333989375,-4.259033203125));
#1044 = CARTESIAN_POINT('',(-8.71250005,-4.259033203125));
#1045 = ( GEOMETRIC_REPRESENTATION_CONTEXT(2) 
PARAMETRIC_REPRESENTATION_CONTEXT() REPRESENTATION_CONTEXT('2D SPACE',''
  ) );
#1046 = PCURVE('',#1047,#1052);
#1047 = PLANE('',#1048);
#1048 = AXIS2_PLACEMENT_3D('',#1049,#1050,#1051);
#1049 = CARTESIAN_POINT('',(-8.71250005,-4.259033203125,3.5));
#1050 = DIRECTION('',(0.,1.,0.));
#1051 = DIRECTION('',(1.,0.,0.));
#1052 = DEFINITIONAL_REPRESENTATION('',(#1053),#1056);
#1053 = B_SPLINE_CURVE_WITH_KNOTS('',1,(#1054,#1055),.UNSPECIFIED.,.F.,
  .F.,(2,2),(3.71708986875,4.356250025),.PIECEWISE_BEZIER_KNOTS.);
#1054 = CARTESIAN_POINT('',(0.63916015625,-0.5));
#1055 = CARTESIAN_POINT('',(0.,-0.5));
#1056 = ( GEOMETRIC_REPRESENTATION_CONTEXT(2) 
PARAMETRIC_REPRESENTATION_CONTEXT() REPRESENTATION_CONTEXT('2D SPACE',''
  ) );
#1057 = ORIENTED_EDGE('',*,*,#1058,.F.);
#1058 = EDGE_CURVE('',#1059,#1033,#1061,.T.);
#1059 = VERTEX_POINT('',#1060);
#1060 = CARTESIAN_POINT('',(-8.07333989375,-6.737646484375,4.));
#1061 = SURFACE_CURVE('',#1062,(#1066,#1072),.PCURVE_S1.);
#1062 = LINE('',#1063,#1064);
#1063 = CARTESIAN_POINT('',(-8.07333989375,-2.129516601562,4.));
#1064 = VECTOR('',#1065,1.);
#1065 = DIRECTION('',(0.,1.,0.));
#1066 = PCURVE('',#72,#1067);
#1067 = DEFINITIONAL_REPRESENTATION('',(#1068),#1071);
#1068 = B_SPLINE_CURVE_WITH_KNOTS('',1,(#1069,#1070),.UNSPECIFIED.,.F.,
  .F.,(2,2),(-4.608129882813,-2.129516601562),.PIECEWISE_BEZIER_KNOTS.);
#1069 = CARTESIAN_POINT('',(-8.07333989375,-6.737646484375));
#1070 = CARTESIAN_POINT('',(-8.07333989375,-4.259033203125));
#1071 = ( GEOMETRIC_REPRESENTATION_CONTEXT(2) 
PARAMETRIC_REPRESENTATION_CONTEXT() REPRESENTATION_CONTEXT('2D SPACE',''
  ) );
#1072 = PCURVE('',#1073,#1078);
#1073 = PLANE('',#1074);
#1074 = AXIS2_PLACEMENT_3D('',#1075,#1076,#1077);
#1075 = CARTESIAN_POINT('',(-8.07333989375,-4.259033203125,3.5));
#1076 = DIRECTION('',(1.,0.,0.));
#1077 = DIRECTION('',(0.,-1.,0.));
#1078 = DEFINITIONAL_REPRESENTATION('',(#1079),#1082);
#1079 = B_SPLINE_CURVE_WITH_KNOTS('',1,(#1080,#1081),.UNSPECIFIED.,.F.,
  .F.,(2,2),(-4.608129882813,-2.129516601562),.PIECEWISE_BEZIER_KNOTS.);
#1080 = CARTESIAN_POINT('',(2.47861328125,-0.5));
#1081 = CARTESIAN_POINT('',(0.,-0.5));
#1082 = ( GEOMETRIC_REPRESENTATION_CONTEXT(2) 
PARAMETRIC_REPRESENTATION_CONTEXT() REPRESENTATION_CONTEXT('2D SPACE',''
  ) );
#1083 = ORIENTED_EDGE('',*,*,#1084,.F.);
#1084 = EDGE_CURVE('',#1007,#1059,#1085,.T.);
#1085 = SURFACE_CURVE('',#1086,(#1090,#1096),.PCURVE_S1.);
#1086 = LINE('',#1087,#1088);
#1087 = CARTESIAN_POINT('',(-4.036669946875,-6.737646484375,4.));
#1088 = VECTOR('',#1089,1.);
#1089 = DIRECTION('',(1.,0.,-0.));
#1090 = PCURVE('',#72,#1091);
#1091 = DEFINITIONAL_REPRESENTATION('',(#1092),#1095);
#1092 = B_SPLINE_CURVE_WITH_KNOTS('',1,(#1093,#1094),.UNSPECIFIED.,.F.,
  .F.,(2,2),(-4.675830103125,-4.036669946875),.PIECEWISE_BEZIER_KNOTS.);
#1093 = CARTESIAN_POINT('',(-8.71250005,-6.737646484375));
#1094 = CARTESIAN_POINT('',(-8.07333989375,-6.737646484375));
#1095 = ( GEOMETRIC_REPRESENTATION_CONTEXT(2) 
PARAMETRIC_REPRESENTATION_CONTEXT() REPRESENTATION_CONTEXT('2D SPACE',''
  ) );
#1096 = PCURVE('',#1097,#1102);
#1097 = PLANE('',#1098);
#1098 = AXIS2_PLACEMENT_3D('',#1099,#1100,#1101);
#1099 = CARTESIAN_POINT('',(-8.07333989375,-6.737646484375,3.5));
#1100 = DIRECTION('',(0.,-1.,0.));
#1101 = DIRECTION('',(-1.,0.,0.));
#1102 = DEFINITIONAL_REPRESENTATION('',(#1103),#1106);
#1103 = B_SPLINE_CURVE_WITH_KNOTS('',1,(#1104,#1105),.UNSPECIFIED.,.F.,
  .F.,(2,2),(-4.675830103125,-4.036669946875),.PIECEWISE_BEZIER_KNOTS.);
#1104 = CARTESIAN_POINT('',(0.63916015625,-0.5));
#1105 = CARTESIAN_POINT('',(0.,-0.5));
#1106 = ( GEOMETRIC_REPRESENTATION_CONTEXT(2) 
PARAMETRIC_REPRESENTATION_CONTEXT() REPRESENTATION_CONTEXT('2D SPACE',''
  ) );
#1107 = FACE_BOUND('',#1108,.T.);
#1108 = EDGE_LOOP('',(#1109,#1137,#1163,#1189,#1215,#1241,#1267,#1293,
    #1319,#1345));
#1109 = ORIENTED_EDGE('',*,*,#1110,.F.);
#1110 = EDGE_CURVE('',#1111,#1113,#1115,.T.);
#1111 = VERTEX_POINT('',#1112);
#1112 = CARTESIAN_POINT('',(-7.4474609875,-4.259033203125,4.));
#1113 = VERTEX_POINT('',#1114);
#1114 = CARTESIAN_POINT('',(-7.4474609875,-6.737646484375,4.));
#1115 = SURFACE_CURVE('',#1116,(#1120,#1126),.PCURVE_S1.);
#1116 = LINE('',#1117,#1118);
#1117 = CARTESIAN_POINT('',(-7.4474609875,-3.368823242188,4.));
#1118 = VECTOR('',#1119,1.);
#1119 = DIRECTION('',(0.,-1.,0.));
#1120 = PCURVE('',#72,#1121);
#1121 = DEFINITIONAL_REPRESENTATION('',(#1122),#1125);
#1122 = B_SPLINE_CURVE_WITH_KNOTS('',1,(#1123,#1124),.UNSPECIFIED.,.F.,
  .F.,(2,2),(0.890209960938,3.368823242188),.PIECEWISE_BEZIER_KNOTS.);
#1123 = CARTESIAN_POINT('',(-7.4474609875,-4.259033203125));
#1124 = CARTESIAN_POINT('',(-7.4474609875,-6.737646484375));
#1125 = ( GEOMETRIC_REPRESENTATION_CONTEXT(2) 
PARAMETRIC_REPRESENTATION_CONTEXT() REPRESENTATION_CONTEXT('2D SPACE',''
  ) );
#1126 = PCURVE('',#1127,#1132);
#1127 = PLANE('',#1128);
#1128 = AXIS2_PLACEMENT_3D('',#1129,#1130,#1131);
#1129 = CARTESIAN_POINT('',(-7.4474609875,-6.737646484375,3.5));
#1130 = DIRECTION('',(-1.,0.,0.));
#1131 = DIRECTION('',(0.,1.,0.));
#1132 = DEFINITIONAL_REPRESENTATION('',(#1133),#1136);
#1133 = B_SPLINE_CURVE_WITH_KNOTS('',1,(#1134,#1135),.UNSPECIFIED.,.F.,
  .F.,(2,2),(0.890209960938,3.368823242188),.PIECEWISE_BEZIER_KNOTS.);
#1134 = CARTESIAN_POINT('',(2.47861328125,-0.5));
#1135 = CARTESIAN_POINT('',(0.,-0.5));
#1136 = ( GEOMETRIC_REPRESENTATION_CONTEXT(2) 
PARAMETRIC_REPRESENTATION_CONTEXT() REPRESENTATION_CONTEXT('2D SPACE',''
  ) );
#1137 = ORIENTED_EDGE('',*,*,#1138,.F.);
#1138 = EDGE_CURVE('',#1139,#1111,#1141,.T.);
#1139 = VERTEX_POINT('',#1140);
#1140 = CARTESIAN_POINT('',(-5.72255864375,-4.259033203125,4.));
#1141 = SURFACE_CURVE('',#1142,(#1146,#1152),.PCURVE_S1.);
#1142 = LINE('',#1143,#1144);
#1143 = CARTESIAN_POINT('',(-3.72373049375,-4.259033203125,4.));
#1144 = VECTOR('',#1145,1.);
#1145 = DIRECTION('',(-1.,0.,0.));
#1146 = PCURVE('',#72,#1147);
#1147 = DEFINITIONAL_REPRESENTATION('',(#1148),#1151);
#1148 = B_SPLINE_CURVE_WITH_KNOTS('',1,(#1149,#1150),.UNSPECIFIED.,.F.,
  .F.,(2,2),(1.99882815,3.72373049375),.PIECEWISE_BEZIER_KNOTS.);
#1149 = CARTESIAN_POINT('',(-5.72255864375,-4.259033203125));
#1150 = CARTESIAN_POINT('',(-7.4474609875,-4.259033203125));
#1151 = ( GEOMETRIC_REPRESENTATION_CONTEXT(2) 
PARAMETRIC_REPRESENTATION_CONTEXT() REPRESENTATION_CONTEXT('2D SPACE',''
  ) );
#1152 = PCURVE('',#1153,#1158);
#1153 = PLANE('',#1154);
#1154 = AXIS2_PLACEMENT_3D('',#1155,#1156,#1157);
#1155 = CARTESIAN_POINT('',(-7.4474609875,-4.259033203125,3.5));
#1156 = DIRECTION('',(0.,1.,0.));
#1157 = DIRECTION('',(1.,0.,0.));
#1158 = DEFINITIONAL_REPRESENTATION('',(#1159),#1162);
#1159 = B_SPLINE_CURVE_WITH_KNOTS('',1,(#1160,#1161),.UNSPECIFIED.,.F.,
  .F.,(2,2),(1.99882815,3.72373049375),.PIECEWISE_BEZIER_KNOTS.);
#1160 = CARTESIAN_POINT('',(1.72490234375,-0.5));
#1161 = CARTESIAN_POINT('',(0.,-0.5));
#1162 = ( GEOMETRIC_REPRESENTATION_CONTEXT(2) 
PARAMETRIC_REPRESENTATION_CONTEXT() REPRESENTATION_CONTEXT('2D SPACE',''
  ) );
#1163 = ORIENTED_EDGE('',*,*,#1164,.F.);
#1164 = EDGE_CURVE('',#1165,#1139,#1167,.T.);
#1165 = VERTEX_POINT('',#1166);
#1166 = CARTESIAN_POINT('',(-5.72255864375,-4.742138671875,4.));
#1167 = SURFACE_CURVE('',#1168,(#1172,#1178),.PCURVE_S1.);
#1168 = LINE('',#1169,#1170);
#1169 = CARTESIAN_POINT('',(-5.72255864375,-2.129516601562,4.));
#1170 = VECTOR('',#1171,1.);
#1171 = DIRECTION('',(0.,1.,0.));
#1172 = PCURVE('',#72,#1173);
#1173 = DEFINITIONAL_REPRESENTATION('',(#1174),#1177);
#1174 = B_SPLINE_CURVE_WITH_KNOTS('',1,(#1175,#1176),.UNSPECIFIED.,.F.,
  .F.,(2,2),(-2.612622070312,-2.129516601562),.PIECEWISE_BEZIER_KNOTS.);
#1175 = CARTESIAN_POINT('',(-5.72255864375,-4.742138671875));
#1176 = CARTESIAN_POINT('',(-5.72255864375,-4.259033203125));
#1177 = ( GEOMETRIC_REPRESENTATION_CONTEXT(2) 
PARAMETRIC_REPRESENTATION_CONTEXT() REPRESENTATION_CONTEXT('2D SPACE',''
  ) );
#1178 = PCURVE('',#1179,#1184);
#1179 = PLANE('',#1180);
#1180 = AXIS2_PLACEMENT_3D('',#1181,#1182,#1183);
#1181 = CARTESIAN_POINT('',(-5.72255864375,-4.259033203125,3.5));
#1182 = DIRECTION('',(1.,0.,0.));
#1183 = DIRECTION('',(0.,-1.,0.));
#1184 = DEFINITIONAL_REPRESENTATION('',(#1185),#1188);
#1185 = B_SPLINE_CURVE_WITH_KNOTS('',1,(#1186,#1187),.UNSPECIFIED.,.F.,
  .F.,(2,2),(-2.612622070312,-2.129516601562),.PIECEWISE_BEZIER_KNOTS.);
#1186 = CARTESIAN_POINT('',(0.48310546875,-0.5));
#1187 = CARTESIAN_POINT('',(0.,-0.5));
#1188 = ( GEOMETRIC_REPRESENTATION_CONTEXT(2) 
PARAMETRIC_REPRESENTATION_CONTEXT() REPRESENTATION_CONTEXT('2D SPACE',''
  ) );
#1189 = ORIENTED_EDGE('',*,*,#1190,.F.);
#1190 = EDGE_CURVE('',#1191,#1165,#1193,.T.);
#1191 = VERTEX_POINT('',#1192);
#1192 = CARTESIAN_POINT('',(-6.80830083125,-4.742138671875,4.));
#1193 = SURFACE_CURVE('',#1194,(#1198,#1204),.PCURVE_S1.);
#1194 = LINE('',#1195,#1196);
#1195 = CARTESIAN_POINT('',(-2.861279321875,-4.742138671875,4.));
#1196 = VECTOR('',#1197,1.);
#1197 = DIRECTION('',(1.,0.,-0.));
#1198 = PCURVE('',#72,#1199);
#1199 = DEFINITIONAL_REPRESENTATION('',(#1200),#1203);
#1200 = B_SPLINE_CURVE_WITH_KNOTS('',1,(#1201,#1202),.UNSPECIFIED.,.F.,
  .F.,(2,2),(-3.947021509375,-2.861279321875),.PIECEWISE_BEZIER_KNOTS.);
#1201 = CARTESIAN_POINT('',(-6.80830083125,-4.742138671875));
#1202 = CARTESIAN_POINT('',(-5.72255864375,-4.742138671875));
#1203 = ( GEOMETRIC_REPRESENTATION_CONTEXT(2) 
PARAMETRIC_REPRESENTATION_CONTEXT() REPRESENTATION_CONTEXT('2D SPACE',''
  ) );
#1204 = PCURVE('',#1205,#1210);
#1205 = PLANE('',#1206);
#1206 = AXIS2_PLACEMENT_3D('',#1207,#1208,#1209);
#1207 = CARTESIAN_POINT('',(-5.72255864375,-4.742138671875,3.5));
#1208 = DIRECTION('',(0.,-1.,0.));
#1209 = DIRECTION('',(-1.,0.,0.));
#1210 = DEFINITIONAL_REPRESENTATION('',(#1211),#1214);
#1211 = B_SPLINE_CURVE_WITH_KNOTS('',1,(#1212,#1213),.UNSPECIFIED.,.F.,
  .F.,(2,2),(-3.947021509375,-2.861279321875),.PIECEWISE_BEZIER_KNOTS.);
#1212 = CARTESIAN_POINT('',(1.0857421875,-0.5));
#1213 = CARTESIAN_POINT('',(0.,-0.5));
#1214 = ( GEOMETRIC_REPRESENTATION_CONTEXT(2) 
PARAMETRIC_REPRESENTATION_CONTEXT() REPRESENTATION_CONTEXT('2D SPACE',''
  ) );
#1215 = ORIENTED_EDGE('',*,*,#1216,.F.);
#1216 = EDGE_CURVE('',#1217,#1191,#1219,.T.);
#1217 = VERTEX_POINT('',#1218);
#1218 = CARTESIAN_POINT('',(-6.80830083125,-5.203662109375,4.));
#1219 = SURFACE_CURVE('',#1220,(#1224,#1230),.PCURVE_S1.);
#1220 = LINE('',#1221,#1222);
#1221 = CARTESIAN_POINT('',(-6.80830083125,-2.371069335937,4.));
#1222 = VECTOR('',#1223,1.);
#1223 = DIRECTION('',(0.,1.,0.));
#1224 = PCURVE('',#72,#1225);
#1225 = DEFINITIONAL_REPRESENTATION('',(#1226),#1229);
#1226 = B_SPLINE_CURVE_WITH_KNOTS('',1,(#1227,#1228),.UNSPECIFIED.,.F.,
  .F.,(2,2),(-2.832592773437,-2.371069335937),.PIECEWISE_BEZIER_KNOTS.);
#1227 = CARTESIAN_POINT('',(-6.80830083125,-5.203662109375));
#1228 = CARTESIAN_POINT('',(-6.80830083125,-4.742138671875));
#1229 = ( GEOMETRIC_REPRESENTATION_CONTEXT(2) 
PARAMETRIC_REPRESENTATION_CONTEXT() REPRESENTATION_CONTEXT('2D SPACE',''
  ) );
#1230 = PCURVE('',#1231,#1236);
#1231 = PLANE('',#1232);
#1232 = AXIS2_PLACEMENT_3D('',#1233,#1234,#1235);
#1233 = CARTESIAN_POINT('',(-6.80830083125,-4.742138671875,3.5));
#1234 = DIRECTION('',(1.,0.,0.));
#1235 = DIRECTION('',(0.,-1.,0.));
#1236 = DEFINITIONAL_REPRESENTATION('',(#1237),#1240);
#1237 = B_SPLINE_CURVE_WITH_KNOTS('',1,(#1238,#1239),.UNSPECIFIED.,.F.,
  .F.,(2,2),(-2.832592773437,-2.371069335937),.PIECEWISE_BEZIER_KNOTS.);
#1238 = CARTESIAN_POINT('',(0.4615234375,-0.5));
#1239 = CARTESIAN_POINT('',(0.,-0.5));
#1240 = ( GEOMETRIC_REPRESENTATION_CONTEXT(2) 
PARAMETRIC_REPRESENTATION_CONTEXT() REPRESENTATION_CONTEXT('2D SPACE',''
  ) );
#1241 = ORIENTED_EDGE('',*,*,#1242,.F.);
#1242 = EDGE_CURVE('',#1243,#1217,#1245,.T.);
#1243 = VERTEX_POINT('',#1244);
#1244 = CARTESIAN_POINT('',(-5.7873047375,-5.203662109375,4.));
#1245 = SURFACE_CURVE('',#1246,(#1250,#1256),.PCURVE_S1.);
#1246 = LINE('',#1247,#1248);
#1247 = CARTESIAN_POINT('',(-3.404150415625,-5.203662109375,4.));
#1248 = VECTOR('',#1249,1.);
#1249 = DIRECTION('',(-1.,0.,0.));
#1250 = PCURVE('',#72,#1251);
#1251 = DEFINITIONAL_REPRESENTATION('',(#1252),#1255);
#1252 = B_SPLINE_CURVE_WITH_KNOTS('',1,(#1253,#1254),.UNSPECIFIED.,.F.,
  .F.,(2,2),(2.383154321875,3.404150415625),.PIECEWISE_BEZIER_KNOTS.);
#1253 = CARTESIAN_POINT('',(-5.7873047375,-5.203662109375));
#1254 = CARTESIAN_POINT('',(-6.80830083125,-5.203662109375));
#1255 = ( GEOMETRIC_REPRESENTATION_CONTEXT(2) 
PARAMETRIC_REPRESENTATION_CONTEXT() REPRESENTATION_CONTEXT('2D SPACE',''
  ) );
#1256 = PCURVE('',#1257,#1262);
#1257 = PLANE('',#1258);
#1258 = AXIS2_PLACEMENT_3D('',#1259,#1260,#1261);
#1259 = CARTESIAN_POINT('',(-6.80830083125,-5.203662109375,3.5));
#1260 = DIRECTION('',(0.,1.,0.));
#1261 = DIRECTION('',(1.,0.,0.));
#1262 = DEFINITIONAL_REPRESENTATION('',(#1263),#1266);
#1263 = B_SPLINE_CURVE_WITH_KNOTS('',1,(#1264,#1265),.UNSPECIFIED.,.F.,
  .F.,(2,2),(2.383154321875,3.404150415625),.PIECEWISE_BEZIER_KNOTS.);
#1264 = CARTESIAN_POINT('',(1.02099609375,-0.5));
#1265 = CARTESIAN_POINT('',(0.,-0.5));
#1266 = ( GEOMETRIC_REPRESENTATION_CONTEXT(2) 
PARAMETRIC_REPRESENTATION_CONTEXT() REPRESENTATION_CONTEXT('2D SPACE',''
  ) );
#1267 = ORIENTED_EDGE('',*,*,#1268,.F.);
#1268 = EDGE_CURVE('',#1269,#1243,#1271,.T.);
#1269 = VERTEX_POINT('',#1270);
#1270 = CARTESIAN_POINT('',(-5.7873047375,-5.686767578125,4.));
#1271 = SURFACE_CURVE('',#1272,(#1276,#1282),.PCURVE_S1.);
#1272 = LINE('',#1273,#1274);
#1273 = CARTESIAN_POINT('',(-5.7873047375,-2.601831054688,4.));
#1274 = VECTOR('',#1275,1.);
#1275 = DIRECTION('',(0.,1.,0.));
#1276 = PCURVE('',#72,#1277);
#1277 = DEFINITIONAL_REPRESENTATION('',(#1278),#1281);
#1278 = B_SPLINE_CURVE_WITH_KNOTS('',1,(#1279,#1280),.UNSPECIFIED.,.F.,
  .F.,(2,2),(-3.084936523438,-2.601831054688),.PIECEWISE_BEZIER_KNOTS.);
#1279 = CARTESIAN_POINT('',(-5.7873047375,-5.686767578125));
#1280 = CARTESIAN_POINT('',(-5.7873047375,-5.203662109375));
#1281 = ( GEOMETRIC_REPRESENTATION_CONTEXT(2) 
PARAMETRIC_REPRESENTATION_CONTEXT() REPRESENTATION_CONTEXT('2D SPACE',''
  ) );
#1282 = PCURVE('',#1283,#1288);
#1283 = PLANE('',#1284);
#1284 = AXIS2_PLACEMENT_3D('',#1285,#1286,#1287);
#1285 = CARTESIAN_POINT('',(-5.7873047375,-5.203662109375,3.5));
#1286 = DIRECTION('',(1.,0.,0.));
#1287 = DIRECTION('',(0.,-1.,0.));
#1288 = DEFINITIONAL_REPRESENTATION('',(#1289),#1292);
#1289 = B_SPLINE_CURVE_WITH_KNOTS('',1,(#1290,#1291),.UNSPECIFIED.,.F.,
  .F.,(2,2),(-3.084936523438,-2.601831054688),.PIECEWISE_BEZIER_KNOTS.);
#1290 = CARTESIAN_POINT('',(0.48310546875,-0.5));
#1291 = CARTESIAN_POINT('',(0.,-0.5));
#1292 = ( GEOMETRIC_REPRESENTATION_CONTEXT(2) 
PARAMETRIC_REPRESENTATION_CONTEXT() REPRESENTATION_CONTEXT('2D SPACE',''
  ) );
#1293 = ORIENTED_EDGE('',*,*,#1294,.F.);
#1294 = EDGE_CURVE('',#1295,#1269,#1297,.T.);
#1295 = VERTEX_POINT('',#1296);
#1296 = CARTESIAN_POINT('',(-6.80830083125,-5.686767578125,4.));
#1297 = SURFACE_CURVE('',#1298,(#1302,#1308),.PCURVE_S1.);
#1298 = LINE('',#1299,#1300);
#1299 = CARTESIAN_POINT('',(-2.89365236875,-5.686767578125,4.));
#1300 = VECTOR('',#1301,1.);
#1301 = DIRECTION('',(1.,0.,-0.));
#1302 = PCURVE('',#72,#1303);
#1303 = DEFINITIONAL_REPRESENTATION('',(#1304),#1307);
#1304 = B_SPLINE_CURVE_WITH_KNOTS('',1,(#1305,#1306),.UNSPECIFIED.,.F.,
  .F.,(2,2),(-3.9146484625,-2.89365236875),.PIECEWISE_BEZIER_KNOTS.);
#1305 = CARTESIAN_POINT('',(-6.80830083125,-5.686767578125));
#1306 = CARTESIAN_POINT('',(-5.7873047375,-5.686767578125));
#1307 = ( GEOMETRIC_REPRESENTATION_CONTEXT(2) 
PARAMETRIC_REPRESENTATION_CONTEXT() REPRESENTATION_CONTEXT('2D SPACE',''
  ) );
#1308 = PCURVE('',#1309,#1314);
#1309 = PLANE('',#1310);
#1310 = AXIS2_PLACEMENT_3D('',#1311,#1312,#1313);
#1311 = CARTESIAN_POINT('',(-5.7873047375,-5.686767578125,3.5));
#1312 = DIRECTION('',(0.,-1.,0.));
#1313 = DIRECTION('',(-1.,0.,0.));
#1314 = DEFINITIONAL_REPRESENTATION('',(#1315),#1318);
#1315 = B_SPLINE_CURVE_WITH_KNOTS('',1,(#1316,#1317),.UNSPECIFIED.,.F.,
  .F.,(2,2),(-3.9146484625,-2.89365236875),.PIECEWISE_BEZIER_KNOTS.);
#1316 = CARTESIAN_POINT('',(1.02099609375,-0.5));
#1317 = CARTESIAN_POINT('',(0.,-0.5));
#1318 = ( GEOMETRIC_REPRESENTATION_CONTEXT(2) 
PARAMETRIC_REPRESENTATION_CONTEXT() REPRESENTATION_CONTEXT('2D SPACE',''
  ) );
#1319 = ORIENTED_EDGE('',*,*,#1320,.F.);
#1320 = EDGE_CURVE('',#1321,#1295,#1323,.T.);
#1321 = VERTEX_POINT('',#1322);
#1322 = CARTESIAN_POINT('',(-6.80830083125,-6.737646484375,4.));
#1323 = SURFACE_CURVE('',#1324,(#1328,#1334),.PCURVE_S1.);
#1324 = LINE('',#1325,#1326);
#1325 = CARTESIAN_POINT('',(-6.80830083125,-2.843383789062,4.));
#1326 = VECTOR('',#1327,1.);
#1327 = DIRECTION('',(0.,1.,0.));
#1328 = PCURVE('',#72,#1329);
#1329 = DEFINITIONAL_REPRESENTATION('',(#1330),#1333);
#1330 = B_SPLINE_CURVE_WITH_KNOTS('',1,(#1331,#1332),.UNSPECIFIED.,.F.,
  .F.,(2,2),(-3.894262695312,-2.843383789062),.PIECEWISE_BEZIER_KNOTS.);
#1331 = CARTESIAN_POINT('',(-6.80830083125,-6.737646484375));
#1332 = CARTESIAN_POINT('',(-6.80830083125,-5.686767578125));
#1333 = ( GEOMETRIC_REPRESENTATION_CONTEXT(2) 
PARAMETRIC_REPRESENTATION_CONTEXT() REPRESENTATION_CONTEXT('2D SPACE',''
  ) );
#1334 = PCURVE('',#1335,#1340);
#1335 = PLANE('',#1336);
#1336 = AXIS2_PLACEMENT_3D('',#1337,#1338,#1339);
#1337 = CARTESIAN_POINT('',(-6.80830083125,-5.686767578125,3.5));
#1338 = DIRECTION('',(1.,0.,0.));
#1339 = DIRECTION('',(0.,-1.,0.));
#1340 = DEFINITIONAL_REPRESENTATION('',(#1341),#1344);
#1341 = B_SPLINE_CURVE_WITH_KNOTS('',1,(#1342,#1343),.UNSPECIFIED.,.F.,
  .F.,(2,2),(-3.894262695312,-2.843383789062),.PIECEWISE_BEZIER_KNOTS.);
#1342 = CARTESIAN_POINT('',(1.05087890625,-0.5));
#1343 = CARTESIAN_POINT('',(0.,-0.5));
#1344 = ( GEOMETRIC_REPRESENTATION_CONTEXT(2) 
PARAMETRIC_REPRESENTATION_CONTEXT() REPRESENTATION_CONTEXT('2D SPACE',''
  ) );
#1345 = ORIENTED_EDGE('',*,*,#1346,.F.);
#1346 = EDGE_CURVE('',#1113,#1321,#1347,.T.);
#1347 = SURFACE_CURVE('',#1348,(#1352,#1358),.PCURVE_S1.);
#1348 = LINE('',#1349,#1350);
#1349 = CARTESIAN_POINT('',(-3.404150415625,-6.737646484375,4.));
#1350 = VECTOR('',#1351,1.);
#1351 = DIRECTION('',(1.,0.,-0.));
#1352 = PCURVE('',#72,#1353);
#1353 = DEFINITIONAL_REPRESENTATION('',(#1354),#1357);
#1354 = B_SPLINE_CURVE_WITH_KNOTS('',1,(#1355,#1356),.UNSPECIFIED.,.F.,
  .F.,(2,2),(-4.043310571875,-3.404150415625),.PIECEWISE_BEZIER_KNOTS.);
#1355 = CARTESIAN_POINT('',(-7.4474609875,-6.737646484375));
#1356 = CARTESIAN_POINT('',(-6.80830083125,-6.737646484375));
#1357 = ( GEOMETRIC_REPRESENTATION_CONTEXT(2) 
PARAMETRIC_REPRESENTATION_CONTEXT() REPRESENTATION_CONTEXT('2D SPACE',''
  ) );
#1358 = PCURVE('',#1359,#1364);
#1359 = PLANE('',#1360);
#1360 = AXIS2_PLACEMENT_3D('',#1361,#1362,#1363);
#1361 = CARTESIAN_POINT('',(-6.80830083125,-6.737646484375,3.5));
#1362 = DIRECTION('',(0.,-1.,0.));
#1363 = DIRECTION('',(-1.,0.,0.));
#1364 = DEFINITIONAL_REPRESENTATION('',(#1365),#1368);
#1365 = B_SPLINE_CURVE_WITH_KNOTS('',1,(#1366,#1367),.UNSPECIFIED.,.F.,
  .F.,(2,2),(-4.043310571875,-3.404150415625),.PIECEWISE_BEZIER_KNOTS.);
#1366 = CARTESIAN_POINT('',(0.63916015625,-0.5));
#1367 = CARTESIAN_POINT('',(0.,-0.5));
#1368 = ( GEOMETRIC_REPRESENTATION_CONTEXT(2) 
PARAMETRIC_REPRESENTATION_CONTEXT() REPRESENTATION_CONTEXT('2D SPACE',''
  ) );
#1369 = FACE_BOUND('',#1370,.T.);
#1370 = EDGE_LOOP('',(#1371,#1399,#1425,#1451,#1477,#1503,#1539,#1575,
    #1626,#1683,#1740,#1791,#1836,#1872,#1898,#1937,#1976,#2015,#2066,
    #2117,#2156,#2192));
#1371 = ORIENTED_EDGE('',*,*,#1372,.F.);
#1372 = EDGE_CURVE('',#1373,#1375,#1377,.T.);
#1373 = VERTEX_POINT('',#1374);
#1374 = CARTESIAN_POINT('',(6.94443354375,-4.259033203125,4.));
#1375 = VERTEX_POINT('',#1376);
#1376 = CARTESIAN_POINT('',(6.94443354375,-5.653564453125,4.));
#1377 = SURFACE_CURVE('',#1378,(#1382,#1388),.PCURVE_S1.);
#1378 = LINE('',#1379,#1380);
#1379 = CARTESIAN_POINT('',(6.94443354375,-2.826782226562,4.));
#1380 = VECTOR('',#1381,1.);
#1381 = DIRECTION('',(0.,-1.,0.));
#1382 = PCURVE('',#72,#1383);
#1383 = DEFINITIONAL_REPRESENTATION('',(#1384),#1387);
#1384 = B_SPLINE_CURVE_WITH_KNOTS('',1,(#1385,#1386),.UNSPECIFIED.,.F.,
  .F.,(2,2),(1.432250976562,2.826782226562),.PIECEWISE_BEZIER_KNOTS.);
#1385 = CARTESIAN_POINT('',(6.94443354375,-4.259033203125));
#1386 = CARTESIAN_POINT('',(6.94443354375,-5.653564453125));
#1387 = ( GEOMETRIC_REPRESENTATION_CONTEXT(2) 
PARAMETRIC_REPRESENTATION_CONTEXT() REPRESENTATION_CONTEXT('2D SPACE',''
  ) );
#1388 = PCURVE('',#1389,#1394);
#1389 = PLANE('',#1390);
#1390 = AXIS2_PLACEMENT_3D('',#1391,#1392,#1393);
#1391 = CARTESIAN_POINT('',(6.94443354375,-5.653564453125,3.5));
#1392 = DIRECTION('',(-1.,0.,0.));
#1393 = DIRECTION('',(0.,1.,0.));
#1394 = DEFINITIONAL_REPRESENTATION('',(#1395),#1398);
#1395 = B_SPLINE_CURVE_WITH_KNOTS('',1,(#1396,#1397),.UNSPECIFIED.,.F.,
  .F.,(2,2),(1.432250976562,2.826782226562),.PIECEWISE_BEZIER_KNOTS.);
#1396 = CARTESIAN_POINT('',(1.39453125,-0.5));
#1397 = CARTESIAN_POINT('',(0.,-0.5));
#1398 = ( GEOMETRIC_REPRESENTATION_CONTEXT(2) 
PARAMETRIC_REPRESENTATION_CONTEXT() REPRESENTATION_CONTEXT('2D SPACE',''
  ) );
#1399 = ORIENTED_EDGE('',*,*,#1400,.F.);
#1400 = EDGE_CURVE('',#1401,#1373,#1403,.T.);
#1401 = VERTEX_POINT('',#1402);
#1402 = CARTESIAN_POINT('',(8.533203075,-4.259033203125,4.));
#1403 = SURFACE_CURVE('',#1404,(#1408,#1414),.PCURVE_S1.);
#1404 = LINE('',#1405,#1406);
#1405 = CARTESIAN_POINT('',(3.472216771875,-4.259033203125,4.));
#1406 = VECTOR('',#1407,1.);
#1407 = DIRECTION('',(-1.,0.,0.));
#1408 = PCURVE('',#72,#1409);
#1409 = DEFINITIONAL_REPRESENTATION('',(#1410),#1413);
#1410 = B_SPLINE_CURVE_WITH_KNOTS('',1,(#1411,#1412),.UNSPECIFIED.,.F.,
  .F.,(2,2),(-5.060986303125,-3.472216771875),.PIECEWISE_BEZIER_KNOTS.);
#1411 = CARTESIAN_POINT('',(8.533203075,-4.259033203125));
#1412 = CARTESIAN_POINT('',(6.94443354375,-4.259033203125));
#1413 = ( GEOMETRIC_REPRESENTATION_CONTEXT(2) 
PARAMETRIC_REPRESENTATION_CONTEXT() REPRESENTATION_CONTEXT('2D SPACE',''
  ) );
#1414 = PCURVE('',#1415,#1420);
#1415 = PLANE('',#1416);
#1416 = AXIS2_PLACEMENT_3D('',#1417,#1418,#1419);
#1417 = CARTESIAN_POINT('',(6.94443354375,-4.259033203125,3.5));
#1418 = DIRECTION('',(0.,1.,0.));
#1419 = DIRECTION('',(1.,0.,0.));
#1420 = DEFINITIONAL_REPRESENTATION('',(#1421),#1424);
#1421 = B_SPLINE_CURVE_WITH_KNOTS('',1,(#1422,#1423),.UNSPECIFIED.,.F.,
  .F.,(2,2),(-5.060986303125,-3.472216771875),.PIECEWISE_BEZIER_KNOTS.);
#1422 = CARTESIAN_POINT('',(1.58876953125,-0.5));
#1423 = CARTESIAN_POINT('',(0.,-0.5));
#1424 = ( GEOMETRIC_REPRESENTATION_CONTEXT(2) 
PARAMETRIC_REPRESENTATION_CONTEXT() REPRESENTATION_CONTEXT('2D SPACE',''
  ) );
#1425 = ORIENTED_EDGE('',*,*,#1426,.F.);
#1426 = EDGE_CURVE('',#1427,#1401,#1429,.T.);
#1427 = VERTEX_POINT('',#1428);
#1428 = CARTESIAN_POINT('',(8.533203075,-4.728857421875,4.));
#1429 = SURFACE_CURVE('',#1430,(#1434,#1440),.PCURVE_S1.);
#1430 = LINE('',#1431,#1432);
#1431 = CARTESIAN_POINT('',(8.533203075,-2.129516601562,4.));
#1432 = VECTOR('',#1433,1.);
#1433 = DIRECTION('',(0.,1.,0.));
#1434 = PCURVE('',#72,#1435);
#1435 = DEFINITIONAL_REPRESENTATION('',(#1436),#1439);
#1436 = B_SPLINE_CURVE_WITH_KNOTS('',1,(#1437,#1438),.UNSPECIFIED.,.F.,
  .F.,(2,2),(-2.599340820312,-2.129516601562),.PIECEWISE_BEZIER_KNOTS.);
#1437 = CARTESIAN_POINT('',(8.533203075,-4.728857421875));
#1438 = CARTESIAN_POINT('',(8.533203075,-4.259033203125));
#1439 = ( GEOMETRIC_REPRESENTATION_CONTEXT(2) 
PARAMETRIC_REPRESENTATION_CONTEXT() REPRESENTATION_CONTEXT('2D SPACE',''
  ) );
#1440 = PCURVE('',#1441,#1446);
#1441 = PLANE('',#1442);
#1442 = AXIS2_PLACEMENT_3D('',#1443,#1444,#1445);
#1443 = CARTESIAN_POINT('',(8.533203075,-4.259033203125,3.5));
#1444 = DIRECTION('',(1.,0.,0.));
#1445 = DIRECTION('',(0.,-1.,0.));
#1446 = DEFINITIONAL_REPRESENTATION('',(#1447),#1450);
#1447 = B_SPLINE_CURVE_WITH_KNOTS('',1,(#1448,#1449),.UNSPECIFIED.,.F.,
  .F.,(2,2),(-2.599340820312,-2.129516601562),.PIECEWISE_BEZIER_KNOTS.);
#1448 = CARTESIAN_POINT('',(0.46982421875,-0.5));
#1449 = CARTESIAN_POINT('',(0.,-0.5));
#1450 = ( GEOMETRIC_REPRESENTATION_CONTEXT(2) 
PARAMETRIC_REPRESENTATION_CONTEXT() REPRESENTATION_CONTEXT('2D SPACE',''
  ) );
#1451 = ORIENTED_EDGE('',*,*,#1452,.F.);
#1452 = EDGE_CURVE('',#1453,#1427,#1455,.T.);
#1453 = VERTEX_POINT('',#1454);
#1454 = CARTESIAN_POINT('',(7.4541015125,-4.728857421875,4.));
#1455 = SURFACE_CURVE('',#1456,(#1460,#1466),.PCURVE_S1.);
#1456 = LINE('',#1457,#1458);
#1457 = CARTESIAN_POINT('',(4.2666015375,-4.728857421875,4.));
#1458 = VECTOR('',#1459,1.);
#1459 = DIRECTION('',(1.,0.,-0.));
#1460 = PCURVE('',#72,#1461);
#1461 = DEFINITIONAL_REPRESENTATION('',(#1462),#1465);
#1462 = B_SPLINE_CURVE_WITH_KNOTS('',1,(#1463,#1464),.UNSPECIFIED.,.F.,
  .F.,(2,2),(3.187499975,4.2666015375),.PIECEWISE_BEZIER_KNOTS.);
#1463 = CARTESIAN_POINT('',(7.4541015125,-4.728857421875));
#1464 = CARTESIAN_POINT('',(8.533203075,-4.728857421875));
#1465 = ( GEOMETRIC_REPRESENTATION_CONTEXT(2) 
PARAMETRIC_REPRESENTATION_CONTEXT() REPRESENTATION_CONTEXT('2D SPACE',''
  ) );
#1466 = PCURVE('',#1467,#1472);
#1467 = PLANE('',#1468);
#1468 = AXIS2_PLACEMENT_3D('',#1469,#1470,#1471);
#1469 = CARTESIAN_POINT('',(8.533203075,-4.728857421875,3.5));
#1470 = DIRECTION('',(0.,-1.,0.));
#1471 = DIRECTION('',(-1.,0.,0.));
#1472 = DEFINITIONAL_REPRESENTATION('',(#1473),#1476);
#1473 = B_SPLINE_CURVE_WITH_KNOTS('',1,(#1474,#1475),.UNSPECIFIED.,.F.,
  .F.,(2,2),(3.187499975,4.2666015375),.PIECEWISE_BEZIER_KNOTS.);
#1474 = CARTESIAN_POINT('',(1.0791015625,-0.5));
#1475 = CARTESIAN_POINT('',(0.,-0.5));
#1476 = ( GEOMETRIC_REPRESENTATION_CONTEXT(2) 
PARAMETRIC_REPRESENTATION_CONTEXT() REPRESENTATION_CONTEXT('2D SPACE',''
  ) );
#1477 = ORIENTED_EDGE('',*,*,#1478,.F.);
#1478 = EDGE_CURVE('',#1479,#1453,#1481,.T.);
#1479 = VERTEX_POINT('',#1480);
#1480 = CARTESIAN_POINT('',(7.4541015125,-5.112353515625,4.));
#1481 = SURFACE_CURVE('',#1482,(#1486,#1492),.PCURVE_S1.);
#1482 = LINE('',#1483,#1484);
#1483 = CARTESIAN_POINT('',(7.4541015125,-2.364428710938,4.));
#1484 = VECTOR('',#1485,1.);
#1485 = DIRECTION('',(0.,1.,0.));
#1486 = PCURVE('',#72,#1487);
#1487 = DEFINITIONAL_REPRESENTATION('',(#1488),#1491);
#1488 = B_SPLINE_CURVE_WITH_KNOTS('',1,(#1489,#1490),.UNSPECIFIED.,.F.,
  .F.,(2,2),(-2.747924804688,-2.364428710938),.PIECEWISE_BEZIER_KNOTS.);
#1489 = CARTESIAN_POINT('',(7.4541015125,-5.112353515625));
#1490 = CARTESIAN_POINT('',(7.4541015125,-4.728857421875));
#1491 = ( GEOMETRIC_REPRESENTATION_CONTEXT(2) 
PARAMETRIC_REPRESENTATION_CONTEXT() REPRESENTATION_CONTEXT('2D SPACE',''
  ) );
#1492 = PCURVE('',#1493,#1498);
#1493 = PLANE('',#1494);
#1494 = AXIS2_PLACEMENT_3D('',#1495,#1496,#1497);
#1495 = CARTESIAN_POINT('',(7.4541015125,-4.728857421875,3.5));
#1496 = DIRECTION('',(1.,0.,0.));
#1497 = DIRECTION('',(0.,-1.,0.));
#1498 = DEFINITIONAL_REPRESENTATION('',(#1499),#1502);
#1499 = B_SPLINE_CURVE_WITH_KNOTS('',1,(#1500,#1501),.UNSPECIFIED.,.F.,
  .F.,(2,2),(-2.747924804688,-2.364428710938),.PIECEWISE_BEZIER_KNOTS.);
#1500 = CARTESIAN_POINT('',(0.38349609375,-0.5));
#1501 = CARTESIAN_POINT('',(0.,-0.5));
#1502 = ( GEOMETRIC_REPRESENTATION_CONTEXT(2) 
PARAMETRIC_REPRESENTATION_CONTEXT() REPRESENTATION_CONTEXT('2D SPACE',''
  ) );
#1503 = ORIENTED_EDGE('',*,*,#1504,.F.);
#1504 = EDGE_CURVE('',#1505,#1479,#1507,.T.);
#1505 = VERTEX_POINT('',#1506);
#1506 = CARTESIAN_POINT('',(7.601025340625,-5.081640625,4.));
#1507 = SURFACE_CURVE('',#1508,(#1514,#1523),.PCURVE_S1.);
#1508 = B_SPLINE_CURVE_WITH_KNOTS('',4,(#1509,#1510,#1511,#1512,#1513),
  .UNSPECIFIED.,.F.,.F.,(5,5),(0.,1.),.PIECEWISE_BEZIER_KNOTS.);
#1509 = CARTESIAN_POINT('',(7.601025340625,-5.081640625,4.));
#1510 = CARTESIAN_POINT('',(7.564082150795,-5.087036821267,4.));
#1511 = CARTESIAN_POINT('',(7.527279135451,-5.093954954036,4.));
#1512 = CARTESIAN_POINT('',(7.490618290381,-5.102394394385,4.));
#1513 = CARTESIAN_POINT('',(7.4541015125,-5.112353515625,4.));
#1514 = PCURVE('',#72,#1515);
#1515 = DEFINITIONAL_REPRESENTATION('',(#1516),#1522);
#1516 = B_SPLINE_CURVE_WITH_KNOTS('',4,(#1517,#1518,#1519,#1520,#1521),
  .UNSPECIFIED.,.F.,.F.,(5,5),(0.,1.),.PIECEWISE_BEZIER_KNOTS.);
#1517 = CARTESIAN_POINT('',(7.601025340625,-5.081640625));
#1518 = CARTESIAN_POINT('',(7.564082150795,-5.087036821267));
#1519 = CARTESIAN_POINT('',(7.527279135451,-5.093954954036));
#1520 = CARTESIAN_POINT('',(7.490618290381,-5.102394394385));
#1521 = CARTESIAN_POINT('',(7.4541015125,-5.112353515625));
#1522 = ( GEOMETRIC_REPRESENTATION_CONTEXT(2) 
PARAMETRIC_REPRESENTATION_CONTEXT() REPRESENTATION_CONTEXT('2D SPACE',''
  ) );
#1523 = PCURVE('',#1524,#1531);
#1524 = SURFACE_OF_LINEAR_EXTRUSION('',#1525,#1529);
#1525 = B_SPLINE_CURVE_WITH_KNOTS('',2,(#1526,#1527,#1528),
  .UNSPECIFIED.,.F.,.F.,(3,3),(0.,1.),.PIECEWISE_BEZIER_KNOTS.);
#1526 = CARTESIAN_POINT('',(7.4541015125,-5.112353515625,3.5));
#1527 = CARTESIAN_POINT('',(7.5271483875,-5.092431640625,3.5));
#1528 = CARTESIAN_POINT('',(7.601025340625,-5.081640625,3.5));
#1529 = VECTOR('',#1530,1.);
#1530 = DIRECTION('',(0.,0.,-1.));
#1531 = DEFINITIONAL_REPRESENTATION('',(#1532),#1538);
#1532 = B_SPLINE_CURVE_WITH_KNOTS('',4,(#1533,#1534,#1535,#1536,#1537),
  .UNSPECIFIED.,.F.,.F.,(5,5),(0.,1.),.PIECEWISE_BEZIER_KNOTS.);
#1533 = CARTESIAN_POINT('',(1.,-0.5));
#1534 = CARTESIAN_POINT('',(0.749968100555,-0.5));
#1535 = CARTESIAN_POINT('',(0.49994833491,-0.5));
#1536 = CARTESIAN_POINT('',(0.249954415444,-0.5));
#1537 = CARTESIAN_POINT('',(0.,-0.5));
#1538 = ( GEOMETRIC_REPRESENTATION_CONTEXT(2) 
PARAMETRIC_REPRESENTATION_CONTEXT() REPRESENTATION_CONTEXT('2D SPACE',''
  ) );
#1539 = ORIENTED_EDGE('',*,*,#1540,.F.);
#1540 = EDGE_CURVE('',#1541,#1505,#1543,.T.);
#1541 = VERTEX_POINT('',#1542);
#1542 = CARTESIAN_POINT('',(7.75458979375,-5.070849609375,4.));
#1543 = SURFACE_CURVE('',#1544,(#1550,#1559),.PCURVE_S1.);
#1544 = B_SPLINE_CURVE_WITH_KNOTS('',4,(#1545,#1546,#1547,#1548,#1549),
  .UNSPECIFIED.,.F.,.F.,(5,5),(0.,1.),.PIECEWISE_BEZIER_KNOTS.);
#1545 = CARTESIAN_POINT('',(7.75458979375,-5.070849609375,4.));
#1546 = CARTESIAN_POINT('',(7.714778153086,-5.070849609375,4.));
#1547 = CARTESIAN_POINT('',(7.675909425003,-5.072645213385,4.));
#1548 = CARTESIAN_POINT('',(7.637990028635,-5.076241288549,4.));
#1549 = CARTESIAN_POINT('',(7.601025340625,-5.081640625,4.));
#1550 = PCURVE('',#72,#1551);
#1551 = DEFINITIONAL_REPRESENTATION('',(#1552),#1558);
#1552 = B_SPLINE_CURVE_WITH_KNOTS('',4,(#1553,#1554,#1555,#1556,#1557),
  .UNSPECIFIED.,.F.,.F.,(5,5),(0.,1.),.PIECEWISE_BEZIER_KNOTS.);
#1553 = CARTESIAN_POINT('',(7.75458979375,-5.070849609375));
#1554 = CARTESIAN_POINT('',(7.714778153086,-5.070849609375));
#1555 = CARTESIAN_POINT('',(7.675909425003,-5.072645213385));
#1556 = CARTESIAN_POINT('',(7.637990028635,-5.076241288549));
#1557 = CARTESIAN_POINT('',(7.601025340625,-5.081640625));
#1558 = ( GEOMETRIC_REPRESENTATION_CONTEXT(2) 
PARAMETRIC_REPRESENTATION_CONTEXT() REPRESENTATION_CONTEXT('2D SPACE',''
  ) );
#1559 = PCURVE('',#1560,#1567);
#1560 = SURFACE_OF_LINEAR_EXTRUSION('',#1561,#1565);
#1561 = B_SPLINE_CURVE_WITH_KNOTS('',2,(#1562,#1563,#1564),
  .UNSPECIFIED.,.F.,.F.,(3,3),(0.,1.),.PIECEWISE_BEZIER_KNOTS.);
#1562 = CARTESIAN_POINT('',(7.601025340625,-5.081640625,3.5));
#1563 = CARTESIAN_POINT('',(7.67490229375,-5.070849609375,3.5));
#1564 = CARTESIAN_POINT('',(7.75458979375,-5.070849609375,3.5));
#1565 = VECTOR('',#1566,1.);
#1566 = DIRECTION('',(0.,0.,-1.));
#1567 = DEFINITIONAL_REPRESENTATION('',(#1568),#1574);
#1568 = B_SPLINE_CURVE_WITH_KNOTS('',4,(#1569,#1570,#1571,#1572,#1573),
  .UNSPECIFIED.,.F.,.F.,(5,5),(0.,1.),.PIECEWISE_BEZIER_KNOTS.);
#1569 = CARTESIAN_POINT('',(1.,-0.5));
#1570 = CARTESIAN_POINT('',(0.750201470346,-0.5));
#1571 = CARTESIAN_POINT('',(0.500252659169,-0.5));
#1572 = CARTESIAN_POINT('',(0.250177399352,-0.5));
#1573 = CARTESIAN_POINT('',(0.,-0.5));
#1574 = ( GEOMETRIC_REPRESENTATION_CONTEXT(2) 
PARAMETRIC_REPRESENTATION_CONTEXT() REPRESENTATION_CONTEXT('2D SPACE',''
  ) );
#1575 = ORIENTED_EDGE('',*,*,#1576,.F.);
#1576 = EDGE_CURVE('',#1577,#1541,#1579,.T.);
#1577 = VERTEX_POINT('',#1578);
#1578 = CARTESIAN_POINT('',(8.4601562,-5.2974609375,4.));
#1579 = SURFACE_CURVE('',#1580,(#1591,#1605),.PCURVE_S1.);
#1580 = B_SPLINE_CURVE_WITH_KNOTS('',5,(#1581,#1582,#1583,#1584,#1585,
    #1586,#1587,#1588,#1589,#1590),.UNSPECIFIED.,.F.,.F.,(6,4,6),(0.,
    0.489697314021,1.),.UNSPECIFIED.);
#1581 = CARTESIAN_POINT('',(8.4601562,-5.2974609375,4.));
#1582 = CARTESIAN_POINT('',(8.40877179547,-5.251316390011,4.));
#1583 = CARTESIAN_POINT('',(8.35216329815,-5.211028164284,4.));
#1584 = CARTESIAN_POINT('',(8.290622948297,-5.176873844419,4.));
#1585 = CARTESIAN_POINT('',(8.224633700959,-5.14880898323,4.));
#1586 = CARTESIAN_POINT('',(8.08196096168,-5.103455740075,4.));
#1587 = CARTESIAN_POINT('',(8.004933562313,-5.086667717979,4.));
#1588 = CARTESIAN_POINT('',(7.924302464703,-5.075961472161,4.));
#1589 = CARTESIAN_POINT('',(7.840688781973,-5.070849609375,4.));
#1590 = CARTESIAN_POINT('',(7.75458979375,-5.070849609375,4.));
#1591 = PCURVE('',#72,#1592);
#1592 = DEFINITIONAL_REPRESENTATION('',(#1593),#1604);
#1593 = B_SPLINE_CURVE_WITH_KNOTS('',5,(#1594,#1595,#1596,#1597,#1598,
    #1599,#1600,#1601,#1602,#1603),.UNSPECIFIED.,.F.,.F.,(6,4,6),(0.,
    0.489697314021,1.),.UNSPECIFIED.);
#1594 = CARTESIAN_POINT('',(8.4601562,-5.2974609375));
#1595 = CARTESIAN_POINT('',(8.40877179547,-5.251316390011));
#1596 = CARTESIAN_POINT('',(8.35216329815,-5.211028164284));
#1597 = CARTESIAN_POINT('',(8.290622948297,-5.176873844419));
#1598 = CARTESIAN_POINT('',(8.224633700959,-5.14880898323));
#1599 = CARTESIAN_POINT('',(8.08196096168,-5.103455740075));
#1600 = CARTESIAN_POINT('',(8.004933562313,-5.086667717979));
#1601 = CARTESIAN_POINT('',(7.924302464703,-5.075961472161));
#1602 = CARTESIAN_POINT('',(7.840688781973,-5.070849609375));
#1603 = CARTESIAN_POINT('',(7.75458979375,-5.070849609375));
#1604 = ( GEOMETRIC_REPRESENTATION_CONTEXT(2) 
PARAMETRIC_REPRESENTATION_CONTEXT() REPRESENTATION_CONTEXT('2D SPACE',''
  ) );
#1605 = PCURVE('',#1606,#1613);
#1606 = SURFACE_OF_LINEAR_EXTRUSION('',#1607,#1611);
#1607 = B_SPLINE_CURVE_WITH_KNOTS('',2,(#1608,#1609,#1610),
  .UNSPECIFIED.,.F.,.F.,(3,3),(0.,1.),.PIECEWISE_BEZIER_KNOTS.);
#1608 = CARTESIAN_POINT('',(7.75458979375,-5.070849609375,3.5));
#1609 = CARTESIAN_POINT('',(8.20781245,-5.070849609375,3.5));
#1610 = CARTESIAN_POINT('',(8.4601562,-5.2974609375,3.5));
#1611 = VECTOR('',#1612,1.);
#1612 = DIRECTION('',(0.,0.,-1.));
#1613 = DEFINITIONAL_REPRESENTATION('',(#1614),#1625);
#1614 = B_SPLINE_CURVE_WITH_KNOTS('',5,(#1615,#1616,#1617,#1618,#1619,
    #1620,#1621,#1622,#1623,#1624),.UNSPECIFIED.,.F.,.F.,(6,4,6),(0.,
    0.489697314021,1.),.UNSPECIFIED.);
#1615 = CARTESIAN_POINT('',(1.,-0.5));
#1616 = CARTESIAN_POINT('',(0.898185700003,-0.5));
#1617 = CARTESIAN_POINT('',(0.796335242724,-0.5));
#1618 = CARTESIAN_POINT('',(0.695042490597,-0.5));
#1619 = CARTESIAN_POINT('',(0.594796778137,-0.5));
#1620 = CARTESIAN_POINT('',(0.393046073552,-0.5));
#1621 = CARTESIAN_POINT('',(0.291650999833,-0.5));
#1622 = CARTESIAN_POINT('',(0.192227885566,-0.5));
#1623 = CARTESIAN_POINT('',(9.498530913596E-02,-0.5));
#1624 = CARTESIAN_POINT('',(0.,-0.5));
#1625 = ( GEOMETRIC_REPRESENTATION_CONTEXT(2) 
PARAMETRIC_REPRESENTATION_CONTEXT() REPRESENTATION_CONTEXT('2D SPACE',''
  ) );
#1626 = ORIENTED_EDGE('',*,*,#1627,.F.);
#1627 = EDGE_CURVE('',#1628,#1577,#1630,.T.);
#1628 = VERTEX_POINT('',#1629);
#1629 = CARTESIAN_POINT('',(8.71249995,-5.929150390625,4.));
#1630 = SURFACE_CURVE('',#1631,(#1644,#1660),.PCURVE_S1.);
#1631 = B_SPLINE_CURVE_WITH_KNOTS('',6,(#1632,#1633,#1634,#1635,#1636,
    #1637,#1638,#1639,#1640,#1641,#1642,#1643),.UNSPECIFIED.,.F.,.F.,(7,
    5,7),(0.,0.760015849347,1.),.UNSPECIFIED.);
#1632 = CARTESIAN_POINT('',(8.71249995,-5.929150390625,4.));
#1633 = CARTESIAN_POINT('',(8.71249995,-5.831710603643,4.));
#1634 = CARTESIAN_POINT('',(8.703739162276,-5.737953420435,4.));
#1635 = CARTESIAN_POINT('',(8.685370755048,-5.64884240196,4.));
#1636 = CARTESIAN_POINT('',(8.656727703181,-5.56537149248,4.));
#1637 = CARTESIAN_POINT('',(8.617543019515,-5.488440243314,4.));
#1638 = CARTESIAN_POINT('',(8.552719888448,-5.396642449189,4.));
#1639 = CARTESIAN_POINT('',(8.536156232029,-5.375324149732,4.));
#1640 = CARTESIAN_POINT('',(8.518598218881,-5.354735334638,4.));
#1641 = CARTESIAN_POINT('',(8.500063318279,-5.334889602761,4.));
#1642 = CARTESIAN_POINT('',(8.480573693136,-5.315796383639,4.));
#1643 = CARTESIAN_POINT('',(8.4601562,-5.2974609375,4.));
#1644 = PCURVE('',#72,#1645);
#1645 = DEFINITIONAL_REPRESENTATION('',(#1646),#1659);
#1646 = B_SPLINE_CURVE_WITH_KNOTS('',6,(#1647,#1648,#1649,#1650,#1651,
    #1652,#1653,#1654,#1655,#1656,#1657,#1658),.UNSPECIFIED.,.F.,.F.,(7,
    5,7),(0.,0.760015849347,1.),.UNSPECIFIED.);
#1647 = CARTESIAN_POINT('',(8.71249995,-5.929150390625));
#1648 = CARTESIAN_POINT('',(8.71249995,-5.831710603643));
#1649 = CARTESIAN_POINT('',(8.703739162276,-5.737953420435));
#1650 = CARTESIAN_POINT('',(8.685370755048,-5.64884240196));
#1651 = CARTESIAN_POINT('',(8.656727703181,-5.56537149248));
#1652 = CARTESIAN_POINT('',(8.617543019515,-5.488440243314));
#1653 = CARTESIAN_POINT('',(8.552719888448,-5.396642449189));
#1654 = CARTESIAN_POINT('',(8.536156232029,-5.375324149732));
#1655 = CARTESIAN_POINT('',(8.518598218881,-5.354735334638));
#1656 = CARTESIAN_POINT('',(8.500063318279,-5.334889602761));
#1657 = CARTESIAN_POINT('',(8.480573693136,-5.315796383639));
#1658 = CARTESIAN_POINT('',(8.4601562,-5.2974609375));
#1659 = ( GEOMETRIC_REPRESENTATION_CONTEXT(2) 
PARAMETRIC_REPRESENTATION_CONTEXT() REPRESENTATION_CONTEXT('2D SPACE',''
  ) );
#1660 = PCURVE('',#1661,#1668);
#1661 = SURFACE_OF_LINEAR_EXTRUSION('',#1662,#1666);
#1662 = B_SPLINE_CURVE_WITH_KNOTS('',2,(#1663,#1664,#1665),
  .UNSPECIFIED.,.F.,.F.,(3,3),(0.,1.),.PIECEWISE_BEZIER_KNOTS.);
#1663 = CARTESIAN_POINT('',(8.4601562,-5.2974609375,3.5));
#1664 = CARTESIAN_POINT('',(8.71249995,-5.524072265625,3.5));
#1665 = CARTESIAN_POINT('',(8.71249995,-5.929150390625,3.5));
#1666 = VECTOR('',#1667,1.);
#1667 = DIRECTION('',(0.,0.,-1.));
#1668 = DEFINITIONAL_REPRESENTATION('',(#1669),#1682);
#1669 = B_SPLINE_CURVE_WITH_KNOTS('',6,(#1670,#1671,#1672,#1673,#1674,
    #1675,#1676,#1677,#1678,#1679,#1680,#1681),.UNSPECIFIED.,.F.,.F.,(7,
    5,7),(0.,0.760015849347,1.),.UNSPECIFIED.);
#1670 = CARTESIAN_POINT('',(1.,-0.5));
#1671 = CARTESIAN_POINT('',(0.879727167467,-0.5));
#1672 = CARTESIAN_POINT('',(0.756352034519,-0.5));
#1673 = CARTESIAN_POINT('',(0.630324699918,-0.5));
#1674 = CARTESIAN_POINT('',(0.502289730083,-0.5));
#1675 = CARTESIAN_POINT('',(0.373124397962,-0.5));
#1676 = CARTESIAN_POINT('',(0.203227417428,-0.5));
#1677 = CARTESIAN_POINT('',(0.162454137562,-0.5));
#1678 = CARTESIAN_POINT('',(0.121713244844,-0.5));
#1679 = CARTESIAN_POINT('',(8.103677478222E-02,-0.5));
#1680 = CARTESIAN_POINT('',(4.045571395353E-02,-0.5));
#1681 = CARTESIAN_POINT('',(0.,-0.5));
#1682 = ( GEOMETRIC_REPRESENTATION_CONTEXT(2) 
PARAMETRIC_REPRESENTATION_CONTEXT() REPRESENTATION_CONTEXT('2D SPACE',''
  ) );
#1683 = ORIENTED_EDGE('',*,*,#1684,.F.);
#1684 = EDGE_CURVE('',#1685,#1628,#1687,.T.);
#1685 = VERTEX_POINT('',#1686);
#1686 = CARTESIAN_POINT('',(8.437744090625,-6.558349609375,4.));
#1687 = SURFACE_CURVE('',#1688,(#1701,#1717),.PCURVE_S1.);
#1688 = B_SPLINE_CURVE_WITH_KNOTS('',6,(#1689,#1690,#1691,#1692,#1693,
    #1694,#1695,#1696,#1697,#1698,#1699,#1700),.UNSPECIFIED.,.F.,.F.,(7,
    5,7),(0.,0.334655073103,1.),.UNSPECIFIED.);
#1689 = CARTESIAN_POINT('',(8.437744090625,-6.558349609375,4.));
#1690 = CARTESIAN_POINT('',(8.468365772278,-6.533001147826,4.));
#1691 = CARTESIAN_POINT('',(8.497135397499,-6.50619162366,4.));
#1692 = CARTESIAN_POINT('',(8.523959937041,-6.47792628174,4.));
#1693 = CARTESIAN_POINT('',(8.548762206215,-6.448225233283,4.));
#1694 = CARTESIAN_POINT('',(8.571484102504,-6.417125759497,4.));
#1695 = CARTESIAN_POINT('',(8.633057173754,-6.320186711296,4.));
#1696 = CARTESIAN_POINT('',(8.665673962965,-6.250363444682,4.));
#1697 = CARTESIAN_POINT('',(8.689625485146,-6.175688246085,4.));
#1698 = CARTESIAN_POINT('',(8.705080019698,-6.096795184337,4.));
#1699 = CARTESIAN_POINT('',(8.71249995,-6.014384511437,4.));
#1700 = CARTESIAN_POINT('',(8.71249995,-5.929150390625,4.));
#1701 = PCURVE('',#72,#1702);
#1702 = DEFINITIONAL_REPRESENTATION('',(#1703),#1716);
#1703 = B_SPLINE_CURVE_WITH_KNOTS('',6,(#1704,#1705,#1706,#1707,#1708,
    #1709,#1710,#1711,#1712,#1713,#1714,#1715),.UNSPECIFIED.,.F.,.F.,(7,
    5,7),(0.,0.334655073103,1.),.UNSPECIFIED.);
#1704 = CARTESIAN_POINT('',(8.437744090625,-6.558349609375));
#1705 = CARTESIAN_POINT('',(8.468365772278,-6.533001147826));
#1706 = CARTESIAN_POINT('',(8.497135397499,-6.50619162366));
#1707 = CARTESIAN_POINT('',(8.523959937041,-6.47792628174));
#1708 = CARTESIAN_POINT('',(8.548762206215,-6.448225233283));
#1709 = CARTESIAN_POINT('',(8.571484102504,-6.417125759497));
#1710 = CARTESIAN_POINT('',(8.633057173754,-6.320186711296));
#1711 = CARTESIAN_POINT('',(8.665673962965,-6.250363444682));
#1712 = CARTESIAN_POINT('',(8.689625485146,-6.175688246085));
#1713 = CARTESIAN_POINT('',(8.705080019698,-6.096795184337));
#1714 = CARTESIAN_POINT('',(8.71249995,-6.014384511437));
#1715 = CARTESIAN_POINT('',(8.71249995,-5.929150390625));
#1716 = ( GEOMETRIC_REPRESENTATION_CONTEXT(2) 
PARAMETRIC_REPRESENTATION_CONTEXT() REPRESENTATION_CONTEXT('2D SPACE',''
  ) );
#1717 = PCURVE('',#1718,#1725);
#1718 = SURFACE_OF_LINEAR_EXTRUSION('',#1719,#1723);
#1719 = B_SPLINE_CURVE_WITH_KNOTS('',2,(#1720,#1721,#1722),
  .UNSPECIFIED.,.F.,.F.,(3,3),(0.,1.),.PIECEWISE_BEZIER_KNOTS.);
#1720 = CARTESIAN_POINT('',(8.71249995,-5.929150390625,3.5));
#1721 = CARTESIAN_POINT('',(8.71249995,-6.330908203125,3.5));
#1722 = CARTESIAN_POINT('',(8.437744090625,-6.558349609375,3.5));
#1723 = VECTOR('',#1724,1.);
#1724 = DIRECTION('',(0.,0.,-1.));
#1725 = DEFINITIONAL_REPRESENTATION('',(#1726),#1739);
#1726 = B_SPLINE_CURVE_WITH_KNOTS('',6,(#1727,#1728,#1729,#1730,#1731,
    #1732,#1733,#1734,#1735,#1736,#1737,#1738),.UNSPECIFIED.,.F.,.F.,(7,
    5,7),(0.,0.334655073103,1.),.UNSPECIFIED.);
#1727 = CARTESIAN_POINT('',(1.,-0.5));
#1728 = CARTESIAN_POINT('',(0.944274743181,-0.5));
#1729 = CARTESIAN_POINT('',(0.888193498361,-0.5));
#1730 = CARTESIAN_POINT('',(0.831836247112,-0.5));
#1731 = CARTESIAN_POINT('',(0.775288962063,-0.5));
#1732 = CARTESIAN_POINT('',(0.718643917507,-0.5));
#1733 = CARTESIAN_POINT('',(0.549383320374,-0.5));
#1734 = CARTESIAN_POINT('',(0.43673249565,-0.5));
#1735 = CARTESIAN_POINT('',(0.324885226496,-0.5));
#1736 = CARTESIAN_POINT('',(0.21449776084,-0.5));
#1737 = CARTESIAN_POINT('',(0.106076494544,-0.5));
#1738 = CARTESIAN_POINT('',(0.,-0.5));
#1739 = ( GEOMETRIC_REPRESENTATION_CONTEXT(2) 
PARAMETRIC_REPRESENTATION_CONTEXT() REPRESENTATION_CONTEXT('2D SPACE',''
  ) );
#1740 = ORIENTED_EDGE('',*,*,#1741,.F.);
#1741 = EDGE_CURVE('',#1742,#1685,#1744,.T.);
#1742 = VERTEX_POINT('',#1743);
#1743 = CARTESIAN_POINT('',(7.67490229375,-6.785791015625,4.));
#1744 = SURFACE_CURVE('',#1745,(#1756,#1770),.PCURVE_S1.);
#1745 = B_SPLINE_CURVE_WITH_KNOTS('',5,(#1746,#1747,#1748,#1749,#1750,
    #1751,#1752,#1753,#1754,#1755),.UNSPECIFIED.,.F.,.F.,(6,4,6),(0.,
    0.516621445959,1.),.UNSPECIFIED.);
#1746 = CARTESIAN_POINT('',(7.67490229375,-6.785791015625,4.));
#1747 = CARTESIAN_POINT('',(7.76798928652,-6.785791015625,4.));
#1748 = CARTESIAN_POINT('',(7.858593209275,-6.780619863767,4.));
#1749 = CARTESIAN_POINT('',(7.946196166488,-6.769755563879,4.));
#1750 = CARTESIAN_POINT('',(8.030119135096,-6.752644507365,4.));
#1751 = CARTESIAN_POINT('',(8.184074371072,-6.70674272863,4.));
#1752 = CARTESIAN_POINT('',(8.254661179194,-6.678772502473,4.));
#1753 = CARTESIAN_POINT('',(8.320810022869,-6.644738646158,4.));
#1754 = CARTESIAN_POINT('',(8.381963207036,-6.60452472147,4.));
#1755 = CARTESIAN_POINT('',(8.437744090625,-6.558349609375,4.));
#1756 = PCURVE('',#72,#1757);
#1757 = DEFINITIONAL_REPRESENTATION('',(#1758),#1769);
#1758 = B_SPLINE_CURVE_WITH_KNOTS('',5,(#1759,#1760,#1761,#1762,#1763,
    #1764,#1765,#1766,#1767,#1768),.UNSPECIFIED.,.F.,.F.,(6,4,6),(0.,
    0.516621445959,1.),.UNSPECIFIED.);
#1759 = CARTESIAN_POINT('',(7.67490229375,-6.785791015625));
#1760 = CARTESIAN_POINT('',(7.76798928652,-6.785791015625));
#1761 = CARTESIAN_POINT('',(7.858593209275,-6.780619863767));
#1762 = CARTESIAN_POINT('',(7.946196166488,-6.769755563879));
#1763 = CARTESIAN_POINT('',(8.030119135096,-6.752644507365));
#1764 = CARTESIAN_POINT('',(8.184074371072,-6.70674272863));
#1765 = CARTESIAN_POINT('',(8.254661179194,-6.678772502473));
#1766 = CARTESIAN_POINT('',(8.320810022869,-6.644738646158));
#1767 = CARTESIAN_POINT('',(8.381963207036,-6.60452472147));
#1768 = CARTESIAN_POINT('',(8.437744090625,-6.558349609375));
#1769 = ( GEOMETRIC_REPRESENTATION_CONTEXT(2) 
PARAMETRIC_REPRESENTATION_CONTEXT() REPRESENTATION_CONTEXT('2D SPACE',''
  ) );
#1770 = PCURVE('',#1771,#1778);
#1771 = SURFACE_OF_LINEAR_EXTRUSION('',#1772,#1776);
#1772 = B_SPLINE_CURVE_WITH_KNOTS('',2,(#1773,#1774,#1775),
  .UNSPECIFIED.,.F.,.F.,(3,3),(0.,1.),.PIECEWISE_BEZIER_KNOTS.);
#1773 = CARTESIAN_POINT('',(8.437744090625,-6.558349609375,3.5));
#1774 = CARTESIAN_POINT('',(8.16298823125,-6.785791015625,3.5));
#1775 = CARTESIAN_POINT('',(7.67490229375,-6.785791015625,3.5));
#1776 = VECTOR('',#1777,1.);
#1777 = DIRECTION('',(0.,0.,-1.));
#1778 = DEFINITIONAL_REPRESENTATION('',(#1779),#1790);
#1779 = B_SPLINE_CURVE_WITH_KNOTS('',5,(#1780,#1781,#1782,#1783,#1784,
    #1785,#1786,#1787,#1788,#1789),.UNSPECIFIED.,.F.,.F.,(6,4,6),(0.,
    0.516621445959,1.),.UNSPECIFIED.);
#1780 = CARTESIAN_POINT('',(1.,-0.5));
#1781 = CARTESIAN_POINT('',(0.904640775713,-0.5));
#1782 = CARTESIAN_POINT('',(0.806856523608,-0.5));
#1783 = CARTESIAN_POINT('',(0.706676220114,-0.5));
#1784 = CARTESIAN_POINT('',(0.604263527443,-0.5));
#1785 = CARTESIAN_POINT('',(0.402445487835,-0.5));
#1786 = CARTESIAN_POINT('',(0.303260438805,-0.5));
#1787 = CARTESIAN_POINT('',(0.20279543579,-0.5));
#1788 = CARTESIAN_POINT('',(0.101509907224,-0.5));
#1789 = CARTESIAN_POINT('',(0.,-0.5));
#1790 = ( GEOMETRIC_REPRESENTATION_CONTEXT(2) 
PARAMETRIC_REPRESENTATION_CONTEXT() REPRESENTATION_CONTEXT('2D SPACE',''
  ) );
#1791 = ORIENTED_EDGE('',*,*,#1792,.F.);
#1792 = EDGE_CURVE('',#1793,#1742,#1795,.T.);
#1793 = VERTEX_POINT('',#1794);
#1794 = CARTESIAN_POINT('',(7.257372996875,-6.7451171875,4.));
#1795 = SURFACE_CURVE('',#1796,(#1805,#1817),.PCURVE_S1.);
#1796 = B_SPLINE_CURVE_WITH_KNOTS('',4,(#1797,#1798,#1799,#1800,#1801,
    #1802,#1803,#1804),.UNSPECIFIED.,.F.,.F.,(5,3,5),(0.,0.474989259919,
    1.),.UNSPECIFIED.);
#1797 = CARTESIAN_POINT('',(7.257372996875,-6.7451171875,4.));
#1798 = CARTESIAN_POINT('',(7.306440672142,-6.754773075404,4.));
#1799 = CARTESIAN_POINT('',(7.355685302175,-6.762904907246,4.));
#1800 = CARTESIAN_POINT('',(7.405096754598,-6.769507679454,4.));
#1801 = CARTESIAN_POINT('',(7.509452071261,-6.7801871047,4.));
#1802 = CARTESIAN_POINT('',(7.564430579952,-6.783924503945,4.));
#1803 = CARTESIAN_POINT('',(7.619585587199,-6.785791015625,4.));
#1804 = CARTESIAN_POINT('',(7.67490229375,-6.785791015625,4.));
#1805 = PCURVE('',#72,#1806);
#1806 = DEFINITIONAL_REPRESENTATION('',(#1807),#1816);
#1807 = B_SPLINE_CURVE_WITH_KNOTS('',4,(#1808,#1809,#1810,#1811,#1812,
    #1813,#1814,#1815),.UNSPECIFIED.,.F.,.F.,(5,3,5),(0.,0.474989259919,
    1.),.UNSPECIFIED.);
#1808 = CARTESIAN_POINT('',(7.257372996875,-6.7451171875));
#1809 = CARTESIAN_POINT('',(7.306440672142,-6.754773075404));
#1810 = CARTESIAN_POINT('',(7.355685302175,-6.762904907246));
#1811 = CARTESIAN_POINT('',(7.405096754598,-6.769507679454));
#1812 = CARTESIAN_POINT('',(7.509452071261,-6.7801871047));
#1813 = CARTESIAN_POINT('',(7.564430579952,-6.783924503945));
#1814 = CARTESIAN_POINT('',(7.619585587199,-6.785791015625));
#1815 = CARTESIAN_POINT('',(7.67490229375,-6.785791015625));
#1816 = ( GEOMETRIC_REPRESENTATION_CONTEXT(2) 
PARAMETRIC_REPRESENTATION_CONTEXT() REPRESENTATION_CONTEXT('2D SPACE',''
  ) );
#1817 = PCURVE('',#1818,#1825);
#1818 = SURFACE_OF_LINEAR_EXTRUSION('',#1819,#1823);
#1819 = B_SPLINE_CURVE_WITH_KNOTS('',2,(#1820,#1821,#1822),
  .UNSPECIFIED.,.F.,.F.,(3,3),(0.,1.),.PIECEWISE_BEZIER_KNOTS.);
#1820 = CARTESIAN_POINT('',(7.67490229375,-6.785791015625,3.5));
#1821 = CARTESIAN_POINT('',(7.46406245,-6.785791015625,3.5));
#1822 = CARTESIAN_POINT('',(7.257372996875,-6.7451171875,3.5));
#1823 = VECTOR('',#1824,1.);
#1824 = DIRECTION('',(0.,0.,-1.));
#1825 = DEFINITIONAL_REPRESENTATION('',(#1826),#1835);
#1826 = B_SPLINE_CURVE_WITH_KNOTS('',4,(#1827,#1828,#1829,#1830,#1831,
    #1832,#1833,#1834),.UNSPECIFIED.,.F.,.F.,(5,3,5),(0.,0.474989259919,
    1.),.UNSPECIFIED.);
#1827 = CARTESIAN_POINT('',(1.,-0.5));
#1828 = CARTESIAN_POINT('',(0.881300969825,-0.5));
#1829 = CARTESIAN_POINT('',(0.762551098117,-0.5));
#1830 = CARTESIAN_POINT('',(0.643775624282,-0.5));
#1831 = CARTESIAN_POINT('',(0.393716024404,-0.5));
#1832 = CARTESIAN_POINT('',(0.262431835002,-0.5));
#1833 = CARTESIAN_POINT('',(0.131181814516,-0.5));
#1834 = CARTESIAN_POINT('',(0.,-0.5));
#1835 = ( GEOMETRIC_REPRESENTATION_CONTEXT(2) 
PARAMETRIC_REPRESENTATION_CONTEXT() REPRESENTATION_CONTEXT('2D SPACE',''
  ) );
#1836 = ORIENTED_EDGE('',*,*,#1837,.F.);
#1837 = EDGE_CURVE('',#1838,#1793,#1840,.T.);
#1838 = VERTEX_POINT('',#1839);
#1839 = CARTESIAN_POINT('',(6.846484325,-6.621435546875,4.));
#1840 = SURFACE_CURVE('',#1841,(#1847,#1856),.PCURVE_S1.);
#1841 = B_SPLINE_CURVE_WITH_KNOTS('',4,(#1842,#1843,#1844,#1845,#1846),
  .UNSPECIFIED.,.F.,.F.,(5,5),(0.,1.),.PIECEWISE_BEZIER_KNOTS.);
#1842 = CARTESIAN_POINT('',(6.846484325,-6.621435546875,4.));
#1843 = CARTESIAN_POINT('',(6.94817147789,-6.662771787887,4.));
#1844 = CARTESIAN_POINT('',(7.050610320752,-6.697247657069,4.));
#1845 = CARTESIAN_POINT('',(7.15371188049,-6.724718011986,4.));
#1846 = CARTESIAN_POINT('',(7.257372996875,-6.7451171875,4.));
#1847 = PCURVE('',#72,#1848);
#1848 = DEFINITIONAL_REPRESENTATION('',(#1849),#1855);
#1849 = B_SPLINE_CURVE_WITH_KNOTS('',4,(#1850,#1851,#1852,#1853,#1854),
  .UNSPECIFIED.,.F.,.F.,(5,5),(0.,1.),.PIECEWISE_BEZIER_KNOTS.);
#1850 = CARTESIAN_POINT('',(6.846484325,-6.621435546875));
#1851 = CARTESIAN_POINT('',(6.94817147789,-6.662771787887));
#1852 = CARTESIAN_POINT('',(7.050610320752,-6.697247657069));
#1853 = CARTESIAN_POINT('',(7.15371188049,-6.724718011986));
#1854 = CARTESIAN_POINT('',(7.257372996875,-6.7451171875));
#1855 = ( GEOMETRIC_REPRESENTATION_CONTEXT(2) 
PARAMETRIC_REPRESENTATION_CONTEXT() REPRESENTATION_CONTEXT('2D SPACE',''
  ) );
#1856 = PCURVE('',#1857,#1864);
#1857 = SURFACE_OF_LINEAR_EXTRUSION('',#1858,#1862);
#1858 = B_SPLINE_CURVE_WITH_KNOTS('',2,(#1859,#1860,#1861),
  .UNSPECIFIED.,.F.,.F.,(3,3),(0.,1.),.PIECEWISE_BEZIER_KNOTS.);
#1859 = CARTESIAN_POINT('',(7.257372996875,-6.7451171875,3.5));
#1860 = CARTESIAN_POINT('',(7.05068354375,-6.704443359375,3.5));
#1861 = CARTESIAN_POINT('',(6.846484325,-6.621435546875,3.5));
#1862 = VECTOR('',#1863,1.);
#1863 = DIRECTION('',(0.,0.,-1.));
#1864 = DEFINITIONAL_REPRESENTATION('',(#1865),#1871);
#1865 = B_SPLINE_CURVE_WITH_KNOTS('',4,(#1866,#1867,#1868,#1869,#1870),
  .UNSPECIFIED.,.F.,.F.,(5,5),(0.,1.),.PIECEWISE_BEZIER_KNOTS.);
#1866 = CARTESIAN_POINT('',(1.,-0.5));
#1867 = CARTESIAN_POINT('',(0.751009936491,-0.5));
#1868 = CARTESIAN_POINT('',(0.501187332075,-0.5));
#1869 = CARTESIAN_POINT('',(0.25076537486,-0.5));
#1870 = CARTESIAN_POINT('',(0.,-0.5));
#1871 = ( GEOMETRIC_REPRESENTATION_CONTEXT(2) 
PARAMETRIC_REPRESENTATION_CONTEXT() REPRESENTATION_CONTEXT('2D SPACE',''
  ) );
#1872 = ORIENTED_EDGE('',*,*,#1873,.F.);
#1873 = EDGE_CURVE('',#1874,#1838,#1876,.T.);
#1874 = VERTEX_POINT('',#1875);
#1875 = CARTESIAN_POINT('',(6.846484325,-6.118408203125,4.));
#1876 = SURFACE_CURVE('',#1877,(#1881,#1887),.PCURVE_S1.);
#1877 = LINE('',#1878,#1879);
#1878 = CARTESIAN_POINT('',(6.846484325,-3.310717773438,4.));
#1879 = VECTOR('',#1880,1.);
#1880 = DIRECTION('',(0.,-1.,0.));
#1881 = PCURVE('',#72,#1882);
#1882 = DEFINITIONAL_REPRESENTATION('',(#1883),#1886);
#1883 = B_SPLINE_CURVE_WITH_KNOTS('',1,(#1884,#1885),.UNSPECIFIED.,.F.,
  .F.,(2,2),(2.807690429688,3.310717773438),.PIECEWISE_BEZIER_KNOTS.);
#1884 = CARTESIAN_POINT('',(6.846484325,-6.118408203125));
#1885 = CARTESIAN_POINT('',(6.846484325,-6.621435546875));
#1886 = ( GEOMETRIC_REPRESENTATION_CONTEXT(2) 
PARAMETRIC_REPRESENTATION_CONTEXT() REPRESENTATION_CONTEXT('2D SPACE',''
  ) );
#1887 = PCURVE('',#1888,#1893);
#1888 = PLANE('',#1889);
#1889 = AXIS2_PLACEMENT_3D('',#1890,#1891,#1892);
#1890 = CARTESIAN_POINT('',(6.846484325,-6.621435546875,3.5));
#1891 = DIRECTION('',(-1.,0.,0.));
#1892 = DIRECTION('',(0.,1.,0.));
#1893 = DEFINITIONAL_REPRESENTATION('',(#1894),#1897);
#1894 = B_SPLINE_CURVE_WITH_KNOTS('',1,(#1895,#1896),.UNSPECIFIED.,.F.,
  .F.,(2,2),(2.807690429688,3.310717773438),.PIECEWISE_BEZIER_KNOTS.);
#1895 = CARTESIAN_POINT('',(0.50302734375,-0.5));
#1896 = CARTESIAN_POINT('',(0.,-0.5));
#1897 = ( GEOMETRIC_REPRESENTATION_CONTEXT(2) 
PARAMETRIC_REPRESENTATION_CONTEXT() REPRESENTATION_CONTEXT('2D SPACE',''
  ) );
#1898 = ORIENTED_EDGE('',*,*,#1899,.F.);
#1899 = EDGE_CURVE('',#1900,#1874,#1902,.T.);
#1900 = VERTEX_POINT('',#1901);
#1901 = CARTESIAN_POINT('',(7.230810496875,-6.292724609375,4.));
#1902 = SURFACE_CURVE('',#1903,(#1910,#1920),.PCURVE_S1.);
#1903 = B_SPLINE_CURVE_WITH_KNOTS('',5,(#1904,#1905,#1906,#1907,#1908,
    #1909),.UNSPECIFIED.,.F.,.F.,(6,6),(0.,1.),
  .PIECEWISE_BEZIER_KNOTS.);
#1904 = CARTESIAN_POINT('',(7.230810496875,-6.292724609375,4.));
#1905 = CARTESIAN_POINT('',(7.15703781388,-6.269144299742,4.));
#1906 = CARTESIAN_POINT('',(7.081595960984,-6.239732353951,4.));
#1907 = CARTESIAN_POINT('',(7.004607981442,-6.204662325306,4.));
#1908 = CARTESIAN_POINT('',(6.926197829785,-6.164145459969,4.));
#1909 = CARTESIAN_POINT('',(6.846484325,-6.118408203125,4.));
#1910 = PCURVE('',#72,#1911);
#1911 = DEFINITIONAL_REPRESENTATION('',(#1912),#1919);
#1912 = B_SPLINE_CURVE_WITH_KNOTS('',5,(#1913,#1914,#1915,#1916,#1917,
    #1918),.UNSPECIFIED.,.F.,.F.,(6,6),(0.,1.),
  .PIECEWISE_BEZIER_KNOTS.);
#1913 = CARTESIAN_POINT('',(7.230810496875,-6.292724609375));
#1914 = CARTESIAN_POINT('',(7.15703781388,-6.269144299742));
#1915 = CARTESIAN_POINT('',(7.081595960984,-6.239732353951));
#1916 = CARTESIAN_POINT('',(7.004607981442,-6.204662325306));
#1917 = CARTESIAN_POINT('',(6.926197829785,-6.164145459969));
#1918 = CARTESIAN_POINT('',(6.846484325,-6.118408203125));
#1919 = ( GEOMETRIC_REPRESENTATION_CONTEXT(2) 
PARAMETRIC_REPRESENTATION_CONTEXT() REPRESENTATION_CONTEXT('2D SPACE',''
  ) );
#1920 = PCURVE('',#1921,#1928);
#1921 = SURFACE_OF_LINEAR_EXTRUSION('',#1922,#1926);
#1922 = B_SPLINE_CURVE_WITH_KNOTS('',2,(#1923,#1924,#1925),
  .UNSPECIFIED.,.F.,.F.,(3,3),(0.,1.),.PIECEWISE_BEZIER_KNOTS.);
#1923 = CARTESIAN_POINT('',(6.846484325,-6.118408203125,3.5));
#1924 = CARTESIAN_POINT('',(7.0490233875,-6.234619140625,3.5));
#1925 = CARTESIAN_POINT('',(7.230810496875,-6.292724609375,3.5));
#1926 = VECTOR('',#1927,1.);
#1927 = DIRECTION('',(0.,0.,-1.));
#1928 = DEFINITIONAL_REPRESENTATION('',(#1929),#1936);
#1929 = B_SPLINE_CURVE_WITH_KNOTS('',5,(#1930,#1931,#1932,#1933,#1934,
    #1935),.UNSPECIFIED.,.F.,.F.,(6,6),(0.,1.),
  .PIECEWISE_BEZIER_KNOTS.);
#1930 = CARTESIAN_POINT('',(1.,-0.5));
#1931 = CARTESIAN_POINT('',(0.797090444836,-0.5));
#1932 = CARTESIAN_POINT('',(0.595464948722,-0.5));
#1933 = CARTESIAN_POINT('',(0.395313097373,-0.5));
#1934 = CARTESIAN_POINT('',(0.196785508437,-0.5));
#1935 = CARTESIAN_POINT('',(0.,-0.5));
#1936 = ( GEOMETRIC_REPRESENTATION_CONTEXT(2) 
PARAMETRIC_REPRESENTATION_CONTEXT() REPRESENTATION_CONTEXT('2D SPACE',''
  ) );
#1937 = ORIENTED_EDGE('',*,*,#1938,.F.);
#1938 = EDGE_CURVE('',#1939,#1900,#1941,.T.);
#1939 = VERTEX_POINT('',#1940);
#1940 = CARTESIAN_POINT('',(7.5736327625,-6.350830078125,4.));
#1941 = SURFACE_CURVE('',#1942,(#1949,#1959),.PCURVE_S1.);
#1942 = B_SPLINE_CURVE_WITH_KNOTS('',5,(#1943,#1944,#1945,#1946,#1947,
    #1948),.UNSPECIFIED.,.F.,.F.,(6,6),(0.,1.),
  .PIECEWISE_BEZIER_KNOTS.);
#1943 = CARTESIAN_POINT('',(7.5736327625,-6.350830078125,4.));
#1944 = CARTESIAN_POINT('',(7.508683780483,-6.350830078125,4.));
#1945 = CARTESIAN_POINT('',(7.441822925951,-6.344922619797,4.));
#1946 = CARTESIAN_POINT('',(7.373149721013,-6.333179744713,4.));
#1947 = CARTESIAN_POINT('',(7.302773953941,-6.315726627615,4.));
#1948 = CARTESIAN_POINT('',(7.230810496875,-6.292724609375,4.));
#1949 = PCURVE('',#72,#1950);
#1950 = DEFINITIONAL_REPRESENTATION('',(#1951),#1958);
#1951 = B_SPLINE_CURVE_WITH_KNOTS('',5,(#1952,#1953,#1954,#1955,#1956,
    #1957),.UNSPECIFIED.,.F.,.F.,(6,6),(0.,1.),
  .PIECEWISE_BEZIER_KNOTS.);
#1952 = CARTESIAN_POINT('',(7.5736327625,-6.350830078125));
#1953 = CARTESIAN_POINT('',(7.508683780483,-6.350830078125));
#1954 = CARTESIAN_POINT('',(7.441822925951,-6.344922619797));
#1955 = CARTESIAN_POINT('',(7.373149721013,-6.333179744713));
#1956 = CARTESIAN_POINT('',(7.302773953941,-6.315726627615));
#1957 = CARTESIAN_POINT('',(7.230810496875,-6.292724609375));
#1958 = ( GEOMETRIC_REPRESENTATION_CONTEXT(2) 
PARAMETRIC_REPRESENTATION_CONTEXT() REPRESENTATION_CONTEXT('2D SPACE',''
  ) );
#1959 = PCURVE('',#1960,#1967);
#1960 = SURFACE_OF_LINEAR_EXTRUSION('',#1961,#1965);
#1961 = B_SPLINE_CURVE_WITH_KNOTS('',2,(#1962,#1963,#1964),
  .UNSPECIFIED.,.F.,.F.,(3,3),(0.,1.),.PIECEWISE_BEZIER_KNOTS.);
#1962 = CARTESIAN_POINT('',(7.230810496875,-6.292724609375,3.5));
#1963 = CARTESIAN_POINT('',(7.41259760625,-6.350830078125,3.5));
#1964 = CARTESIAN_POINT('',(7.5736327625,-6.350830078125,3.5));
#1965 = VECTOR('',#1966,1.);
#1966 = DIRECTION('',(0.,0.,-1.));
#1967 = DEFINITIONAL_REPRESENTATION('',(#1968),#1975);
#1968 = B_SPLINE_CURVE_WITH_KNOTS('',5,(#1969,#1970,#1971,#1972,#1973,
    #1974),.UNSPECIFIED.,.F.,.F.,(6,6),(0.,1.),
  .PIECEWISE_BEZIER_KNOTS.);
#1969 = CARTESIAN_POINT('',(1.,-0.5));
#1970 = CARTESIAN_POINT('',(0.798339121935,-0.5));
#1971 = CARTESIAN_POINT('',(0.597292811633,-0.5));
#1972 = CARTESIAN_POINT('',(0.397090189794,-0.5));
#1973 = CARTESIAN_POINT('',(0.197933333428,-0.5));
#1974 = CARTESIAN_POINT('',(0.,-0.5));
#1975 = ( GEOMETRIC_REPRESENTATION_CONTEXT(2) 
PARAMETRIC_REPRESENTATION_CONTEXT() REPRESENTATION_CONTEXT('2D SPACE',''
  ) );
#1976 = ORIENTED_EDGE('',*,*,#1977,.F.);
#1977 = EDGE_CURVE('',#1978,#1939,#1980,.T.);
#1978 = VERTEX_POINT('',#1979);
#1979 = CARTESIAN_POINT('',(7.939697215625,-6.237109375,4.));
#1980 = SURFACE_CURVE('',#1981,(#1988,#1998),.PCURVE_S1.);
#1981 = B_SPLINE_CURVE_WITH_KNOTS('',5,(#1982,#1983,#1984,#1985,#1986,
    #1987),.UNSPECIFIED.,.F.,.F.,(6,6),(0.,1.),
  .PIECEWISE_BEZIER_KNOTS.);
#1982 = CARTESIAN_POINT('',(7.939697215625,-6.237109375,4.));
#1983 = CARTESIAN_POINT('',(7.885505325087,-6.283222971296,4.));
#1984 = CARTESIAN_POINT('',(7.821165497744,-6.317646563687,4.));
#1985 = CARTESIAN_POINT('',(7.74708907077,-6.340036532852,4.));
#1986 = CARTESIAN_POINT('',(7.664205062777,-6.350830078125,4.));
#1987 = CARTESIAN_POINT('',(7.5736327625,-6.350830078125,4.));
#1988 = PCURVE('',#72,#1989);
#1989 = DEFINITIONAL_REPRESENTATION('',(#1990),#1997);
#1990 = B_SPLINE_CURVE_WITH_KNOTS('',5,(#1991,#1992,#1993,#1994,#1995,
    #1996),.UNSPECIFIED.,.F.,.F.,(6,6),(0.,1.),
  .PIECEWISE_BEZIER_KNOTS.);
#1991 = CARTESIAN_POINT('',(7.939697215625,-6.237109375));
#1992 = CARTESIAN_POINT('',(7.885505325087,-6.283222971296));
#1993 = CARTESIAN_POINT('',(7.821165497744,-6.317646563687));
#1994 = CARTESIAN_POINT('',(7.74708907077,-6.340036532852));
#1995 = CARTESIAN_POINT('',(7.664205062777,-6.350830078125));
#1996 = CARTESIAN_POINT('',(7.5736327625,-6.350830078125));
#1997 = ( GEOMETRIC_REPRESENTATION_CONTEXT(2) 
PARAMETRIC_REPRESENTATION_CONTEXT() REPRESENTATION_CONTEXT('2D SPACE',''
  ) );
#1998 = PCURVE('',#1999,#2006);
#1999 = SURFACE_OF_LINEAR_EXTRUSION('',#2000,#2004);
#2000 = B_SPLINE_CURVE_WITH_KNOTS('',2,(#2001,#2002,#2003),
  .UNSPECIFIED.,.F.,.F.,(3,3),(0.,1.),.PIECEWISE_BEZIER_KNOTS.);
#2001 = CARTESIAN_POINT('',(7.5736327625,-6.350830078125,3.5));
#2002 = CARTESIAN_POINT('',(7.8060546375,-6.350830078125,3.5));
#2003 = CARTESIAN_POINT('',(7.939697215625,-6.237109375,3.5));
#2004 = VECTOR('',#2005,1.);
#2005 = DIRECTION('',(0.,0.,-1.));
#2006 = DEFINITIONAL_REPRESENTATION('',(#2007),#2014);
#2007 = B_SPLINE_CURVE_WITH_KNOTS('',5,(#2008,#2009,#2010,#2011,#2012,
    #2013),.UNSPECIFIED.,.F.,.F.,(6,6),(0.,1.),
  .PIECEWISE_BEZIER_KNOTS.);
#2008 = CARTESIAN_POINT('',(1.,-0.5));
#2009 = CARTESIAN_POINT('',(0.797250654326,-0.5));
#2010 = CARTESIAN_POINT('',(0.594514547895,-0.5));
#2011 = CARTESIAN_POINT('',(0.393318665697,-0.5));
#2012 = CARTESIAN_POINT('',(0.194844612361,-0.5));
#2013 = CARTESIAN_POINT('',(0.,-0.5));
#2014 = ( GEOMETRIC_REPRESENTATION_CONTEXT(2) 
PARAMETRIC_REPRESENTATION_CONTEXT() REPRESENTATION_CONTEXT('2D SPACE',''
  ) );
#2015 = ORIENTED_EDGE('',*,*,#2016,.F.);
#2016 = EDGE_CURVE('',#2017,#1978,#2019,.T.);
#2017 = VERTEX_POINT('',#2018);
#2018 = CARTESIAN_POINT('',(8.07333979375,-5.929150390625,4.));
#2019 = SURFACE_CURVE('',#2020,(#2031,#2045),.PCURVE_S1.);
#2020 = B_SPLINE_CURVE_WITH_KNOTS('',5,(#2021,#2022,#2023,#2024,#2025,
    #2026,#2027,#2028,#2029,#2030),.UNSPECIFIED.,.F.,.F.,(6,4,6),(0.,
    0.642945452846,1.),.UNSPECIFIED.);
#2021 = CARTESIAN_POINT('',(8.07333979375,-5.929150390625,4.));
#2022 = CARTESIAN_POINT('',(8.07333979375,-5.978445652371,4.));
#2023 = CARTESIAN_POINT('',(8.067960015048,-6.024927183637,4.));
#2024 = CARTESIAN_POINT('',(8.057013751174,-6.06835552917,4.));
#2025 = CARTESIAN_POINT('',(8.040422253464,-6.108540687471,4.));
#2026 = CARTESIAN_POINT('',(8.005947914799,-6.165816478202,4.));
#2027 = CARTESIAN_POINT('',(7.99191933126,-6.185231398383,4.));
#2028 = CARTESIAN_POINT('',(7.9761833191,-6.203591273216,4.));
#2029 = CARTESIAN_POINT('',(7.958763906768,-6.220884923531,4.));
#2030 = CARTESIAN_POINT('',(7.939697215625,-6.237109375,4.));
#2031 = PCURVE('',#72,#2032);
#2032 = DEFINITIONAL_REPRESENTATION('',(#2033),#2044);
#2033 = B_SPLINE_CURVE_WITH_KNOTS('',5,(#2034,#2035,#2036,#2037,#2038,
    #2039,#2040,#2041,#2042,#2043),.UNSPECIFIED.,.F.,.F.,(6,4,6),(0.,
    0.642945452846,1.),.UNSPECIFIED.);
#2034 = CARTESIAN_POINT('',(8.07333979375,-5.929150390625));
#2035 = CARTESIAN_POINT('',(8.07333979375,-5.978445652371));
#2036 = CARTESIAN_POINT('',(8.067960015048,-6.024927183637));
#2037 = CARTESIAN_POINT('',(8.057013751174,-6.06835552917));
#2038 = CARTESIAN_POINT('',(8.040422253464,-6.108540687471));
#2039 = CARTESIAN_POINT('',(8.005947914799,-6.165816478202));
#2040 = CARTESIAN_POINT('',(7.99191933126,-6.185231398383));
#2041 = CARTESIAN_POINT('',(7.9761833191,-6.203591273216));
#2042 = CARTESIAN_POINT('',(7.958763906768,-6.220884923531));
#2043 = CARTESIAN_POINT('',(7.939697215625,-6.237109375));
#2044 = ( GEOMETRIC_REPRESENTATION_CONTEXT(2) 
PARAMETRIC_REPRESENTATION_CONTEXT() REPRESENTATION_CONTEXT('2D SPACE',''
  ) );
#2045 = PCURVE('',#2046,#2053);
#2046 = SURFACE_OF_LINEAR_EXTRUSION('',#2047,#2051);
#2047 = B_SPLINE_CURVE_WITH_KNOTS('',2,(#2048,#2049,#2050),
  .UNSPECIFIED.,.F.,.F.,(3,3),(0.,1.),.PIECEWISE_BEZIER_KNOTS.);
#2048 = CARTESIAN_POINT('',(7.939697215625,-6.237109375,3.5));
#2049 = CARTESIAN_POINT('',(8.07333979375,-6.123388671875,3.5));
#2050 = CARTESIAN_POINT('',(8.07333979375,-5.929150390625,3.5));
#2051 = VECTOR('',#2052,1.);
#2052 = DIRECTION('',(0.,0.,-1.));
#2053 = DEFINITIONAL_REPRESENTATION('',(#2054),#2065);
#2054 = B_SPLINE_CURVE_WITH_KNOTS('',5,(#2055,#2056,#2057,#2058,#2059,
    #2060,#2061,#2062,#2063,#2064),.UNSPECIFIED.,.F.,.F.,(6,4,6),(0.,
    0.642945452846,1.),.UNSPECIFIED.);
#2055 = CARTESIAN_POINT('',(1.,-0.5));
#2056 = CARTESIAN_POINT('',(0.873106214109,-0.5));
#2057 = CARTESIAN_POINT('',(0.745111968903,-0.5));
#2058 = CARTESIAN_POINT('',(0.616344098785,-0.5));
#2059 = CARTESIAN_POINT('',(0.48716956708,-0.5));
#2060 = CARTESIAN_POINT('',(0.286266727643,-0.5));
#2061 = CARTESIAN_POINT('',(0.214532866148,-0.5));
#2062 = CARTESIAN_POINT('',(0.142866823719,-0.5));
#2063 = CARTESIAN_POINT('',(7.133464278475E-02,-0.5));
#2064 = CARTESIAN_POINT('',(0.,-0.5));
#2065 = ( GEOMETRIC_REPRESENTATION_CONTEXT(2) 
PARAMETRIC_REPRESENTATION_CONTEXT() REPRESENTATION_CONTEXT('2D SPACE',''
  ) );
#2066 = ORIENTED_EDGE('',*,*,#2067,.F.);
#2067 = EDGE_CURVE('',#2068,#2017,#2070,.T.);
#2068 = VERTEX_POINT('',#2069);
#2069 = CARTESIAN_POINT('',(7.939697215625,-5.620361328125,4.));
#2070 = SURFACE_CURVE('',#2071,(#2082,#2096),.PCURVE_S1.);
#2071 = B_SPLINE_CURVE_WITH_KNOTS('',5,(#2072,#2073,#2074,#2075,#2076,
    #2077,#2078,#2079,#2080,#2081),.UNSPECIFIED.,.F.,.F.,(6,4,6),(0.,
    0.340968345743,1.),.UNSPECIFIED.);
#2072 = CARTESIAN_POINT('',(7.939697215625,-5.620361328125,4.));
#2073 = CARTESIAN_POINT('',(7.957916221783,-5.635751296059,4.));
#2074 = CARTESIAN_POINT('',(7.974629995449,-5.652145153319,4.));
#2075 = CARTESIAN_POINT('',(7.989807154252,-5.669540207642,4.));
#2076 = CARTESIAN_POINT('',(8.003426569975,-5.687926627362,4.));
#2077 = CARTESIAN_POINT('',(8.038769436051,-5.744708479068,4.));
#2078 = CARTESIAN_POINT('',(8.056203023702,-5.785771721734,4.));
#2079 = CARTESIAN_POINT('',(8.067696920636,-5.830350415707,4.));
#2080 = CARTESIAN_POINT('',(8.07333979375,-5.878232633442,4.));
#2081 = CARTESIAN_POINT('',(8.07333979375,-5.929150390625,4.));
#2082 = PCURVE('',#72,#2083);
#2083 = DEFINITIONAL_REPRESENTATION('',(#2084),#2095);
#2084 = B_SPLINE_CURVE_WITH_KNOTS('',5,(#2085,#2086,#2087,#2088,#2089,
    #2090,#2091,#2092,#2093,#2094),.UNSPECIFIED.,.F.,.F.,(6,4,6),(0.,
    0.340968345743,1.),.UNSPECIFIED.);
#2085 = CARTESIAN_POINT('',(7.939697215625,-5.620361328125));
#2086 = CARTESIAN_POINT('',(7.957916221783,-5.635751296059));
#2087 = CARTESIAN_POINT('',(7.974629995449,-5.652145153319));
#2088 = CARTESIAN_POINT('',(7.989807154252,-5.669540207642));
#2089 = CARTESIAN_POINT('',(8.003426569975,-5.687926627362));
#2090 = CARTESIAN_POINT('',(8.038769436051,-5.744708479068));
#2091 = CARTESIAN_POINT('',(8.056203023702,-5.785771721734));
#2092 = CARTESIAN_POINT('',(8.067696920636,-5.830350415707));
#2093 = CARTESIAN_POINT('',(8.07333979375,-5.878232633442));
#2094 = CARTESIAN_POINT('',(8.07333979375,-5.929150390625));
#2095 = ( GEOMETRIC_REPRESENTATION_CONTEXT(2) 
PARAMETRIC_REPRESENTATION_CONTEXT() REPRESENTATION_CONTEXT('2D SPACE',''
  ) );
#2096 = PCURVE('',#2097,#2104);
#2097 = SURFACE_OF_LINEAR_EXTRUSION('',#2098,#2102);
#2098 = B_SPLINE_CURVE_WITH_KNOTS('',2,(#2099,#2100,#2101),
  .UNSPECIFIED.,.F.,.F.,(3,3),(0.,1.),.PIECEWISE_BEZIER_KNOTS.);
#2099 = CARTESIAN_POINT('',(8.07333979375,-5.929150390625,3.5));
#2100 = CARTESIAN_POINT('',(8.07333979375,-5.733251953125,3.5));
#2101 = CARTESIAN_POINT('',(7.939697215625,-5.620361328125,3.5));
#2102 = VECTOR('',#2103,1.);
#2103 = DIRECTION('',(0.,0.,-1.));
#2104 = DEFINITIONAL_REPRESENTATION('',(#2105),#2116);
#2105 = B_SPLINE_CURVE_WITH_KNOTS('',5,(#2106,#2107,#2108,#2109,#2110,
    #2111,#2112,#2113,#2114,#2115),.UNSPECIFIED.,.F.,.F.,(6,4,6),(0.,
    0.340968345743,1.),.UNSPECIFIED.);
#2106 = CARTESIAN_POINT('',(1.,-0.5));
#2107 = CARTESIAN_POINT('',(0.931836820221,-0.5));
#2108 = CARTESIAN_POINT('',(0.863497624971,-0.5));
#2109 = CARTESIAN_POINT('',(0.795039036492,-0.5));
#2110 = CARTESIAN_POINT('',(0.726519643263,-0.5));
#2111 = CARTESIAN_POINT('',(0.525563618697,-0.5));
#2112 = CARTESIAN_POINT('',(0.393118565435,-0.5));
#2113 = CARTESIAN_POINT('',(0.261117103221,-0.5));
#2114 = CARTESIAN_POINT('',(0.12995957965,-0.5));
#2115 = CARTESIAN_POINT('',(0.,-0.5));
#2116 = ( GEOMETRIC_REPRESENTATION_CONTEXT(2) 
PARAMETRIC_REPRESENTATION_CONTEXT() REPRESENTATION_CONTEXT('2D SPACE',''
  ) );
#2117 = ORIENTED_EDGE('',*,*,#2118,.F.);
#2118 = EDGE_CURVE('',#2119,#2068,#2121,.T.);
#2119 = VERTEX_POINT('',#2120);
#2120 = CARTESIAN_POINT('',(7.5736327625,-5.507470703125,4.));
#2121 = SURFACE_CURVE('',#2122,(#2129,#2139),.PCURVE_S1.);
#2122 = B_SPLINE_CURVE_WITH_KNOTS('',5,(#2123,#2124,#2125,#2126,#2127,
    #2128),.UNSPECIFIED.,.F.,.F.,(6,6),(0.,1.),
  .PIECEWISE_BEZIER_KNOTS.);
#2123 = CARTESIAN_POINT('',(7.5736327625,-5.507470703125,4.));
#2124 = CARTESIAN_POINT('',(7.664195229581,-5.507470703125,4.));
#2125 = CARTESIAN_POINT('',(7.747070648053,-5.518183147657,4.));
#2126 = CARTESIAN_POINT('',(7.821145820644,-5.540404531371,4.));
#2127 = CARTESIAN_POINT('',(7.885493064151,-5.574573970358,4.));
#2128 = CARTESIAN_POINT('',(7.939697215625,-5.620361328125,4.));
#2129 = PCURVE('',#72,#2130);
#2130 = DEFINITIONAL_REPRESENTATION('',(#2131),#2138);
#2131 = B_SPLINE_CURVE_WITH_KNOTS('',5,(#2132,#2133,#2134,#2135,#2136,
    #2137),.UNSPECIFIED.,.F.,.F.,(6,6),(0.,1.),
  .PIECEWISE_BEZIER_KNOTS.);
#2132 = CARTESIAN_POINT('',(7.5736327625,-5.507470703125));
#2133 = CARTESIAN_POINT('',(7.664195229581,-5.507470703125));
#2134 = CARTESIAN_POINT('',(7.747070648053,-5.518183147657));
#2135 = CARTESIAN_POINT('',(7.821145820644,-5.540404531371));
#2136 = CARTESIAN_POINT('',(7.885493064151,-5.574573970358));
#2137 = CARTESIAN_POINT('',(7.939697215625,-5.620361328125));
#2138 = ( GEOMETRIC_REPRESENTATION_CONTEXT(2) 
PARAMETRIC_REPRESENTATION_CONTEXT() REPRESENTATION_CONTEXT('2D SPACE',''
  ) );
#2139 = PCURVE('',#2140,#2147);
#2140 = SURFACE_OF_LINEAR_EXTRUSION('',#2141,#2145);
#2141 = B_SPLINE_CURVE_WITH_KNOTS('',2,(#2142,#2143,#2144),
  .UNSPECIFIED.,.F.,.F.,(3,3),(0.,1.),.PIECEWISE_BEZIER_KNOTS.);
#2142 = CARTESIAN_POINT('',(7.939697215625,-5.620361328125,3.5));
#2143 = CARTESIAN_POINT('',(7.8060546375,-5.507470703125,3.5));
#2144 = CARTESIAN_POINT('',(7.5736327625,-5.507470703125,3.5));
#2145 = VECTOR('',#2146,1.);
#2146 = DIRECTION('',(0.,0.,-1.));
#2147 = DEFINITIONAL_REPRESENTATION('',(#2148),#2155);
#2148 = B_SPLINE_CURVE_WITH_KNOTS('',5,(#2149,#2150,#2151,#2152,#2153,
    #2154),.UNSPECIFIED.,.F.,.F.,(6,6),(0.,1.),
  .PIECEWISE_BEZIER_KNOTS.);
#2149 = CARTESIAN_POINT('',(1.,-0.5));
#2150 = CARTESIAN_POINT('',(0.805176541406,-0.5));
#2151 = CARTESIAN_POINT('',(0.606725325405,-0.5));
#2152 = CARTESIAN_POINT('',(0.405541845278,-0.5));
#2153 = CARTESIAN_POINT('',(0.202795217791,-0.5));
#2154 = CARTESIAN_POINT('',(0.,-0.5));
#2155 = ( GEOMETRIC_REPRESENTATION_CONTEXT(2) 
PARAMETRIC_REPRESENTATION_CONTEXT() REPRESENTATION_CONTEXT('2D SPACE',''
  ) );
#2156 = ORIENTED_EDGE('',*,*,#2157,.F.);
#2157 = EDGE_CURVE('',#2158,#2119,#2160,.T.);
#2158 = VERTEX_POINT('',#2159);
#2159 = CARTESIAN_POINT('',(7.27978510625,-5.5431640625,4.));
#2160 = SURFACE_CURVE('',#2161,(#2167,#2176),.PCURVE_S1.);
#2161 = B_SPLINE_CURVE_WITH_KNOTS('',4,(#2162,#2163,#2164,#2165,#2166),
  .UNSPECIFIED.,.F.,.F.,(5,5),(0.,1.),.PIECEWISE_BEZIER_KNOTS.);
#2162 = CARTESIAN_POINT('',(7.27978510625,-5.5431640625,4.));
#2163 = CARTESIAN_POINT('',(7.357302413461,-5.525434040106,4.));
#2164 = CARTESIAN_POINT('',(7.432200083031,-5.513487264183,4.));
#2165 = CARTESIAN_POINT('',(7.504346942902,-5.507470703125,4.));
#2166 = CARTESIAN_POINT('',(7.5736327625,-5.507470703125,4.));
#2167 = PCURVE('',#72,#2168);
#2168 = DEFINITIONAL_REPRESENTATION('',(#2169),#2175);
#2169 = B_SPLINE_CURVE_WITH_KNOTS('',4,(#2170,#2171,#2172,#2173,#2174),
  .UNSPECIFIED.,.F.,.F.,(5,5),(0.,1.),.PIECEWISE_BEZIER_KNOTS.);
#2170 = CARTESIAN_POINT('',(7.27978510625,-5.5431640625));
#2171 = CARTESIAN_POINT('',(7.357302413461,-5.525434040106));
#2172 = CARTESIAN_POINT('',(7.432200083031,-5.513487264183));
#2173 = CARTESIAN_POINT('',(7.504346942902,-5.507470703125));
#2174 = CARTESIAN_POINT('',(7.5736327625,-5.507470703125));
#2175 = ( GEOMETRIC_REPRESENTATION_CONTEXT(2) 
PARAMETRIC_REPRESENTATION_CONTEXT() REPRESENTATION_CONTEXT('2D SPACE',''
  ) );
#2176 = PCURVE('',#2177,#2184);
#2177 = SURFACE_OF_LINEAR_EXTRUSION('',#2178,#2182);
#2178 = B_SPLINE_CURVE_WITH_KNOTS('',2,(#2179,#2180,#2181),
  .UNSPECIFIED.,.F.,.F.,(3,3),(0.,1.),.PIECEWISE_BEZIER_KNOTS.);
#2179 = CARTESIAN_POINT('',(7.5736327625,-5.507470703125,3.5));
#2180 = CARTESIAN_POINT('',(7.43583979375,-5.507470703125,3.5));
#2181 = CARTESIAN_POINT('',(7.27978510625,-5.5431640625,3.5));
#2182 = VECTOR('',#2183,1.);
#2183 = DIRECTION('',(0.,0.,-1.));
#2184 = DEFINITIONAL_REPRESENTATION('',(#2185),#2191);
#2185 = B_SPLINE_CURVE_WITH_KNOTS('',4,(#2186,#2187,#2188,#2189,#2190),
  .UNSPECIFIED.,.F.,.F.,(5,5),(0.,1.),.PIECEWISE_BEZIER_KNOTS.);
#2186 = CARTESIAN_POINT('',(1.,-0.5));
#2187 = CARTESIAN_POINT('',(0.751634159623,-0.5));
#2188 = CARTESIAN_POINT('',(0.502037368753,-0.5));
#2189 = CARTESIAN_POINT('',(0.251412754317,-0.5));
#2190 = CARTESIAN_POINT('',(0.,-0.5));
#2191 = ( GEOMETRIC_REPRESENTATION_CONTEXT(2) 
PARAMETRIC_REPRESENTATION_CONTEXT() REPRESENTATION_CONTEXT('2D SPACE',''
  ) );
#2192 = ORIENTED_EDGE('',*,*,#2193,.F.);
#2193 = EDGE_CURVE('',#1375,#2158,#2194,.T.);
#2194 = SURFACE_CURVE('',#2195,(#2201,#2210),.PCURVE_S1.);
#2195 = B_SPLINE_CURVE_WITH_KNOTS('',4,(#2196,#2197,#2198,#2199,#2200),
  .UNSPECIFIED.,.F.,.F.,(5,5),(0.,1.),.PIECEWISE_BEZIER_KNOTS.);
#2196 = CARTESIAN_POINT('',(6.94443354375,-5.653564453125,4.));
#2197 = CARTESIAN_POINT('',(7.033078473504,-5.616629065728,4.));
#2198 = CARTESIAN_POINT('',(7.118655511663,-5.585750976049,4.));
#2199 = CARTESIAN_POINT('',(7.200955629905,-5.561194208685,4.));
#2200 = CARTESIAN_POINT('',(7.27978510625,-5.5431640625,4.));
#2201 = PCURVE('',#72,#2202);
#2202 = DEFINITIONAL_REPRESENTATION('',(#2203),#2209);
#2203 = B_SPLINE_CURVE_WITH_KNOTS('',4,(#2204,#2205,#2206,#2207,#2208),
  .UNSPECIFIED.,.F.,.F.,(5,5),(0.,1.),.PIECEWISE_BEZIER_KNOTS.);
#2204 = CARTESIAN_POINT('',(6.94443354375,-5.653564453125));
#2205 = CARTESIAN_POINT('',(7.033078473504,-5.616629065728));
#2206 = CARTESIAN_POINT('',(7.118655511663,-5.585750976049));
#2207 = CARTESIAN_POINT('',(7.200955629905,-5.561194208685));
#2208 = CARTESIAN_POINT('',(7.27978510625,-5.5431640625));
#2209 = ( GEOMETRIC_REPRESENTATION_CONTEXT(2) 
PARAMETRIC_REPRESENTATION_CONTEXT() REPRESENTATION_CONTEXT('2D SPACE',''
  ) );
#2210 = PCURVE('',#2211,#2218);
#2211 = SURFACE_OF_LINEAR_EXTRUSION('',#2212,#2216);
#2212 = B_SPLINE_CURVE_WITH_KNOTS('',2,(#2213,#2214,#2215),
  .UNSPECIFIED.,.F.,.F.,(3,3),(0.,1.),.PIECEWISE_BEZIER_KNOTS.);
#2213 = CARTESIAN_POINT('',(7.27978510625,-5.5431640625,3.5));
#2214 = CARTESIAN_POINT('',(7.12373041875,-5.578857421875,3.5));
#2215 = CARTESIAN_POINT('',(6.94443354375,-5.653564453125,3.5));
#2216 = VECTOR('',#2217,1.);
#2217 = DIRECTION('',(0.,0.,-1.));
#2218 = DEFINITIONAL_REPRESENTATION('',(#2219),#2225);
#2219 = B_SPLINE_CURVE_WITH_KNOTS('',4,(#2220,#2221,#2222,#2223,#2224),
  .UNSPECIFIED.,.F.,.F.,(5,5),(0.,1.),.PIECEWISE_BEZIER_KNOTS.);
#2220 = CARTESIAN_POINT('',(1.,-0.5));
#2221 = CARTESIAN_POINT('',(0.752798452974,-0.5));
#2222 = CARTESIAN_POINT('',(0.503591159746,-0.5));
#2223 = CARTESIAN_POINT('',(0.25257003685,-0.5));
#2224 = CARTESIAN_POINT('',(0.,-0.5));
#2225 = ( GEOMETRIC_REPRESENTATION_CONTEXT(2) 
PARAMETRIC_REPRESENTATION_CONTEXT() REPRESENTATION_CONTEXT('2D SPACE',''
  ) );
#2226 = ADVANCED_FACE('',(#2227),#100,.T.);
#2227 = FACE_BOUND('',#2228,.T.);
#2228 = EDGE_LOOP('',(#2229,#2230,#2231,#2254));
#2229 = ORIENTED_EDGE('',*,*,#84,.T.);
#2230 = ORIENTED_EDGE('',*,*,#981,.T.);
#2231 = ORIENTED_EDGE('',*,*,#2232,.F.);
#2232 = EDGE_CURVE('',#2233,#954,#2235,.T.);
#2233 = VERTEX_POINT('',#2234);
#2234 = CARTESIAN_POINT('',(24.8,11.,0.4));
#2235 = SURFACE_CURVE('',#2236,(#2240,#2247),.PCURVE_S1.);
#2236 = LINE('',#2237,#2238);
#2237 = CARTESIAN_POINT('',(24.8,11.,0.));
#2238 = VECTOR('',#2239,1.);
#2239 = DIRECTION('',(0.,0.,1.));
#2240 = PCURVE('',#100,#2241);
#2241 = DEFINITIONAL_REPRESENTATION('',(#2242),#2246);
#2242 = LINE('',#2243,#2244);
#2243 = CARTESIAN_POINT('',(49.6,0.));
#2244 = VECTOR('',#2245,1.);
#2245 = DIRECTION('',(0.,-1.));
#2246 = ( GEOMETRIC_REPRESENTATION_CONTEXT(2) 
PARAMETRIC_REPRESENTATION_CONTEXT() REPRESENTATION_CONTEXT('2D SPACE',''
  ) );
#2247 = PCURVE('',#969,#2248);
#2248 = DEFINITIONAL_REPRESENTATION('',(#2249),#2253);
#2249 = LINE('',#2250,#2251);
#2250 = CARTESIAN_POINT('',(22.,0.));
#2251 = VECTOR('',#2252,1.);
#2252 = DIRECTION('',(0.,-1.));
#2253 = ( GEOMETRIC_REPRESENTATION_CONTEXT(2) 
PARAMETRIC_REPRESENTATION_CONTEXT() REPRESENTATION_CONTEXT('2D SPACE',''
  ) );
#2254 = ORIENTED_EDGE('',*,*,#2255,.F.);
#2255 = EDGE_CURVE('',#85,#2233,#2256,.T.);
#2256 = SURFACE_CURVE('',#2257,(#2261,#2268),.PCURVE_S1.);
#2257 = LINE('',#2258,#2259);
#2258 = CARTESIAN_POINT('',(-24.8,11.,0.4));
#2259 = VECTOR('',#2260,1.);
#2260 = DIRECTION('',(1.,0.,-0.));
#2261 = PCURVE('',#100,#2262);
#2262 = DEFINITIONAL_REPRESENTATION('',(#2263),#2267);
#2263 = LINE('',#2264,#2265);
#2264 = CARTESIAN_POINT('',(0.,-0.4));
#2265 = VECTOR('',#2266,1.);
#2266 = DIRECTION('',(1.,0.));
#2267 = ( GEOMETRIC_REPRESENTATION_CONTEXT(2) 
PARAMETRIC_REPRESENTATION_CONTEXT() REPRESENTATION_CONTEXT('2D SPACE',''
  ) );
#2268 = PCURVE('',#262,#2269);
#2269 = DEFINITIONAL_REPRESENTATION('',(#2270),#2274);
#2270 = LINE('',#2271,#2272);
#2271 = CARTESIAN_POINT('',(-0.,-0.282842712475));
#2272 = VECTOR('',#2273,1.);
#2273 = DIRECTION('',(-1.,0.));
#2274 = ( GEOMETRIC_REPRESENTATION_CONTEXT(2) 
PARAMETRIC_REPRESENTATION_CONTEXT() REPRESENTATION_CONTEXT('2D SPACE',''
  ) );
#2275 = ADVANCED_FACE('',(#2276),#207,.T.);
#2276 = FACE_BOUND('',#2277,.F.);
#2277 = EDGE_LOOP('',(#2278,#2279,#2280,#2308));
#2278 = ORIENTED_EDGE('',*,*,#222,.F.);
#2279 = ORIENTED_EDGE('',*,*,#193,.T.);
#2280 = ORIENTED_EDGE('',*,*,#2281,.T.);
#2281 = EDGE_CURVE('',#166,#2282,#2284,.T.);
#2282 = VERTEX_POINT('',#2283);
#2283 = CARTESIAN_POINT('',(-3.8,-10.6,-2.775557561563E-16));
#2284 = SURFACE_CURVE('',#2285,(#2289,#2296),.PCURVE_S1.);
#2285 = LINE('',#2286,#2287);
#2286 = CARTESIAN_POINT('',(-7.1,-7.3,-3.3));
#2287 = VECTOR('',#2288,1.);
#2288 = DIRECTION('',(-0.57735026919,0.57735026919,-0.57735026919));
#2289 = PCURVE('',#207,#2290);
#2290 = DEFINITIONAL_REPRESENTATION('',(#2291),#2295);
#2291 = LINE('',#2292,#2293);
#2292 = CARTESIAN_POINT('',(-17.7,4.949747468306));
#2293 = VECTOR('',#2294,1.);
#2294 = DIRECTION('',(0.57735026919,0.816496580928));
#2295 = ( GEOMETRIC_REPRESENTATION_CONTEXT(2) 
PARAMETRIC_REPRESENTATION_CONTEXT() REPRESENTATION_CONTEXT('2D SPACE',''
  ) );
#2296 = PCURVE('',#2297,#2302);
#2297 = PLANE('',#2298);
#2298 = AXIS2_PLACEMENT_3D('',#2299,#2300,#2301);
#2299 = CARTESIAN_POINT('',(-3.6,-11.,0.2));
#2300 = DIRECTION('',(0.707106781187,-1.528997198641E-16,-0.707106781187
    ));
#2301 = DIRECTION('',(-2.1913873122E-16,-1.,-2.905873705059E-18));
#2302 = DEFINITIONAL_REPRESENTATION('',(#2303),#2307);
#2303 = LINE('',#2304,#2305);
#2304 = CARTESIAN_POINT('',(-3.7,4.949747468306));
#2305 = VECTOR('',#2306,1.);
#2306 = DIRECTION('',(-0.57735026919,0.816496580928));
#2307 = ( GEOMETRIC_REPRESENTATION_CONTEXT(2) 
PARAMETRIC_REPRESENTATION_CONTEXT() REPRESENTATION_CONTEXT('2D SPACE',''
  ) );
#2308 = ORIENTED_EDGE('',*,*,#2309,.F.);
#2309 = EDGE_CURVE('',#223,#2282,#2310,.T.);
#2310 = SURFACE_CURVE('',#2311,(#2315,#2322),.PCURVE_S1.);
#2311 = LINE('',#2312,#2313);
#2312 = CARTESIAN_POINT('',(-24.8,-10.6,0.));
#2313 = VECTOR('',#2314,1.);
#2314 = DIRECTION('',(1.,0.,-0.));
#2315 = PCURVE('',#207,#2316);
#2316 = DEFINITIONAL_REPRESENTATION('',(#2317),#2321);
#2317 = LINE('',#2318,#2319);
#2318 = CARTESIAN_POINT('',(-0.,0.282842712475));
#2319 = VECTOR('',#2320,1.);
#2320 = DIRECTION('',(-1.,0.));
#2321 = ( GEOMETRIC_REPRESENTATION_CONTEXT(2) 
PARAMETRIC_REPRESENTATION_CONTEXT() REPRESENTATION_CONTEXT('2D SPACE',''
  ) );
#2322 = PCURVE('',#288,#2323);
#2323 = DEFINITIONAL_REPRESENTATION('',(#2324),#2328);
#2324 = LINE('',#2325,#2326);
#2325 = CARTESIAN_POINT('',(-24.8,-10.6));
#2326 = VECTOR('',#2327,1.);
#2327 = DIRECTION('',(1.,0.));
#2328 = ( GEOMETRIC_REPRESENTATION_CONTEXT(2) 
PARAMETRIC_REPRESENTATION_CONTEXT() REPRESENTATION_CONTEXT('2D SPACE',''
  ) );
#2329 = ADVANCED_FACE('',(#2330),#181,.F.);
#2330 = FACE_BOUND('',#2331,.F.);
#2331 = EDGE_LOOP('',(#2332,#2333,#2334,#2357));
#2332 = ORIENTED_EDGE('',*,*,#165,.T.);
#2333 = ORIENTED_EDGE('',*,*,#305,.T.);
#2334 = ORIENTED_EDGE('',*,*,#2335,.F.);
#2335 = EDGE_CURVE('',#2336,#306,#2338,.T.);
#2336 = VERTEX_POINT('',#2337);
#2337 = CARTESIAN_POINT('',(-3.4,-9.772144385112,0.4));
#2338 = SURFACE_CURVE('',#2339,(#2343,#2350),.PCURVE_S1.);
#2339 = LINE('',#2340,#2341);
#2340 = CARTESIAN_POINT('',(-3.4,-9.772144385112,0.));
#2341 = VECTOR('',#2342,1.);
#2342 = DIRECTION('',(0.,0.,1.));
#2343 = PCURVE('',#181,#2344);
#2344 = DEFINITIONAL_REPRESENTATION('',(#2345),#2349);
#2345 = LINE('',#2346,#2347);
#2346 = CARTESIAN_POINT('',(1.227855614888,0.));
#2347 = VECTOR('',#2348,1.);
#2348 = DIRECTION('',(0.,-1.));
#2349 = ( GEOMETRIC_REPRESENTATION_CONTEXT(2) 
PARAMETRIC_REPRESENTATION_CONTEXT() REPRESENTATION_CONTEXT('2D SPACE',''
  ) );
#2350 = PCURVE('',#345,#2351);
#2351 = DEFINITIONAL_REPRESENTATION('',(#2352),#2356);
#2352 = LINE('',#2353,#2354);
#2353 = CARTESIAN_POINT('',(-4.643076934572,0.));
#2354 = VECTOR('',#2355,1.);
#2355 = DIRECTION('',(-0.,-1.));
#2356 = ( GEOMETRIC_REPRESENTATION_CONTEXT(2) 
PARAMETRIC_REPRESENTATION_CONTEXT() REPRESENTATION_CONTEXT('2D SPACE',''
  ) );
#2357 = ORIENTED_EDGE('',*,*,#2358,.F.);
#2358 = EDGE_CURVE('',#166,#2336,#2359,.T.);
#2359 = SURFACE_CURVE('',#2360,(#2364,#2371),.PCURVE_S1.);
#2360 = LINE('',#2361,#2362);
#2361 = CARTESIAN_POINT('',(-3.4,-11.,0.4));
#2362 = VECTOR('',#2363,1.);
#2363 = DIRECTION('',(2.22044604925E-16,1.,0.));
#2364 = PCURVE('',#181,#2365);
#2365 = DEFINITIONAL_REPRESENTATION('',(#2366),#2370);
#2366 = LINE('',#2367,#2368);
#2367 = CARTESIAN_POINT('',(0.,-0.4));
#2368 = VECTOR('',#2369,1.);
#2369 = DIRECTION('',(1.,0.));
#2370 = ( GEOMETRIC_REPRESENTATION_CONTEXT(2) 
PARAMETRIC_REPRESENTATION_CONTEXT() REPRESENTATION_CONTEXT('2D SPACE',''
  ) );
#2371 = PCURVE('',#2297,#2372);
#2372 = DEFINITIONAL_REPRESENTATION('',(#2373),#2377);
#2373 = LINE('',#2374,#2375);
#2374 = CARTESIAN_POINT('',(-0.,-0.282842712475));
#2375 = VECTOR('',#2376,1.);
#2376 = DIRECTION('',(-1.,0.));
#2377 = ( GEOMETRIC_REPRESENTATION_CONTEXT(2) 
PARAMETRIC_REPRESENTATION_CONTEXT() REPRESENTATION_CONTEXT('2D SPACE',''
  ) );
#2378 = ADVANCED_FACE('',(#2379),#288,.F.);
#2379 = FACE_BOUND('',#2380,.F.);
#2380 = EDGE_LOOP('',(#2381,#2382,#2383,#2406,#2435,#2463,#2491,#2519));
#2381 = ORIENTED_EDGE('',*,*,#274,.F.);
#2382 = ORIENTED_EDGE('',*,*,#2309,.T.);
#2383 = ORIENTED_EDGE('',*,*,#2384,.T.);
#2384 = EDGE_CURVE('',#2282,#2385,#2387,.T.);
#2385 = VERTEX_POINT('',#2386);
#2386 = CARTESIAN_POINT('',(-3.8,-9.926033673913,0.));
#2387 = SURFACE_CURVE('',#2388,(#2392,#2399),.PCURVE_S1.);
#2388 = LINE('',#2389,#2390);
#2389 = CARTESIAN_POINT('',(-3.8,-11.,0.));
#2390 = VECTOR('',#2391,1.);
#2391 = DIRECTION('',(2.22044604925E-16,1.,0.));
#2392 = PCURVE('',#288,#2393);
#2393 = DEFINITIONAL_REPRESENTATION('',(#2394),#2398);
#2394 = LINE('',#2395,#2396);
#2395 = CARTESIAN_POINT('',(-3.8,-11.));
#2396 = VECTOR('',#2397,1.);
#2397 = DIRECTION('',(2.22044604925E-16,1.));
#2398 = ( GEOMETRIC_REPRESENTATION_CONTEXT(2) 
PARAMETRIC_REPRESENTATION_CONTEXT() REPRESENTATION_CONTEXT('2D SPACE',''
  ) );
#2399 = PCURVE('',#2297,#2400);
#2400 = DEFINITIONAL_REPRESENTATION('',(#2401),#2405);
#2401 = LINE('',#2402,#2403);
#2402 = CARTESIAN_POINT('',(-0.,0.282842712475));
#2403 = VECTOR('',#2404,1.);
#2404 = DIRECTION('',(-1.,0.));
#2405 = ( GEOMETRIC_REPRESENTATION_CONTEXT(2) 
PARAMETRIC_REPRESENTATION_CONTEXT() REPRESENTATION_CONTEXT('2D SPACE',''
  ) );
#2406 = ORIENTED_EDGE('',*,*,#2407,.F.);
#2407 = EDGE_CURVE('',#2408,#2385,#2410,.T.);
#2408 = VERTEX_POINT('',#2409);
#2409 = CARTESIAN_POINT('',(3.8,-9.926033673913,-2.775557561563E-16));
#2410 = SURFACE_CURVE('',#2411,(#2416,#2423),.PCURVE_S1.);
#2411 = CIRCLE('',#2412,5.05);
#2412 = AXIS2_PLACEMENT_3D('',#2413,#2414,#2415);
#2413 = CARTESIAN_POINT('',(1.021405182655E-15,-6.6,0.));
#2414 = DIRECTION('',(0.,0.,1.));
#2415 = DIRECTION('',(0.731182795699,-0.682181588196,0.));
#2416 = PCURVE('',#288,#2417);
#2417 = DEFINITIONAL_REPRESENTATION('',(#2418),#2422);
#2418 = CIRCLE('',#2419,5.05);
#2419 = AXIS2_PLACEMENT_2D('',#2420,#2421);
#2420 = CARTESIAN_POINT('',(1.021405182655E-15,-6.6));
#2421 = DIRECTION('',(0.731182795699,-0.682181588196));
#2422 = ( GEOMETRIC_REPRESENTATION_CONTEXT(2) 
PARAMETRIC_REPRESENTATION_CONTEXT() REPRESENTATION_CONTEXT('2D SPACE',''
  ) );
#2423 = PCURVE('',#2424,#2429);
#2424 = CONICAL_SURFACE('',#2425,4.65,0.785398163397);
#2425 = AXIS2_PLACEMENT_3D('',#2426,#2427,#2428);
#2426 = CARTESIAN_POINT('',(1.021405182655E-15,-6.6,0.4));
#2427 = DIRECTION('',(-0.,-0.,-1.));
#2428 = DIRECTION('',(0.731182795699,-0.682181588196,0.));
#2429 = DEFINITIONAL_REPRESENTATION('',(#2430),#2434);
#2430 = LINE('',#2431,#2432);
#2431 = CARTESIAN_POINT('',(-0.,0.4));
#2432 = VECTOR('',#2433,1.);
#2433 = DIRECTION('',(-1.,0.));
#2434 = ( GEOMETRIC_REPRESENTATION_CONTEXT(2) 
PARAMETRIC_REPRESENTATION_CONTEXT() REPRESENTATION_CONTEXT('2D SPACE',''
  ) );
#2435 = ORIENTED_EDGE('',*,*,#2436,.F.);
#2436 = EDGE_CURVE('',#2437,#2408,#2439,.T.);
#2437 = VERTEX_POINT('',#2438);
#2438 = CARTESIAN_POINT('',(3.8,-10.6,-1.387778780781E-16));
#2439 = SURFACE_CURVE('',#2440,(#2444,#2451),.PCURVE_S1.);
#2440 = LINE('',#2441,#2442);
#2441 = CARTESIAN_POINT('',(3.8,-11.,0.));
#2442 = VECTOR('',#2443,1.);
#2443 = DIRECTION('',(2.22044604925E-16,1.,0.));
#2444 = PCURVE('',#288,#2445);
#2445 = DEFINITIONAL_REPRESENTATION('',(#2446),#2450);
#2446 = LINE('',#2447,#2448);
#2447 = CARTESIAN_POINT('',(3.8,-11.));
#2448 = VECTOR('',#2449,1.);
#2449 = DIRECTION('',(2.22044604925E-16,1.));
#2450 = ( GEOMETRIC_REPRESENTATION_CONTEXT(2) 
PARAMETRIC_REPRESENTATION_CONTEXT() REPRESENTATION_CONTEXT('2D SPACE',''
  ) );
#2451 = PCURVE('',#2452,#2457);
#2452 = PLANE('',#2453);
#2453 = AXIS2_PLACEMENT_3D('',#2454,#2455,#2456);
#2454 = CARTESIAN_POINT('',(3.6,-11.,0.2));
#2455 = DIRECTION('',(0.707106781187,-1.63324700764E-16,0.707106781187)
  );
#2456 = DIRECTION('',(-2.26510305908E-16,-1.,-4.465700982949E-18));
#2457 = DEFINITIONAL_REPRESENTATION('',(#2458),#2462);
#2458 = LINE('',#2459,#2460);
#2459 = CARTESIAN_POINT('',(-0.,0.282842712475));
#2460 = VECTOR('',#2461,1.);
#2461 = DIRECTION('',(-1.,0.));
#2462 = ( GEOMETRIC_REPRESENTATION_CONTEXT(2) 
PARAMETRIC_REPRESENTATION_CONTEXT() REPRESENTATION_CONTEXT('2D SPACE',''
  ) );
#2463 = ORIENTED_EDGE('',*,*,#2464,.T.);
#2464 = EDGE_CURVE('',#2437,#2465,#2467,.T.);
#2465 = VERTEX_POINT('',#2466);
#2466 = CARTESIAN_POINT('',(24.4,-10.6,5.551115123126E-17));
#2467 = SURFACE_CURVE('',#2468,(#2472,#2479),.PCURVE_S1.);
#2468 = LINE('',#2469,#2470);
#2469 = CARTESIAN_POINT('',(3.4,-10.6,0.));
#2470 = VECTOR('',#2471,1.);
#2471 = DIRECTION('',(1.,0.,-0.));
#2472 = PCURVE('',#288,#2473);
#2473 = DEFINITIONAL_REPRESENTATION('',(#2474),#2478);
#2474 = LINE('',#2475,#2476);
#2475 = CARTESIAN_POINT('',(3.4,-10.6));
#2476 = VECTOR('',#2477,1.);
#2477 = DIRECTION('',(1.,0.));
#2478 = ( GEOMETRIC_REPRESENTATION_CONTEXT(2) 
PARAMETRIC_REPRESENTATION_CONTEXT() REPRESENTATION_CONTEXT('2D SPACE',''
  ) );
#2479 = PCURVE('',#2480,#2485);
#2480 = PLANE('',#2481);
#2481 = AXIS2_PLACEMENT_3D('',#2482,#2483,#2484);
#2482 = CARTESIAN_POINT('',(3.4,-10.8,0.2));
#2483 = DIRECTION('',(-3.474993633276E-18,-0.707106781187,
    -0.707106781187));
#2484 = DIRECTION('',(-1.,2.457191562669E-18,2.457191562669E-18));
#2485 = DEFINITIONAL_REPRESENTATION('',(#2486),#2490);
#2486 = LINE('',#2487,#2488);
#2487 = CARTESIAN_POINT('',(-0.,0.282842712475));
#2488 = VECTOR('',#2489,1.);
#2489 = DIRECTION('',(-1.,0.));
#2490 = ( GEOMETRIC_REPRESENTATION_CONTEXT(2) 
PARAMETRIC_REPRESENTATION_CONTEXT() REPRESENTATION_CONTEXT('2D SPACE',''
  ) );
#2491 = ORIENTED_EDGE('',*,*,#2492,.T.);
#2492 = EDGE_CURVE('',#2465,#2493,#2495,.T.);
#2493 = VERTEX_POINT('',#2494);
#2494 = CARTESIAN_POINT('',(24.4,10.6,-2.498001805407E-16));
#2495 = SURFACE_CURVE('',#2496,(#2500,#2507),.PCURVE_S1.);
#2496 = LINE('',#2497,#2498);
#2497 = CARTESIAN_POINT('',(24.4,-11.,0.));
#2498 = VECTOR('',#2499,1.);
#2499 = DIRECTION('',(-0.,1.,0.));
#2500 = PCURVE('',#288,#2501);
#2501 = DEFINITIONAL_REPRESENTATION('',(#2502),#2506);
#2502 = LINE('',#2503,#2504);
#2503 = CARTESIAN_POINT('',(24.4,-11.));
#2504 = VECTOR('',#2505,1.);
#2505 = DIRECTION('',(0.,1.));
#2506 = ( GEOMETRIC_REPRESENTATION_CONTEXT(2) 
PARAMETRIC_REPRESENTATION_CONTEXT() REPRESENTATION_CONTEXT('2D SPACE',''
  ) );
#2507 = PCURVE('',#2508,#2513);
#2508 = PLANE('',#2509);
#2509 = AXIS2_PLACEMENT_3D('',#2510,#2511,#2512);
#2510 = CARTESIAN_POINT('',(24.6,-11.,0.2));
#2511 = DIRECTION('',(0.707106781187,6.949987266552E-18,-0.707106781187)
  );
#2512 = DIRECTION('',(4.914383125339E-18,-1.,-4.914383125339E-18));
#2513 = DEFINITIONAL_REPRESENTATION('',(#2514),#2518);
#2514 = LINE('',#2515,#2516);
#2515 = CARTESIAN_POINT('',(-0.,0.282842712475));
#2516 = VECTOR('',#2517,1.);
#2517 = DIRECTION('',(-1.,0.));
#2518 = ( GEOMETRIC_REPRESENTATION_CONTEXT(2) 
PARAMETRIC_REPRESENTATION_CONTEXT() REPRESENTATION_CONTEXT('2D SPACE',''
  ) );
#2519 = ORIENTED_EDGE('',*,*,#2520,.F.);
#2520 = EDGE_CURVE('',#247,#2493,#2521,.T.);
#2521 = SURFACE_CURVE('',#2522,(#2526,#2533),.PCURVE_S1.);
#2522 = LINE('',#2523,#2524);
#2523 = CARTESIAN_POINT('',(-24.8,10.6,0.));
#2524 = VECTOR('',#2525,1.);
#2525 = DIRECTION('',(1.,0.,-0.));
#2526 = PCURVE('',#288,#2527);
#2527 = DEFINITIONAL_REPRESENTATION('',(#2528),#2532);
#2528 = LINE('',#2529,#2530);
#2529 = CARTESIAN_POINT('',(-24.8,10.6));
#2530 = VECTOR('',#2531,1.);
#2531 = DIRECTION('',(1.,0.));
#2532 = ( GEOMETRIC_REPRESENTATION_CONTEXT(2) 
PARAMETRIC_REPRESENTATION_CONTEXT() REPRESENTATION_CONTEXT('2D SPACE',''
  ) );
#2533 = PCURVE('',#262,#2534);
#2534 = DEFINITIONAL_REPRESENTATION('',(#2535),#2539);
#2535 = LINE('',#2536,#2537);
#2536 = CARTESIAN_POINT('',(-0.,0.282842712475));
#2537 = VECTOR('',#2538,1.);
#2538 = DIRECTION('',(-1.,0.));
#2539 = ( GEOMETRIC_REPRESENTATION_CONTEXT(2) 
PARAMETRIC_REPRESENTATION_CONTEXT() REPRESENTATION_CONTEXT('2D SPACE',''
  ) );
#2540 = ADVANCED_FACE('',(#2541),#262,.F.);
#2541 = FACE_BOUND('',#2542,.T.);
#2542 = EDGE_LOOP('',(#2543,#2544,#2545,#2566));
#2543 = ORIENTED_EDGE('',*,*,#246,.F.);
#2544 = ORIENTED_EDGE('',*,*,#2255,.T.);
#2545 = ORIENTED_EDGE('',*,*,#2546,.T.);
#2546 = EDGE_CURVE('',#2233,#2493,#2547,.T.);
#2547 = SURFACE_CURVE('',#2548,(#2552,#2559),.PCURVE_S1.);
#2548 = LINE('',#2549,#2550);
#2549 = CARTESIAN_POINT('',(12.733333333333,-1.066666666667,
    -11.66666666666));
#2550 = VECTOR('',#2551,1.);
#2551 = DIRECTION('',(-0.57735026919,-0.57735026919,-0.57735026919));
#2552 = PCURVE('',#262,#2553);
#2553 = DEFINITIONAL_REPRESENTATION('',(#2554),#2558);
#2554 = LINE('',#2555,#2556);
#2555 = CARTESIAN_POINT('',(-37.53333333333,16.782000940161));
#2556 = VECTOR('',#2557,1.);
#2557 = DIRECTION('',(0.57735026919,0.816496580928));
#2558 = ( GEOMETRIC_REPRESENTATION_CONTEXT(2) 
PARAMETRIC_REPRESENTATION_CONTEXT() REPRESENTATION_CONTEXT('2D SPACE',''
  ) );
#2559 = PCURVE('',#2508,#2560);
#2560 = DEFINITIONAL_REPRESENTATION('',(#2561),#2565);
#2561 = LINE('',#2562,#2563);
#2562 = CARTESIAN_POINT('',(-9.933333333333,16.782000940161));
#2563 = VECTOR('',#2564,1.);
#2564 = DIRECTION('',(0.57735026919,0.816496580928));
#2565 = ( GEOMETRIC_REPRESENTATION_CONTEXT(2) 
PARAMETRIC_REPRESENTATION_CONTEXT() REPRESENTATION_CONTEXT('2D SPACE',''
  ) );
#2566 = ORIENTED_EDGE('',*,*,#2520,.F.);
#2567 = ADVANCED_FACE('',(#2568),#969,.F.);
#2568 = FACE_BOUND('',#2569,.F.);
#2569 = EDGE_LOOP('',(#2570,#2593,#2594,#2595));
#2570 = ORIENTED_EDGE('',*,*,#2571,.T.);
#2571 = EDGE_CURVE('',#2572,#926,#2574,.T.);
#2572 = VERTEX_POINT('',#2573);
#2573 = CARTESIAN_POINT('',(24.8,-11.,0.4));
#2574 = SURFACE_CURVE('',#2575,(#2579,#2586),.PCURVE_S1.);
#2575 = LINE('',#2576,#2577);
#2576 = CARTESIAN_POINT('',(24.8,-11.,0.));
#2577 = VECTOR('',#2578,1.);
#2578 = DIRECTION('',(0.,0.,1.));
#2579 = PCURVE('',#969,#2580);
#2580 = DEFINITIONAL_REPRESENTATION('',(#2581),#2585);
#2581 = LINE('',#2582,#2583);
#2582 = CARTESIAN_POINT('',(0.,0.));
#2583 = VECTOR('',#2584,1.);
#2584 = DIRECTION('',(0.,-1.));
#2585 = ( GEOMETRIC_REPRESENTATION_CONTEXT(2) 
PARAMETRIC_REPRESENTATION_CONTEXT() REPRESENTATION_CONTEXT('2D SPACE',''
  ) );
#2586 = PCURVE('',#941,#2587);
#2587 = DEFINITIONAL_REPRESENTATION('',(#2588),#2592);
#2588 = LINE('',#2589,#2590);
#2589 = CARTESIAN_POINT('',(21.4,0.));
#2590 = VECTOR('',#2591,1.);
#2591 = DIRECTION('',(0.,-1.));
#2592 = ( GEOMETRIC_REPRESENTATION_CONTEXT(2) 
PARAMETRIC_REPRESENTATION_CONTEXT() REPRESENTATION_CONTEXT('2D SPACE',''
  ) );
#2593 = ORIENTED_EDGE('',*,*,#953,.T.);
#2594 = ORIENTED_EDGE('',*,*,#2232,.F.);
#2595 = ORIENTED_EDGE('',*,*,#2596,.F.);
#2596 = EDGE_CURVE('',#2572,#2233,#2597,.T.);
#2597 = SURFACE_CURVE('',#2598,(#2602,#2609),.PCURVE_S1.);
#2598 = LINE('',#2599,#2600);
#2599 = CARTESIAN_POINT('',(24.8,-11.,0.4));
#2600 = VECTOR('',#2601,1.);
#2601 = DIRECTION('',(-0.,1.,0.));
#2602 = PCURVE('',#969,#2603);
#2603 = DEFINITIONAL_REPRESENTATION('',(#2604),#2608);
#2604 = LINE('',#2605,#2606);
#2605 = CARTESIAN_POINT('',(0.,-0.4));
#2606 = VECTOR('',#2607,1.);
#2607 = DIRECTION('',(1.,0.));
#2608 = ( GEOMETRIC_REPRESENTATION_CONTEXT(2) 
PARAMETRIC_REPRESENTATION_CONTEXT() REPRESENTATION_CONTEXT('2D SPACE',''
  ) );
#2609 = PCURVE('',#2508,#2610);
#2610 = DEFINITIONAL_REPRESENTATION('',(#2611),#2615);
#2611 = LINE('',#2612,#2613);
#2612 = CARTESIAN_POINT('',(-0.,-0.282842712475));
#2613 = VECTOR('',#2614,1.);
#2614 = DIRECTION('',(-1.,0.));
#2615 = ( GEOMETRIC_REPRESENTATION_CONTEXT(2) 
PARAMETRIC_REPRESENTATION_CONTEXT() REPRESENTATION_CONTEXT('2D SPACE',''
  ) );
#2616 = ADVANCED_FACE('',(#2617),#941,.F.);
#2617 = FACE_BOUND('',#2618,.F.);
#2618 = EDGE_LOOP('',(#2619,#2642,#2643,#2644));
#2619 = ORIENTED_EDGE('',*,*,#2620,.T.);
#2620 = EDGE_CURVE('',#2621,#898,#2623,.T.);
#2621 = VERTEX_POINT('',#2622);
#2622 = CARTESIAN_POINT('',(3.4,-11.,0.4));
#2623 = SURFACE_CURVE('',#2624,(#2628,#2635),.PCURVE_S1.);
#2624 = LINE('',#2625,#2626);
#2625 = CARTESIAN_POINT('',(3.4,-11.,0.));
#2626 = VECTOR('',#2627,1.);
#2627 = DIRECTION('',(0.,0.,1.));
#2628 = PCURVE('',#941,#2629);
#2629 = DEFINITIONAL_REPRESENTATION('',(#2630),#2634);
#2630 = LINE('',#2631,#2632);
#2631 = CARTESIAN_POINT('',(0.,0.));
#2632 = VECTOR('',#2633,1.);
#2633 = DIRECTION('',(0.,-1.));
#2634 = ( GEOMETRIC_REPRESENTATION_CONTEXT(2) 
PARAMETRIC_REPRESENTATION_CONTEXT() REPRESENTATION_CONTEXT('2D SPACE',''
  ) );
#2635 = PCURVE('',#913,#2636);
#2636 = DEFINITIONAL_REPRESENTATION('',(#2637),#2641);
#2637 = LINE('',#2638,#2639);
#2638 = CARTESIAN_POINT('',(0.,0.));
#2639 = VECTOR('',#2640,1.);
#2640 = DIRECTION('',(0.,-1.));
#2641 = ( GEOMETRIC_REPRESENTATION_CONTEXT(2) 
PARAMETRIC_REPRESENTATION_CONTEXT() REPRESENTATION_CONTEXT('2D SPACE',''
  ) );
#2642 = ORIENTED_EDGE('',*,*,#925,.T.);
#2643 = ORIENTED_EDGE('',*,*,#2571,.F.);
#2644 = ORIENTED_EDGE('',*,*,#2645,.F.);
#2645 = EDGE_CURVE('',#2621,#2572,#2646,.T.);
#2646 = SURFACE_CURVE('',#2647,(#2651,#2658),.PCURVE_S1.);
#2647 = LINE('',#2648,#2649);
#2648 = CARTESIAN_POINT('',(3.4,-11.,0.4));
#2649 = VECTOR('',#2650,1.);
#2650 = DIRECTION('',(1.,0.,-0.));
#2651 = PCURVE('',#941,#2652);
#2652 = DEFINITIONAL_REPRESENTATION('',(#2653),#2657);
#2653 = LINE('',#2654,#2655);
#2654 = CARTESIAN_POINT('',(0.,-0.4));
#2655 = VECTOR('',#2656,1.);
#2656 = DIRECTION('',(1.,0.));
#2657 = ( GEOMETRIC_REPRESENTATION_CONTEXT(2) 
PARAMETRIC_REPRESENTATION_CONTEXT() REPRESENTATION_CONTEXT('2D SPACE',''
  ) );
#2658 = PCURVE('',#2480,#2659);
#2659 = DEFINITIONAL_REPRESENTATION('',(#2660),#2664);
#2660 = LINE('',#2661,#2662);
#2661 = CARTESIAN_POINT('',(-0.,-0.282842712475));
#2662 = VECTOR('',#2663,1.);
#2663 = DIRECTION('',(-1.,0.));
#2664 = ( GEOMETRIC_REPRESENTATION_CONTEXT(2) 
PARAMETRIC_REPRESENTATION_CONTEXT() REPRESENTATION_CONTEXT('2D SPACE',''
  ) );
#2665 = ADVANCED_FACE('',(#2666),#913,.T.);
#2666 = FACE_BOUND('',#2667,.T.);
#2667 = EDGE_LOOP('',(#2668,#2669,#2670,#2693));
#2668 = ORIENTED_EDGE('',*,*,#2620,.T.);
#2669 = ORIENTED_EDGE('',*,*,#897,.T.);
#2670 = ORIENTED_EDGE('',*,*,#2671,.F.);
#2671 = EDGE_CURVE('',#2672,#874,#2674,.T.);
#2672 = VERTEX_POINT('',#2673);
#2673 = CARTESIAN_POINT('',(3.4,-9.772144385112,0.4));
#2674 = SURFACE_CURVE('',#2675,(#2679,#2686),.PCURVE_S1.);
#2675 = LINE('',#2676,#2677);
#2676 = CARTESIAN_POINT('',(3.4,-9.772144385112,0.));
#2677 = VECTOR('',#2678,1.);
#2678 = DIRECTION('',(0.,0.,1.));
#2679 = PCURVE('',#913,#2680);
#2680 = DEFINITIONAL_REPRESENTATION('',(#2681),#2685);
#2681 = LINE('',#2682,#2683);
#2682 = CARTESIAN_POINT('',(1.227855614888,0.));
#2683 = VECTOR('',#2684,1.);
#2684 = DIRECTION('',(0.,-1.));
#2685 = ( GEOMETRIC_REPRESENTATION_CONTEXT(2) 
PARAMETRIC_REPRESENTATION_CONTEXT() REPRESENTATION_CONTEXT('2D SPACE',''
  ) );
#2686 = PCURVE('',#345,#2687);
#2687 = DEFINITIONAL_REPRESENTATION('',(#2688),#2692);
#2688 = LINE('',#2689,#2690);
#2689 = CARTESIAN_POINT('',(-0.,0.));
#2690 = VECTOR('',#2691,1.);
#2691 = DIRECTION('',(-0.,-1.));
#2692 = ( GEOMETRIC_REPRESENTATION_CONTEXT(2) 
PARAMETRIC_REPRESENTATION_CONTEXT() REPRESENTATION_CONTEXT('2D SPACE',''
  ) );
#2693 = ORIENTED_EDGE('',*,*,#2694,.F.);
#2694 = EDGE_CURVE('',#2621,#2672,#2695,.T.);
#2695 = SURFACE_CURVE('',#2696,(#2700,#2707),.PCURVE_S1.);
#2696 = LINE('',#2697,#2698);
#2697 = CARTESIAN_POINT('',(3.4,-11.,0.4));
#2698 = VECTOR('',#2699,1.);
#2699 = DIRECTION('',(2.22044604925E-16,1.,0.));
#2700 = PCURVE('',#913,#2701);
#2701 = DEFINITIONAL_REPRESENTATION('',(#2702),#2706);
#2702 = LINE('',#2703,#2704);
#2703 = CARTESIAN_POINT('',(0.,-0.4));
#2704 = VECTOR('',#2705,1.);
#2705 = DIRECTION('',(1.,0.));
#2706 = ( GEOMETRIC_REPRESENTATION_CONTEXT(2) 
PARAMETRIC_REPRESENTATION_CONTEXT() REPRESENTATION_CONTEXT('2D SPACE',''
  ) );
#2707 = PCURVE('',#2452,#2708);
#2708 = DEFINITIONAL_REPRESENTATION('',(#2709),#2713);
#2709 = LINE('',#2710,#2711);
#2710 = CARTESIAN_POINT('',(-0.,-0.282842712475));
#2711 = VECTOR('',#2712,1.);
#2712 = DIRECTION('',(-1.,0.));
#2713 = ( GEOMETRIC_REPRESENTATION_CONTEXT(2) 
PARAMETRIC_REPRESENTATION_CONTEXT() REPRESENTATION_CONTEXT('2D SPACE',''
  ) );
#2714 = ADVANCED_FACE('',(#2715),#345,.F.);
#2715 = FACE_BOUND('',#2716,.T.);
#2716 = EDGE_LOOP('',(#2717,#2739,#2740,#2741,#2762,#2795,#2814,#2815,
    #2836,#2869,#2888,#2889,#2910,#2943,#2962,#2963));
#2717 = ORIENTED_EDGE('',*,*,#2718,.F.);
#2718 = EDGE_CURVE('',#2672,#2336,#2719,.T.);
#2719 = SURFACE_CURVE('',#2720,(#2725,#2732),.PCURVE_S1.);
#2720 = CIRCLE('',#2721,4.65);
#2721 = AXIS2_PLACEMENT_3D('',#2722,#2723,#2724);
#2722 = CARTESIAN_POINT('',(1.021405182655E-15,-6.6,0.4));
#2723 = DIRECTION('',(0.,0.,1.));
#2724 = DIRECTION('',(0.731182795699,-0.682181588196,0.));
#2725 = PCURVE('',#345,#2726);
#2726 = DEFINITIONAL_REPRESENTATION('',(#2727),#2731);
#2727 = LINE('',#2728,#2729);
#2728 = CARTESIAN_POINT('',(-0.,-0.4));
#2729 = VECTOR('',#2730,1.);
#2730 = DIRECTION('',(-1.,0.));
#2731 = ( GEOMETRIC_REPRESENTATION_CONTEXT(2) 
PARAMETRIC_REPRESENTATION_CONTEXT() REPRESENTATION_CONTEXT('2D SPACE',''
  ) );
#2732 = PCURVE('',#2424,#2733);
#2733 = DEFINITIONAL_REPRESENTATION('',(#2734),#2738);
#2734 = LINE('',#2735,#2736);
#2735 = CARTESIAN_POINT('',(-0.,0.));
#2736 = VECTOR('',#2737,1.);
#2737 = DIRECTION('',(-1.,0.));
#2738 = ( GEOMETRIC_REPRESENTATION_CONTEXT(2) 
PARAMETRIC_REPRESENTATION_CONTEXT() REPRESENTATION_CONTEXT('2D SPACE',''
  ) );
#2739 = ORIENTED_EDGE('',*,*,#2671,.T.);
#2740 = ORIENTED_EDGE('',*,*,#873,.T.);
#2741 = ORIENTED_EDGE('',*,*,#2742,.T.);
#2742 = EDGE_CURVE('',#848,#2743,#2745,.T.);
#2743 = VERTEX_POINT('',#2744);
#2744 = CARTESIAN_POINT('',(4.647962289578,-6.737646484375,3.5));
#2745 = SURFACE_CURVE('',#2746,(#2750,#2756),.PCURVE_S1.);
#2746 = LINE('',#2747,#2748);
#2747 = CARTESIAN_POINT('',(4.647962289578,-6.737646484375,0.));
#2748 = VECTOR('',#2749,1.);
#2749 = DIRECTION('',(0.,-0.,-1.));
#2750 = PCURVE('',#345,#2751);
#2751 = DEFINITIONAL_REPRESENTATION('',(#2752),#2755);
#2752 = B_SPLINE_CURVE_WITH_KNOTS('',1,(#2753,#2754),.UNSPECIFIED.,.F.,
  .F.,(2,2),(-4.0000006,-3.4),.PIECEWISE_BEZIER_KNOTS.);
#2753 = CARTESIAN_POINT('',(-0.721136421296,-4.0000006));
#2754 = CARTESIAN_POINT('',(-0.721136421296,-3.4));
#2755 = ( GEOMETRIC_REPRESENTATION_CONTEXT(2) 
PARAMETRIC_REPRESENTATION_CONTEXT() REPRESENTATION_CONTEXT('2D SPACE',''
  ) );
#2756 = PCURVE('',#862,#2757);
#2757 = DEFINITIONAL_REPRESENTATION('',(#2758),#2761);
#2758 = B_SPLINE_CURVE_WITH_KNOTS('',1,(#2759,#2760),.UNSPECIFIED.,.F.,
  .F.,(2,2),(-4.0000006,-3.4),.PIECEWISE_BEZIER_KNOTS.);
#2759 = CARTESIAN_POINT('',(1.702135316672,-0.5000006));
#2760 = CARTESIAN_POINT('',(1.702135316672,0.1));
#2761 = ( GEOMETRIC_REPRESENTATION_CONTEXT(2) 
PARAMETRIC_REPRESENTATION_CONTEXT() REPRESENTATION_CONTEXT('2D SPACE',''
  ) );
#2762 = ORIENTED_EDGE('',*,*,#2763,.F.);
#2763 = EDGE_CURVE('',#2764,#2743,#2766,.T.);
#2764 = VERTEX_POINT('',#2765);
#2765 = CARTESIAN_POINT('',(4.640055097785,-6.296044921875,3.5));
#2766 = SURFACE_CURVE('',#2767,(#2772,#2779),.PCURVE_S1.);
#2767 = CIRCLE('',#2768,4.65);
#2768 = AXIS2_PLACEMENT_3D('',#2769,#2770,#2771);
#2769 = CARTESIAN_POINT('',(1.021405182655E-15,-6.6,3.5));
#2770 = DIRECTION('',(0.,-0.,-1.));
#2771 = DIRECTION('',(0.731182795699,-0.682181588196,0.));
#2772 = PCURVE('',#345,#2773);
#2773 = DEFINITIONAL_REPRESENTATION('',(#2774),#2778);
#2774 = LINE('',#2775,#2776);
#2775 = CARTESIAN_POINT('',(-6.28318530718,-3.5));
#2776 = VECTOR('',#2777,1.);
#2777 = DIRECTION('',(1.,-0.));
#2778 = ( GEOMETRIC_REPRESENTATION_CONTEXT(2) 
PARAMETRIC_REPRESENTATION_CONTEXT() REPRESENTATION_CONTEXT('2D SPACE',''
  ) );
#2779 = PCURVE('',#2780,#2785);
#2780 = PLANE('',#2781);
#2781 = AXIS2_PLACEMENT_3D('',#2782,#2783,#2784);
#2782 = CARTESIAN_POINT('',(4.21845698125,-6.737646484375,3.5));
#2783 = DIRECTION('',(0.,0.,1.));
#2784 = DIRECTION('',(1.,0.,0.));
#2785 = DEFINITIONAL_REPRESENTATION('',(#2786),#2794);
#2786 = ( BOUNDED_CURVE() B_SPLINE_CURVE(2,(#2787,#2788,#2789,#2790,
#2791,#2792,#2793),.UNSPECIFIED.,.T.,.F.) B_SPLINE_CURVE_WITH_KNOTS((1,2
    ,2,2,2,1),(-2.094395102393,0.,2.094395102393,4.188790204786,
6.28318530718,8.377580409573),.UNSPECIFIED.) CURVE() 
GEOMETRIC_REPRESENTATION_ITEM() RATIONAL_B_SPLINE_CURVE((1.,0.5,1.,0.5,
1.,0.5,1.)) REPRESENTATION_ITEM('') );
#2787 = CARTESIAN_POINT('',(-0.81845698125,-3.034497900737));
#2788 = CARTESIAN_POINT('',(-6.312772225209,-8.923470646472));
#2789 = CARTESIAN_POINT('',(-8.665614603229,-1.220767695936));
#2790 = CARTESIAN_POINT('',(-11.01845698125,6.4819352546));
#2791 = CARTESIAN_POINT('',(-3.171299359271,4.668205049798));
#2792 = CARTESIAN_POINT('',(4.675858262709,2.854474844997));
#2793 = CARTESIAN_POINT('',(-0.81845698125,-3.034497900737));
#2794 = ( GEOMETRIC_REPRESENTATION_CONTEXT(2) 
PARAMETRIC_REPRESENTATION_CONTEXT() REPRESENTATION_CONTEXT('2D SPACE',''
  ) );
#2795 = ORIENTED_EDGE('',*,*,#2796,.F.);
#2796 = EDGE_CURVE('',#590,#2764,#2797,.T.);
#2797 = SURFACE_CURVE('',#2798,(#2802,#2808),.PCURVE_S1.);
#2798 = LINE('',#2799,#2800);
#2799 = CARTESIAN_POINT('',(4.640055097785,-6.296044921875,0.));
#2800 = VECTOR('',#2801,1.);
#2801 = DIRECTION('',(0.,-0.,-1.));
#2802 = PCURVE('',#345,#2803);
#2803 = DEFINITIONAL_REPRESENTATION('',(#2804),#2807);
#2804 = B_SPLINE_CURVE_WITH_KNOTS('',1,(#2805,#2806),.UNSPECIFIED.,.F.,
  .F.,(2,2),(-4.0000006,-3.4),.PIECEWISE_BEZIER_KNOTS.);
#2805 = CARTESIAN_POINT('',(-0.816155463522,-4.0000006));
#2806 = CARTESIAN_POINT('',(-0.816155463522,-3.4));
#2807 = ( GEOMETRIC_REPRESENTATION_CONTEXT(2) 
PARAMETRIC_REPRESENTATION_CONTEXT() REPRESENTATION_CONTEXT('2D SPACE',''
  ) );
#2808 = PCURVE('',#628,#2809);
#2809 = DEFINITIONAL_REPRESENTATION('',(#2810),#2813);
#2810 = B_SPLINE_CURVE_WITH_KNOTS('',1,(#2811,#2812),.UNSPECIFIED.,.F.,
  .F.,(2,2),(-4.0000006,-3.4),.PIECEWISE_BEZIER_KNOTS.);
#2811 = CARTESIAN_POINT('',(2.316061653516E-02,-0.5000006));
#2812 = CARTESIAN_POINT('',(2.316061653516E-02,0.1));
#2813 = ( GEOMETRIC_REPRESENTATION_CONTEXT(2) 
PARAMETRIC_REPRESENTATION_CONTEXT() REPRESENTATION_CONTEXT('2D SPACE',''
  ) );
#2814 = ORIENTED_EDGE('',*,*,#589,.T.);
#2815 = ORIENTED_EDGE('',*,*,#2816,.T.);
#2816 = EDGE_CURVE('',#564,#2817,#2819,.T.);
#2817 = VERTEX_POINT('',#2818);
#2818 = CARTESIAN_POINT('',(-4.017757391373,-4.259033203125,3.5));
#2819 = SURFACE_CURVE('',#2820,(#2824,#2830),.PCURVE_S1.);
#2820 = LINE('',#2821,#2822);
#2821 = CARTESIAN_POINT('',(-4.017757391373,-4.259033203125,0.));
#2822 = VECTOR('',#2823,1.);
#2823 = DIRECTION('',(0.,-0.,-1.));
#2824 = PCURVE('',#345,#2825);
#2825 = DEFINITIONAL_REPRESENTATION('',(#2826),#2829);
#2826 = B_SPLINE_CURVE_WITH_KNOTS('',1,(#2827,#2828),.UNSPECIFIED.,.F.,
  .F.,(2,2),(-4.0000006,-3.4),.PIECEWISE_BEZIER_KNOTS.);
#2827 = CARTESIAN_POINT('',(-3.36476654143,-4.0000006));
#2828 = CARTESIAN_POINT('',(-3.36476654143,-3.4));
#2829 = ( GEOMETRIC_REPRESENTATION_CONTEXT(2) 
PARAMETRIC_REPRESENTATION_CONTEXT() REPRESENTATION_CONTEXT('2D SPACE',''
  ) );
#2830 = PCURVE('',#578,#2831);
#2831 = DEFINITIONAL_REPRESENTATION('',(#2832),#2835);
#2832 = B_SPLINE_CURVE_WITH_KNOTS('',1,(#2833,#2834),.UNSPECIFIED.,.F.,
  .F.,(2,2),(-4.0000006,-3.4),.PIECEWISE_BEZIER_KNOTS.);
#2833 = CARTESIAN_POINT('',(0.459684064877,-0.5000006));
#2834 = CARTESIAN_POINT('',(0.459684064877,0.1));
#2835 = ( GEOMETRIC_REPRESENTATION_CONTEXT(2) 
PARAMETRIC_REPRESENTATION_CONTEXT() REPRESENTATION_CONTEXT('2D SPACE',''
  ) );
#2836 = ORIENTED_EDGE('',*,*,#2837,.F.);
#2837 = EDGE_CURVE('',#2838,#2817,#2840,.T.);
#2838 = VERTEX_POINT('',#2839);
#2839 = CARTESIAN_POINT('',(-4.47412114375,-5.333216675572,3.5));
#2840 = SURFACE_CURVE('',#2841,(#2846,#2853),.PCURVE_S1.);
#2841 = CIRCLE('',#2842,4.65);
#2842 = AXIS2_PLACEMENT_3D('',#2843,#2844,#2845);
#2843 = CARTESIAN_POINT('',(1.021405182655E-15,-6.6,3.5));
#2844 = DIRECTION('',(0.,-0.,-1.));
#2845 = DIRECTION('',(0.731182795699,-0.682181588196,0.));
#2846 = PCURVE('',#345,#2847);
#2847 = DEFINITIONAL_REPRESENTATION('',(#2848),#2852);
#2848 = LINE('',#2849,#2850);
#2849 = CARTESIAN_POINT('',(-6.28318530718,-3.5));
#2850 = VECTOR('',#2851,1.);
#2851 = DIRECTION('',(1.,-0.));
#2852 = ( GEOMETRIC_REPRESENTATION_CONTEXT(2) 
PARAMETRIC_REPRESENTATION_CONTEXT() REPRESENTATION_CONTEXT('2D SPACE',''
  ) );
#2853 = PCURVE('',#2854,#2859);
#2854 = PLANE('',#2855);
#2855 = AXIS2_PLACEMENT_3D('',#2856,#2857,#2858);
#2856 = CARTESIAN_POINT('',(-5.43701176875,-6.737646484375,3.5));
#2857 = DIRECTION('',(0.,0.,1.));
#2858 = DIRECTION('',(1.,0.,0.));
#2859 = DEFINITIONAL_REPRESENTATION('',(#2860),#2868);
#2860 = ( BOUNDED_CURVE() B_SPLINE_CURVE(2,(#2861,#2862,#2863,#2864,
#2865,#2866,#2867),.UNSPECIFIED.,.T.,.F.) B_SPLINE_CURVE_WITH_KNOTS((1,2
    ,2,2,2,1),(-2.094395102393,0.,2.094395102393,4.188790204786,
6.28318530718,8.377580409573),.UNSPECIFIED.) CURVE() 
GEOMETRIC_REPRESENTATION_ITEM() RATIONAL_B_SPLINE_CURVE((1.,0.5,1.,0.5,
1.,0.5,1.)) REPRESENTATION_ITEM('') );
#2861 = CARTESIAN_POINT('',(8.83701176875,-3.034497900737));
#2862 = CARTESIAN_POINT('',(3.342696524791,-8.923470646472));
#2863 = CARTESIAN_POINT('',(0.989854146771,-1.220767695936));
#2864 = CARTESIAN_POINT('',(-1.36298823125,6.4819352546));
#2865 = CARTESIAN_POINT('',(6.484169390729,4.668205049798));
#2866 = CARTESIAN_POINT('',(14.331327012709,2.854474844997));
#2867 = CARTESIAN_POINT('',(8.83701176875,-3.034497900737));
#2868 = ( GEOMETRIC_REPRESENTATION_CONTEXT(2) 
PARAMETRIC_REPRESENTATION_CONTEXT() REPRESENTATION_CONTEXT('2D SPACE',''
  ) );
#2869 = ORIENTED_EDGE('',*,*,#2870,.F.);
#2870 = EDGE_CURVE('',#436,#2838,#2871,.T.);
#2871 = SURFACE_CURVE('',#2872,(#2876,#2882),.PCURVE_S1.);
#2872 = LINE('',#2873,#2874);
#2873 = CARTESIAN_POINT('',(-4.47412114375,-5.333216675572,0.));
#2874 = VECTOR('',#2875,1.);
#2875 = DIRECTION('',(0.,-0.,-1.));
#2876 = PCURVE('',#345,#2877);
#2877 = DEFINITIONAL_REPRESENTATION('',(#2878),#2881);
#2878 = B_SPLINE_CURVE_WITH_KNOTS('',1,(#2879,#2880),.UNSPECIFIED.,.F.,
  .F.,(2,2),(-4.0000006,-3.4),.PIECEWISE_BEZIER_KNOTS.);
#2879 = CARTESIAN_POINT('',(-3.616420751113,-4.0000006));
#2880 = CARTESIAN_POINT('',(-3.616420751113,-3.4));
#2881 = ( GEOMETRIC_REPRESENTATION_CONTEXT(2) 
PARAMETRIC_REPRESENTATION_CONTEXT() REPRESENTATION_CONTEXT('2D SPACE',''
  ) );
#2882 = PCURVE('',#474,#2883);
#2883 = DEFINITIONAL_REPRESENTATION('',(#2884),#2887);
#2884 = B_SPLINE_CURVE_WITH_KNOTS('',1,(#2885,#2886),.UNSPECIFIED.,.F.,
  .F.,(2,2),(-4.0000006,-3.4),.PIECEWISE_BEZIER_KNOTS.);
#2885 = CARTESIAN_POINT('',(0.962828246303,-0.5000006));
#2886 = CARTESIAN_POINT('',(0.962828246303,0.1));
#2887 = ( GEOMETRIC_REPRESENTATION_CONTEXT(2) 
PARAMETRIC_REPRESENTATION_CONTEXT() REPRESENTATION_CONTEXT('2D SPACE',''
  ) );
#2888 = ORIENTED_EDGE('',*,*,#435,.T.);
#2889 = ORIENTED_EDGE('',*,*,#2890,.T.);
#2890 = EDGE_CURVE('',#410,#2891,#2893,.T.);
#2891 = VERTEX_POINT('',#2892);
#2892 = CARTESIAN_POINT('',(-4.640055097785,-6.296044921875,3.5));
#2893 = SURFACE_CURVE('',#2894,(#2898,#2904),.PCURVE_S1.);
#2894 = LINE('',#2895,#2896);
#2895 = CARTESIAN_POINT('',(-4.640055097785,-6.296044921875,0.));
#2896 = VECTOR('',#2897,1.);
#2897 = DIRECTION('',(0.,-0.,-1.));
#2898 = PCURVE('',#345,#2899);
#2899 = DEFINITIONAL_REPRESENTATION('',(#2900),#2903);
#2900 = B_SPLINE_CURVE_WITH_KNOTS('',1,(#2901,#2902),.UNSPECIFIED.,.F.,
  .F.,(2,2),(-4.0000006,-3.4),.PIECEWISE_BEZIER_KNOTS.);
#2901 = CARTESIAN_POINT('',(-3.826921471051,-4.0000006));
#2902 = CARTESIAN_POINT('',(-3.826921471051,-3.4));
#2903 = ( GEOMETRIC_REPRESENTATION_CONTEXT(2) 
PARAMETRIC_REPRESENTATION_CONTEXT() REPRESENTATION_CONTEXT('2D SPACE',''
  ) );
#2904 = PCURVE('',#424,#2905);
#2905 = DEFINITIONAL_REPRESENTATION('',(#2906),#2909);
#2906 = B_SPLINE_CURVE_WITH_KNOTS('',1,(#2907,#2908),.UNSPECIFIED.,.F.,
  .F.,(2,2),(-4.0000006,-3.4),.PIECEWISE_BEZIER_KNOTS.);
#2907 = CARTESIAN_POINT('',(0.398519170965,-0.5000006));
#2908 = CARTESIAN_POINT('',(0.398519170965,0.1));
#2909 = ( GEOMETRIC_REPRESENTATION_CONTEXT(2) 
PARAMETRIC_REPRESENTATION_CONTEXT() REPRESENTATION_CONTEXT('2D SPACE',''
  ) );
#2910 = ORIENTED_EDGE('',*,*,#2911,.F.);
#2911 = EDGE_CURVE('',#2912,#2891,#2914,.T.);
#2912 = VERTEX_POINT('',#2913);
#2913 = CARTESIAN_POINT('',(-4.647962289578,-6.737646484375,3.5));
#2914 = SURFACE_CURVE('',#2915,(#2920,#2927),.PCURVE_S1.);
#2915 = CIRCLE('',#2916,4.65);
#2916 = AXIS2_PLACEMENT_3D('',#2917,#2918,#2919);
#2917 = CARTESIAN_POINT('',(1.021405182655E-15,-6.6,3.5));
#2918 = DIRECTION('',(0.,-0.,-1.));
#2919 = DIRECTION('',(0.731182795699,-0.682181588196,0.));
#2920 = PCURVE('',#345,#2921);
#2921 = DEFINITIONAL_REPRESENTATION('',(#2922),#2926);
#2922 = LINE('',#2923,#2924);
#2923 = CARTESIAN_POINT('',(-6.28318530718,-3.5));
#2924 = VECTOR('',#2925,1.);
#2925 = DIRECTION('',(1.,-0.));
#2926 = ( GEOMETRIC_REPRESENTATION_CONTEXT(2) 
PARAMETRIC_REPRESENTATION_CONTEXT() REPRESENTATION_CONTEXT('2D SPACE',''
  ) );
#2927 = PCURVE('',#2928,#2933);
#2928 = PLANE('',#2929);
#2929 = AXIS2_PLACEMENT_3D('',#2930,#2931,#2932);
#2930 = CARTESIAN_POINT('',(-5.43701176875,-6.737646484375,3.5));
#2931 = DIRECTION('',(0.,0.,1.));
#2932 = DIRECTION('',(1.,0.,0.));
#2933 = DEFINITIONAL_REPRESENTATION('',(#2934),#2942);
#2934 = ( BOUNDED_CURVE() B_SPLINE_CURVE(2,(#2935,#2936,#2937,#2938,
#2939,#2940,#2941),.UNSPECIFIED.,.T.,.F.) B_SPLINE_CURVE_WITH_KNOTS((1,2
    ,2,2,2,1),(-2.094395102393,0.,2.094395102393,4.188790204786,
6.28318530718,8.377580409573),.UNSPECIFIED.) CURVE() 
GEOMETRIC_REPRESENTATION_ITEM() RATIONAL_B_SPLINE_CURVE((1.,0.5,1.,0.5,
1.,0.5,1.)) REPRESENTATION_ITEM('') );
#2935 = CARTESIAN_POINT('',(8.83701176875,-3.034497900737));
#2936 = CARTESIAN_POINT('',(3.342696524791,-8.923470646472));
#2937 = CARTESIAN_POINT('',(0.989854146771,-1.220767695936));
#2938 = CARTESIAN_POINT('',(-1.36298823125,6.4819352546));
#2939 = CARTESIAN_POINT('',(6.484169390729,4.668205049798));
#2940 = CARTESIAN_POINT('',(14.331327012709,2.854474844997));
#2941 = CARTESIAN_POINT('',(8.83701176875,-3.034497900737));
#2942 = ( GEOMETRIC_REPRESENTATION_CONTEXT(2) 
PARAMETRIC_REPRESENTATION_CONTEXT() REPRESENTATION_CONTEXT('2D SPACE',''
  ) );
#2943 = ORIENTED_EDGE('',*,*,#2944,.F.);
#2944 = EDGE_CURVE('',#329,#2912,#2945,.T.);
#2945 = SURFACE_CURVE('',#2946,(#2950,#2956),.PCURVE_S1.);
#2946 = LINE('',#2947,#2948);
#2947 = CARTESIAN_POINT('',(-4.647962289578,-6.737646484375,0.));
#2948 = VECTOR('',#2949,1.);
#2949 = DIRECTION('',(0.,-0.,-1.));
#2950 = PCURVE('',#345,#2951);
#2951 = DEFINITIONAL_REPRESENTATION('',(#2952),#2955);
#2952 = B_SPLINE_CURVE_WITH_KNOTS('',1,(#2953,#2954),.UNSPECIFIED.,.F.,
  .F.,(2,2),(-4.0000006,-3.4),.PIECEWISE_BEZIER_KNOTS.);
#2953 = CARTESIAN_POINT('',(-3.921940513276,-4.0000006));
#2954 = CARTESIAN_POINT('',(-3.921940513276,-3.4));
#2955 = ( GEOMETRIC_REPRESENTATION_CONTEXT(2) 
PARAMETRIC_REPRESENTATION_CONTEXT() REPRESENTATION_CONTEXT('2D SPACE',''
  ) );
#2956 = PCURVE('',#372,#2957);
#2957 = DEFINITIONAL_REPRESENTATION('',(#2958),#2961);
#2958 = B_SPLINE_CURVE_WITH_KNOTS('',1,(#2959,#2960),.UNSPECIFIED.,.F.,
  .F.,(2,2),(-4.0000006,-3.4),.PIECEWISE_BEZIER_KNOTS.);
#2959 = CARTESIAN_POINT('',(1.342591145828,-0.5000006));
#2960 = CARTESIAN_POINT('',(1.342591145828,0.1));
#2961 = ( GEOMETRIC_REPRESENTATION_CONTEXT(2) 
PARAMETRIC_REPRESENTATION_CONTEXT() REPRESENTATION_CONTEXT('2D SPACE',''
  ) );
#2962 = ORIENTED_EDGE('',*,*,#328,.T.);
#2963 = ORIENTED_EDGE('',*,*,#2335,.F.);
#2964 = ADVANCED_FACE('',(#2965),#862,.F.);
#2965 = FACE_BOUND('',#2966,.F.);
#2966 = EDGE_LOOP('',(#2967,#2990,#3011,#3012));
#2967 = ORIENTED_EDGE('',*,*,#2968,.F.);
#2968 = EDGE_CURVE('',#2969,#2743,#2971,.T.);
#2969 = VERTEX_POINT('',#2970);
#2970 = CARTESIAN_POINT('',(6.35009760625,-6.737646484375,3.5));
#2971 = SURFACE_CURVE('',#2972,(#2976,#2983),.PCURVE_S1.);
#2972 = LINE('',#2973,#2974);
#2973 = CARTESIAN_POINT('',(6.35009760625,-6.737646484375,3.5));
#2974 = VECTOR('',#2975,1.);
#2975 = DIRECTION('',(-1.,0.,0.));
#2976 = PCURVE('',#862,#2977);
#2977 = DEFINITIONAL_REPRESENTATION('',(#2978),#2982);
#2978 = LINE('',#2979,#2980);
#2979 = CARTESIAN_POINT('',(0.,-0.));
#2980 = VECTOR('',#2981,1.);
#2981 = DIRECTION('',(1.,0.));
#2982 = ( GEOMETRIC_REPRESENTATION_CONTEXT(2) 
PARAMETRIC_REPRESENTATION_CONTEXT() REPRESENTATION_CONTEXT('2D SPACE',''
  ) );
#2983 = PCURVE('',#2780,#2984);
#2984 = DEFINITIONAL_REPRESENTATION('',(#2985),#2989);
#2985 = LINE('',#2986,#2987);
#2986 = CARTESIAN_POINT('',(2.131640625,0.));
#2987 = VECTOR('',#2988,1.);
#2988 = DIRECTION('',(-1.,0.));
#2989 = ( GEOMETRIC_REPRESENTATION_CONTEXT(2) 
PARAMETRIC_REPRESENTATION_CONTEXT() REPRESENTATION_CONTEXT('2D SPACE',''
  ) );
#2990 = ORIENTED_EDGE('',*,*,#2991,.T.);
#2991 = EDGE_CURVE('',#2969,#822,#2992,.T.);
#2992 = SURFACE_CURVE('',#2993,(#2997,#3004),.PCURVE_S1.);
#2993 = LINE('',#2994,#2995);
#2994 = CARTESIAN_POINT('',(6.35009760625,-6.737646484375,3.5));
#2995 = VECTOR('',#2996,1.);
#2996 = DIRECTION('',(0.,0.,1.));
#2997 = PCURVE('',#862,#2998);
#2998 = DEFINITIONAL_REPRESENTATION('',(#2999),#3003);
#2999 = LINE('',#3000,#3001);
#3000 = CARTESIAN_POINT('',(0.,-0.));
#3001 = VECTOR('',#3002,1.);
#3002 = DIRECTION('',(0.,-1.));
#3003 = ( GEOMETRIC_REPRESENTATION_CONTEXT(2) 
PARAMETRIC_REPRESENTATION_CONTEXT() REPRESENTATION_CONTEXT('2D SPACE',''
  ) );
#3004 = PCURVE('',#836,#3005);
#3005 = DEFINITIONAL_REPRESENTATION('',(#3006),#3010);
#3006 = LINE('',#3007,#3008);
#3007 = CARTESIAN_POINT('',(0.4416015625,0.));
#3008 = VECTOR('',#3009,1.);
#3009 = DIRECTION('',(0.,-1.));
#3010 = ( GEOMETRIC_REPRESENTATION_CONTEXT(2) 
PARAMETRIC_REPRESENTATION_CONTEXT() REPRESENTATION_CONTEXT('2D SPACE',''
  ) );
#3011 = ORIENTED_EDGE('',*,*,#847,.F.);
#3012 = ORIENTED_EDGE('',*,*,#2742,.T.);
#3013 = ADVANCED_FACE('',(#3014),#836,.F.);
#3014 = FACE_BOUND('',#3015,.F.);
#3015 = EDGE_LOOP('',(#3016,#3039,#3060,#3061));
#3016 = ORIENTED_EDGE('',*,*,#3017,.F.);
#3017 = EDGE_CURVE('',#3018,#2969,#3020,.T.);
#3018 = VERTEX_POINT('',#3019);
#3019 = CARTESIAN_POINT('',(6.35009760625,-6.296044921875,3.5));
#3020 = SURFACE_CURVE('',#3021,(#3025,#3032),.PCURVE_S1.);
#3021 = LINE('',#3022,#3023);
#3022 = CARTESIAN_POINT('',(6.35009760625,-6.296044921875,3.5));
#3023 = VECTOR('',#3024,1.);
#3024 = DIRECTION('',(0.,-1.,0.));
#3025 = PCURVE('',#836,#3026);
#3026 = DEFINITIONAL_REPRESENTATION('',(#3027),#3031);
#3027 = LINE('',#3028,#3029);
#3028 = CARTESIAN_POINT('',(0.,0.));
#3029 = VECTOR('',#3030,1.);
#3030 = DIRECTION('',(1.,0.));
#3031 = ( GEOMETRIC_REPRESENTATION_CONTEXT(2) 
PARAMETRIC_REPRESENTATION_CONTEXT() REPRESENTATION_CONTEXT('2D SPACE',''
  ) );
#3032 = PCURVE('',#2780,#3033);
#3033 = DEFINITIONAL_REPRESENTATION('',(#3034),#3038);
#3034 = LINE('',#3035,#3036);
#3035 = CARTESIAN_POINT('',(2.131640625,0.4416015625));
#3036 = VECTOR('',#3037,1.);
#3037 = DIRECTION('',(0.,-1.));
#3038 = ( GEOMETRIC_REPRESENTATION_CONTEXT(2) 
PARAMETRIC_REPRESENTATION_CONTEXT() REPRESENTATION_CONTEXT('2D SPACE',''
  ) );
#3039 = ORIENTED_EDGE('',*,*,#3040,.T.);
#3040 = EDGE_CURVE('',#3018,#796,#3041,.T.);
#3041 = SURFACE_CURVE('',#3042,(#3046,#3053),.PCURVE_S1.);
#3042 = LINE('',#3043,#3044);
#3043 = CARTESIAN_POINT('',(6.35009760625,-6.296044921875,3.5));
#3044 = VECTOR('',#3045,1.);
#3045 = DIRECTION('',(0.,0.,1.));
#3046 = PCURVE('',#836,#3047);
#3047 = DEFINITIONAL_REPRESENTATION('',(#3048),#3052);
#3048 = LINE('',#3049,#3050);
#3049 = CARTESIAN_POINT('',(0.,0.));
#3050 = VECTOR('',#3051,1.);
#3051 = DIRECTION('',(0.,-1.));
#3052 = ( GEOMETRIC_REPRESENTATION_CONTEXT(2) 
PARAMETRIC_REPRESENTATION_CONTEXT() REPRESENTATION_CONTEXT('2D SPACE',''
  ) );
#3053 = PCURVE('',#810,#3054);
#3054 = DEFINITIONAL_REPRESENTATION('',(#3055),#3059);
#3055 = LINE('',#3056,#3057);
#3056 = CARTESIAN_POINT('',(0.564453125,0.));
#3057 = VECTOR('',#3058,1.);
#3058 = DIRECTION('',(0.,-1.));
#3059 = ( GEOMETRIC_REPRESENTATION_CONTEXT(2) 
PARAMETRIC_REPRESENTATION_CONTEXT() REPRESENTATION_CONTEXT('2D SPACE',''
  ) );
#3060 = ORIENTED_EDGE('',*,*,#821,.F.);
#3061 = ORIENTED_EDGE('',*,*,#2991,.F.);
#3062 = ADVANCED_FACE('',(#3063),#810,.F.);
#3063 = FACE_BOUND('',#3064,.F.);
#3064 = EDGE_LOOP('',(#3065,#3088,#3109,#3110));
#3065 = ORIENTED_EDGE('',*,*,#3066,.F.);
#3066 = EDGE_CURVE('',#3067,#3018,#3069,.T.);
#3067 = VERTEX_POINT('',#3068);
#3068 = CARTESIAN_POINT('',(5.78564448125,-6.296044921875,3.5));
#3069 = SURFACE_CURVE('',#3070,(#3074,#3081),.PCURVE_S1.);
#3070 = LINE('',#3071,#3072);
#3071 = CARTESIAN_POINT('',(5.78564448125,-6.296044921875,3.5));
#3072 = VECTOR('',#3073,1.);
#3073 = DIRECTION('',(1.,0.,0.));
#3074 = PCURVE('',#810,#3075);
#3075 = DEFINITIONAL_REPRESENTATION('',(#3076),#3080);
#3076 = LINE('',#3077,#3078);
#3077 = CARTESIAN_POINT('',(0.,0.));
#3078 = VECTOR('',#3079,1.);
#3079 = DIRECTION('',(1.,0.));
#3080 = ( GEOMETRIC_REPRESENTATION_CONTEXT(2) 
PARAMETRIC_REPRESENTATION_CONTEXT() REPRESENTATION_CONTEXT('2D SPACE',''
  ) );
#3081 = PCURVE('',#2780,#3082);
#3082 = DEFINITIONAL_REPRESENTATION('',(#3083),#3087);
#3083 = LINE('',#3084,#3085);
#3084 = CARTESIAN_POINT('',(1.5671875,0.4416015625));
#3085 = VECTOR('',#3086,1.);
#3086 = DIRECTION('',(1.,0.));
#3087 = ( GEOMETRIC_REPRESENTATION_CONTEXT(2) 
PARAMETRIC_REPRESENTATION_CONTEXT() REPRESENTATION_CONTEXT('2D SPACE',''
  ) );
#3088 = ORIENTED_EDGE('',*,*,#3089,.T.);
#3089 = EDGE_CURVE('',#3067,#770,#3090,.T.);
#3090 = SURFACE_CURVE('',#3091,(#3095,#3102),.PCURVE_S1.);
#3091 = LINE('',#3092,#3093);
#3092 = CARTESIAN_POINT('',(5.78564448125,-6.296044921875,3.5));
#3093 = VECTOR('',#3094,1.);
#3094 = DIRECTION('',(0.,0.,1.));
#3095 = PCURVE('',#810,#3096);
#3096 = DEFINITIONAL_REPRESENTATION('',(#3097),#3101);
#3097 = LINE('',#3098,#3099);
#3098 = CARTESIAN_POINT('',(0.,0.));
#3099 = VECTOR('',#3100,1.);
#3100 = DIRECTION('',(0.,-1.));
#3101 = ( GEOMETRIC_REPRESENTATION_CONTEXT(2) 
PARAMETRIC_REPRESENTATION_CONTEXT() REPRESENTATION_CONTEXT('2D SPACE',''
  ) );
#3102 = PCURVE('',#784,#3103);
#3103 = DEFINITIONAL_REPRESENTATION('',(#3104),#3108);
#3104 = LINE('',#3105,#3106);
#3105 = CARTESIAN_POINT('',(2.03701171875,0.));
#3106 = VECTOR('',#3107,1.);
#3107 = DIRECTION('',(0.,-1.));
#3108 = ( GEOMETRIC_REPRESENTATION_CONTEXT(2) 
PARAMETRIC_REPRESENTATION_CONTEXT() REPRESENTATION_CONTEXT('2D SPACE',''
  ) );
#3109 = ORIENTED_EDGE('',*,*,#795,.F.);
#3110 = ORIENTED_EDGE('',*,*,#3040,.F.);
#3111 = ADVANCED_FACE('',(#3112),#784,.F.);
#3112 = FACE_BOUND('',#3113,.F.);
#3113 = EDGE_LOOP('',(#3114,#3137,#3158,#3159));
#3114 = ORIENTED_EDGE('',*,*,#3115,.F.);
#3115 = EDGE_CURVE('',#3116,#3067,#3118,.T.);
#3116 = VERTEX_POINT('',#3117);
#3117 = CARTESIAN_POINT('',(5.78564448125,-4.259033203125,3.5));
#3118 = SURFACE_CURVE('',#3119,(#3123,#3130),.PCURVE_S1.);
#3119 = LINE('',#3120,#3121);
#3120 = CARTESIAN_POINT('',(5.78564448125,-4.259033203125,3.5));
#3121 = VECTOR('',#3122,1.);
#3122 = DIRECTION('',(0.,-1.,0.));
#3123 = PCURVE('',#784,#3124);
#3124 = DEFINITIONAL_REPRESENTATION('',(#3125),#3129);
#3125 = LINE('',#3126,#3127);
#3126 = CARTESIAN_POINT('',(0.,0.));
#3127 = VECTOR('',#3128,1.);
#3128 = DIRECTION('',(1.,0.));
#3129 = ( GEOMETRIC_REPRESENTATION_CONTEXT(2) 
PARAMETRIC_REPRESENTATION_CONTEXT() REPRESENTATION_CONTEXT('2D SPACE',''
  ) );
#3130 = PCURVE('',#2780,#3131);
#3131 = DEFINITIONAL_REPRESENTATION('',(#3132),#3136);
#3132 = LINE('',#3133,#3134);
#3133 = CARTESIAN_POINT('',(1.5671875,2.47861328125));
#3134 = VECTOR('',#3135,1.);
#3135 = DIRECTION('',(0.,-1.));
#3136 = ( GEOMETRIC_REPRESENTATION_CONTEXT(2) 
PARAMETRIC_REPRESENTATION_CONTEXT() REPRESENTATION_CONTEXT('2D SPACE',''
  ) );
#3137 = ORIENTED_EDGE('',*,*,#3138,.T.);
#3138 = EDGE_CURVE('',#3116,#744,#3139,.T.);
#3139 = SURFACE_CURVE('',#3140,(#3144,#3151),.PCURVE_S1.);
#3140 = LINE('',#3141,#3142);
#3141 = CARTESIAN_POINT('',(5.78564448125,-4.259033203125,3.5));
#3142 = VECTOR('',#3143,1.);
#3143 = DIRECTION('',(0.,0.,1.));
#3144 = PCURVE('',#784,#3145);
#3145 = DEFINITIONAL_REPRESENTATION('',(#3146),#3150);
#3146 = LINE('',#3147,#3148);
#3147 = CARTESIAN_POINT('',(0.,0.));
#3148 = VECTOR('',#3149,1.);
#3149 = DIRECTION('',(0.,-1.));
#3150 = ( GEOMETRIC_REPRESENTATION_CONTEXT(2) 
PARAMETRIC_REPRESENTATION_CONTEXT() REPRESENTATION_CONTEXT('2D SPACE',''
  ) );
#3151 = PCURVE('',#758,#3152);
#3152 = DEFINITIONAL_REPRESENTATION('',(#3153),#3157);
#3153 = LINE('',#3154,#3155);
#3154 = CARTESIAN_POINT('',(0.6076171875,0.));
#3155 = VECTOR('',#3156,1.);
#3156 = DIRECTION('',(0.,-1.));
#3157 = ( GEOMETRIC_REPRESENTATION_CONTEXT(2) 
PARAMETRIC_REPRESENTATION_CONTEXT() REPRESENTATION_CONTEXT('2D SPACE',''
  ) );
#3158 = ORIENTED_EDGE('',*,*,#769,.F.);
#3159 = ORIENTED_EDGE('',*,*,#3089,.F.);
#3160 = ADVANCED_FACE('',(#3161),#758,.F.);
#3161 = FACE_BOUND('',#3162,.F.);
#3162 = EDGE_LOOP('',(#3163,#3186,#3207,#3208));
#3163 = ORIENTED_EDGE('',*,*,#3164,.F.);
#3164 = EDGE_CURVE('',#3165,#3116,#3167,.T.);
#3165 = VERTEX_POINT('',#3166);
#3166 = CARTESIAN_POINT('',(5.17802729375,-4.259033203125,3.5));
#3167 = SURFACE_CURVE('',#3168,(#3172,#3179),.PCURVE_S1.);
#3168 = LINE('',#3169,#3170);
#3169 = CARTESIAN_POINT('',(5.17802729375,-4.259033203125,3.5));
#3170 = VECTOR('',#3171,1.);
#3171 = DIRECTION('',(1.,0.,0.));
#3172 = PCURVE('',#758,#3173);
#3173 = DEFINITIONAL_REPRESENTATION('',(#3174),#3178);
#3174 = LINE('',#3175,#3176);
#3175 = CARTESIAN_POINT('',(0.,0.));
#3176 = VECTOR('',#3177,1.);
#3177 = DIRECTION('',(1.,0.));
#3178 = ( GEOMETRIC_REPRESENTATION_CONTEXT(2) 
PARAMETRIC_REPRESENTATION_CONTEXT() REPRESENTATION_CONTEXT('2D SPACE',''
  ) );
#3179 = PCURVE('',#2780,#3180);
#3180 = DEFINITIONAL_REPRESENTATION('',(#3181),#3185);
#3181 = LINE('',#3182,#3183);
#3182 = CARTESIAN_POINT('',(0.9595703125,2.47861328125));
#3183 = VECTOR('',#3184,1.);
#3184 = DIRECTION('',(1.,0.));
#3185 = ( GEOMETRIC_REPRESENTATION_CONTEXT(2) 
PARAMETRIC_REPRESENTATION_CONTEXT() REPRESENTATION_CONTEXT('2D SPACE',''
  ) );
#3186 = ORIENTED_EDGE('',*,*,#3187,.T.);
#3187 = EDGE_CURVE('',#3165,#718,#3188,.T.);
#3188 = SURFACE_CURVE('',#3189,(#3193,#3200),.PCURVE_S1.);
#3189 = LINE('',#3190,#3191);
#3190 = CARTESIAN_POINT('',(5.17802729375,-4.259033203125,3.5));
#3191 = VECTOR('',#3192,1.);
#3192 = DIRECTION('',(0.,0.,1.));
#3193 = PCURVE('',#758,#3194);
#3194 = DEFINITIONAL_REPRESENTATION('',(#3195),#3199);
#3195 = LINE('',#3196,#3197);
#3196 = CARTESIAN_POINT('',(0.,0.));
#3197 = VECTOR('',#3198,1.);
#3198 = DIRECTION('',(0.,-1.));
#3199 = ( GEOMETRIC_REPRESENTATION_CONTEXT(2) 
PARAMETRIC_REPRESENTATION_CONTEXT() REPRESENTATION_CONTEXT('2D SPACE',''
  ) );
#3200 = PCURVE('',#732,#3201);
#3201 = DEFINITIONAL_REPRESENTATION('',(#3202),#3206);
#3202 = LINE('',#3203,#3204);
#3203 = CARTESIAN_POINT('',(0.588344478376,0.));
#3204 = VECTOR('',#3205,1.);
#3205 = DIRECTION('',(0.,-1.));
#3206 = ( GEOMETRIC_REPRESENTATION_CONTEXT(2) 
PARAMETRIC_REPRESENTATION_CONTEXT() REPRESENTATION_CONTEXT('2D SPACE',''
  ) );
#3207 = ORIENTED_EDGE('',*,*,#743,.F.);
#3208 = ORIENTED_EDGE('',*,*,#3138,.F.);
#3209 = ADVANCED_FACE('',(#3210),#732,.F.);
#3210 = FACE_BOUND('',#3211,.F.);
#3211 = EDGE_LOOP('',(#3212,#3235,#3256,#3257));
#3212 = ORIENTED_EDGE('',*,*,#3213,.F.);
#3213 = EDGE_CURVE('',#3214,#3165,#3216,.T.);
#3214 = VERTEX_POINT('',#3215);
#3215 = CARTESIAN_POINT('',(4.601953075,-4.378564453125,3.5));
#3216 = SURFACE_CURVE('',#3217,(#3221,#3228),.PCURVE_S1.);
#3217 = LINE('',#3218,#3219);
#3218 = CARTESIAN_POINT('',(4.601953075,-4.378564453125,3.5));
#3219 = VECTOR('',#3220,1.);
#3220 = DIRECTION('',(0.979144429707,0.203165414809,0.));
#3221 = PCURVE('',#732,#3222);
#3222 = DEFINITIONAL_REPRESENTATION('',(#3223),#3227);
#3223 = LINE('',#3224,#3225);
#3224 = CARTESIAN_POINT('',(0.,0.));
#3225 = VECTOR('',#3226,1.);
#3226 = DIRECTION('',(1.,0.));
#3227 = ( GEOMETRIC_REPRESENTATION_CONTEXT(2) 
PARAMETRIC_REPRESENTATION_CONTEXT() REPRESENTATION_CONTEXT('2D SPACE',''
  ) );
#3228 = PCURVE('',#2780,#3229);
#3229 = DEFINITIONAL_REPRESENTATION('',(#3230),#3234);
#3230 = LINE('',#3231,#3232);
#3231 = CARTESIAN_POINT('',(0.38349609375,2.35908203125));
#3232 = VECTOR('',#3233,1.);
#3233 = DIRECTION('',(0.979144429707,0.203165414809));
#3234 = ( GEOMETRIC_REPRESENTATION_CONTEXT(2) 
PARAMETRIC_REPRESENTATION_CONTEXT() REPRESENTATION_CONTEXT('2D SPACE',''
  ) );
#3235 = ORIENTED_EDGE('',*,*,#3236,.T.);
#3236 = EDGE_CURVE('',#3214,#692,#3237,.T.);
#3237 = SURFACE_CURVE('',#3238,(#3242,#3249),.PCURVE_S1.);
#3238 = LINE('',#3239,#3240);
#3239 = CARTESIAN_POINT('',(4.601953075,-4.378564453125,3.5));
#3240 = VECTOR('',#3241,1.);
#3241 = DIRECTION('',(0.,0.,1.));
#3242 = PCURVE('',#732,#3243);
#3243 = DEFINITIONAL_REPRESENTATION('',(#3244),#3248);
#3244 = LINE('',#3245,#3246);
#3245 = CARTESIAN_POINT('',(0.,0.));
#3246 = VECTOR('',#3247,1.);
#3247 = DIRECTION('',(0.,-1.));
#3248 = ( GEOMETRIC_REPRESENTATION_CONTEXT(2) 
PARAMETRIC_REPRESENTATION_CONTEXT() REPRESENTATION_CONTEXT('2D SPACE',''
  ) );
#3249 = PCURVE('',#706,#3250);
#3250 = DEFINITIONAL_REPRESENTATION('',(#3251),#3255);
#3251 = LINE('',#3252,#3253);
#3252 = CARTESIAN_POINT('',(0.4349609375,0.));
#3253 = VECTOR('',#3254,1.);
#3254 = DIRECTION('',(0.,-1.));
#3255 = ( GEOMETRIC_REPRESENTATION_CONTEXT(2) 
PARAMETRIC_REPRESENTATION_CONTEXT() REPRESENTATION_CONTEXT('2D SPACE',''
  ) );
#3256 = ORIENTED_EDGE('',*,*,#717,.F.);
#3257 = ORIENTED_EDGE('',*,*,#3187,.F.);
#3258 = ADVANCED_FACE('',(#3259),#706,.F.);
#3259 = FACE_BOUND('',#3260,.F.);
#3260 = EDGE_LOOP('',(#3261,#3284,#3305,#3306));
#3261 = ORIENTED_EDGE('',*,*,#3262,.F.);
#3262 = EDGE_CURVE('',#3263,#3214,#3265,.T.);
#3263 = VERTEX_POINT('',#3264);
#3264 = CARTESIAN_POINT('',(4.601953075,-4.813525390625,3.5));
#3265 = SURFACE_CURVE('',#3266,(#3270,#3277),.PCURVE_S1.);
#3266 = LINE('',#3267,#3268);
#3267 = CARTESIAN_POINT('',(4.601953075,-4.813525390625,3.5));
#3268 = VECTOR('',#3269,1.);
#3269 = DIRECTION('',(0.,1.,0.));
#3270 = PCURVE('',#706,#3271);
#3271 = DEFINITIONAL_REPRESENTATION('',(#3272),#3276);
#3272 = LINE('',#3273,#3274);
#3273 = CARTESIAN_POINT('',(0.,0.));
#3274 = VECTOR('',#3275,1.);
#3275 = DIRECTION('',(1.,0.));
#3276 = ( GEOMETRIC_REPRESENTATION_CONTEXT(2) 
PARAMETRIC_REPRESENTATION_CONTEXT() REPRESENTATION_CONTEXT('2D SPACE',''
  ) );
#3277 = PCURVE('',#2780,#3278);
#3278 = DEFINITIONAL_REPRESENTATION('',(#3279),#3283);
#3279 = LINE('',#3280,#3281);
#3280 = CARTESIAN_POINT('',(0.38349609375,1.92412109375));
#3281 = VECTOR('',#3282,1.);
#3282 = DIRECTION('',(0.,1.));
#3283 = ( GEOMETRIC_REPRESENTATION_CONTEXT(2) 
PARAMETRIC_REPRESENTATION_CONTEXT() REPRESENTATION_CONTEXT('2D SPACE',''
  ) );
#3284 = ORIENTED_EDGE('',*,*,#3285,.T.);
#3285 = EDGE_CURVE('',#3263,#666,#3286,.T.);
#3286 = SURFACE_CURVE('',#3287,(#3291,#3298),.PCURVE_S1.);
#3287 = LINE('',#3288,#3289);
#3288 = CARTESIAN_POINT('',(4.601953075,-4.813525390625,3.5));
#3289 = VECTOR('',#3290,1.);
#3290 = DIRECTION('',(0.,0.,1.));
#3291 = PCURVE('',#706,#3292);
#3292 = DEFINITIONAL_REPRESENTATION('',(#3293),#3297);
#3293 = LINE('',#3294,#3295);
#3294 = CARTESIAN_POINT('',(0.,0.));
#3295 = VECTOR('',#3296,1.);
#3296 = DIRECTION('',(0.,-1.));
#3297 = ( GEOMETRIC_REPRESENTATION_CONTEXT(2) 
PARAMETRIC_REPRESENTATION_CONTEXT() REPRESENTATION_CONTEXT('2D SPACE',''
  ) );
#3298 = PCURVE('',#680,#3299);
#3299 = DEFINITIONAL_REPRESENTATION('',(#3300),#3304);
#3300 = LINE('',#3301,#3302);
#3301 = CARTESIAN_POINT('',(0.591595928459,0.));
#3302 = VECTOR('',#3303,1.);
#3303 = DIRECTION('',(0.,-1.));
#3304 = ( GEOMETRIC_REPRESENTATION_CONTEXT(2) 
PARAMETRIC_REPRESENTATION_CONTEXT() REPRESENTATION_CONTEXT('2D SPACE',''
  ) );
#3305 = ORIENTED_EDGE('',*,*,#691,.F.);
#3306 = ORIENTED_EDGE('',*,*,#3236,.F.);
#3307 = ADVANCED_FACE('',(#3308),#680,.F.);
#3308 = FACE_BOUND('',#3309,.F.);
#3309 = EDGE_LOOP('',(#3310,#3333,#3354,#3355));
#3310 = ORIENTED_EDGE('',*,*,#3311,.F.);
#3311 = EDGE_CURVE('',#3312,#3263,#3314,.T.);
#3312 = VERTEX_POINT('',#3313);
#3313 = CARTESIAN_POINT('',(5.18134760625,-4.693994140625,3.5));
#3314 = SURFACE_CURVE('',#3315,(#3319,#3326),.PCURVE_S1.);
#3315 = LINE('',#3316,#3317);
#3316 = CARTESIAN_POINT('',(5.18134760625,-4.693994140625,3.5));
#3317 = VECTOR('',#3318,1.);
#3318 = DIRECTION('',(-0.979375454391,-0.202048804344,0.));
#3319 = PCURVE('',#680,#3320);
#3320 = DEFINITIONAL_REPRESENTATION('',(#3321),#3325);
#3321 = LINE('',#3322,#3323);
#3322 = CARTESIAN_POINT('',(0.,0.));
#3323 = VECTOR('',#3324,1.);
#3324 = DIRECTION('',(1.,0.));
#3325 = ( GEOMETRIC_REPRESENTATION_CONTEXT(2) 
PARAMETRIC_REPRESENTATION_CONTEXT() REPRESENTATION_CONTEXT('2D SPACE',''
  ) );
#3326 = PCURVE('',#2780,#3327);
#3327 = DEFINITIONAL_REPRESENTATION('',(#3328),#3332);
#3328 = LINE('',#3329,#3330);
#3329 = CARTESIAN_POINT('',(0.962890625,2.04365234375));
#3330 = VECTOR('',#3331,1.);
#3331 = DIRECTION('',(-0.979375454391,-0.202048804344));
#3332 = ( GEOMETRIC_REPRESENTATION_CONTEXT(2) 
PARAMETRIC_REPRESENTATION_CONTEXT() REPRESENTATION_CONTEXT('2D SPACE',''
  ) );
#3333 = ORIENTED_EDGE('',*,*,#3334,.T.);
#3334 = EDGE_CURVE('',#3312,#640,#3335,.T.);
#3335 = SURFACE_CURVE('',#3336,(#3340,#3347),.PCURVE_S1.);
#3336 = LINE('',#3337,#3338);
#3337 = CARTESIAN_POINT('',(5.18134760625,-4.693994140625,3.5));
#3338 = VECTOR('',#3339,1.);
#3339 = DIRECTION('',(0.,0.,1.));
#3340 = PCURVE('',#680,#3341);
#3341 = DEFINITIONAL_REPRESENTATION('',(#3342),#3346);
#3342 = LINE('',#3343,#3344);
#3343 = CARTESIAN_POINT('',(0.,0.));
#3344 = VECTOR('',#3345,1.);
#3345 = DIRECTION('',(0.,-1.));
#3346 = ( GEOMETRIC_REPRESENTATION_CONTEXT(2) 
PARAMETRIC_REPRESENTATION_CONTEXT() REPRESENTATION_CONTEXT('2D SPACE',''
  ) );
#3347 = PCURVE('',#654,#3348);
#3348 = DEFINITIONAL_REPRESENTATION('',(#3349),#3353);
#3349 = LINE('',#3350,#3351);
#3350 = CARTESIAN_POINT('',(1.60205078125,0.));
#3351 = VECTOR('',#3352,1.);
#3352 = DIRECTION('',(0.,-1.));
#3353 = ( GEOMETRIC_REPRESENTATION_CONTEXT(2) 
PARAMETRIC_REPRESENTATION_CONTEXT() REPRESENTATION_CONTEXT('2D SPACE',''
  ) );
#3354 = ORIENTED_EDGE('',*,*,#665,.F.);
#3355 = ORIENTED_EDGE('',*,*,#3285,.F.);
#3356 = ADVANCED_FACE('',(#3357),#654,.F.);
#3357 = FACE_BOUND('',#3358,.F.);
#3358 = EDGE_LOOP('',(#3359,#3382,#3403,#3404));
#3359 = ORIENTED_EDGE('',*,*,#3360,.F.);
#3360 = EDGE_CURVE('',#3361,#3312,#3363,.T.);
#3361 = VERTEX_POINT('',#3362);
#3362 = CARTESIAN_POINT('',(5.18134760625,-6.296044921875,3.5));
#3363 = SURFACE_CURVE('',#3364,(#3368,#3375),.PCURVE_S1.);
#3364 = LINE('',#3365,#3366);
#3365 = CARTESIAN_POINT('',(5.18134760625,-6.296044921875,3.5));
#3366 = VECTOR('',#3367,1.);
#3367 = DIRECTION('',(0.,1.,0.));
#3368 = PCURVE('',#654,#3369);
#3369 = DEFINITIONAL_REPRESENTATION('',(#3370),#3374);
#3370 = LINE('',#3371,#3372);
#3371 = CARTESIAN_POINT('',(0.,0.));
#3372 = VECTOR('',#3373,1.);
#3373 = DIRECTION('',(1.,0.));
#3374 = ( GEOMETRIC_REPRESENTATION_CONTEXT(2) 
PARAMETRIC_REPRESENTATION_CONTEXT() REPRESENTATION_CONTEXT('2D SPACE',''
  ) );
#3375 = PCURVE('',#2780,#3376);
#3376 = DEFINITIONAL_REPRESENTATION('',(#3377),#3381);
#3377 = LINE('',#3378,#3379);
#3378 = CARTESIAN_POINT('',(0.962890625,0.4416015625));
#3379 = VECTOR('',#3380,1.);
#3380 = DIRECTION('',(0.,1.));
#3381 = ( GEOMETRIC_REPRESENTATION_CONTEXT(2) 
PARAMETRIC_REPRESENTATION_CONTEXT() REPRESENTATION_CONTEXT('2D SPACE',''
  ) );
#3382 = ORIENTED_EDGE('',*,*,#3383,.T.);
#3383 = EDGE_CURVE('',#3361,#614,#3384,.T.);
#3384 = SURFACE_CURVE('',#3385,(#3389,#3396),.PCURVE_S1.);
#3385 = LINE('',#3386,#3387);
#3386 = CARTESIAN_POINT('',(5.18134760625,-6.296044921875,3.5));
#3387 = VECTOR('',#3388,1.);
#3388 = DIRECTION('',(0.,0.,1.));
#3389 = PCURVE('',#654,#3390);
#3390 = DEFINITIONAL_REPRESENTATION('',(#3391),#3395);
#3391 = LINE('',#3392,#3393);
#3392 = CARTESIAN_POINT('',(0.,0.));
#3393 = VECTOR('',#3394,1.);
#3394 = DIRECTION('',(0.,-1.));
#3395 = ( GEOMETRIC_REPRESENTATION_CONTEXT(2) 
PARAMETRIC_REPRESENTATION_CONTEXT() REPRESENTATION_CONTEXT('2D SPACE',''
  ) );
#3396 = PCURVE('',#628,#3397);
#3397 = DEFINITIONAL_REPRESENTATION('',(#3398),#3402);
#3398 = LINE('',#3399,#3400);
#3399 = CARTESIAN_POINT('',(0.564453125,0.));
#3400 = VECTOR('',#3401,1.);
#3401 = DIRECTION('',(0.,-1.));
#3402 = ( GEOMETRIC_REPRESENTATION_CONTEXT(2) 
PARAMETRIC_REPRESENTATION_CONTEXT() REPRESENTATION_CONTEXT('2D SPACE',''
  ) );
#3403 = ORIENTED_EDGE('',*,*,#639,.F.);
#3404 = ORIENTED_EDGE('',*,*,#3334,.F.);
#3405 = ADVANCED_FACE('',(#3406),#628,.F.);
#3406 = FACE_BOUND('',#3407,.F.);
#3407 = EDGE_LOOP('',(#3408,#3429,#3430,#3431));
#3408 = ORIENTED_EDGE('',*,*,#3409,.F.);
#3409 = EDGE_CURVE('',#2764,#3361,#3410,.T.);
#3410 = SURFACE_CURVE('',#3411,(#3415,#3422),.PCURVE_S1.);
#3411 = LINE('',#3412,#3413);
#3412 = CARTESIAN_POINT('',(4.61689448125,-6.296044921875,3.5));
#3413 = VECTOR('',#3414,1.);
#3414 = DIRECTION('',(1.,0.,0.));
#3415 = PCURVE('',#628,#3416);
#3416 = DEFINITIONAL_REPRESENTATION('',(#3417),#3421);
#3417 = LINE('',#3418,#3419);
#3418 = CARTESIAN_POINT('',(0.,0.));
#3419 = VECTOR('',#3420,1.);
#3420 = DIRECTION('',(1.,0.));
#3421 = ( GEOMETRIC_REPRESENTATION_CONTEXT(2) 
PARAMETRIC_REPRESENTATION_CONTEXT() REPRESENTATION_CONTEXT('2D SPACE',''
  ) );
#3422 = PCURVE('',#2780,#3423);
#3423 = DEFINITIONAL_REPRESENTATION('',(#3424),#3428);
#3424 = LINE('',#3425,#3426);
#3425 = CARTESIAN_POINT('',(0.3984375,0.4416015625));
#3426 = VECTOR('',#3427,1.);
#3427 = DIRECTION('',(1.,0.));
#3428 = ( GEOMETRIC_REPRESENTATION_CONTEXT(2) 
PARAMETRIC_REPRESENTATION_CONTEXT() REPRESENTATION_CONTEXT('2D SPACE',''
  ) );
#3429 = ORIENTED_EDGE('',*,*,#2796,.F.);
#3430 = ORIENTED_EDGE('',*,*,#613,.F.);
#3431 = ORIENTED_EDGE('',*,*,#3383,.F.);
#3432 = ADVANCED_FACE('',(#3433),#578,.F.);
#3433 = FACE_BOUND('',#3434,.F.);
#3434 = EDGE_LOOP('',(#3435,#3458,#3479,#3480));
#3435 = ORIENTED_EDGE('',*,*,#3436,.F.);
#3436 = EDGE_CURVE('',#3437,#2817,#3439,.T.);
#3437 = VERTEX_POINT('',#3438);
#3438 = CARTESIAN_POINT('',(-4.47744145625,-4.259033203125,3.5));
#3439 = SURFACE_CURVE('',#3440,(#3444,#3451),.PCURVE_S1.);
#3440 = LINE('',#3441,#3442);
#3441 = CARTESIAN_POINT('',(-4.47744145625,-4.259033203125,3.5));
#3442 = VECTOR('',#3443,1.);
#3443 = DIRECTION('',(1.,0.,0.));
#3444 = PCURVE('',#578,#3445);
#3445 = DEFINITIONAL_REPRESENTATION('',(#3446),#3450);
#3446 = LINE('',#3447,#3448);
#3447 = CARTESIAN_POINT('',(0.,0.));
#3448 = VECTOR('',#3449,1.);
#3449 = DIRECTION('',(1.,0.));
#3450 = ( GEOMETRIC_REPRESENTATION_CONTEXT(2) 
PARAMETRIC_REPRESENTATION_CONTEXT() REPRESENTATION_CONTEXT('2D SPACE',''
  ) );
#3451 = PCURVE('',#2854,#3452);
#3452 = DEFINITIONAL_REPRESENTATION('',(#3453),#3457);
#3453 = LINE('',#3454,#3455);
#3454 = CARTESIAN_POINT('',(0.9595703125,2.47861328125));
#3455 = VECTOR('',#3456,1.);
#3456 = DIRECTION('',(1.,0.));
#3457 = ( GEOMETRIC_REPRESENTATION_CONTEXT(2) 
PARAMETRIC_REPRESENTATION_CONTEXT() REPRESENTATION_CONTEXT('2D SPACE',''
  ) );
#3458 = ORIENTED_EDGE('',*,*,#3459,.T.);
#3459 = EDGE_CURVE('',#3437,#538,#3460,.T.);
#3460 = SURFACE_CURVE('',#3461,(#3465,#3472),.PCURVE_S1.);
#3461 = LINE('',#3462,#3463);
#3462 = CARTESIAN_POINT('',(-4.47744145625,-4.259033203125,3.5));
#3463 = VECTOR('',#3464,1.);
#3464 = DIRECTION('',(0.,0.,1.));
#3465 = PCURVE('',#578,#3466);
#3466 = DEFINITIONAL_REPRESENTATION('',(#3467),#3471);
#3467 = LINE('',#3468,#3469);
#3468 = CARTESIAN_POINT('',(0.,0.));
#3469 = VECTOR('',#3470,1.);
#3470 = DIRECTION('',(0.,-1.));
#3471 = ( GEOMETRIC_REPRESENTATION_CONTEXT(2) 
PARAMETRIC_REPRESENTATION_CONTEXT() REPRESENTATION_CONTEXT('2D SPACE',''
  ) );
#3472 = PCURVE('',#552,#3473);
#3473 = DEFINITIONAL_REPRESENTATION('',(#3474),#3478);
#3474 = LINE('',#3475,#3476);
#3475 = CARTESIAN_POINT('',(0.588344478376,0.));
#3476 = VECTOR('',#3477,1.);
#3477 = DIRECTION('',(0.,-1.));
#3478 = ( GEOMETRIC_REPRESENTATION_CONTEXT(2) 
PARAMETRIC_REPRESENTATION_CONTEXT() REPRESENTATION_CONTEXT('2D SPACE',''
  ) );
#3479 = ORIENTED_EDGE('',*,*,#563,.F.);
#3480 = ORIENTED_EDGE('',*,*,#2816,.T.);
#3481 = ADVANCED_FACE('',(#3482),#552,.F.);
#3482 = FACE_BOUND('',#3483,.F.);
#3483 = EDGE_LOOP('',(#3484,#3507,#3528,#3529));
#3484 = ORIENTED_EDGE('',*,*,#3485,.F.);
#3485 = EDGE_CURVE('',#3486,#3437,#3488,.T.);
#3486 = VERTEX_POINT('',#3487);
#3487 = CARTESIAN_POINT('',(-5.053515675,-4.378564453125,3.5));
#3488 = SURFACE_CURVE('',#3489,(#3493,#3500),.PCURVE_S1.);
#3489 = LINE('',#3490,#3491);
#3490 = CARTESIAN_POINT('',(-5.053515675,-4.378564453125,3.5));
#3491 = VECTOR('',#3492,1.);
#3492 = DIRECTION('',(0.979144429707,0.203165414809,0.));
#3493 = PCURVE('',#552,#3494);
#3494 = DEFINITIONAL_REPRESENTATION('',(#3495),#3499);
#3495 = LINE('',#3496,#3497);
#3496 = CARTESIAN_POINT('',(0.,0.));
#3497 = VECTOR('',#3498,1.);
#3498 = DIRECTION('',(1.,0.));
#3499 = ( GEOMETRIC_REPRESENTATION_CONTEXT(2) 
PARAMETRIC_REPRESENTATION_CONTEXT() REPRESENTATION_CONTEXT('2D SPACE',''
  ) );
#3500 = PCURVE('',#2854,#3501);
#3501 = DEFINITIONAL_REPRESENTATION('',(#3502),#3506);
#3502 = LINE('',#3503,#3504);
#3503 = CARTESIAN_POINT('',(0.38349609375,2.35908203125));
#3504 = VECTOR('',#3505,1.);
#3505 = DIRECTION('',(0.979144429707,0.203165414809));
#3506 = ( GEOMETRIC_REPRESENTATION_CONTEXT(2) 
PARAMETRIC_REPRESENTATION_CONTEXT() REPRESENTATION_CONTEXT('2D SPACE',''
  ) );
#3507 = ORIENTED_EDGE('',*,*,#3508,.T.);
#3508 = EDGE_CURVE('',#3486,#512,#3509,.T.);
#3509 = SURFACE_CURVE('',#3510,(#3514,#3521),.PCURVE_S1.);
#3510 = LINE('',#3511,#3512);
#3511 = CARTESIAN_POINT('',(-5.053515675,-4.378564453125,3.5));
#3512 = VECTOR('',#3513,1.);
#3513 = DIRECTION('',(0.,0.,1.));
#3514 = PCURVE('',#552,#3515);
#3515 = DEFINITIONAL_REPRESENTATION('',(#3516),#3520);
#3516 = LINE('',#3517,#3518);
#3517 = CARTESIAN_POINT('',(0.,0.));
#3518 = VECTOR('',#3519,1.);
#3519 = DIRECTION('',(0.,-1.));
#3520 = ( GEOMETRIC_REPRESENTATION_CONTEXT(2) 
PARAMETRIC_REPRESENTATION_CONTEXT() REPRESENTATION_CONTEXT('2D SPACE',''
  ) );
#3521 = PCURVE('',#526,#3522);
#3522 = DEFINITIONAL_REPRESENTATION('',(#3523),#3527);
#3523 = LINE('',#3524,#3525);
#3524 = CARTESIAN_POINT('',(0.4349609375,0.));
#3525 = VECTOR('',#3526,1.);
#3526 = DIRECTION('',(0.,-1.));
#3527 = ( GEOMETRIC_REPRESENTATION_CONTEXT(2) 
PARAMETRIC_REPRESENTATION_CONTEXT() REPRESENTATION_CONTEXT('2D SPACE',''
  ) );
#3528 = ORIENTED_EDGE('',*,*,#537,.F.);
#3529 = ORIENTED_EDGE('',*,*,#3459,.F.);
#3530 = ADVANCED_FACE('',(#3531),#526,.F.);
#3531 = FACE_BOUND('',#3532,.F.);
#3532 = EDGE_LOOP('',(#3533,#3556,#3577,#3578));
#3533 = ORIENTED_EDGE('',*,*,#3534,.F.);
#3534 = EDGE_CURVE('',#3535,#3486,#3537,.T.);
#3535 = VERTEX_POINT('',#3536);
#3536 = CARTESIAN_POINT('',(-5.053515675,-4.813525390625,3.5));
#3537 = SURFACE_CURVE('',#3538,(#3542,#3549),.PCURVE_S1.);
#3538 = LINE('',#3539,#3540);
#3539 = CARTESIAN_POINT('',(-5.053515675,-4.813525390625,3.5));
#3540 = VECTOR('',#3541,1.);
#3541 = DIRECTION('',(0.,1.,0.));
#3542 = PCURVE('',#526,#3543);
#3543 = DEFINITIONAL_REPRESENTATION('',(#3544),#3548);
#3544 = LINE('',#3545,#3546);
#3545 = CARTESIAN_POINT('',(0.,0.));
#3546 = VECTOR('',#3547,1.);
#3547 = DIRECTION('',(1.,0.));
#3548 = ( GEOMETRIC_REPRESENTATION_CONTEXT(2) 
PARAMETRIC_REPRESENTATION_CONTEXT() REPRESENTATION_CONTEXT('2D SPACE',''
  ) );
#3549 = PCURVE('',#2854,#3550);
#3550 = DEFINITIONAL_REPRESENTATION('',(#3551),#3555);
#3551 = LINE('',#3552,#3553);
#3552 = CARTESIAN_POINT('',(0.38349609375,1.92412109375));
#3553 = VECTOR('',#3554,1.);
#3554 = DIRECTION('',(0.,1.));
#3555 = ( GEOMETRIC_REPRESENTATION_CONTEXT(2) 
PARAMETRIC_REPRESENTATION_CONTEXT() REPRESENTATION_CONTEXT('2D SPACE',''
  ) );
#3556 = ORIENTED_EDGE('',*,*,#3557,.T.);
#3557 = EDGE_CURVE('',#3535,#486,#3558,.T.);
#3558 = SURFACE_CURVE('',#3559,(#3563,#3570),.PCURVE_S1.);
#3559 = LINE('',#3560,#3561);
#3560 = CARTESIAN_POINT('',(-5.053515675,-4.813525390625,3.5));
#3561 = VECTOR('',#3562,1.);
#3562 = DIRECTION('',(0.,0.,1.));
#3563 = PCURVE('',#526,#3564);
#3564 = DEFINITIONAL_REPRESENTATION('',(#3565),#3569);
#3565 = LINE('',#3566,#3567);
#3566 = CARTESIAN_POINT('',(0.,0.));
#3567 = VECTOR('',#3568,1.);
#3568 = DIRECTION('',(0.,-1.));
#3569 = ( GEOMETRIC_REPRESENTATION_CONTEXT(2) 
PARAMETRIC_REPRESENTATION_CONTEXT() REPRESENTATION_CONTEXT('2D SPACE',''
  ) );
#3570 = PCURVE('',#500,#3571);
#3571 = DEFINITIONAL_REPRESENTATION('',(#3572),#3576);
#3572 = LINE('',#3573,#3574);
#3573 = CARTESIAN_POINT('',(0.591595928459,0.));
#3574 = VECTOR('',#3575,1.);
#3575 = DIRECTION('',(0.,-1.));
#3576 = ( GEOMETRIC_REPRESENTATION_CONTEXT(2) 
PARAMETRIC_REPRESENTATION_CONTEXT() REPRESENTATION_CONTEXT('2D SPACE',''
  ) );
#3577 = ORIENTED_EDGE('',*,*,#511,.F.);
#3578 = ORIENTED_EDGE('',*,*,#3508,.F.);
#3579 = ADVANCED_FACE('',(#3580),#500,.F.);
#3580 = FACE_BOUND('',#3581,.F.);
#3581 = EDGE_LOOP('',(#3582,#3605,#3626,#3627));
#3582 = ORIENTED_EDGE('',*,*,#3583,.F.);
#3583 = EDGE_CURVE('',#3584,#3535,#3586,.T.);
#3584 = VERTEX_POINT('',#3585);
#3585 = CARTESIAN_POINT('',(-4.47412114375,-4.693994140625,3.5));
#3586 = SURFACE_CURVE('',#3587,(#3591,#3598),.PCURVE_S1.);
#3587 = LINE('',#3588,#3589);
#3588 = CARTESIAN_POINT('',(-4.47412114375,-4.693994140625,3.5));
#3589 = VECTOR('',#3590,1.);
#3590 = DIRECTION('',(-0.979375454391,-0.202048804344,0.));
#3591 = PCURVE('',#500,#3592);
#3592 = DEFINITIONAL_REPRESENTATION('',(#3593),#3597);
#3593 = LINE('',#3594,#3595);
#3594 = CARTESIAN_POINT('',(0.,0.));
#3595 = VECTOR('',#3596,1.);
#3596 = DIRECTION('',(1.,0.));
#3597 = ( GEOMETRIC_REPRESENTATION_CONTEXT(2) 
PARAMETRIC_REPRESENTATION_CONTEXT() REPRESENTATION_CONTEXT('2D SPACE',''
  ) );
#3598 = PCURVE('',#2854,#3599);
#3599 = DEFINITIONAL_REPRESENTATION('',(#3600),#3604);
#3600 = LINE('',#3601,#3602);
#3601 = CARTESIAN_POINT('',(0.962890625,2.04365234375));
#3602 = VECTOR('',#3603,1.);
#3603 = DIRECTION('',(-0.979375454391,-0.202048804344));
#3604 = ( GEOMETRIC_REPRESENTATION_CONTEXT(2) 
PARAMETRIC_REPRESENTATION_CONTEXT() REPRESENTATION_CONTEXT('2D SPACE',''
  ) );
#3605 = ORIENTED_EDGE('',*,*,#3606,.T.);
#3606 = EDGE_CURVE('',#3584,#460,#3607,.T.);
#3607 = SURFACE_CURVE('',#3608,(#3612,#3619),.PCURVE_S1.);
#3608 = LINE('',#3609,#3610);
#3609 = CARTESIAN_POINT('',(-4.47412114375,-4.693994140625,3.5));
#3610 = VECTOR('',#3611,1.);
#3611 = DIRECTION('',(0.,0.,1.));
#3612 = PCURVE('',#500,#3613);
#3613 = DEFINITIONAL_REPRESENTATION('',(#3614),#3618);
#3614 = LINE('',#3615,#3616);
#3615 = CARTESIAN_POINT('',(0.,0.));
#3616 = VECTOR('',#3617,1.);
#3617 = DIRECTION('',(0.,-1.));
#3618 = ( GEOMETRIC_REPRESENTATION_CONTEXT(2) 
PARAMETRIC_REPRESENTATION_CONTEXT() REPRESENTATION_CONTEXT('2D SPACE',''
  ) );
#3619 = PCURVE('',#474,#3620);
#3620 = DEFINITIONAL_REPRESENTATION('',(#3621),#3625);
#3621 = LINE('',#3622,#3623);
#3622 = CARTESIAN_POINT('',(1.60205078125,0.));
#3623 = VECTOR('',#3624,1.);
#3624 = DIRECTION('',(0.,-1.));
#3625 = ( GEOMETRIC_REPRESENTATION_CONTEXT(2) 
PARAMETRIC_REPRESENTATION_CONTEXT() REPRESENTATION_CONTEXT('2D SPACE',''
  ) );
#3626 = ORIENTED_EDGE('',*,*,#485,.F.);
#3627 = ORIENTED_EDGE('',*,*,#3557,.F.);
#3628 = ADVANCED_FACE('',(#3629),#474,.F.);
#3629 = FACE_BOUND('',#3630,.F.);
#3630 = EDGE_LOOP('',(#3631,#3652,#3653,#3654));
#3631 = ORIENTED_EDGE('',*,*,#3632,.F.);
#3632 = EDGE_CURVE('',#2838,#3584,#3633,.T.);
#3633 = SURFACE_CURVE('',#3634,(#3638,#3645),.PCURVE_S1.);
#3634 = LINE('',#3635,#3636);
#3635 = CARTESIAN_POINT('',(-4.47412114375,-6.296044921875,3.5));
#3636 = VECTOR('',#3637,1.);
#3637 = DIRECTION('',(0.,1.,0.));
#3638 = PCURVE('',#474,#3639);
#3639 = DEFINITIONAL_REPRESENTATION('',(#3640),#3644);
#3640 = LINE('',#3641,#3642);
#3641 = CARTESIAN_POINT('',(0.,0.));
#3642 = VECTOR('',#3643,1.);
#3643 = DIRECTION('',(1.,0.));
#3644 = ( GEOMETRIC_REPRESENTATION_CONTEXT(2) 
PARAMETRIC_REPRESENTATION_CONTEXT() REPRESENTATION_CONTEXT('2D SPACE',''
  ) );
#3645 = PCURVE('',#2854,#3646);
#3646 = DEFINITIONAL_REPRESENTATION('',(#3647),#3651);
#3647 = LINE('',#3648,#3649);
#3648 = CARTESIAN_POINT('',(0.962890625,0.4416015625));
#3649 = VECTOR('',#3650,1.);
#3650 = DIRECTION('',(0.,1.));
#3651 = ( GEOMETRIC_REPRESENTATION_CONTEXT(2) 
PARAMETRIC_REPRESENTATION_CONTEXT() REPRESENTATION_CONTEXT('2D SPACE',''
  ) );
#3652 = ORIENTED_EDGE('',*,*,#2870,.F.);
#3653 = ORIENTED_EDGE('',*,*,#459,.F.);
#3654 = ORIENTED_EDGE('',*,*,#3606,.F.);
#3655 = ADVANCED_FACE('',(#3656),#424,.F.);
#3656 = FACE_BOUND('',#3657,.F.);
#3657 = EDGE_LOOP('',(#3658,#3681,#3702,#3703));
#3658 = ORIENTED_EDGE('',*,*,#3659,.F.);
#3659 = EDGE_CURVE('',#3660,#2891,#3662,.T.);
#3660 = VERTEX_POINT('',#3661);
#3661 = CARTESIAN_POINT('',(-5.03857426875,-6.296044921875,3.5));
#3662 = SURFACE_CURVE('',#3663,(#3667,#3674),.PCURVE_S1.);
#3663 = LINE('',#3664,#3665);
#3664 = CARTESIAN_POINT('',(-5.03857426875,-6.296044921875,3.5));
#3665 = VECTOR('',#3666,1.);
#3666 = DIRECTION('',(1.,0.,0.));
#3667 = PCURVE('',#424,#3668);
#3668 = DEFINITIONAL_REPRESENTATION('',(#3669),#3673);
#3669 = LINE('',#3670,#3671);
#3670 = CARTESIAN_POINT('',(0.,0.));
#3671 = VECTOR('',#3672,1.);
#3672 = DIRECTION('',(1.,0.));
#3673 = ( GEOMETRIC_REPRESENTATION_CONTEXT(2) 
PARAMETRIC_REPRESENTATION_CONTEXT() REPRESENTATION_CONTEXT('2D SPACE',''
  ) );
#3674 = PCURVE('',#2928,#3675);
#3675 = DEFINITIONAL_REPRESENTATION('',(#3676),#3680);
#3676 = LINE('',#3677,#3678);
#3677 = CARTESIAN_POINT('',(0.3984375,0.4416015625));
#3678 = VECTOR('',#3679,1.);
#3679 = DIRECTION('',(1.,0.));
#3680 = ( GEOMETRIC_REPRESENTATION_CONTEXT(2) 
PARAMETRIC_REPRESENTATION_CONTEXT() REPRESENTATION_CONTEXT('2D SPACE',''
  ) );
#3681 = ORIENTED_EDGE('',*,*,#3682,.T.);
#3682 = EDGE_CURVE('',#3660,#384,#3683,.T.);
#3683 = SURFACE_CURVE('',#3684,(#3688,#3695),.PCURVE_S1.);
#3684 = LINE('',#3685,#3686);
#3685 = CARTESIAN_POINT('',(-5.03857426875,-6.296044921875,3.5));
#3686 = VECTOR('',#3687,1.);
#3687 = DIRECTION('',(0.,0.,1.));
#3688 = PCURVE('',#424,#3689);
#3689 = DEFINITIONAL_REPRESENTATION('',(#3690),#3694);
#3690 = LINE('',#3691,#3692);
#3691 = CARTESIAN_POINT('',(0.,0.));
#3692 = VECTOR('',#3693,1.);
#3693 = DIRECTION('',(0.,-1.));
#3694 = ( GEOMETRIC_REPRESENTATION_CONTEXT(2) 
PARAMETRIC_REPRESENTATION_CONTEXT() REPRESENTATION_CONTEXT('2D SPACE',''
  ) );
#3695 = PCURVE('',#398,#3696);
#3696 = DEFINITIONAL_REPRESENTATION('',(#3697),#3701);
#3697 = LINE('',#3698,#3699);
#3698 = CARTESIAN_POINT('',(0.4416015625,0.));
#3699 = VECTOR('',#3700,1.);
#3700 = DIRECTION('',(0.,-1.));
#3701 = ( GEOMETRIC_REPRESENTATION_CONTEXT(2) 
PARAMETRIC_REPRESENTATION_CONTEXT() REPRESENTATION_CONTEXT('2D SPACE',''
  ) );
#3702 = ORIENTED_EDGE('',*,*,#409,.F.);
#3703 = ORIENTED_EDGE('',*,*,#2890,.T.);
#3704 = ADVANCED_FACE('',(#3705),#398,.F.);
#3705 = FACE_BOUND('',#3706,.F.);
#3706 = EDGE_LOOP('',(#3707,#3730,#3751,#3752));
#3707 = ORIENTED_EDGE('',*,*,#3708,.F.);
#3708 = EDGE_CURVE('',#3709,#3660,#3711,.T.);
#3709 = VERTEX_POINT('',#3710);
#3710 = CARTESIAN_POINT('',(-5.03857426875,-6.737646484375,3.5));
#3711 = SURFACE_CURVE('',#3712,(#3716,#3723),.PCURVE_S1.);
#3712 = LINE('',#3713,#3714);
#3713 = CARTESIAN_POINT('',(-5.03857426875,-6.737646484375,3.5));
#3714 = VECTOR('',#3715,1.);
#3715 = DIRECTION('',(0.,1.,0.));
#3716 = PCURVE('',#398,#3717);
#3717 = DEFINITIONAL_REPRESENTATION('',(#3718),#3722);
#3718 = LINE('',#3719,#3720);
#3719 = CARTESIAN_POINT('',(0.,0.));
#3720 = VECTOR('',#3721,1.);
#3721 = DIRECTION('',(1.,0.));
#3722 = ( GEOMETRIC_REPRESENTATION_CONTEXT(2) 
PARAMETRIC_REPRESENTATION_CONTEXT() REPRESENTATION_CONTEXT('2D SPACE',''
  ) );
#3723 = PCURVE('',#2928,#3724);
#3724 = DEFINITIONAL_REPRESENTATION('',(#3725),#3729);
#3725 = LINE('',#3726,#3727);
#3726 = CARTESIAN_POINT('',(0.3984375,0.));
#3727 = VECTOR('',#3728,1.);
#3728 = DIRECTION('',(0.,1.));
#3729 = ( GEOMETRIC_REPRESENTATION_CONTEXT(2) 
PARAMETRIC_REPRESENTATION_CONTEXT() REPRESENTATION_CONTEXT('2D SPACE',''
  ) );
#3730 = ORIENTED_EDGE('',*,*,#3731,.T.);
#3731 = EDGE_CURVE('',#3709,#358,#3732,.T.);
#3732 = SURFACE_CURVE('',#3733,(#3737,#3744),.PCURVE_S1.);
#3733 = LINE('',#3734,#3735);
#3734 = CARTESIAN_POINT('',(-5.03857426875,-6.737646484375,3.5));
#3735 = VECTOR('',#3736,1.);
#3736 = DIRECTION('',(0.,0.,1.));
#3737 = PCURVE('',#398,#3738);
#3738 = DEFINITIONAL_REPRESENTATION('',(#3739),#3743);
#3739 = LINE('',#3740,#3741);
#3740 = CARTESIAN_POINT('',(0.,0.));
#3741 = VECTOR('',#3742,1.);
#3742 = DIRECTION('',(0.,-1.));
#3743 = ( GEOMETRIC_REPRESENTATION_CONTEXT(2) 
PARAMETRIC_REPRESENTATION_CONTEXT() REPRESENTATION_CONTEXT('2D SPACE',''
  ) );
#3744 = PCURVE('',#372,#3745);
#3745 = DEFINITIONAL_REPRESENTATION('',(#3746),#3750);
#3746 = LINE('',#3747,#3748);
#3747 = CARTESIAN_POINT('',(1.733203125,0.));
#3748 = VECTOR('',#3749,1.);
#3749 = DIRECTION('',(0.,-1.));
#3750 = ( GEOMETRIC_REPRESENTATION_CONTEXT(2) 
PARAMETRIC_REPRESENTATION_CONTEXT() REPRESENTATION_CONTEXT('2D SPACE',''
  ) );
#3751 = ORIENTED_EDGE('',*,*,#383,.F.);
#3752 = ORIENTED_EDGE('',*,*,#3682,.F.);
#3753 = ADVANCED_FACE('',(#3754),#372,.F.);
#3754 = FACE_BOUND('',#3755,.F.);
#3755 = EDGE_LOOP('',(#3756,#3777,#3778,#3779));
#3756 = ORIENTED_EDGE('',*,*,#3757,.F.);
#3757 = EDGE_CURVE('',#2912,#3709,#3758,.T.);
#3758 = SURFACE_CURVE('',#3759,(#3763,#3770),.PCURVE_S1.);
#3759 = LINE('',#3760,#3761);
#3760 = CARTESIAN_POINT('',(-3.30537114375,-6.737646484375,3.5));
#3761 = VECTOR('',#3762,1.);
#3762 = DIRECTION('',(-1.,0.,0.));
#3763 = PCURVE('',#372,#3764);
#3764 = DEFINITIONAL_REPRESENTATION('',(#3765),#3769);
#3765 = LINE('',#3766,#3767);
#3766 = CARTESIAN_POINT('',(0.,-0.));
#3767 = VECTOR('',#3768,1.);
#3768 = DIRECTION('',(1.,0.));
#3769 = ( GEOMETRIC_REPRESENTATION_CONTEXT(2) 
PARAMETRIC_REPRESENTATION_CONTEXT() REPRESENTATION_CONTEXT('2D SPACE',''
  ) );
#3770 = PCURVE('',#2928,#3771);
#3771 = DEFINITIONAL_REPRESENTATION('',(#3772),#3776);
#3772 = LINE('',#3773,#3774);
#3773 = CARTESIAN_POINT('',(2.131640625,0.));
#3774 = VECTOR('',#3775,1.);
#3775 = DIRECTION('',(-1.,0.));
#3776 = ( GEOMETRIC_REPRESENTATION_CONTEXT(2) 
PARAMETRIC_REPRESENTATION_CONTEXT() REPRESENTATION_CONTEXT('2D SPACE',''
  ) );
#3777 = ORIENTED_EDGE('',*,*,#2944,.F.);
#3778 = ORIENTED_EDGE('',*,*,#357,.F.);
#3779 = ORIENTED_EDGE('',*,*,#3731,.F.);
#3780 = ADVANCED_FACE('',(#3781),#1021,.F.);
#3781 = FACE_BOUND('',#3782,.F.);
#3782 = EDGE_LOOP('',(#3783,#3813,#3834,#3835));
#3783 = ORIENTED_EDGE('',*,*,#3784,.F.);
#3784 = EDGE_CURVE('',#3785,#3787,#3789,.T.);
#3785 = VERTEX_POINT('',#3786);
#3786 = CARTESIAN_POINT('',(-8.71250005,-6.737646484375,3.5));
#3787 = VERTEX_POINT('',#3788);
#3788 = CARTESIAN_POINT('',(-8.71250005,-4.259033203125,3.5));
#3789 = SURFACE_CURVE('',#3790,(#3794,#3801),.PCURVE_S1.);
#3790 = LINE('',#3791,#3792);
#3791 = CARTESIAN_POINT('',(-8.71250005,-6.737646484375,3.5));
#3792 = VECTOR('',#3793,1.);
#3793 = DIRECTION('',(0.,1.,0.));
#3794 = PCURVE('',#1021,#3795);
#3795 = DEFINITIONAL_REPRESENTATION('',(#3796),#3800);
#3796 = LINE('',#3797,#3798);
#3797 = CARTESIAN_POINT('',(0.,0.));
#3798 = VECTOR('',#3799,1.);
#3799 = DIRECTION('',(1.,0.));
#3800 = ( GEOMETRIC_REPRESENTATION_CONTEXT(2) 
PARAMETRIC_REPRESENTATION_CONTEXT() REPRESENTATION_CONTEXT('2D SPACE',''
  ) );
#3801 = PCURVE('',#3802,#3807);
#3802 = PLANE('',#3803);
#3803 = AXIS2_PLACEMENT_3D('',#3804,#3805,#3806);
#3804 = CARTESIAN_POINT('',(-9.024609425,-6.737646484375,3.5));
#3805 = DIRECTION('',(0.,0.,1.));
#3806 = DIRECTION('',(1.,0.,0.));
#3807 = DEFINITIONAL_REPRESENTATION('',(#3808),#3812);
#3808 = LINE('',#3809,#3810);
#3809 = CARTESIAN_POINT('',(0.312109375,0.));
#3810 = VECTOR('',#3811,1.);
#3811 = DIRECTION('',(0.,1.));
#3812 = ( GEOMETRIC_REPRESENTATION_CONTEXT(2) 
PARAMETRIC_REPRESENTATION_CONTEXT() REPRESENTATION_CONTEXT('2D SPACE',''
  ) );
#3813 = ORIENTED_EDGE('',*,*,#3814,.T.);
#3814 = EDGE_CURVE('',#3785,#1007,#3815,.T.);
#3815 = SURFACE_CURVE('',#3816,(#3820,#3827),.PCURVE_S1.);
#3816 = LINE('',#3817,#3818);
#3817 = CARTESIAN_POINT('',(-8.71250005,-6.737646484375,3.5));
#3818 = VECTOR('',#3819,1.);
#3819 = DIRECTION('',(0.,0.,1.));
#3820 = PCURVE('',#1021,#3821);
#3821 = DEFINITIONAL_REPRESENTATION('',(#3822),#3826);
#3822 = LINE('',#3823,#3824);
#3823 = CARTESIAN_POINT('',(0.,0.));
#3824 = VECTOR('',#3825,1.);
#3825 = DIRECTION('',(0.,-1.));
#3826 = ( GEOMETRIC_REPRESENTATION_CONTEXT(2) 
PARAMETRIC_REPRESENTATION_CONTEXT() REPRESENTATION_CONTEXT('2D SPACE',''
  ) );
#3827 = PCURVE('',#1097,#3828);
#3828 = DEFINITIONAL_REPRESENTATION('',(#3829),#3833);
#3829 = LINE('',#3830,#3831);
#3830 = CARTESIAN_POINT('',(0.63916015625,0.));
#3831 = VECTOR('',#3832,1.);
#3832 = DIRECTION('',(0.,-1.));
#3833 = ( GEOMETRIC_REPRESENTATION_CONTEXT(2) 
PARAMETRIC_REPRESENTATION_CONTEXT() REPRESENTATION_CONTEXT('2D SPACE',''
  ) );
#3834 = ORIENTED_EDGE('',*,*,#1004,.F.);
#3835 = ORIENTED_EDGE('',*,*,#3836,.F.);
#3836 = EDGE_CURVE('',#3787,#1005,#3837,.T.);
#3837 = SURFACE_CURVE('',#3838,(#3842,#3849),.PCURVE_S1.);
#3838 = LINE('',#3839,#3840);
#3839 = CARTESIAN_POINT('',(-8.71250005,-4.259033203125,3.5));
#3840 = VECTOR('',#3841,1.);
#3841 = DIRECTION('',(0.,0.,1.));
#3842 = PCURVE('',#1021,#3843);
#3843 = DEFINITIONAL_REPRESENTATION('',(#3844),#3848);
#3844 = LINE('',#3845,#3846);
#3845 = CARTESIAN_POINT('',(2.47861328125,0.));
#3846 = VECTOR('',#3847,1.);
#3847 = DIRECTION('',(0.,-1.));
#3848 = ( GEOMETRIC_REPRESENTATION_CONTEXT(2) 
PARAMETRIC_REPRESENTATION_CONTEXT() REPRESENTATION_CONTEXT('2D SPACE',''
  ) );
#3849 = PCURVE('',#1047,#3850);
#3850 = DEFINITIONAL_REPRESENTATION('',(#3851),#3855);
#3851 = LINE('',#3852,#3853);
#3852 = CARTESIAN_POINT('',(0.,0.));
#3853 = VECTOR('',#3854,1.);
#3854 = DIRECTION('',(0.,-1.));
#3855 = ( GEOMETRIC_REPRESENTATION_CONTEXT(2) 
PARAMETRIC_REPRESENTATION_CONTEXT() REPRESENTATION_CONTEXT('2D SPACE',''
  ) );
#3856 = ADVANCED_FACE('',(#3857),#1097,.F.);
#3857 = FACE_BOUND('',#3858,.F.);
#3858 = EDGE_LOOP('',(#3859,#3882,#3903,#3904));
#3859 = ORIENTED_EDGE('',*,*,#3860,.F.);
#3860 = EDGE_CURVE('',#3861,#3785,#3863,.T.);
#3861 = VERTEX_POINT('',#3862);
#3862 = CARTESIAN_POINT('',(-8.07333989375,-6.737646484375,3.5));
#3863 = SURFACE_CURVE('',#3864,(#3868,#3875),.PCURVE_S1.);
#3864 = LINE('',#3865,#3866);
#3865 = CARTESIAN_POINT('',(-8.07333989375,-6.737646484375,3.5));
#3866 = VECTOR('',#3867,1.);
#3867 = DIRECTION('',(-1.,0.,0.));
#3868 = PCURVE('',#1097,#3869);
#3869 = DEFINITIONAL_REPRESENTATION('',(#3870),#3874);
#3870 = LINE('',#3871,#3872);
#3871 = CARTESIAN_POINT('',(0.,-0.));
#3872 = VECTOR('',#3873,1.);
#3873 = DIRECTION('',(1.,0.));
#3874 = ( GEOMETRIC_REPRESENTATION_CONTEXT(2) 
PARAMETRIC_REPRESENTATION_CONTEXT() REPRESENTATION_CONTEXT('2D SPACE',''
  ) );
#3875 = PCURVE('',#3802,#3876);
#3876 = DEFINITIONAL_REPRESENTATION('',(#3877),#3881);
#3877 = LINE('',#3878,#3879);
#3878 = CARTESIAN_POINT('',(0.95126953125,0.));
#3879 = VECTOR('',#3880,1.);
#3880 = DIRECTION('',(-1.,0.));
#3881 = ( GEOMETRIC_REPRESENTATION_CONTEXT(2) 
PARAMETRIC_REPRESENTATION_CONTEXT() REPRESENTATION_CONTEXT('2D SPACE',''
  ) );
#3882 = ORIENTED_EDGE('',*,*,#3883,.T.);
#3883 = EDGE_CURVE('',#3861,#1059,#3884,.T.);
#3884 = SURFACE_CURVE('',#3885,(#3889,#3896),.PCURVE_S1.);
#3885 = LINE('',#3886,#3887);
#3886 = CARTESIAN_POINT('',(-8.07333989375,-6.737646484375,3.5));
#3887 = VECTOR('',#3888,1.);
#3888 = DIRECTION('',(0.,0.,1.));
#3889 = PCURVE('',#1097,#3890);
#3890 = DEFINITIONAL_REPRESENTATION('',(#3891),#3895);
#3891 = LINE('',#3892,#3893);
#3892 = CARTESIAN_POINT('',(0.,-0.));
#3893 = VECTOR('',#3894,1.);
#3894 = DIRECTION('',(0.,-1.));
#3895 = ( GEOMETRIC_REPRESENTATION_CONTEXT(2) 
PARAMETRIC_REPRESENTATION_CONTEXT() REPRESENTATION_CONTEXT('2D SPACE',''
  ) );
#3896 = PCURVE('',#1073,#3897);
#3897 = DEFINITIONAL_REPRESENTATION('',(#3898),#3902);
#3898 = LINE('',#3899,#3900);
#3899 = CARTESIAN_POINT('',(2.47861328125,0.));
#3900 = VECTOR('',#3901,1.);
#3901 = DIRECTION('',(0.,-1.));
#3902 = ( GEOMETRIC_REPRESENTATION_CONTEXT(2) 
PARAMETRIC_REPRESENTATION_CONTEXT() REPRESENTATION_CONTEXT('2D SPACE',''
  ) );
#3903 = ORIENTED_EDGE('',*,*,#1084,.F.);
#3904 = ORIENTED_EDGE('',*,*,#3814,.F.);
#3905 = ADVANCED_FACE('',(#3906),#1073,.F.);
#3906 = FACE_BOUND('',#3907,.F.);
#3907 = EDGE_LOOP('',(#3908,#3931,#3952,#3953));
#3908 = ORIENTED_EDGE('',*,*,#3909,.F.);
#3909 = EDGE_CURVE('',#3910,#3861,#3912,.T.);
#3910 = VERTEX_POINT('',#3911);
#3911 = CARTESIAN_POINT('',(-8.07333989375,-4.259033203125,3.5));
#3912 = SURFACE_CURVE('',#3913,(#3917,#3924),.PCURVE_S1.);
#3913 = LINE('',#3914,#3915);
#3914 = CARTESIAN_POINT('',(-8.07333989375,-4.259033203125,3.5));
#3915 = VECTOR('',#3916,1.);
#3916 = DIRECTION('',(0.,-1.,0.));
#3917 = PCURVE('',#1073,#3918);
#3918 = DEFINITIONAL_REPRESENTATION('',(#3919),#3923);
#3919 = LINE('',#3920,#3921);
#3920 = CARTESIAN_POINT('',(0.,0.));
#3921 = VECTOR('',#3922,1.);
#3922 = DIRECTION('',(1.,0.));
#3923 = ( GEOMETRIC_REPRESENTATION_CONTEXT(2) 
PARAMETRIC_REPRESENTATION_CONTEXT() REPRESENTATION_CONTEXT('2D SPACE',''
  ) );
#3924 = PCURVE('',#3802,#3925);
#3925 = DEFINITIONAL_REPRESENTATION('',(#3926),#3930);
#3926 = LINE('',#3927,#3928);
#3927 = CARTESIAN_POINT('',(0.95126953125,2.47861328125));
#3928 = VECTOR('',#3929,1.);
#3929 = DIRECTION('',(0.,-1.));
#3930 = ( GEOMETRIC_REPRESENTATION_CONTEXT(2) 
PARAMETRIC_REPRESENTATION_CONTEXT() REPRESENTATION_CONTEXT('2D SPACE',''
  ) );
#3931 = ORIENTED_EDGE('',*,*,#3932,.T.);
#3932 = EDGE_CURVE('',#3910,#1033,#3933,.T.);
#3933 = SURFACE_CURVE('',#3934,(#3938,#3945),.PCURVE_S1.);
#3934 = LINE('',#3935,#3936);
#3935 = CARTESIAN_POINT('',(-8.07333989375,-4.259033203125,3.5));
#3936 = VECTOR('',#3937,1.);
#3937 = DIRECTION('',(0.,0.,1.));
#3938 = PCURVE('',#1073,#3939);
#3939 = DEFINITIONAL_REPRESENTATION('',(#3940),#3944);
#3940 = LINE('',#3941,#3942);
#3941 = CARTESIAN_POINT('',(0.,0.));
#3942 = VECTOR('',#3943,1.);
#3943 = DIRECTION('',(0.,-1.));
#3944 = ( GEOMETRIC_REPRESENTATION_CONTEXT(2) 
PARAMETRIC_REPRESENTATION_CONTEXT() REPRESENTATION_CONTEXT('2D SPACE',''
  ) );
#3945 = PCURVE('',#1047,#3946);
#3946 = DEFINITIONAL_REPRESENTATION('',(#3947),#3951);
#3947 = LINE('',#3948,#3949);
#3948 = CARTESIAN_POINT('',(0.63916015625,0.));
#3949 = VECTOR('',#3950,1.);
#3950 = DIRECTION('',(0.,-1.));
#3951 = ( GEOMETRIC_REPRESENTATION_CONTEXT(2) 
PARAMETRIC_REPRESENTATION_CONTEXT() REPRESENTATION_CONTEXT('2D SPACE',''
  ) );
#3952 = ORIENTED_EDGE('',*,*,#1058,.F.);
#3953 = ORIENTED_EDGE('',*,*,#3883,.F.);
#3954 = ADVANCED_FACE('',(#3955),#1047,.F.);
#3955 = FACE_BOUND('',#3956,.F.);
#3956 = EDGE_LOOP('',(#3957,#3978,#3979,#3980));
#3957 = ORIENTED_EDGE('',*,*,#3958,.F.);
#3958 = EDGE_CURVE('',#3787,#3910,#3959,.T.);
#3959 = SURFACE_CURVE('',#3960,(#3964,#3971),.PCURVE_S1.);
#3960 = LINE('',#3961,#3962);
#3961 = CARTESIAN_POINT('',(-8.71250005,-4.259033203125,3.5));
#3962 = VECTOR('',#3963,1.);
#3963 = DIRECTION('',(1.,0.,0.));
#3964 = PCURVE('',#1047,#3965);
#3965 = DEFINITIONAL_REPRESENTATION('',(#3966),#3970);
#3966 = LINE('',#3967,#3968);
#3967 = CARTESIAN_POINT('',(0.,0.));
#3968 = VECTOR('',#3969,1.);
#3969 = DIRECTION('',(1.,0.));
#3970 = ( GEOMETRIC_REPRESENTATION_CONTEXT(2) 
PARAMETRIC_REPRESENTATION_CONTEXT() REPRESENTATION_CONTEXT('2D SPACE',''
  ) );
#3971 = PCURVE('',#3802,#3972);
#3972 = DEFINITIONAL_REPRESENTATION('',(#3973),#3977);
#3973 = LINE('',#3974,#3975);
#3974 = CARTESIAN_POINT('',(0.312109375,2.47861328125));
#3975 = VECTOR('',#3976,1.);
#3976 = DIRECTION('',(1.,0.));
#3977 = ( GEOMETRIC_REPRESENTATION_CONTEXT(2) 
PARAMETRIC_REPRESENTATION_CONTEXT() REPRESENTATION_CONTEXT('2D SPACE',''
  ) );
#3978 = ORIENTED_EDGE('',*,*,#3836,.T.);
#3979 = ORIENTED_EDGE('',*,*,#1032,.F.);
#3980 = ORIENTED_EDGE('',*,*,#3932,.F.);
#3981 = ADVANCED_FACE('',(#3982),#1127,.F.);
#3982 = FACE_BOUND('',#3983,.F.);
#3983 = EDGE_LOOP('',(#3984,#4014,#4035,#4036));
#3984 = ORIENTED_EDGE('',*,*,#3985,.F.);
#3985 = EDGE_CURVE('',#3986,#3988,#3990,.T.);
#3986 = VERTEX_POINT('',#3987);
#3987 = CARTESIAN_POINT('',(-7.4474609875,-6.737646484375,3.5));
#3988 = VERTEX_POINT('',#3989);
#3989 = CARTESIAN_POINT('',(-7.4474609875,-4.259033203125,3.5));
#3990 = SURFACE_CURVE('',#3991,(#3995,#4002),.PCURVE_S1.);
#3991 = LINE('',#3992,#3993);
#3992 = CARTESIAN_POINT('',(-7.4474609875,-6.737646484375,3.5));
#3993 = VECTOR('',#3994,1.);
#3994 = DIRECTION('',(0.,1.,0.));
#3995 = PCURVE('',#1127,#3996);
#3996 = DEFINITIONAL_REPRESENTATION('',(#3997),#4001);
#3997 = LINE('',#3998,#3999);
#3998 = CARTESIAN_POINT('',(0.,0.));
#3999 = VECTOR('',#4000,1.);
#4000 = DIRECTION('',(1.,0.));
#4001 = ( GEOMETRIC_REPRESENTATION_CONTEXT(2) 
PARAMETRIC_REPRESENTATION_CONTEXT() REPRESENTATION_CONTEXT('2D SPACE',''
  ) );
#4002 = PCURVE('',#4003,#4008);
#4003 = PLANE('',#4004);
#4004 = AXIS2_PLACEMENT_3D('',#4005,#4006,#4007);
#4005 = CARTESIAN_POINT('',(-7.7595703625,-6.737646484375,3.5));
#4006 = DIRECTION('',(0.,0.,1.));
#4007 = DIRECTION('',(1.,0.,0.));
#4008 = DEFINITIONAL_REPRESENTATION('',(#4009),#4013);
#4009 = LINE('',#4010,#4011);
#4010 = CARTESIAN_POINT('',(0.312109375,0.));
#4011 = VECTOR('',#4012,1.);
#4012 = DIRECTION('',(0.,1.));
#4013 = ( GEOMETRIC_REPRESENTATION_CONTEXT(2) 
PARAMETRIC_REPRESENTATION_CONTEXT() REPRESENTATION_CONTEXT('2D SPACE',''
  ) );
#4014 = ORIENTED_EDGE('',*,*,#4015,.T.);
#4015 = EDGE_CURVE('',#3986,#1113,#4016,.T.);
#4016 = SURFACE_CURVE('',#4017,(#4021,#4028),.PCURVE_S1.);
#4017 = LINE('',#4018,#4019);
#4018 = CARTESIAN_POINT('',(-7.4474609875,-6.737646484375,3.5));
#4019 = VECTOR('',#4020,1.);
#4020 = DIRECTION('',(0.,0.,1.));
#4021 = PCURVE('',#1127,#4022);
#4022 = DEFINITIONAL_REPRESENTATION('',(#4023),#4027);
#4023 = LINE('',#4024,#4025);
#4024 = CARTESIAN_POINT('',(0.,0.));
#4025 = VECTOR('',#4026,1.);
#4026 = DIRECTION('',(0.,-1.));
#4027 = ( GEOMETRIC_REPRESENTATION_CONTEXT(2) 
PARAMETRIC_REPRESENTATION_CONTEXT() REPRESENTATION_CONTEXT('2D SPACE',''
  ) );
#4028 = PCURVE('',#1359,#4029);
#4029 = DEFINITIONAL_REPRESENTATION('',(#4030),#4034);
#4030 = LINE('',#4031,#4032);
#4031 = CARTESIAN_POINT('',(0.63916015625,0.));
#4032 = VECTOR('',#4033,1.);
#4033 = DIRECTION('',(0.,-1.));
#4034 = ( GEOMETRIC_REPRESENTATION_CONTEXT(2) 
PARAMETRIC_REPRESENTATION_CONTEXT() REPRESENTATION_CONTEXT('2D SPACE',''
  ) );
#4035 = ORIENTED_EDGE('',*,*,#1110,.F.);
#4036 = ORIENTED_EDGE('',*,*,#4037,.F.);
#4037 = EDGE_CURVE('',#3988,#1111,#4038,.T.);
#4038 = SURFACE_CURVE('',#4039,(#4043,#4050),.PCURVE_S1.);
#4039 = LINE('',#4040,#4041);
#4040 = CARTESIAN_POINT('',(-7.4474609875,-4.259033203125,3.5));
#4041 = VECTOR('',#4042,1.);
#4042 = DIRECTION('',(0.,0.,1.));
#4043 = PCURVE('',#1127,#4044);
#4044 = DEFINITIONAL_REPRESENTATION('',(#4045),#4049);
#4045 = LINE('',#4046,#4047);
#4046 = CARTESIAN_POINT('',(2.47861328125,0.));
#4047 = VECTOR('',#4048,1.);
#4048 = DIRECTION('',(0.,-1.));
#4049 = ( GEOMETRIC_REPRESENTATION_CONTEXT(2) 
PARAMETRIC_REPRESENTATION_CONTEXT() REPRESENTATION_CONTEXT('2D SPACE',''
  ) );
#4050 = PCURVE('',#1153,#4051);
#4051 = DEFINITIONAL_REPRESENTATION('',(#4052),#4056);
#4052 = LINE('',#4053,#4054);
#4053 = CARTESIAN_POINT('',(0.,0.));
#4054 = VECTOR('',#4055,1.);
#4055 = DIRECTION('',(0.,-1.));
#4056 = ( GEOMETRIC_REPRESENTATION_CONTEXT(2) 
PARAMETRIC_REPRESENTATION_CONTEXT() REPRESENTATION_CONTEXT('2D SPACE',''
  ) );
#4057 = ADVANCED_FACE('',(#4058),#1359,.F.);
#4058 = FACE_BOUND('',#4059,.F.);
#4059 = EDGE_LOOP('',(#4060,#4083,#4104,#4105));
#4060 = ORIENTED_EDGE('',*,*,#4061,.F.);
#4061 = EDGE_CURVE('',#4062,#3986,#4064,.T.);
#4062 = VERTEX_POINT('',#4063);
#4063 = CARTESIAN_POINT('',(-6.80830083125,-6.737646484375,3.5));
#4064 = SURFACE_CURVE('',#4065,(#4069,#4076),.PCURVE_S1.);
#4065 = LINE('',#4066,#4067);
#4066 = CARTESIAN_POINT('',(-6.80830083125,-6.737646484375,3.5));
#4067 = VECTOR('',#4068,1.);
#4068 = DIRECTION('',(-1.,0.,0.));
#4069 = PCURVE('',#1359,#4070);
#4070 = DEFINITIONAL_REPRESENTATION('',(#4071),#4075);
#4071 = LINE('',#4072,#4073);
#4072 = CARTESIAN_POINT('',(0.,-0.));
#4073 = VECTOR('',#4074,1.);
#4074 = DIRECTION('',(1.,0.));
#4075 = ( GEOMETRIC_REPRESENTATION_CONTEXT(2) 
PARAMETRIC_REPRESENTATION_CONTEXT() REPRESENTATION_CONTEXT('2D SPACE',''
  ) );
#4076 = PCURVE('',#4003,#4077);
#4077 = DEFINITIONAL_REPRESENTATION('',(#4078),#4082);
#4078 = LINE('',#4079,#4080);
#4079 = CARTESIAN_POINT('',(0.95126953125,0.));
#4080 = VECTOR('',#4081,1.);
#4081 = DIRECTION('',(-1.,0.));
#4082 = ( GEOMETRIC_REPRESENTATION_CONTEXT(2) 
PARAMETRIC_REPRESENTATION_CONTEXT() REPRESENTATION_CONTEXT('2D SPACE',''
  ) );
#4083 = ORIENTED_EDGE('',*,*,#4084,.T.);
#4084 = EDGE_CURVE('',#4062,#1321,#4085,.T.);
#4085 = SURFACE_CURVE('',#4086,(#4090,#4097),.PCURVE_S1.);
#4086 = LINE('',#4087,#4088);
#4087 = CARTESIAN_POINT('',(-6.80830083125,-6.737646484375,3.5));
#4088 = VECTOR('',#4089,1.);
#4089 = DIRECTION('',(0.,0.,1.));
#4090 = PCURVE('',#1359,#4091);
#4091 = DEFINITIONAL_REPRESENTATION('',(#4092),#4096);
#4092 = LINE('',#4093,#4094);
#4093 = CARTESIAN_POINT('',(0.,-0.));
#4094 = VECTOR('',#4095,1.);
#4095 = DIRECTION('',(0.,-1.));
#4096 = ( GEOMETRIC_REPRESENTATION_CONTEXT(2) 
PARAMETRIC_REPRESENTATION_CONTEXT() REPRESENTATION_CONTEXT('2D SPACE',''
  ) );
#4097 = PCURVE('',#1335,#4098);
#4098 = DEFINITIONAL_REPRESENTATION('',(#4099),#4103);
#4099 = LINE('',#4100,#4101);
#4100 = CARTESIAN_POINT('',(1.05087890625,0.));
#4101 = VECTOR('',#4102,1.);
#4102 = DIRECTION('',(0.,-1.));
#4103 = ( GEOMETRIC_REPRESENTATION_CONTEXT(2) 
PARAMETRIC_REPRESENTATION_CONTEXT() REPRESENTATION_CONTEXT('2D SPACE',''
  ) );
#4104 = ORIENTED_EDGE('',*,*,#1346,.F.);
#4105 = ORIENTED_EDGE('',*,*,#4015,.F.);
#4106 = ADVANCED_FACE('',(#4107),#1335,.F.);
#4107 = FACE_BOUND('',#4108,.F.);
#4108 = EDGE_LOOP('',(#4109,#4132,#4153,#4154));
#4109 = ORIENTED_EDGE('',*,*,#4110,.F.);
#4110 = EDGE_CURVE('',#4111,#4062,#4113,.T.);
#4111 = VERTEX_POINT('',#4112);
#4112 = CARTESIAN_POINT('',(-6.80830083125,-5.686767578125,3.5));
#4113 = SURFACE_CURVE('',#4114,(#4118,#4125),.PCURVE_S1.);
#4114 = LINE('',#4115,#4116);
#4115 = CARTESIAN_POINT('',(-6.80830083125,-5.686767578125,3.5));
#4116 = VECTOR('',#4117,1.);
#4117 = DIRECTION('',(0.,-1.,0.));
#4118 = PCURVE('',#1335,#4119);
#4119 = DEFINITIONAL_REPRESENTATION('',(#4120),#4124);
#4120 = LINE('',#4121,#4122);
#4121 = CARTESIAN_POINT('',(0.,0.));
#4122 = VECTOR('',#4123,1.);
#4123 = DIRECTION('',(1.,0.));
#4124 = ( GEOMETRIC_REPRESENTATION_CONTEXT(2) 
PARAMETRIC_REPRESENTATION_CONTEXT() REPRESENTATION_CONTEXT('2D SPACE',''
  ) );
#4125 = PCURVE('',#4003,#4126);
#4126 = DEFINITIONAL_REPRESENTATION('',(#4127),#4131);
#4127 = LINE('',#4128,#4129);
#4128 = CARTESIAN_POINT('',(0.95126953125,1.05087890625));
#4129 = VECTOR('',#4130,1.);
#4130 = DIRECTION('',(0.,-1.));
#4131 = ( GEOMETRIC_REPRESENTATION_CONTEXT(2) 
PARAMETRIC_REPRESENTATION_CONTEXT() REPRESENTATION_CONTEXT('2D SPACE',''
  ) );
#4132 = ORIENTED_EDGE('',*,*,#4133,.T.);
#4133 = EDGE_CURVE('',#4111,#1295,#4134,.T.);
#4134 = SURFACE_CURVE('',#4135,(#4139,#4146),.PCURVE_S1.);
#4135 = LINE('',#4136,#4137);
#4136 = CARTESIAN_POINT('',(-6.80830083125,-5.686767578125,3.5));
#4137 = VECTOR('',#4138,1.);
#4138 = DIRECTION('',(0.,0.,1.));
#4139 = PCURVE('',#1335,#4140);
#4140 = DEFINITIONAL_REPRESENTATION('',(#4141),#4145);
#4141 = LINE('',#4142,#4143);
#4142 = CARTESIAN_POINT('',(0.,0.));
#4143 = VECTOR('',#4144,1.);
#4144 = DIRECTION('',(0.,-1.));
#4145 = ( GEOMETRIC_REPRESENTATION_CONTEXT(2) 
PARAMETRIC_REPRESENTATION_CONTEXT() REPRESENTATION_CONTEXT('2D SPACE',''
  ) );
#4146 = PCURVE('',#1309,#4147);
#4147 = DEFINITIONAL_REPRESENTATION('',(#4148),#4152);
#4148 = LINE('',#4149,#4150);
#4149 = CARTESIAN_POINT('',(1.02099609375,0.));
#4150 = VECTOR('',#4151,1.);
#4151 = DIRECTION('',(0.,-1.));
#4152 = ( GEOMETRIC_REPRESENTATION_CONTEXT(2) 
PARAMETRIC_REPRESENTATION_CONTEXT() REPRESENTATION_CONTEXT('2D SPACE',''
  ) );
#4153 = ORIENTED_EDGE('',*,*,#1320,.F.);
#4154 = ORIENTED_EDGE('',*,*,#4084,.F.);
#4155 = ADVANCED_FACE('',(#4156),#1309,.F.);
#4156 = FACE_BOUND('',#4157,.F.);
#4157 = EDGE_LOOP('',(#4158,#4181,#4202,#4203));
#4158 = ORIENTED_EDGE('',*,*,#4159,.F.);
#4159 = EDGE_CURVE('',#4160,#4111,#4162,.T.);
#4160 = VERTEX_POINT('',#4161);
#4161 = CARTESIAN_POINT('',(-5.7873047375,-5.686767578125,3.5));
#4162 = SURFACE_CURVE('',#4163,(#4167,#4174),.PCURVE_S1.);
#4163 = LINE('',#4164,#4165);
#4164 = CARTESIAN_POINT('',(-5.7873047375,-5.686767578125,3.5));
#4165 = VECTOR('',#4166,1.);
#4166 = DIRECTION('',(-1.,0.,0.));
#4167 = PCURVE('',#1309,#4168);
#4168 = DEFINITIONAL_REPRESENTATION('',(#4169),#4173);
#4169 = LINE('',#4170,#4171);
#4170 = CARTESIAN_POINT('',(0.,-0.));
#4171 = VECTOR('',#4172,1.);
#4172 = DIRECTION('',(1.,0.));
#4173 = ( GEOMETRIC_REPRESENTATION_CONTEXT(2) 
PARAMETRIC_REPRESENTATION_CONTEXT() REPRESENTATION_CONTEXT('2D SPACE',''
  ) );
#4174 = PCURVE('',#4003,#4175);
#4175 = DEFINITIONAL_REPRESENTATION('',(#4176),#4180);
#4176 = LINE('',#4177,#4178);
#4177 = CARTESIAN_POINT('',(1.972265625,1.05087890625));
#4178 = VECTOR('',#4179,1.);
#4179 = DIRECTION('',(-1.,0.));
#4180 = ( GEOMETRIC_REPRESENTATION_CONTEXT(2) 
PARAMETRIC_REPRESENTATION_CONTEXT() REPRESENTATION_CONTEXT('2D SPACE',''
  ) );
#4181 = ORIENTED_EDGE('',*,*,#4182,.T.);
#4182 = EDGE_CURVE('',#4160,#1269,#4183,.T.);
#4183 = SURFACE_CURVE('',#4184,(#4188,#4195),.PCURVE_S1.);
#4184 = LINE('',#4185,#4186);
#4185 = CARTESIAN_POINT('',(-5.7873047375,-5.686767578125,3.5));
#4186 = VECTOR('',#4187,1.);
#4187 = DIRECTION('',(0.,0.,1.));
#4188 = PCURVE('',#1309,#4189);
#4189 = DEFINITIONAL_REPRESENTATION('',(#4190),#4194);
#4190 = LINE('',#4191,#4192);
#4191 = CARTESIAN_POINT('',(0.,-0.));
#4192 = VECTOR('',#4193,1.);
#4193 = DIRECTION('',(0.,-1.));
#4194 = ( GEOMETRIC_REPRESENTATION_CONTEXT(2) 
PARAMETRIC_REPRESENTATION_CONTEXT() REPRESENTATION_CONTEXT('2D SPACE',''
  ) );
#4195 = PCURVE('',#1283,#4196);
#4196 = DEFINITIONAL_REPRESENTATION('',(#4197),#4201);
#4197 = LINE('',#4198,#4199);
#4198 = CARTESIAN_POINT('',(0.48310546875,0.));
#4199 = VECTOR('',#4200,1.);
#4200 = DIRECTION('',(0.,-1.));
#4201 = ( GEOMETRIC_REPRESENTATION_CONTEXT(2) 
PARAMETRIC_REPRESENTATION_CONTEXT() REPRESENTATION_CONTEXT('2D SPACE',''
  ) );
#4202 = ORIENTED_EDGE('',*,*,#1294,.F.);
#4203 = ORIENTED_EDGE('',*,*,#4133,.F.);
#4204 = ADVANCED_FACE('',(#4205),#1283,.F.);
#4205 = FACE_BOUND('',#4206,.F.);
#4206 = EDGE_LOOP('',(#4207,#4230,#4251,#4252));
#4207 = ORIENTED_EDGE('',*,*,#4208,.F.);
#4208 = EDGE_CURVE('',#4209,#4160,#4211,.T.);
#4209 = VERTEX_POINT('',#4210);
#4210 = CARTESIAN_POINT('',(-5.7873047375,-5.203662109375,3.5));
#4211 = SURFACE_CURVE('',#4212,(#4216,#4223),.PCURVE_S1.);
#4212 = LINE('',#4213,#4214);
#4213 = CARTESIAN_POINT('',(-5.7873047375,-5.203662109375,3.5));
#4214 = VECTOR('',#4215,1.);
#4215 = DIRECTION('',(0.,-1.,0.));
#4216 = PCURVE('',#1283,#4217);
#4217 = DEFINITIONAL_REPRESENTATION('',(#4218),#4222);
#4218 = LINE('',#4219,#4220);
#4219 = CARTESIAN_POINT('',(0.,0.));
#4220 = VECTOR('',#4221,1.);
#4221 = DIRECTION('',(1.,0.));
#4222 = ( GEOMETRIC_REPRESENTATION_CONTEXT(2) 
PARAMETRIC_REPRESENTATION_CONTEXT() REPRESENTATION_CONTEXT('2D SPACE',''
  ) );
#4223 = PCURVE('',#4003,#4224);
#4224 = DEFINITIONAL_REPRESENTATION('',(#4225),#4229);
#4225 = LINE('',#4226,#4227);
#4226 = CARTESIAN_POINT('',(1.972265625,1.533984375));
#4227 = VECTOR('',#4228,1.);
#4228 = DIRECTION('',(0.,-1.));
#4229 = ( GEOMETRIC_REPRESENTATION_CONTEXT(2) 
PARAMETRIC_REPRESENTATION_CONTEXT() REPRESENTATION_CONTEXT('2D SPACE',''
  ) );
#4230 = ORIENTED_EDGE('',*,*,#4231,.T.);
#4231 = EDGE_CURVE('',#4209,#1243,#4232,.T.);
#4232 = SURFACE_CURVE('',#4233,(#4237,#4244),.PCURVE_S1.);
#4233 = LINE('',#4234,#4235);
#4234 = CARTESIAN_POINT('',(-5.7873047375,-5.203662109375,3.5));
#4235 = VECTOR('',#4236,1.);
#4236 = DIRECTION('',(0.,0.,1.));
#4237 = PCURVE('',#1283,#4238);
#4238 = DEFINITIONAL_REPRESENTATION('',(#4239),#4243);
#4239 = LINE('',#4240,#4241);
#4240 = CARTESIAN_POINT('',(0.,0.));
#4241 = VECTOR('',#4242,1.);
#4242 = DIRECTION('',(0.,-1.));
#4243 = ( GEOMETRIC_REPRESENTATION_CONTEXT(2) 
PARAMETRIC_REPRESENTATION_CONTEXT() REPRESENTATION_CONTEXT('2D SPACE',''
  ) );
#4244 = PCURVE('',#1257,#4245);
#4245 = DEFINITIONAL_REPRESENTATION('',(#4246),#4250);
#4246 = LINE('',#4247,#4248);
#4247 = CARTESIAN_POINT('',(1.02099609375,0.));
#4248 = VECTOR('',#4249,1.);
#4249 = DIRECTION('',(0.,-1.));
#4250 = ( GEOMETRIC_REPRESENTATION_CONTEXT(2) 
PARAMETRIC_REPRESENTATION_CONTEXT() REPRESENTATION_CONTEXT('2D SPACE',''
  ) );
#4251 = ORIENTED_EDGE('',*,*,#1268,.F.);
#4252 = ORIENTED_EDGE('',*,*,#4182,.F.);
#4253 = ADVANCED_FACE('',(#4254),#1257,.F.);
#4254 = FACE_BOUND('',#4255,.F.);
#4255 = EDGE_LOOP('',(#4256,#4279,#4300,#4301));
#4256 = ORIENTED_EDGE('',*,*,#4257,.F.);
#4257 = EDGE_CURVE('',#4258,#4209,#4260,.T.);
#4258 = VERTEX_POINT('',#4259);
#4259 = CARTESIAN_POINT('',(-6.80830083125,-5.203662109375,3.5));
#4260 = SURFACE_CURVE('',#4261,(#4265,#4272),.PCURVE_S1.);
#4261 = LINE('',#4262,#4263);
#4262 = CARTESIAN_POINT('',(-6.80830083125,-5.203662109375,3.5));
#4263 = VECTOR('',#4264,1.);
#4264 = DIRECTION('',(1.,0.,0.));
#4265 = PCURVE('',#1257,#4266);
#4266 = DEFINITIONAL_REPRESENTATION('',(#4267),#4271);
#4267 = LINE('',#4268,#4269);
#4268 = CARTESIAN_POINT('',(0.,0.));
#4269 = VECTOR('',#4270,1.);
#4270 = DIRECTION('',(1.,0.));
#4271 = ( GEOMETRIC_REPRESENTATION_CONTEXT(2) 
PARAMETRIC_REPRESENTATION_CONTEXT() REPRESENTATION_CONTEXT('2D SPACE',''
  ) );
#4272 = PCURVE('',#4003,#4273);
#4273 = DEFINITIONAL_REPRESENTATION('',(#4274),#4278);
#4274 = LINE('',#4275,#4276);
#4275 = CARTESIAN_POINT('',(0.95126953125,1.533984375));
#4276 = VECTOR('',#4277,1.);
#4277 = DIRECTION('',(1.,0.));
#4278 = ( GEOMETRIC_REPRESENTATION_CONTEXT(2) 
PARAMETRIC_REPRESENTATION_CONTEXT() REPRESENTATION_CONTEXT('2D SPACE',''
  ) );
#4279 = ORIENTED_EDGE('',*,*,#4280,.T.);
#4280 = EDGE_CURVE('',#4258,#1217,#4281,.T.);
#4281 = SURFACE_CURVE('',#4282,(#4286,#4293),.PCURVE_S1.);
#4282 = LINE('',#4283,#4284);
#4283 = CARTESIAN_POINT('',(-6.80830083125,-5.203662109375,3.5));
#4284 = VECTOR('',#4285,1.);
#4285 = DIRECTION('',(0.,0.,1.));
#4286 = PCURVE('',#1257,#4287);
#4287 = DEFINITIONAL_REPRESENTATION('',(#4288),#4292);
#4288 = LINE('',#4289,#4290);
#4289 = CARTESIAN_POINT('',(0.,0.));
#4290 = VECTOR('',#4291,1.);
#4291 = DIRECTION('',(0.,-1.));
#4292 = ( GEOMETRIC_REPRESENTATION_CONTEXT(2) 
PARAMETRIC_REPRESENTATION_CONTEXT() REPRESENTATION_CONTEXT('2D SPACE',''
  ) );
#4293 = PCURVE('',#1231,#4294);
#4294 = DEFINITIONAL_REPRESENTATION('',(#4295),#4299);
#4295 = LINE('',#4296,#4297);
#4296 = CARTESIAN_POINT('',(0.4615234375,0.));
#4297 = VECTOR('',#4298,1.);
#4298 = DIRECTION('',(0.,-1.));
#4299 = ( GEOMETRIC_REPRESENTATION_CONTEXT(2) 
PARAMETRIC_REPRESENTATION_CONTEXT() REPRESENTATION_CONTEXT('2D SPACE',''
  ) );
#4300 = ORIENTED_EDGE('',*,*,#1242,.F.);
#4301 = ORIENTED_EDGE('',*,*,#4231,.F.);
#4302 = ADVANCED_FACE('',(#4303),#1231,.F.);
#4303 = FACE_BOUND('',#4304,.F.);
#4304 = EDGE_LOOP('',(#4305,#4328,#4349,#4350));
#4305 = ORIENTED_EDGE('',*,*,#4306,.F.);
#4306 = EDGE_CURVE('',#4307,#4258,#4309,.T.);
#4307 = VERTEX_POINT('',#4308);
#4308 = CARTESIAN_POINT('',(-6.80830083125,-4.742138671875,3.5));
#4309 = SURFACE_CURVE('',#4310,(#4314,#4321),.PCURVE_S1.);
#4310 = LINE('',#4311,#4312);
#4311 = CARTESIAN_POINT('',(-6.80830083125,-4.742138671875,3.5));
#4312 = VECTOR('',#4313,1.);
#4313 = DIRECTION('',(0.,-1.,0.));
#4314 = PCURVE('',#1231,#4315);
#4315 = DEFINITIONAL_REPRESENTATION('',(#4316),#4320);
#4316 = LINE('',#4317,#4318);
#4317 = CARTESIAN_POINT('',(0.,0.));
#4318 = VECTOR('',#4319,1.);
#4319 = DIRECTION('',(1.,0.));
#4320 = ( GEOMETRIC_REPRESENTATION_CONTEXT(2) 
PARAMETRIC_REPRESENTATION_CONTEXT() REPRESENTATION_CONTEXT('2D SPACE',''
  ) );
#4321 = PCURVE('',#4003,#4322);
#4322 = DEFINITIONAL_REPRESENTATION('',(#4323),#4327);
#4323 = LINE('',#4324,#4325);
#4324 = CARTESIAN_POINT('',(0.95126953125,1.9955078125));
#4325 = VECTOR('',#4326,1.);
#4326 = DIRECTION('',(0.,-1.));
#4327 = ( GEOMETRIC_REPRESENTATION_CONTEXT(2) 
PARAMETRIC_REPRESENTATION_CONTEXT() REPRESENTATION_CONTEXT('2D SPACE',''
  ) );
#4328 = ORIENTED_EDGE('',*,*,#4329,.T.);
#4329 = EDGE_CURVE('',#4307,#1191,#4330,.T.);
#4330 = SURFACE_CURVE('',#4331,(#4335,#4342),.PCURVE_S1.);
#4331 = LINE('',#4332,#4333);
#4332 = CARTESIAN_POINT('',(-6.80830083125,-4.742138671875,3.5));
#4333 = VECTOR('',#4334,1.);
#4334 = DIRECTION('',(0.,0.,1.));
#4335 = PCURVE('',#1231,#4336);
#4336 = DEFINITIONAL_REPRESENTATION('',(#4337),#4341);
#4337 = LINE('',#4338,#4339);
#4338 = CARTESIAN_POINT('',(0.,0.));
#4339 = VECTOR('',#4340,1.);
#4340 = DIRECTION('',(0.,-1.));
#4341 = ( GEOMETRIC_REPRESENTATION_CONTEXT(2) 
PARAMETRIC_REPRESENTATION_CONTEXT() REPRESENTATION_CONTEXT('2D SPACE',''
  ) );
#4342 = PCURVE('',#1205,#4343);
#4343 = DEFINITIONAL_REPRESENTATION('',(#4344),#4348);
#4344 = LINE('',#4345,#4346);
#4345 = CARTESIAN_POINT('',(1.0857421875,0.));
#4346 = VECTOR('',#4347,1.);
#4347 = DIRECTION('',(0.,-1.));
#4348 = ( GEOMETRIC_REPRESENTATION_CONTEXT(2) 
PARAMETRIC_REPRESENTATION_CONTEXT() REPRESENTATION_CONTEXT('2D SPACE',''
  ) );
#4349 = ORIENTED_EDGE('',*,*,#1216,.F.);
#4350 = ORIENTED_EDGE('',*,*,#4280,.F.);
#4351 = ADVANCED_FACE('',(#4352),#1205,.F.);
#4352 = FACE_BOUND('',#4353,.F.);
#4353 = EDGE_LOOP('',(#4354,#4377,#4398,#4399));
#4354 = ORIENTED_EDGE('',*,*,#4355,.F.);
#4355 = EDGE_CURVE('',#4356,#4307,#4358,.T.);
#4356 = VERTEX_POINT('',#4357);
#4357 = CARTESIAN_POINT('',(-5.72255864375,-4.742138671875,3.5));
#4358 = SURFACE_CURVE('',#4359,(#4363,#4370),.PCURVE_S1.);
#4359 = LINE('',#4360,#4361);
#4360 = CARTESIAN_POINT('',(-5.72255864375,-4.742138671875,3.5));
#4361 = VECTOR('',#4362,1.);
#4362 = DIRECTION('',(-1.,0.,0.));
#4363 = PCURVE('',#1205,#4364);
#4364 = DEFINITIONAL_REPRESENTATION('',(#4365),#4369);
#4365 = LINE('',#4366,#4367);
#4366 = CARTESIAN_POINT('',(0.,-0.));
#4367 = VECTOR('',#4368,1.);
#4368 = DIRECTION('',(1.,0.));
#4369 = ( GEOMETRIC_REPRESENTATION_CONTEXT(2) 
PARAMETRIC_REPRESENTATION_CONTEXT() REPRESENTATION_CONTEXT('2D SPACE',''
  ) );
#4370 = PCURVE('',#4003,#4371);
#4371 = DEFINITIONAL_REPRESENTATION('',(#4372),#4376);
#4372 = LINE('',#4373,#4374);
#4373 = CARTESIAN_POINT('',(2.03701171875,1.9955078125));
#4374 = VECTOR('',#4375,1.);
#4375 = DIRECTION('',(-1.,0.));
#4376 = ( GEOMETRIC_REPRESENTATION_CONTEXT(2) 
PARAMETRIC_REPRESENTATION_CONTEXT() REPRESENTATION_CONTEXT('2D SPACE',''
  ) );
#4377 = ORIENTED_EDGE('',*,*,#4378,.T.);
#4378 = EDGE_CURVE('',#4356,#1165,#4379,.T.);
#4379 = SURFACE_CURVE('',#4380,(#4384,#4391),.PCURVE_S1.);
#4380 = LINE('',#4381,#4382);
#4381 = CARTESIAN_POINT('',(-5.72255864375,-4.742138671875,3.5));
#4382 = VECTOR('',#4383,1.);
#4383 = DIRECTION('',(0.,0.,1.));
#4384 = PCURVE('',#1205,#4385);
#4385 = DEFINITIONAL_REPRESENTATION('',(#4386),#4390);
#4386 = LINE('',#4387,#4388);
#4387 = CARTESIAN_POINT('',(0.,-0.));
#4388 = VECTOR('',#4389,1.);
#4389 = DIRECTION('',(0.,-1.));
#4390 = ( GEOMETRIC_REPRESENTATION_CONTEXT(2) 
PARAMETRIC_REPRESENTATION_CONTEXT() REPRESENTATION_CONTEXT('2D SPACE',''
  ) );
#4391 = PCURVE('',#1179,#4392);
#4392 = DEFINITIONAL_REPRESENTATION('',(#4393),#4397);
#4393 = LINE('',#4394,#4395);
#4394 = CARTESIAN_POINT('',(0.48310546875,0.));
#4395 = VECTOR('',#4396,1.);
#4396 = DIRECTION('',(0.,-1.));
#4397 = ( GEOMETRIC_REPRESENTATION_CONTEXT(2) 
PARAMETRIC_REPRESENTATION_CONTEXT() REPRESENTATION_CONTEXT('2D SPACE',''
  ) );
#4398 = ORIENTED_EDGE('',*,*,#1190,.F.);
#4399 = ORIENTED_EDGE('',*,*,#4329,.F.);
#4400 = ADVANCED_FACE('',(#4401),#1179,.F.);
#4401 = FACE_BOUND('',#4402,.F.);
#4402 = EDGE_LOOP('',(#4403,#4426,#4447,#4448));
#4403 = ORIENTED_EDGE('',*,*,#4404,.F.);
#4404 = EDGE_CURVE('',#4405,#4356,#4407,.T.);
#4405 = VERTEX_POINT('',#4406);
#4406 = CARTESIAN_POINT('',(-5.72255864375,-4.259033203125,3.5));
#4407 = SURFACE_CURVE('',#4408,(#4412,#4419),.PCURVE_S1.);
#4408 = LINE('',#4409,#4410);
#4409 = CARTESIAN_POINT('',(-5.72255864375,-4.259033203125,3.5));
#4410 = VECTOR('',#4411,1.);
#4411 = DIRECTION('',(0.,-1.,0.));
#4412 = PCURVE('',#1179,#4413);
#4413 = DEFINITIONAL_REPRESENTATION('',(#4414),#4418);
#4414 = LINE('',#4415,#4416);
#4415 = CARTESIAN_POINT('',(0.,0.));
#4416 = VECTOR('',#4417,1.);
#4417 = DIRECTION('',(1.,0.));
#4418 = ( GEOMETRIC_REPRESENTATION_CONTEXT(2) 
PARAMETRIC_REPRESENTATION_CONTEXT() REPRESENTATION_CONTEXT('2D SPACE',''
  ) );
#4419 = PCURVE('',#4003,#4420);
#4420 = DEFINITIONAL_REPRESENTATION('',(#4421),#4425);
#4421 = LINE('',#4422,#4423);
#4422 = CARTESIAN_POINT('',(2.03701171875,2.47861328125));
#4423 = VECTOR('',#4424,1.);
#4424 = DIRECTION('',(0.,-1.));
#4425 = ( GEOMETRIC_REPRESENTATION_CONTEXT(2) 
PARAMETRIC_REPRESENTATION_CONTEXT() REPRESENTATION_CONTEXT('2D SPACE',''
  ) );
#4426 = ORIENTED_EDGE('',*,*,#4427,.T.);
#4427 = EDGE_CURVE('',#4405,#1139,#4428,.T.);
#4428 = SURFACE_CURVE('',#4429,(#4433,#4440),.PCURVE_S1.);
#4429 = LINE('',#4430,#4431);
#4430 = CARTESIAN_POINT('',(-5.72255864375,-4.259033203125,3.5));
#4431 = VECTOR('',#4432,1.);
#4432 = DIRECTION('',(0.,0.,1.));
#4433 = PCURVE('',#1179,#4434);
#4434 = DEFINITIONAL_REPRESENTATION('',(#4435),#4439);
#4435 = LINE('',#4436,#4437);
#4436 = CARTESIAN_POINT('',(0.,0.));
#4437 = VECTOR('',#4438,1.);
#4438 = DIRECTION('',(0.,-1.));
#4439 = ( GEOMETRIC_REPRESENTATION_CONTEXT(2) 
PARAMETRIC_REPRESENTATION_CONTEXT() REPRESENTATION_CONTEXT('2D SPACE',''
  ) );
#4440 = PCURVE('',#1153,#4441);
#4441 = DEFINITIONAL_REPRESENTATION('',(#4442),#4446);
#4442 = LINE('',#4443,#4444);
#4443 = CARTESIAN_POINT('',(1.72490234375,0.));
#4444 = VECTOR('',#4445,1.);
#4445 = DIRECTION('',(0.,-1.));
#4446 = ( GEOMETRIC_REPRESENTATION_CONTEXT(2) 
PARAMETRIC_REPRESENTATION_CONTEXT() REPRESENTATION_CONTEXT('2D SPACE',''
  ) );
#4447 = ORIENTED_EDGE('',*,*,#1164,.F.);
#4448 = ORIENTED_EDGE('',*,*,#4378,.F.);
#4449 = ADVANCED_FACE('',(#4450),#1153,.F.);
#4450 = FACE_BOUND('',#4451,.F.);
#4451 = EDGE_LOOP('',(#4452,#4473,#4474,#4475));
#4452 = ORIENTED_EDGE('',*,*,#4453,.F.);
#4453 = EDGE_CURVE('',#3988,#4405,#4454,.T.);
#4454 = SURFACE_CURVE('',#4455,(#4459,#4466),.PCURVE_S1.);
#4455 = LINE('',#4456,#4457);
#4456 = CARTESIAN_POINT('',(-7.4474609875,-4.259033203125,3.5));
#4457 = VECTOR('',#4458,1.);
#4458 = DIRECTION('',(1.,0.,0.));
#4459 = PCURVE('',#1153,#4460);
#4460 = DEFINITIONAL_REPRESENTATION('',(#4461),#4465);
#4461 = LINE('',#4462,#4463);
#4462 = CARTESIAN_POINT('',(0.,0.));
#4463 = VECTOR('',#4464,1.);
#4464 = DIRECTION('',(1.,0.));
#4465 = ( GEOMETRIC_REPRESENTATION_CONTEXT(2) 
PARAMETRIC_REPRESENTATION_CONTEXT() REPRESENTATION_CONTEXT('2D SPACE',''
  ) );
#4466 = PCURVE('',#4003,#4467);
#4467 = DEFINITIONAL_REPRESENTATION('',(#4468),#4472);
#4468 = LINE('',#4469,#4470);
#4469 = CARTESIAN_POINT('',(0.312109375,2.47861328125));
#4470 = VECTOR('',#4471,1.);
#4471 = DIRECTION('',(1.,0.));
#4472 = ( GEOMETRIC_REPRESENTATION_CONTEXT(2) 
PARAMETRIC_REPRESENTATION_CONTEXT() REPRESENTATION_CONTEXT('2D SPACE',''
  ) );
#4473 = ORIENTED_EDGE('',*,*,#4037,.T.);
#4474 = ORIENTED_EDGE('',*,*,#1138,.F.);
#4475 = ORIENTED_EDGE('',*,*,#4427,.F.);
#4476 = ADVANCED_FACE('',(#4477),#1389,.F.);
#4477 = FACE_BOUND('',#4478,.F.);
#4478 = EDGE_LOOP('',(#4479,#4509,#4530,#4531));
#4479 = ORIENTED_EDGE('',*,*,#4480,.F.);
#4480 = EDGE_CURVE('',#4481,#4483,#4485,.T.);
#4481 = VERTEX_POINT('',#4482);
#4482 = CARTESIAN_POINT('',(6.94443354375,-5.653564453125,3.5));
#4483 = VERTEX_POINT('',#4484);
#4484 = CARTESIAN_POINT('',(6.94443354375,-4.259033203125,3.5));
#4485 = SURFACE_CURVE('',#4486,(#4490,#4497),.PCURVE_S1.);
#4486 = LINE('',#4487,#4488);
#4487 = CARTESIAN_POINT('',(6.94443354375,-5.653564453125,3.5));
#4488 = VECTOR('',#4489,1.);
#4489 = DIRECTION('',(0.,1.,0.));
#4490 = PCURVE('',#1389,#4491);
#4491 = DEFINITIONAL_REPRESENTATION('',(#4492),#4496);
#4492 = LINE('',#4493,#4494);
#4493 = CARTESIAN_POINT('',(0.,0.));
#4494 = VECTOR('',#4495,1.);
#4495 = DIRECTION('',(1.,0.));
#4496 = ( GEOMETRIC_REPRESENTATION_CONTEXT(2) 
PARAMETRIC_REPRESENTATION_CONTEXT() REPRESENTATION_CONTEXT('2D SPACE',''
  ) );
#4497 = PCURVE('',#4498,#4503);
#4498 = PLANE('',#4499);
#4499 = AXIS2_PLACEMENT_3D('',#4500,#4501,#4502);
#4500 = CARTESIAN_POINT('',(6.5841796375,-6.737646484375,3.5));
#4501 = DIRECTION('',(0.,0.,1.));
#4502 = DIRECTION('',(1.,0.,0.));
#4503 = DEFINITIONAL_REPRESENTATION('',(#4504),#4508);
#4504 = LINE('',#4505,#4506);
#4505 = CARTESIAN_POINT('',(0.36025390625,1.08408203125));
#4506 = VECTOR('',#4507,1.);
#4507 = DIRECTION('',(0.,1.));
#4508 = ( GEOMETRIC_REPRESENTATION_CONTEXT(2) 
PARAMETRIC_REPRESENTATION_CONTEXT() REPRESENTATION_CONTEXT('2D SPACE',''
  ) );
#4509 = ORIENTED_EDGE('',*,*,#4510,.T.);
#4510 = EDGE_CURVE('',#4481,#1375,#4511,.T.);
#4511 = SURFACE_CURVE('',#4512,(#4516,#4523),.PCURVE_S1.);
#4512 = LINE('',#4513,#4514);
#4513 = CARTESIAN_POINT('',(6.94443354375,-5.653564453125,3.5));
#4514 = VECTOR('',#4515,1.);
#4515 = DIRECTION('',(0.,0.,1.));
#4516 = PCURVE('',#1389,#4517);
#4517 = DEFINITIONAL_REPRESENTATION('',(#4518),#4522);
#4518 = LINE('',#4519,#4520);
#4519 = CARTESIAN_POINT('',(0.,0.));
#4520 = VECTOR('',#4521,1.);
#4521 = DIRECTION('',(0.,-1.));
#4522 = ( GEOMETRIC_REPRESENTATION_CONTEXT(2) 
PARAMETRIC_REPRESENTATION_CONTEXT() REPRESENTATION_CONTEXT('2D SPACE',''
  ) );
#4523 = PCURVE('',#2211,#4524);
#4524 = DEFINITIONAL_REPRESENTATION('',(#4525),#4529);
#4525 = LINE('',#4526,#4527);
#4526 = CARTESIAN_POINT('',(1.,0.));
#4527 = VECTOR('',#4528,1.);
#4528 = DIRECTION('',(0.,-1.));
#4529 = ( GEOMETRIC_REPRESENTATION_CONTEXT(2) 
PARAMETRIC_REPRESENTATION_CONTEXT() REPRESENTATION_CONTEXT('2D SPACE',''
  ) );
#4530 = ORIENTED_EDGE('',*,*,#1372,.F.);
#4531 = ORIENTED_EDGE('',*,*,#4532,.F.);
#4532 = EDGE_CURVE('',#4483,#1373,#4533,.T.);
#4533 = SURFACE_CURVE('',#4534,(#4538,#4545),.PCURVE_S1.);
#4534 = LINE('',#4535,#4536);
#4535 = CARTESIAN_POINT('',(6.94443354375,-4.259033203125,3.5));
#4536 = VECTOR('',#4537,1.);
#4537 = DIRECTION('',(0.,0.,1.));
#4538 = PCURVE('',#1389,#4539);
#4539 = DEFINITIONAL_REPRESENTATION('',(#4540),#4544);
#4540 = LINE('',#4541,#4542);
#4541 = CARTESIAN_POINT('',(1.39453125,0.));
#4542 = VECTOR('',#4543,1.);
#4543 = DIRECTION('',(0.,-1.));
#4544 = ( GEOMETRIC_REPRESENTATION_CONTEXT(2) 
PARAMETRIC_REPRESENTATION_CONTEXT() REPRESENTATION_CONTEXT('2D SPACE',''
  ) );
#4545 = PCURVE('',#1415,#4546);
#4546 = DEFINITIONAL_REPRESENTATION('',(#4547),#4551);
#4547 = LINE('',#4548,#4549);
#4548 = CARTESIAN_POINT('',(0.,0.));
#4549 = VECTOR('',#4550,1.);
#4550 = DIRECTION('',(0.,-1.));
#4551 = ( GEOMETRIC_REPRESENTATION_CONTEXT(2) 
PARAMETRIC_REPRESENTATION_CONTEXT() REPRESENTATION_CONTEXT('2D SPACE',''
  ) );
#4552 = ADVANCED_FACE('',(#4553),#2211,.F.);
#4553 = FACE_BOUND('',#4554,.F.);
#4554 = EDGE_LOOP('',(#4555,#4578,#4599,#4600));
#4555 = ORIENTED_EDGE('',*,*,#4556,.F.);
#4556 = EDGE_CURVE('',#4557,#4481,#4559,.T.);
#4557 = VERTEX_POINT('',#4558);
#4558 = CARTESIAN_POINT('',(7.27978510625,-5.5431640625,3.5));
#4559 = SURFACE_CURVE('',#4560,(#4564,#4571),.PCURVE_S1.);
#4560 = B_SPLINE_CURVE_WITH_KNOTS('',2,(#4561,#4562,#4563),
  .UNSPECIFIED.,.F.,.F.,(3,3),(0.,1.),.PIECEWISE_BEZIER_KNOTS.);
#4561 = CARTESIAN_POINT('',(7.27978510625,-5.5431640625,3.5));
#4562 = CARTESIAN_POINT('',(7.12373041875,-5.578857421875,3.5));
#4563 = CARTESIAN_POINT('',(6.94443354375,-5.653564453125,3.5));
#4564 = PCURVE('',#2211,#4565);
#4565 = DEFINITIONAL_REPRESENTATION('',(#4566),#4570);
#4566 = LINE('',#4567,#4568);
#4567 = CARTESIAN_POINT('',(0.,0.));
#4568 = VECTOR('',#4569,1.);
#4569 = DIRECTION('',(1.,0.));
#4570 = ( GEOMETRIC_REPRESENTATION_CONTEXT(2) 
PARAMETRIC_REPRESENTATION_CONTEXT() REPRESENTATION_CONTEXT('2D SPACE',''
  ) );
#4571 = PCURVE('',#4498,#4572);
#4572 = DEFINITIONAL_REPRESENTATION('',(#4573),#4577);
#4573 = B_SPLINE_CURVE_WITH_KNOTS('',2,(#4574,#4575,#4576),
  .UNSPECIFIED.,.F.,.F.,(3,3),(0.,1.),.PIECEWISE_BEZIER_KNOTS.);
#4574 = CARTESIAN_POINT('',(0.69560546875,1.194482421875));
#4575 = CARTESIAN_POINT('',(0.53955078125,1.1587890625));
#4576 = CARTESIAN_POINT('',(0.36025390625,1.08408203125));
#4577 = ( GEOMETRIC_REPRESENTATION_CONTEXT(2) 
PARAMETRIC_REPRESENTATION_CONTEXT() REPRESENTATION_CONTEXT('2D SPACE',''
  ) );
#4578 = ORIENTED_EDGE('',*,*,#4579,.T.);
#4579 = EDGE_CURVE('',#4557,#2158,#4580,.T.);
#4580 = SURFACE_CURVE('',#4581,(#4585,#4592),.PCURVE_S1.);
#4581 = LINE('',#4582,#4583);
#4582 = CARTESIAN_POINT('',(7.27978510625,-5.5431640625,3.5));
#4583 = VECTOR('',#4584,1.);
#4584 = DIRECTION('',(0.,0.,1.));
#4585 = PCURVE('',#2211,#4586);
#4586 = DEFINITIONAL_REPRESENTATION('',(#4587),#4591);
#4587 = LINE('',#4588,#4589);
#4588 = CARTESIAN_POINT('',(0.,0.));
#4589 = VECTOR('',#4590,1.);
#4590 = DIRECTION('',(0.,-1.));
#4591 = ( GEOMETRIC_REPRESENTATION_CONTEXT(2) 
PARAMETRIC_REPRESENTATION_CONTEXT() REPRESENTATION_CONTEXT('2D SPACE',''
  ) );
#4592 = PCURVE('',#2177,#4593);
#4593 = DEFINITIONAL_REPRESENTATION('',(#4594),#4598);
#4594 = LINE('',#4595,#4596);
#4595 = CARTESIAN_POINT('',(1.,0.));
#4596 = VECTOR('',#4597,1.);
#4597 = DIRECTION('',(0.,-1.));
#4598 = ( GEOMETRIC_REPRESENTATION_CONTEXT(2) 
PARAMETRIC_REPRESENTATION_CONTEXT() REPRESENTATION_CONTEXT('2D SPACE',''
  ) );
#4599 = ORIENTED_EDGE('',*,*,#2193,.F.);
#4600 = ORIENTED_EDGE('',*,*,#4510,.F.);
#4601 = ADVANCED_FACE('',(#4602),#2177,.F.);
#4602 = FACE_BOUND('',#4603,.F.);
#4603 = EDGE_LOOP('',(#4604,#4627,#4648,#4649));
#4604 = ORIENTED_EDGE('',*,*,#4605,.F.);
#4605 = EDGE_CURVE('',#4606,#4557,#4608,.T.);
#4606 = VERTEX_POINT('',#4607);
#4607 = CARTESIAN_POINT('',(7.5736327625,-5.507470703125,3.5));
#4608 = SURFACE_CURVE('',#4609,(#4613,#4620),.PCURVE_S1.);
#4609 = B_SPLINE_CURVE_WITH_KNOTS('',2,(#4610,#4611,#4612),
  .UNSPECIFIED.,.F.,.F.,(3,3),(0.,1.),.PIECEWISE_BEZIER_KNOTS.);
#4610 = CARTESIAN_POINT('',(7.5736327625,-5.507470703125,3.5));
#4611 = CARTESIAN_POINT('',(7.43583979375,-5.507470703125,3.5));
#4612 = CARTESIAN_POINT('',(7.27978510625,-5.5431640625,3.5));
#4613 = PCURVE('',#2177,#4614);
#4614 = DEFINITIONAL_REPRESENTATION('',(#4615),#4619);
#4615 = LINE('',#4616,#4617);
#4616 = CARTESIAN_POINT('',(0.,0.));
#4617 = VECTOR('',#4618,1.);
#4618 = DIRECTION('',(1.,0.));
#4619 = ( GEOMETRIC_REPRESENTATION_CONTEXT(2) 
PARAMETRIC_REPRESENTATION_CONTEXT() REPRESENTATION_CONTEXT('2D SPACE',''
  ) );
#4620 = PCURVE('',#4498,#4621);
#4621 = DEFINITIONAL_REPRESENTATION('',(#4622),#4626);
#4622 = B_SPLINE_CURVE_WITH_KNOTS('',2,(#4623,#4624,#4625),
  .UNSPECIFIED.,.F.,.F.,(3,3),(0.,1.),.PIECEWISE_BEZIER_KNOTS.);
#4623 = CARTESIAN_POINT('',(0.989453125,1.23017578125));
#4624 = CARTESIAN_POINT('',(0.85166015625,1.23017578125));
#4625 = CARTESIAN_POINT('',(0.69560546875,1.194482421875));
#4626 = ( GEOMETRIC_REPRESENTATION_CONTEXT(2) 
PARAMETRIC_REPRESENTATION_CONTEXT() REPRESENTATION_CONTEXT('2D SPACE',''
  ) );
#4627 = ORIENTED_EDGE('',*,*,#4628,.T.);
#4628 = EDGE_CURVE('',#4606,#2119,#4629,.T.);
#4629 = SURFACE_CURVE('',#4630,(#4634,#4641),.PCURVE_S1.);
#4630 = LINE('',#4631,#4632);
#4631 = CARTESIAN_POINT('',(7.5736327625,-5.507470703125,3.5));
#4632 = VECTOR('',#4633,1.);
#4633 = DIRECTION('',(0.,0.,1.));
#4634 = PCURVE('',#2177,#4635);
#4635 = DEFINITIONAL_REPRESENTATION('',(#4636),#4640);
#4636 = LINE('',#4637,#4638);
#4637 = CARTESIAN_POINT('',(0.,0.));
#4638 = VECTOR('',#4639,1.);
#4639 = DIRECTION('',(0.,-1.));
#4640 = ( GEOMETRIC_REPRESENTATION_CONTEXT(2) 
PARAMETRIC_REPRESENTATION_CONTEXT() REPRESENTATION_CONTEXT('2D SPACE',''
  ) );
#4641 = PCURVE('',#2140,#4642);
#4642 = DEFINITIONAL_REPRESENTATION('',(#4643),#4647);
#4643 = LINE('',#4644,#4645);
#4644 = CARTESIAN_POINT('',(1.,0.));
#4645 = VECTOR('',#4646,1.);
#4646 = DIRECTION('',(0.,-1.));
#4647 = ( GEOMETRIC_REPRESENTATION_CONTEXT(2) 
PARAMETRIC_REPRESENTATION_CONTEXT() REPRESENTATION_CONTEXT('2D SPACE',''
  ) );
#4648 = ORIENTED_EDGE('',*,*,#2157,.F.);
#4649 = ORIENTED_EDGE('',*,*,#4579,.F.);
#4650 = ADVANCED_FACE('',(#4651),#2140,.F.);
#4651 = FACE_BOUND('',#4652,.F.);
#4652 = EDGE_LOOP('',(#4653,#4676,#4697,#4698));
#4653 = ORIENTED_EDGE('',*,*,#4654,.F.);
#4654 = EDGE_CURVE('',#4655,#4606,#4657,.T.);
#4655 = VERTEX_POINT('',#4656);
#4656 = CARTESIAN_POINT('',(7.939697215625,-5.620361328125,3.5));
#4657 = SURFACE_CURVE('',#4658,(#4662,#4669),.PCURVE_S1.);
#4658 = B_SPLINE_CURVE_WITH_KNOTS('',2,(#4659,#4660,#4661),
  .UNSPECIFIED.,.F.,.F.,(3,3),(0.,1.),.PIECEWISE_BEZIER_KNOTS.);
#4659 = CARTESIAN_POINT('',(7.939697215625,-5.620361328125,3.5));
#4660 = CARTESIAN_POINT('',(7.8060546375,-5.507470703125,3.5));
#4661 = CARTESIAN_POINT('',(7.5736327625,-5.507470703125,3.5));
#4662 = PCURVE('',#2140,#4663);
#4663 = DEFINITIONAL_REPRESENTATION('',(#4664),#4668);
#4664 = LINE('',#4665,#4666);
#4665 = CARTESIAN_POINT('',(0.,0.));
#4666 = VECTOR('',#4667,1.);
#4667 = DIRECTION('',(1.,0.));
#4668 = ( GEOMETRIC_REPRESENTATION_CONTEXT(2) 
PARAMETRIC_REPRESENTATION_CONTEXT() REPRESENTATION_CONTEXT('2D SPACE',''
  ) );
#4669 = PCURVE('',#4498,#4670);
#4670 = DEFINITIONAL_REPRESENTATION('',(#4671),#4675);
#4671 = B_SPLINE_CURVE_WITH_KNOTS('',2,(#4672,#4673,#4674),
  .UNSPECIFIED.,.F.,.F.,(3,3),(0.,1.),.PIECEWISE_BEZIER_KNOTS.);
#4672 = CARTESIAN_POINT('',(1.355517578125,1.11728515625));
#4673 = CARTESIAN_POINT('',(1.221875,1.23017578125));
#4674 = CARTESIAN_POINT('',(0.989453125,1.23017578125));
#4675 = ( GEOMETRIC_REPRESENTATION_CONTEXT(2) 
PARAMETRIC_REPRESENTATION_CONTEXT() REPRESENTATION_CONTEXT('2D SPACE',''
  ) );
#4676 = ORIENTED_EDGE('',*,*,#4677,.T.);
#4677 = EDGE_CURVE('',#4655,#2068,#4678,.T.);
#4678 = SURFACE_CURVE('',#4679,(#4683,#4690),.PCURVE_S1.);
#4679 = LINE('',#4680,#4681);
#4680 = CARTESIAN_POINT('',(7.939697215625,-5.620361328125,3.5));
#4681 = VECTOR('',#4682,1.);
#4682 = DIRECTION('',(0.,0.,1.));
#4683 = PCURVE('',#2140,#4684);
#4684 = DEFINITIONAL_REPRESENTATION('',(#4685),#4689);
#4685 = LINE('',#4686,#4687);
#4686 = CARTESIAN_POINT('',(0.,0.));
#4687 = VECTOR('',#4688,1.);
#4688 = DIRECTION('',(0.,-1.));
#4689 = ( GEOMETRIC_REPRESENTATION_CONTEXT(2) 
PARAMETRIC_REPRESENTATION_CONTEXT() REPRESENTATION_CONTEXT('2D SPACE',''
  ) );
#4690 = PCURVE('',#2097,#4691);
#4691 = DEFINITIONAL_REPRESENTATION('',(#4692),#4696);
#4692 = LINE('',#4693,#4694);
#4693 = CARTESIAN_POINT('',(1.,0.));
#4694 = VECTOR('',#4695,1.);
#4695 = DIRECTION('',(0.,-1.));
#4696 = ( GEOMETRIC_REPRESENTATION_CONTEXT(2) 
PARAMETRIC_REPRESENTATION_CONTEXT() REPRESENTATION_CONTEXT('2D SPACE',''
  ) );
#4697 = ORIENTED_EDGE('',*,*,#2118,.F.);
#4698 = ORIENTED_EDGE('',*,*,#4628,.F.);
#4699 = ADVANCED_FACE('',(#4700),#2097,.F.);
#4700 = FACE_BOUND('',#4701,.F.);
#4701 = EDGE_LOOP('',(#4702,#4725,#4746,#4747));
#4702 = ORIENTED_EDGE('',*,*,#4703,.F.);
#4703 = EDGE_CURVE('',#4704,#4655,#4706,.T.);
#4704 = VERTEX_POINT('',#4705);
#4705 = CARTESIAN_POINT('',(8.07333979375,-5.929150390625,3.5));
#4706 = SURFACE_CURVE('',#4707,(#4711,#4718),.PCURVE_S1.);
#4707 = B_SPLINE_CURVE_WITH_KNOTS('',2,(#4708,#4709,#4710),
  .UNSPECIFIED.,.F.,.F.,(3,3),(0.,1.),.PIECEWISE_BEZIER_KNOTS.);
#4708 = CARTESIAN_POINT('',(8.07333979375,-5.929150390625,3.5));
#4709 = CARTESIAN_POINT('',(8.07333979375,-5.733251953125,3.5));
#4710 = CARTESIAN_POINT('',(7.939697215625,-5.620361328125,3.5));
#4711 = PCURVE('',#2097,#4712);
#4712 = DEFINITIONAL_REPRESENTATION('',(#4713),#4717);
#4713 = LINE('',#4714,#4715);
#4714 = CARTESIAN_POINT('',(0.,0.));
#4715 = VECTOR('',#4716,1.);
#4716 = DIRECTION('',(1.,0.));
#4717 = ( GEOMETRIC_REPRESENTATION_CONTEXT(2) 
PARAMETRIC_REPRESENTATION_CONTEXT() REPRESENTATION_CONTEXT('2D SPACE',''
  ) );
#4718 = PCURVE('',#4498,#4719);
#4719 = DEFINITIONAL_REPRESENTATION('',(#4720),#4724);
#4720 = B_SPLINE_CURVE_WITH_KNOTS('',2,(#4721,#4722,#4723),
  .UNSPECIFIED.,.F.,.F.,(3,3),(0.,1.),.PIECEWISE_BEZIER_KNOTS.);
#4721 = CARTESIAN_POINT('',(1.48916015625,0.80849609375));
#4722 = CARTESIAN_POINT('',(1.48916015625,1.00439453125));
#4723 = CARTESIAN_POINT('',(1.355517578125,1.11728515625));
#4724 = ( GEOMETRIC_REPRESENTATION_CONTEXT(2) 
PARAMETRIC_REPRESENTATION_CONTEXT() REPRESENTATION_CONTEXT('2D SPACE',''
  ) );
#4725 = ORIENTED_EDGE('',*,*,#4726,.T.);
#4726 = EDGE_CURVE('',#4704,#2017,#4727,.T.);
#4727 = SURFACE_CURVE('',#4728,(#4732,#4739),.PCURVE_S1.);
#4728 = LINE('',#4729,#4730);
#4729 = CARTESIAN_POINT('',(8.07333979375,-5.929150390625,3.5));
#4730 = VECTOR('',#4731,1.);
#4731 = DIRECTION('',(0.,0.,1.));
#4732 = PCURVE('',#2097,#4733);
#4733 = DEFINITIONAL_REPRESENTATION('',(#4734),#4738);
#4734 = LINE('',#4735,#4736);
#4735 = CARTESIAN_POINT('',(0.,0.));
#4736 = VECTOR('',#4737,1.);
#4737 = DIRECTION('',(0.,-1.));
#4738 = ( GEOMETRIC_REPRESENTATION_CONTEXT(2) 
PARAMETRIC_REPRESENTATION_CONTEXT() REPRESENTATION_CONTEXT('2D SPACE',''
  ) );
#4739 = PCURVE('',#2046,#4740);
#4740 = DEFINITIONAL_REPRESENTATION('',(#4741),#4745);
#4741 = LINE('',#4742,#4743);
#4742 = CARTESIAN_POINT('',(1.,0.));
#4743 = VECTOR('',#4744,1.);
#4744 = DIRECTION('',(0.,-1.));
#4745 = ( GEOMETRIC_REPRESENTATION_CONTEXT(2) 
PARAMETRIC_REPRESENTATION_CONTEXT() REPRESENTATION_CONTEXT('2D SPACE',''
  ) );
#4746 = ORIENTED_EDGE('',*,*,#2067,.F.);
#4747 = ORIENTED_EDGE('',*,*,#4677,.F.);
#4748 = ADVANCED_FACE('',(#4749),#2046,.F.);
#4749 = FACE_BOUND('',#4750,.F.);
#4750 = EDGE_LOOP('',(#4751,#4774,#4795,#4796));
#4751 = ORIENTED_EDGE('',*,*,#4752,.F.);
#4752 = EDGE_CURVE('',#4753,#4704,#4755,.T.);
#4753 = VERTEX_POINT('',#4754);
#4754 = CARTESIAN_POINT('',(7.939697215625,-6.237109375,3.5));
#4755 = SURFACE_CURVE('',#4756,(#4760,#4767),.PCURVE_S1.);
#4756 = B_SPLINE_CURVE_WITH_KNOTS('',2,(#4757,#4758,#4759),
  .UNSPECIFIED.,.F.,.F.,(3,3),(0.,1.),.PIECEWISE_BEZIER_KNOTS.);
#4757 = CARTESIAN_POINT('',(7.939697215625,-6.237109375,3.5));
#4758 = CARTESIAN_POINT('',(8.07333979375,-6.123388671875,3.5));
#4759 = CARTESIAN_POINT('',(8.07333979375,-5.929150390625,3.5));
#4760 = PCURVE('',#2046,#4761);
#4761 = DEFINITIONAL_REPRESENTATION('',(#4762),#4766);
#4762 = LINE('',#4763,#4764);
#4763 = CARTESIAN_POINT('',(0.,0.));
#4764 = VECTOR('',#4765,1.);
#4765 = DIRECTION('',(1.,0.));
#4766 = ( GEOMETRIC_REPRESENTATION_CONTEXT(2) 
PARAMETRIC_REPRESENTATION_CONTEXT() REPRESENTATION_CONTEXT('2D SPACE',''
  ) );
#4767 = PCURVE('',#4498,#4768);
#4768 = DEFINITIONAL_REPRESENTATION('',(#4769),#4773);
#4769 = B_SPLINE_CURVE_WITH_KNOTS('',2,(#4770,#4771,#4772),
  .UNSPECIFIED.,.F.,.F.,(3,3),(0.,1.),.PIECEWISE_BEZIER_KNOTS.);
#4770 = CARTESIAN_POINT('',(1.355517578125,0.500537109375));
#4771 = CARTESIAN_POINT('',(1.48916015625,0.6142578125));
#4772 = CARTESIAN_POINT('',(1.48916015625,0.80849609375));
#4773 = ( GEOMETRIC_REPRESENTATION_CONTEXT(2) 
PARAMETRIC_REPRESENTATION_CONTEXT() REPRESENTATION_CONTEXT('2D SPACE',''
  ) );
#4774 = ORIENTED_EDGE('',*,*,#4775,.T.);
#4775 = EDGE_CURVE('',#4753,#1978,#4776,.T.);
#4776 = SURFACE_CURVE('',#4777,(#4781,#4788),.PCURVE_S1.);
#4777 = LINE('',#4778,#4779);
#4778 = CARTESIAN_POINT('',(7.939697215625,-6.237109375,3.5));
#4779 = VECTOR('',#4780,1.);
#4780 = DIRECTION('',(0.,0.,1.));
#4781 = PCURVE('',#2046,#4782);
#4782 = DEFINITIONAL_REPRESENTATION('',(#4783),#4787);
#4783 = LINE('',#4784,#4785);
#4784 = CARTESIAN_POINT('',(0.,0.));
#4785 = VECTOR('',#4786,1.);
#4786 = DIRECTION('',(0.,-1.));
#4787 = ( GEOMETRIC_REPRESENTATION_CONTEXT(2) 
PARAMETRIC_REPRESENTATION_CONTEXT() REPRESENTATION_CONTEXT('2D SPACE',''
  ) );
#4788 = PCURVE('',#1999,#4789);
#4789 = DEFINITIONAL_REPRESENTATION('',(#4790),#4794);
#4790 = LINE('',#4791,#4792);
#4791 = CARTESIAN_POINT('',(1.,0.));
#4792 = VECTOR('',#4793,1.);
#4793 = DIRECTION('',(0.,-1.));
#4794 = ( GEOMETRIC_REPRESENTATION_CONTEXT(2) 
PARAMETRIC_REPRESENTATION_CONTEXT() REPRESENTATION_CONTEXT('2D SPACE',''
  ) );
#4795 = ORIENTED_EDGE('',*,*,#2016,.F.);
#4796 = ORIENTED_EDGE('',*,*,#4726,.F.);
#4797 = ADVANCED_FACE('',(#4798),#1999,.F.);
#4798 = FACE_BOUND('',#4799,.F.);
#4799 = EDGE_LOOP('',(#4800,#4823,#4844,#4845));
#4800 = ORIENTED_EDGE('',*,*,#4801,.F.);
#4801 = EDGE_CURVE('',#4802,#4753,#4804,.T.);
#4802 = VERTEX_POINT('',#4803);
#4803 = CARTESIAN_POINT('',(7.5736327625,-6.350830078125,3.5));
#4804 = SURFACE_CURVE('',#4805,(#4809,#4816),.PCURVE_S1.);
#4805 = B_SPLINE_CURVE_WITH_KNOTS('',2,(#4806,#4807,#4808),
  .UNSPECIFIED.,.F.,.F.,(3,3),(0.,1.),.PIECEWISE_BEZIER_KNOTS.);
#4806 = CARTESIAN_POINT('',(7.5736327625,-6.350830078125,3.5));
#4807 = CARTESIAN_POINT('',(7.8060546375,-6.350830078125,3.5));
#4808 = CARTESIAN_POINT('',(7.939697215625,-6.237109375,3.5));
#4809 = PCURVE('',#1999,#4810);
#4810 = DEFINITIONAL_REPRESENTATION('',(#4811),#4815);
#4811 = LINE('',#4812,#4813);
#4812 = CARTESIAN_POINT('',(0.,0.));
#4813 = VECTOR('',#4814,1.);
#4814 = DIRECTION('',(1.,0.));
#4815 = ( GEOMETRIC_REPRESENTATION_CONTEXT(2) 
PARAMETRIC_REPRESENTATION_CONTEXT() REPRESENTATION_CONTEXT('2D SPACE',''
  ) );
#4816 = PCURVE('',#4498,#4817);
#4817 = DEFINITIONAL_REPRESENTATION('',(#4818),#4822);
#4818 = B_SPLINE_CURVE_WITH_KNOTS('',2,(#4819,#4820,#4821),
  .UNSPECIFIED.,.F.,.F.,(3,3),(0.,1.),.PIECEWISE_BEZIER_KNOTS.);
#4819 = CARTESIAN_POINT('',(0.989453125,0.38681640625));
#4820 = CARTESIAN_POINT('',(1.221875,0.38681640625));
#4821 = CARTESIAN_POINT('',(1.355517578125,0.500537109375));
#4822 = ( GEOMETRIC_REPRESENTATION_CONTEXT(2) 
PARAMETRIC_REPRESENTATION_CONTEXT() REPRESENTATION_CONTEXT('2D SPACE',''
  ) );
#4823 = ORIENTED_EDGE('',*,*,#4824,.T.);
#4824 = EDGE_CURVE('',#4802,#1939,#4825,.T.);
#4825 = SURFACE_CURVE('',#4826,(#4830,#4837),.PCURVE_S1.);
#4826 = LINE('',#4827,#4828);
#4827 = CARTESIAN_POINT('',(7.5736327625,-6.350830078125,3.5));
#4828 = VECTOR('',#4829,1.);
#4829 = DIRECTION('',(0.,0.,1.));
#4830 = PCURVE('',#1999,#4831);
#4831 = DEFINITIONAL_REPRESENTATION('',(#4832),#4836);
#4832 = LINE('',#4833,#4834);
#4833 = CARTESIAN_POINT('',(0.,0.));
#4834 = VECTOR('',#4835,1.);
#4835 = DIRECTION('',(0.,-1.));
#4836 = ( GEOMETRIC_REPRESENTATION_CONTEXT(2) 
PARAMETRIC_REPRESENTATION_CONTEXT() REPRESENTATION_CONTEXT('2D SPACE',''
  ) );
#4837 = PCURVE('',#1960,#4838);
#4838 = DEFINITIONAL_REPRESENTATION('',(#4839),#4843);
#4839 = LINE('',#4840,#4841);
#4840 = CARTESIAN_POINT('',(1.,0.));
#4841 = VECTOR('',#4842,1.);
#4842 = DIRECTION('',(0.,-1.));
#4843 = ( GEOMETRIC_REPRESENTATION_CONTEXT(2) 
PARAMETRIC_REPRESENTATION_CONTEXT() REPRESENTATION_CONTEXT('2D SPACE',''
  ) );
#4844 = ORIENTED_EDGE('',*,*,#1977,.F.);
#4845 = ORIENTED_EDGE('',*,*,#4775,.F.);
#4846 = ADVANCED_FACE('',(#4847),#1960,.F.);
#4847 = FACE_BOUND('',#4848,.F.);
#4848 = EDGE_LOOP('',(#4849,#4872,#4893,#4894));
#4849 = ORIENTED_EDGE('',*,*,#4850,.F.);
#4850 = EDGE_CURVE('',#4851,#4802,#4853,.T.);
#4851 = VERTEX_POINT('',#4852);
#4852 = CARTESIAN_POINT('',(7.230810496875,-6.292724609375,3.5));
#4853 = SURFACE_CURVE('',#4854,(#4858,#4865),.PCURVE_S1.);
#4854 = B_SPLINE_CURVE_WITH_KNOTS('',2,(#4855,#4856,#4857),
  .UNSPECIFIED.,.F.,.F.,(3,3),(0.,1.),.PIECEWISE_BEZIER_KNOTS.);
#4855 = CARTESIAN_POINT('',(7.230810496875,-6.292724609375,3.5));
#4856 = CARTESIAN_POINT('',(7.41259760625,-6.350830078125,3.5));
#4857 = CARTESIAN_POINT('',(7.5736327625,-6.350830078125,3.5));
#4858 = PCURVE('',#1960,#4859);
#4859 = DEFINITIONAL_REPRESENTATION('',(#4860),#4864);
#4860 = LINE('',#4861,#4862);
#4861 = CARTESIAN_POINT('',(0.,0.));
#4862 = VECTOR('',#4863,1.);
#4863 = DIRECTION('',(1.,0.));
#4864 = ( GEOMETRIC_REPRESENTATION_CONTEXT(2) 
PARAMETRIC_REPRESENTATION_CONTEXT() REPRESENTATION_CONTEXT('2D SPACE',''
  ) );
#4865 = PCURVE('',#4498,#4866);
#4866 = DEFINITIONAL_REPRESENTATION('',(#4867),#4871);
#4867 = B_SPLINE_CURVE_WITH_KNOTS('',2,(#4868,#4869,#4870),
  .UNSPECIFIED.,.F.,.F.,(3,3),(0.,1.),.PIECEWISE_BEZIER_KNOTS.);
#4868 = CARTESIAN_POINT('',(0.646630859375,0.444921875));
#4869 = CARTESIAN_POINT('',(0.82841796875,0.38681640625));
#4870 = CARTESIAN_POINT('',(0.989453125,0.38681640625));
#4871 = ( GEOMETRIC_REPRESENTATION_CONTEXT(2) 
PARAMETRIC_REPRESENTATION_CONTEXT() REPRESENTATION_CONTEXT('2D SPACE',''
  ) );
#4872 = ORIENTED_EDGE('',*,*,#4873,.T.);
#4873 = EDGE_CURVE('',#4851,#1900,#4874,.T.);
#4874 = SURFACE_CURVE('',#4875,(#4879,#4886),.PCURVE_S1.);
#4875 = LINE('',#4876,#4877);
#4876 = CARTESIAN_POINT('',(7.230810496875,-6.292724609375,3.5));
#4877 = VECTOR('',#4878,1.);
#4878 = DIRECTION('',(0.,0.,1.));
#4879 = PCURVE('',#1960,#4880);
#4880 = DEFINITIONAL_REPRESENTATION('',(#4881),#4885);
#4881 = LINE('',#4882,#4883);
#4882 = CARTESIAN_POINT('',(0.,0.));
#4883 = VECTOR('',#4884,1.);
#4884 = DIRECTION('',(0.,-1.));
#4885 = ( GEOMETRIC_REPRESENTATION_CONTEXT(2) 
PARAMETRIC_REPRESENTATION_CONTEXT() REPRESENTATION_CONTEXT('2D SPACE',''
  ) );
#4886 = PCURVE('',#1921,#4887);
#4887 = DEFINITIONAL_REPRESENTATION('',(#4888),#4892);
#4888 = LINE('',#4889,#4890);
#4889 = CARTESIAN_POINT('',(1.,0.));
#4890 = VECTOR('',#4891,1.);
#4891 = DIRECTION('',(0.,-1.));
#4892 = ( GEOMETRIC_REPRESENTATION_CONTEXT(2) 
PARAMETRIC_REPRESENTATION_CONTEXT() REPRESENTATION_CONTEXT('2D SPACE',''
  ) );
#4893 = ORIENTED_EDGE('',*,*,#1938,.F.);
#4894 = ORIENTED_EDGE('',*,*,#4824,.F.);
#4895 = ADVANCED_FACE('',(#4896),#1921,.F.);
#4896 = FACE_BOUND('',#4897,.F.);
#4897 = EDGE_LOOP('',(#4898,#4921,#4942,#4943));
#4898 = ORIENTED_EDGE('',*,*,#4899,.F.);
#4899 = EDGE_CURVE('',#4900,#4851,#4902,.T.);
#4900 = VERTEX_POINT('',#4901);
#4901 = CARTESIAN_POINT('',(6.846484325,-6.118408203125,3.5));
#4902 = SURFACE_CURVE('',#4903,(#4907,#4914),.PCURVE_S1.);
#4903 = B_SPLINE_CURVE_WITH_KNOTS('',2,(#4904,#4905,#4906),
  .UNSPECIFIED.,.F.,.F.,(3,3),(0.,1.),.PIECEWISE_BEZIER_KNOTS.);
#4904 = CARTESIAN_POINT('',(6.846484325,-6.118408203125,3.5));
#4905 = CARTESIAN_POINT('',(7.0490233875,-6.234619140625,3.5));
#4906 = CARTESIAN_POINT('',(7.230810496875,-6.292724609375,3.5));
#4907 = PCURVE('',#1921,#4908);
#4908 = DEFINITIONAL_REPRESENTATION('',(#4909),#4913);
#4909 = LINE('',#4910,#4911);
#4910 = CARTESIAN_POINT('',(0.,0.));
#4911 = VECTOR('',#4912,1.);
#4912 = DIRECTION('',(1.,0.));
#4913 = ( GEOMETRIC_REPRESENTATION_CONTEXT(2) 
PARAMETRIC_REPRESENTATION_CONTEXT() REPRESENTATION_CONTEXT('2D SPACE',''
  ) );
#4914 = PCURVE('',#4498,#4915);
#4915 = DEFINITIONAL_REPRESENTATION('',(#4916),#4920);
#4916 = B_SPLINE_CURVE_WITH_KNOTS('',2,(#4917,#4918,#4919),
  .UNSPECIFIED.,.F.,.F.,(3,3),(0.,1.),.PIECEWISE_BEZIER_KNOTS.);
#4917 = CARTESIAN_POINT('',(0.2623046875,0.61923828125));
#4918 = CARTESIAN_POINT('',(0.46484375,0.50302734375));
#4919 = CARTESIAN_POINT('',(0.646630859375,0.444921875));
#4920 = ( GEOMETRIC_REPRESENTATION_CONTEXT(2) 
PARAMETRIC_REPRESENTATION_CONTEXT() REPRESENTATION_CONTEXT('2D SPACE',''
  ) );
#4921 = ORIENTED_EDGE('',*,*,#4922,.T.);
#4922 = EDGE_CURVE('',#4900,#1874,#4923,.T.);
#4923 = SURFACE_CURVE('',#4924,(#4928,#4935),.PCURVE_S1.);
#4924 = LINE('',#4925,#4926);
#4925 = CARTESIAN_POINT('',(6.846484325,-6.118408203125,3.5));
#4926 = VECTOR('',#4927,1.);
#4927 = DIRECTION('',(0.,0.,1.));
#4928 = PCURVE('',#1921,#4929);
#4929 = DEFINITIONAL_REPRESENTATION('',(#4930),#4934);
#4930 = LINE('',#4931,#4932);
#4931 = CARTESIAN_POINT('',(0.,0.));
#4932 = VECTOR('',#4933,1.);
#4933 = DIRECTION('',(0.,-1.));
#4934 = ( GEOMETRIC_REPRESENTATION_CONTEXT(2) 
PARAMETRIC_REPRESENTATION_CONTEXT() REPRESENTATION_CONTEXT('2D SPACE',''
  ) );
#4935 = PCURVE('',#1888,#4936);
#4936 = DEFINITIONAL_REPRESENTATION('',(#4937),#4941);
#4937 = LINE('',#4938,#4939);
#4938 = CARTESIAN_POINT('',(0.50302734375,0.));
#4939 = VECTOR('',#4940,1.);
#4940 = DIRECTION('',(0.,-1.));
#4941 = ( GEOMETRIC_REPRESENTATION_CONTEXT(2) 
PARAMETRIC_REPRESENTATION_CONTEXT() REPRESENTATION_CONTEXT('2D SPACE',''
  ) );
#4942 = ORIENTED_EDGE('',*,*,#1899,.F.);
#4943 = ORIENTED_EDGE('',*,*,#4873,.F.);
#4944 = ADVANCED_FACE('',(#4945),#1888,.F.);
#4945 = FACE_BOUND('',#4946,.F.);
#4946 = EDGE_LOOP('',(#4947,#4970,#4991,#4992));
#4947 = ORIENTED_EDGE('',*,*,#4948,.F.);
#4948 = EDGE_CURVE('',#4949,#4900,#4951,.T.);
#4949 = VERTEX_POINT('',#4950);
#4950 = CARTESIAN_POINT('',(6.846484325,-6.621435546875,3.5));
#4951 = SURFACE_CURVE('',#4952,(#4956,#4963),.PCURVE_S1.);
#4952 = LINE('',#4953,#4954);
#4953 = CARTESIAN_POINT('',(6.846484325,-6.621435546875,3.5));
#4954 = VECTOR('',#4955,1.);
#4955 = DIRECTION('',(0.,1.,0.));
#4956 = PCURVE('',#1888,#4957);
#4957 = DEFINITIONAL_REPRESENTATION('',(#4958),#4962);
#4958 = LINE('',#4959,#4960);
#4959 = CARTESIAN_POINT('',(0.,0.));
#4960 = VECTOR('',#4961,1.);
#4961 = DIRECTION('',(1.,0.));
#4962 = ( GEOMETRIC_REPRESENTATION_CONTEXT(2) 
PARAMETRIC_REPRESENTATION_CONTEXT() REPRESENTATION_CONTEXT('2D SPACE',''
  ) );
#4963 = PCURVE('',#4498,#4964);
#4964 = DEFINITIONAL_REPRESENTATION('',(#4965),#4969);
#4965 = LINE('',#4966,#4967);
#4966 = CARTESIAN_POINT('',(0.2623046875,0.1162109375));
#4967 = VECTOR('',#4968,1.);
#4968 = DIRECTION('',(0.,1.));
#4969 = ( GEOMETRIC_REPRESENTATION_CONTEXT(2) 
PARAMETRIC_REPRESENTATION_CONTEXT() REPRESENTATION_CONTEXT('2D SPACE',''
  ) );
#4970 = ORIENTED_EDGE('',*,*,#4971,.T.);
#4971 = EDGE_CURVE('',#4949,#1838,#4972,.T.);
#4972 = SURFACE_CURVE('',#4973,(#4977,#4984),.PCURVE_S1.);
#4973 = LINE('',#4974,#4975);
#4974 = CARTESIAN_POINT('',(6.846484325,-6.621435546875,3.5));
#4975 = VECTOR('',#4976,1.);
#4976 = DIRECTION('',(0.,0.,1.));
#4977 = PCURVE('',#1888,#4978);
#4978 = DEFINITIONAL_REPRESENTATION('',(#4979),#4983);
#4979 = LINE('',#4980,#4981);
#4980 = CARTESIAN_POINT('',(0.,0.));
#4981 = VECTOR('',#4982,1.);
#4982 = DIRECTION('',(0.,-1.));
#4983 = ( GEOMETRIC_REPRESENTATION_CONTEXT(2) 
PARAMETRIC_REPRESENTATION_CONTEXT() REPRESENTATION_CONTEXT('2D SPACE',''
  ) );
#4984 = PCURVE('',#1857,#4985);
#4985 = DEFINITIONAL_REPRESENTATION('',(#4986),#4990);
#4986 = LINE('',#4987,#4988);
#4987 = CARTESIAN_POINT('',(1.,0.));
#4988 = VECTOR('',#4989,1.);
#4989 = DIRECTION('',(0.,-1.));
#4990 = ( GEOMETRIC_REPRESENTATION_CONTEXT(2) 
PARAMETRIC_REPRESENTATION_CONTEXT() REPRESENTATION_CONTEXT('2D SPACE',''
  ) );
#4991 = ORIENTED_EDGE('',*,*,#1873,.F.);
#4992 = ORIENTED_EDGE('',*,*,#4922,.F.);
#4993 = ADVANCED_FACE('',(#4994),#1857,.F.);
#4994 = FACE_BOUND('',#4995,.F.);
#4995 = EDGE_LOOP('',(#4996,#5019,#5040,#5041));
#4996 = ORIENTED_EDGE('',*,*,#4997,.F.);
#4997 = EDGE_CURVE('',#4998,#4949,#5000,.T.);
#4998 = VERTEX_POINT('',#4999);
#4999 = CARTESIAN_POINT('',(7.257372996875,-6.7451171875,3.5));
#5000 = SURFACE_CURVE('',#5001,(#5005,#5012),.PCURVE_S1.);
#5001 = B_SPLINE_CURVE_WITH_KNOTS('',2,(#5002,#5003,#5004),
  .UNSPECIFIED.,.F.,.F.,(3,3),(0.,1.),.PIECEWISE_BEZIER_KNOTS.);
#5002 = CARTESIAN_POINT('',(7.257372996875,-6.7451171875,3.5));
#5003 = CARTESIAN_POINT('',(7.05068354375,-6.704443359375,3.5));
#5004 = CARTESIAN_POINT('',(6.846484325,-6.621435546875,3.5));
#5005 = PCURVE('',#1857,#5006);
#5006 = DEFINITIONAL_REPRESENTATION('',(#5007),#5011);
#5007 = LINE('',#5008,#5009);
#5008 = CARTESIAN_POINT('',(0.,0.));
#5009 = VECTOR('',#5010,1.);
#5010 = DIRECTION('',(1.,0.));
#5011 = ( GEOMETRIC_REPRESENTATION_CONTEXT(2) 
PARAMETRIC_REPRESENTATION_CONTEXT() REPRESENTATION_CONTEXT('2D SPACE',''
  ) );
#5012 = PCURVE('',#4498,#5013);
#5013 = DEFINITIONAL_REPRESENTATION('',(#5014),#5018);
#5014 = B_SPLINE_CURVE_WITH_KNOTS('',2,(#5015,#5016,#5017),
  .UNSPECIFIED.,.F.,.F.,(3,3),(0.,1.),.PIECEWISE_BEZIER_KNOTS.);
#5015 = CARTESIAN_POINT('',(0.673193359375,-7.470703125E-03));
#5016 = CARTESIAN_POINT('',(0.46650390625,3.3203125E-02));
#5017 = CARTESIAN_POINT('',(0.2623046875,0.1162109375));
#5018 = ( GEOMETRIC_REPRESENTATION_CONTEXT(2) 
PARAMETRIC_REPRESENTATION_CONTEXT() REPRESENTATION_CONTEXT('2D SPACE',''
  ) );
#5019 = ORIENTED_EDGE('',*,*,#5020,.T.);
#5020 = EDGE_CURVE('',#4998,#1793,#5021,.T.);
#5021 = SURFACE_CURVE('',#5022,(#5026,#5033),.PCURVE_S1.);
#5022 = LINE('',#5023,#5024);
#5023 = CARTESIAN_POINT('',(7.257372996875,-6.7451171875,3.5));
#5024 = VECTOR('',#5025,1.);
#5025 = DIRECTION('',(0.,0.,1.));
#5026 = PCURVE('',#1857,#5027);
#5027 = DEFINITIONAL_REPRESENTATION('',(#5028),#5032);
#5028 = LINE('',#5029,#5030);
#5029 = CARTESIAN_POINT('',(0.,0.));
#5030 = VECTOR('',#5031,1.);
#5031 = DIRECTION('',(0.,-1.));
#5032 = ( GEOMETRIC_REPRESENTATION_CONTEXT(2) 
PARAMETRIC_REPRESENTATION_CONTEXT() REPRESENTATION_CONTEXT('2D SPACE',''
  ) );
#5033 = PCURVE('',#1818,#5034);
#5034 = DEFINITIONAL_REPRESENTATION('',(#5035),#5039);
#5035 = LINE('',#5036,#5037);
#5036 = CARTESIAN_POINT('',(1.,0.));
#5037 = VECTOR('',#5038,1.);
#5038 = DIRECTION('',(0.,-1.));
#5039 = ( GEOMETRIC_REPRESENTATION_CONTEXT(2) 
PARAMETRIC_REPRESENTATION_CONTEXT() REPRESENTATION_CONTEXT('2D SPACE',''
  ) );
#5040 = ORIENTED_EDGE('',*,*,#1837,.F.);
#5041 = ORIENTED_EDGE('',*,*,#4971,.F.);
#5042 = ADVANCED_FACE('',(#5043),#1818,.F.);
#5043 = FACE_BOUND('',#5044,.F.);
#5044 = EDGE_LOOP('',(#5045,#5068,#5089,#5090));
#5045 = ORIENTED_EDGE('',*,*,#5046,.F.);
#5046 = EDGE_CURVE('',#5047,#4998,#5049,.T.);
#5047 = VERTEX_POINT('',#5048);
#5048 = CARTESIAN_POINT('',(7.67490229375,-6.785791015625,3.5));
#5049 = SURFACE_CURVE('',#5050,(#5054,#5061),.PCURVE_S1.);
#5050 = B_SPLINE_CURVE_WITH_KNOTS('',2,(#5051,#5052,#5053),
  .UNSPECIFIED.,.F.,.F.,(3,3),(0.,1.),.PIECEWISE_BEZIER_KNOTS.);
#5051 = CARTESIAN_POINT('',(7.67490229375,-6.785791015625,3.5));
#5052 = CARTESIAN_POINT('',(7.46406245,-6.785791015625,3.5));
#5053 = CARTESIAN_POINT('',(7.257372996875,-6.7451171875,3.5));
#5054 = PCURVE('',#1818,#5055);
#5055 = DEFINITIONAL_REPRESENTATION('',(#5056),#5060);
#5056 = LINE('',#5057,#5058);
#5057 = CARTESIAN_POINT('',(0.,0.));
#5058 = VECTOR('',#5059,1.);
#5059 = DIRECTION('',(1.,0.));
#5060 = ( GEOMETRIC_REPRESENTATION_CONTEXT(2) 
PARAMETRIC_REPRESENTATION_CONTEXT() REPRESENTATION_CONTEXT('2D SPACE',''
  ) );
#5061 = PCURVE('',#4498,#5062);
#5062 = DEFINITIONAL_REPRESENTATION('',(#5063),#5067);
#5063 = B_SPLINE_CURVE_WITH_KNOTS('',2,(#5064,#5065,#5066),
  .UNSPECIFIED.,.F.,.F.,(3,3),(0.,1.),.PIECEWISE_BEZIER_KNOTS.);
#5064 = CARTESIAN_POINT('',(1.09072265625,-4.814453125E-02));
#5065 = CARTESIAN_POINT('',(0.8798828125,-4.814453125E-02));
#5066 = CARTESIAN_POINT('',(0.673193359375,-7.470703125E-03));
#5067 = ( GEOMETRIC_REPRESENTATION_CONTEXT(2) 
PARAMETRIC_REPRESENTATION_CONTEXT() REPRESENTATION_CONTEXT('2D SPACE',''
  ) );
#5068 = ORIENTED_EDGE('',*,*,#5069,.T.);
#5069 = EDGE_CURVE('',#5047,#1742,#5070,.T.);
#5070 = SURFACE_CURVE('',#5071,(#5075,#5082),.PCURVE_S1.);
#5071 = LINE('',#5072,#5073);
#5072 = CARTESIAN_POINT('',(7.67490229375,-6.785791015625,3.5));
#5073 = VECTOR('',#5074,1.);
#5074 = DIRECTION('',(0.,0.,1.));
#5075 = PCURVE('',#1818,#5076);
#5076 = DEFINITIONAL_REPRESENTATION('',(#5077),#5081);
#5077 = LINE('',#5078,#5079);
#5078 = CARTESIAN_POINT('',(0.,0.));
#5079 = VECTOR('',#5080,1.);
#5080 = DIRECTION('',(0.,-1.));
#5081 = ( GEOMETRIC_REPRESENTATION_CONTEXT(2) 
PARAMETRIC_REPRESENTATION_CONTEXT() REPRESENTATION_CONTEXT('2D SPACE',''
  ) );
#5082 = PCURVE('',#1771,#5083);
#5083 = DEFINITIONAL_REPRESENTATION('',(#5084),#5088);
#5084 = LINE('',#5085,#5086);
#5085 = CARTESIAN_POINT('',(1.,0.));
#5086 = VECTOR('',#5087,1.);
#5087 = DIRECTION('',(0.,-1.));
#5088 = ( GEOMETRIC_REPRESENTATION_CONTEXT(2) 
PARAMETRIC_REPRESENTATION_CONTEXT() REPRESENTATION_CONTEXT('2D SPACE',''
  ) );
#5089 = ORIENTED_EDGE('',*,*,#1792,.F.);
#5090 = ORIENTED_EDGE('',*,*,#5020,.F.);
#5091 = ADVANCED_FACE('',(#5092),#1771,.F.);
#5092 = FACE_BOUND('',#5093,.F.);
#5093 = EDGE_LOOP('',(#5094,#5117,#5138,#5139));
#5094 = ORIENTED_EDGE('',*,*,#5095,.F.);
#5095 = EDGE_CURVE('',#5096,#5047,#5098,.T.);
#5096 = VERTEX_POINT('',#5097);
#5097 = CARTESIAN_POINT('',(8.437744090625,-6.558349609375,3.5));
#5098 = SURFACE_CURVE('',#5099,(#5103,#5110),.PCURVE_S1.);
#5099 = B_SPLINE_CURVE_WITH_KNOTS('',2,(#5100,#5101,#5102),
  .UNSPECIFIED.,.F.,.F.,(3,3),(0.,1.),.PIECEWISE_BEZIER_KNOTS.);
#5100 = CARTESIAN_POINT('',(8.437744090625,-6.558349609375,3.5));
#5101 = CARTESIAN_POINT('',(8.16298823125,-6.785791015625,3.5));
#5102 = CARTESIAN_POINT('',(7.67490229375,-6.785791015625,3.5));
#5103 = PCURVE('',#1771,#5104);
#5104 = DEFINITIONAL_REPRESENTATION('',(#5105),#5109);
#5105 = LINE('',#5106,#5107);
#5106 = CARTESIAN_POINT('',(0.,0.));
#5107 = VECTOR('',#5108,1.);
#5108 = DIRECTION('',(1.,0.));
#5109 = ( GEOMETRIC_REPRESENTATION_CONTEXT(2) 
PARAMETRIC_REPRESENTATION_CONTEXT() REPRESENTATION_CONTEXT('2D SPACE',''
  ) );
#5110 = PCURVE('',#4498,#5111);
#5111 = DEFINITIONAL_REPRESENTATION('',(#5112),#5116);
#5112 = B_SPLINE_CURVE_WITH_KNOTS('',2,(#5113,#5114,#5115),
  .UNSPECIFIED.,.F.,.F.,(3,3),(0.,1.),.PIECEWISE_BEZIER_KNOTS.);
#5113 = CARTESIAN_POINT('',(1.853564453125,0.179296875));
#5114 = CARTESIAN_POINT('',(1.57880859375,-4.814453125E-02));
#5115 = CARTESIAN_POINT('',(1.09072265625,-4.814453125E-02));
#5116 = ( GEOMETRIC_REPRESENTATION_CONTEXT(2) 
PARAMETRIC_REPRESENTATION_CONTEXT() REPRESENTATION_CONTEXT('2D SPACE',''
  ) );
#5117 = ORIENTED_EDGE('',*,*,#5118,.T.);
#5118 = EDGE_CURVE('',#5096,#1685,#5119,.T.);
#5119 = SURFACE_CURVE('',#5120,(#5124,#5131),.PCURVE_S1.);
#5120 = LINE('',#5121,#5122);
#5121 = CARTESIAN_POINT('',(8.437744090625,-6.558349609375,3.5));
#5122 = VECTOR('',#5123,1.);
#5123 = DIRECTION('',(0.,0.,1.));
#5124 = PCURVE('',#1771,#5125);
#5125 = DEFINITIONAL_REPRESENTATION('',(#5126),#5130);
#5126 = LINE('',#5127,#5128);
#5127 = CARTESIAN_POINT('',(0.,0.));
#5128 = VECTOR('',#5129,1.);
#5129 = DIRECTION('',(0.,-1.));
#5130 = ( GEOMETRIC_REPRESENTATION_CONTEXT(2) 
PARAMETRIC_REPRESENTATION_CONTEXT() REPRESENTATION_CONTEXT('2D SPACE',''
  ) );
#5131 = PCURVE('',#1718,#5132);
#5132 = DEFINITIONAL_REPRESENTATION('',(#5133),#5137);
#5133 = LINE('',#5134,#5135);
#5134 = CARTESIAN_POINT('',(1.,0.));
#5135 = VECTOR('',#5136,1.);
#5136 = DIRECTION('',(0.,-1.));
#5137 = ( GEOMETRIC_REPRESENTATION_CONTEXT(2) 
PARAMETRIC_REPRESENTATION_CONTEXT() REPRESENTATION_CONTEXT('2D SPACE',''
  ) );
#5138 = ORIENTED_EDGE('',*,*,#1741,.F.);
#5139 = ORIENTED_EDGE('',*,*,#5069,.F.);
#5140 = ADVANCED_FACE('',(#5141),#1718,.F.);
#5141 = FACE_BOUND('',#5142,.F.);
#5142 = EDGE_LOOP('',(#5143,#5166,#5187,#5188));
#5143 = ORIENTED_EDGE('',*,*,#5144,.F.);
#5144 = EDGE_CURVE('',#5145,#5096,#5147,.T.);
#5145 = VERTEX_POINT('',#5146);
#5146 = CARTESIAN_POINT('',(8.71249995,-5.929150390625,3.5));
#5147 = SURFACE_CURVE('',#5148,(#5152,#5159),.PCURVE_S1.);
#5148 = B_SPLINE_CURVE_WITH_KNOTS('',2,(#5149,#5150,#5151),
  .UNSPECIFIED.,.F.,.F.,(3,3),(0.,1.),.PIECEWISE_BEZIER_KNOTS.);
#5149 = CARTESIAN_POINT('',(8.71249995,-5.929150390625,3.5));
#5150 = CARTESIAN_POINT('',(8.71249995,-6.330908203125,3.5));
#5151 = CARTESIAN_POINT('',(8.437744090625,-6.558349609375,3.5));
#5152 = PCURVE('',#1718,#5153);
#5153 = DEFINITIONAL_REPRESENTATION('',(#5154),#5158);
#5154 = LINE('',#5155,#5156);
#5155 = CARTESIAN_POINT('',(0.,0.));
#5156 = VECTOR('',#5157,1.);
#5157 = DIRECTION('',(1.,0.));
#5158 = ( GEOMETRIC_REPRESENTATION_CONTEXT(2) 
PARAMETRIC_REPRESENTATION_CONTEXT() REPRESENTATION_CONTEXT('2D SPACE',''
  ) );
#5159 = PCURVE('',#4498,#5160);
#5160 = DEFINITIONAL_REPRESENTATION('',(#5161),#5165);
#5161 = B_SPLINE_CURVE_WITH_KNOTS('',2,(#5162,#5163,#5164),
  .UNSPECIFIED.,.F.,.F.,(3,3),(0.,1.),.PIECEWISE_BEZIER_KNOTS.);
#5162 = CARTESIAN_POINT('',(2.1283203125,0.80849609375));
#5163 = CARTESIAN_POINT('',(2.1283203125,0.40673828125));
#5164 = CARTESIAN_POINT('',(1.853564453125,0.179296875));
#5165 = ( GEOMETRIC_REPRESENTATION_CONTEXT(2) 
PARAMETRIC_REPRESENTATION_CONTEXT() REPRESENTATION_CONTEXT('2D SPACE',''
  ) );
#5166 = ORIENTED_EDGE('',*,*,#5167,.T.);
#5167 = EDGE_CURVE('',#5145,#1628,#5168,.T.);
#5168 = SURFACE_CURVE('',#5169,(#5173,#5180),.PCURVE_S1.);
#5169 = LINE('',#5170,#5171);
#5170 = CARTESIAN_POINT('',(8.71249995,-5.929150390625,3.5));
#5171 = VECTOR('',#5172,1.);
#5172 = DIRECTION('',(0.,0.,1.));
#5173 = PCURVE('',#1718,#5174);
#5174 = DEFINITIONAL_REPRESENTATION('',(#5175),#5179);
#5175 = LINE('',#5176,#5177);
#5176 = CARTESIAN_POINT('',(0.,0.));
#5177 = VECTOR('',#5178,1.);
#5178 = DIRECTION('',(0.,-1.));
#5179 = ( GEOMETRIC_REPRESENTATION_CONTEXT(2) 
PARAMETRIC_REPRESENTATION_CONTEXT() REPRESENTATION_CONTEXT('2D SPACE',''
  ) );
#5180 = PCURVE('',#1661,#5181);
#5181 = DEFINITIONAL_REPRESENTATION('',(#5182),#5186);
#5182 = LINE('',#5183,#5184);
#5183 = CARTESIAN_POINT('',(1.,0.));
#5184 = VECTOR('',#5185,1.);
#5185 = DIRECTION('',(0.,-1.));
#5186 = ( GEOMETRIC_REPRESENTATION_CONTEXT(2) 
PARAMETRIC_REPRESENTATION_CONTEXT() REPRESENTATION_CONTEXT('2D SPACE',''
  ) );
#5187 = ORIENTED_EDGE('',*,*,#1684,.F.);
#5188 = ORIENTED_EDGE('',*,*,#5118,.F.);
#5189 = ADVANCED_FACE('',(#5190),#1661,.F.);
#5190 = FACE_BOUND('',#5191,.F.);
#5191 = EDGE_LOOP('',(#5192,#5215,#5236,#5237));
#5192 = ORIENTED_EDGE('',*,*,#5193,.F.);
#5193 = EDGE_CURVE('',#5194,#5145,#5196,.T.);
#5194 = VERTEX_POINT('',#5195);
#5195 = CARTESIAN_POINT('',(8.4601562,-5.2974609375,3.5));
#5196 = SURFACE_CURVE('',#5197,(#5201,#5208),.PCURVE_S1.);
#5197 = B_SPLINE_CURVE_WITH_KNOTS('',2,(#5198,#5199,#5200),
  .UNSPECIFIED.,.F.,.F.,(3,3),(0.,1.),.PIECEWISE_BEZIER_KNOTS.);
#5198 = CARTESIAN_POINT('',(8.4601562,-5.2974609375,3.5));
#5199 = CARTESIAN_POINT('',(8.71249995,-5.524072265625,3.5));
#5200 = CARTESIAN_POINT('',(8.71249995,-5.929150390625,3.5));
#5201 = PCURVE('',#1661,#5202);
#5202 = DEFINITIONAL_REPRESENTATION('',(#5203),#5207);
#5203 = LINE('',#5204,#5205);
#5204 = CARTESIAN_POINT('',(0.,0.));
#5205 = VECTOR('',#5206,1.);
#5206 = DIRECTION('',(1.,0.));
#5207 = ( GEOMETRIC_REPRESENTATION_CONTEXT(2) 
PARAMETRIC_REPRESENTATION_CONTEXT() REPRESENTATION_CONTEXT('2D SPACE',''
  ) );
#5208 = PCURVE('',#4498,#5209);
#5209 = DEFINITIONAL_REPRESENTATION('',(#5210),#5214);
#5210 = B_SPLINE_CURVE_WITH_KNOTS('',2,(#5211,#5212,#5213),
  .UNSPECIFIED.,.F.,.F.,(3,3),(0.,1.),.PIECEWISE_BEZIER_KNOTS.);
#5211 = CARTESIAN_POINT('',(1.8759765625,1.440185546875));
#5212 = CARTESIAN_POINT('',(2.1283203125,1.21357421875));
#5213 = CARTESIAN_POINT('',(2.1283203125,0.80849609375));
#5214 = ( GEOMETRIC_REPRESENTATION_CONTEXT(2) 
PARAMETRIC_REPRESENTATION_CONTEXT() REPRESENTATION_CONTEXT('2D SPACE',''
  ) );
#5215 = ORIENTED_EDGE('',*,*,#5216,.T.);
#5216 = EDGE_CURVE('',#5194,#1577,#5217,.T.);
#5217 = SURFACE_CURVE('',#5218,(#5222,#5229),.PCURVE_S1.);
#5218 = LINE('',#5219,#5220);
#5219 = CARTESIAN_POINT('',(8.4601562,-5.2974609375,3.5));
#5220 = VECTOR('',#5221,1.);
#5221 = DIRECTION('',(0.,0.,1.));
#5222 = PCURVE('',#1661,#5223);
#5223 = DEFINITIONAL_REPRESENTATION('',(#5224),#5228);
#5224 = LINE('',#5225,#5226);
#5225 = CARTESIAN_POINT('',(0.,0.));
#5226 = VECTOR('',#5227,1.);
#5227 = DIRECTION('',(0.,-1.));
#5228 = ( GEOMETRIC_REPRESENTATION_CONTEXT(2) 
PARAMETRIC_REPRESENTATION_CONTEXT() REPRESENTATION_CONTEXT('2D SPACE',''
  ) );
#5229 = PCURVE('',#1606,#5230);
#5230 = DEFINITIONAL_REPRESENTATION('',(#5231),#5235);
#5231 = LINE('',#5232,#5233);
#5232 = CARTESIAN_POINT('',(1.,0.));
#5233 = VECTOR('',#5234,1.);
#5234 = DIRECTION('',(0.,-1.));
#5235 = ( GEOMETRIC_REPRESENTATION_CONTEXT(2) 
PARAMETRIC_REPRESENTATION_CONTEXT() REPRESENTATION_CONTEXT('2D SPACE',''
  ) );
#5236 = ORIENTED_EDGE('',*,*,#1627,.F.);
#5237 = ORIENTED_EDGE('',*,*,#5167,.F.);
#5238 = ADVANCED_FACE('',(#5239),#1606,.F.);
#5239 = FACE_BOUND('',#5240,.F.);
#5240 = EDGE_LOOP('',(#5241,#5264,#5285,#5286));
#5241 = ORIENTED_EDGE('',*,*,#5242,.F.);
#5242 = EDGE_CURVE('',#5243,#5194,#5245,.T.);
#5243 = VERTEX_POINT('',#5244);
#5244 = CARTESIAN_POINT('',(7.75458979375,-5.070849609375,3.5));
#5245 = SURFACE_CURVE('',#5246,(#5250,#5257),.PCURVE_S1.);
#5246 = B_SPLINE_CURVE_WITH_KNOTS('',2,(#5247,#5248,#5249),
  .UNSPECIFIED.,.F.,.F.,(3,3),(0.,1.),.PIECEWISE_BEZIER_KNOTS.);
#5247 = CARTESIAN_POINT('',(7.75458979375,-5.070849609375,3.5));
#5248 = CARTESIAN_POINT('',(8.20781245,-5.070849609375,3.5));
#5249 = CARTESIAN_POINT('',(8.4601562,-5.2974609375,3.5));
#5250 = PCURVE('',#1606,#5251);
#5251 = DEFINITIONAL_REPRESENTATION('',(#5252),#5256);
#5252 = LINE('',#5253,#5254);
#5253 = CARTESIAN_POINT('',(0.,0.));
#5254 = VECTOR('',#5255,1.);
#5255 = DIRECTION('',(1.,0.));
#5256 = ( GEOMETRIC_REPRESENTATION_CONTEXT(2) 
PARAMETRIC_REPRESENTATION_CONTEXT() REPRESENTATION_CONTEXT('2D SPACE',''
  ) );
#5257 = PCURVE('',#4498,#5258);
#5258 = DEFINITIONAL_REPRESENTATION('',(#5259),#5263);
#5259 = B_SPLINE_CURVE_WITH_KNOTS('',2,(#5260,#5261,#5262),
  .UNSPECIFIED.,.F.,.F.,(3,3),(0.,1.),.PIECEWISE_BEZIER_KNOTS.);
#5260 = CARTESIAN_POINT('',(1.17041015625,1.666796875));
#5261 = CARTESIAN_POINT('',(1.6236328125,1.666796875));
#5262 = CARTESIAN_POINT('',(1.8759765625,1.440185546875));
#5263 = ( GEOMETRIC_REPRESENTATION_CONTEXT(2) 
PARAMETRIC_REPRESENTATION_CONTEXT() REPRESENTATION_CONTEXT('2D SPACE',''
  ) );
#5264 = ORIENTED_EDGE('',*,*,#5265,.T.);
#5265 = EDGE_CURVE('',#5243,#1541,#5266,.T.);
#5266 = SURFACE_CURVE('',#5267,(#5271,#5278),.PCURVE_S1.);
#5267 = LINE('',#5268,#5269);
#5268 = CARTESIAN_POINT('',(7.75458979375,-5.070849609375,3.5));
#5269 = VECTOR('',#5270,1.);
#5270 = DIRECTION('',(0.,0.,1.));
#5271 = PCURVE('',#1606,#5272);
#5272 = DEFINITIONAL_REPRESENTATION('',(#5273),#5277);
#5273 = LINE('',#5274,#5275);
#5274 = CARTESIAN_POINT('',(0.,0.));
#5275 = VECTOR('',#5276,1.);
#5276 = DIRECTION('',(0.,-1.));
#5277 = ( GEOMETRIC_REPRESENTATION_CONTEXT(2) 
PARAMETRIC_REPRESENTATION_CONTEXT() REPRESENTATION_CONTEXT('2D SPACE',''
  ) );
#5278 = PCURVE('',#1560,#5279);
#5279 = DEFINITIONAL_REPRESENTATION('',(#5280),#5284);
#5280 = LINE('',#5281,#5282);
#5281 = CARTESIAN_POINT('',(1.,0.));
#5282 = VECTOR('',#5283,1.);
#5283 = DIRECTION('',(0.,-1.));
#5284 = ( GEOMETRIC_REPRESENTATION_CONTEXT(2) 
PARAMETRIC_REPRESENTATION_CONTEXT() REPRESENTATION_CONTEXT('2D SPACE',''
  ) );
#5285 = ORIENTED_EDGE('',*,*,#1576,.F.);
#5286 = ORIENTED_EDGE('',*,*,#5216,.F.);
#5287 = ADVANCED_FACE('',(#5288),#1560,.F.);
#5288 = FACE_BOUND('',#5289,.F.);
#5289 = EDGE_LOOP('',(#5290,#5313,#5334,#5335));
#5290 = ORIENTED_EDGE('',*,*,#5291,.F.);
#5291 = EDGE_CURVE('',#5292,#5243,#5294,.T.);
#5292 = VERTEX_POINT('',#5293);
#5293 = CARTESIAN_POINT('',(7.601025340625,-5.081640625,3.5));
#5294 = SURFACE_CURVE('',#5295,(#5299,#5306),.PCURVE_S1.);
#5295 = B_SPLINE_CURVE_WITH_KNOTS('',2,(#5296,#5297,#5298),
  .UNSPECIFIED.,.F.,.F.,(3,3),(0.,1.),.PIECEWISE_BEZIER_KNOTS.);
#5296 = CARTESIAN_POINT('',(7.601025340625,-5.081640625,3.5));
#5297 = CARTESIAN_POINT('',(7.67490229375,-5.070849609375,3.5));
#5298 = CARTESIAN_POINT('',(7.75458979375,-5.070849609375,3.5));
#5299 = PCURVE('',#1560,#5300);
#5300 = DEFINITIONAL_REPRESENTATION('',(#5301),#5305);
#5301 = LINE('',#5302,#5303);
#5302 = CARTESIAN_POINT('',(0.,0.));
#5303 = VECTOR('',#5304,1.);
#5304 = DIRECTION('',(1.,0.));
#5305 = ( GEOMETRIC_REPRESENTATION_CONTEXT(2) 
PARAMETRIC_REPRESENTATION_CONTEXT() REPRESENTATION_CONTEXT('2D SPACE',''
  ) );
#5306 = PCURVE('',#4498,#5307);
#5307 = DEFINITIONAL_REPRESENTATION('',(#5308),#5312);
#5308 = B_SPLINE_CURVE_WITH_KNOTS('',2,(#5309,#5310,#5311),
  .UNSPECIFIED.,.F.,.F.,(3,3),(0.,1.),.PIECEWISE_BEZIER_KNOTS.);
#5309 = CARTESIAN_POINT('',(1.016845703125,1.656005859375));
#5310 = CARTESIAN_POINT('',(1.09072265625,1.666796875));
#5311 = CARTESIAN_POINT('',(1.17041015625,1.666796875));
#5312 = ( GEOMETRIC_REPRESENTATION_CONTEXT(2) 
PARAMETRIC_REPRESENTATION_CONTEXT() REPRESENTATION_CONTEXT('2D SPACE',''
  ) );
#5313 = ORIENTED_EDGE('',*,*,#5314,.T.);
#5314 = EDGE_CURVE('',#5292,#1505,#5315,.T.);
#5315 = SURFACE_CURVE('',#5316,(#5320,#5327),.PCURVE_S1.);
#5316 = LINE('',#5317,#5318);
#5317 = CARTESIAN_POINT('',(7.601025340625,-5.081640625,3.5));
#5318 = VECTOR('',#5319,1.);
#5319 = DIRECTION('',(0.,0.,1.));
#5320 = PCURVE('',#1560,#5321);
#5321 = DEFINITIONAL_REPRESENTATION('',(#5322),#5326);
#5322 = LINE('',#5323,#5324);
#5323 = CARTESIAN_POINT('',(0.,0.));
#5324 = VECTOR('',#5325,1.);
#5325 = DIRECTION('',(0.,-1.));
#5326 = ( GEOMETRIC_REPRESENTATION_CONTEXT(2) 
PARAMETRIC_REPRESENTATION_CONTEXT() REPRESENTATION_CONTEXT('2D SPACE',''
  ) );
#5327 = PCURVE('',#1524,#5328);
#5328 = DEFINITIONAL_REPRESENTATION('',(#5329),#5333);
#5329 = LINE('',#5330,#5331);
#5330 = CARTESIAN_POINT('',(1.,0.));
#5331 = VECTOR('',#5332,1.);
#5332 = DIRECTION('',(0.,-1.));
#5333 = ( GEOMETRIC_REPRESENTATION_CONTEXT(2) 
PARAMETRIC_REPRESENTATION_CONTEXT() REPRESENTATION_CONTEXT('2D SPACE',''
  ) );
#5334 = ORIENTED_EDGE('',*,*,#1540,.F.);
#5335 = ORIENTED_EDGE('',*,*,#5265,.F.);
#5336 = ADVANCED_FACE('',(#5337),#1524,.F.);
#5337 = FACE_BOUND('',#5338,.F.);
#5338 = EDGE_LOOP('',(#5339,#5362,#5383,#5384));
#5339 = ORIENTED_EDGE('',*,*,#5340,.F.);
#5340 = EDGE_CURVE('',#5341,#5292,#5343,.T.);
#5341 = VERTEX_POINT('',#5342);
#5342 = CARTESIAN_POINT('',(7.4541015125,-5.112353515625,3.5));
#5343 = SURFACE_CURVE('',#5344,(#5348,#5355),.PCURVE_S1.);
#5344 = B_SPLINE_CURVE_WITH_KNOTS('',2,(#5345,#5346,#5347),
  .UNSPECIFIED.,.F.,.F.,(3,3),(0.,1.),.PIECEWISE_BEZIER_KNOTS.);
#5345 = CARTESIAN_POINT('',(7.4541015125,-5.112353515625,3.5));
#5346 = CARTESIAN_POINT('',(7.5271483875,-5.092431640625,3.5));
#5347 = CARTESIAN_POINT('',(7.601025340625,-5.081640625,3.5));
#5348 = PCURVE('',#1524,#5349);
#5349 = DEFINITIONAL_REPRESENTATION('',(#5350),#5354);
#5350 = LINE('',#5351,#5352);
#5351 = CARTESIAN_POINT('',(0.,0.));
#5352 = VECTOR('',#5353,1.);
#5353 = DIRECTION('',(1.,0.));
#5354 = ( GEOMETRIC_REPRESENTATION_CONTEXT(2) 
PARAMETRIC_REPRESENTATION_CONTEXT() REPRESENTATION_CONTEXT('2D SPACE',''
  ) );
#5355 = PCURVE('',#4498,#5356);
#5356 = DEFINITIONAL_REPRESENTATION('',(#5357),#5361);
#5357 = B_SPLINE_CURVE_WITH_KNOTS('',2,(#5358,#5359,#5360),
  .UNSPECIFIED.,.F.,.F.,(3,3),(0.,1.),.PIECEWISE_BEZIER_KNOTS.);
#5358 = CARTESIAN_POINT('',(0.869921875,1.62529296875));
#5359 = CARTESIAN_POINT('',(0.94296875,1.64521484375));
#5360 = CARTESIAN_POINT('',(1.016845703125,1.656005859375));
#5361 = ( GEOMETRIC_REPRESENTATION_CONTEXT(2) 
PARAMETRIC_REPRESENTATION_CONTEXT() REPRESENTATION_CONTEXT('2D SPACE',''
  ) );
#5362 = ORIENTED_EDGE('',*,*,#5363,.T.);
#5363 = EDGE_CURVE('',#5341,#1479,#5364,.T.);
#5364 = SURFACE_CURVE('',#5365,(#5369,#5376),.PCURVE_S1.);
#5365 = LINE('',#5366,#5367);
#5366 = CARTESIAN_POINT('',(7.4541015125,-5.112353515625,3.5));
#5367 = VECTOR('',#5368,1.);
#5368 = DIRECTION('',(0.,0.,1.));
#5369 = PCURVE('',#1524,#5370);
#5370 = DEFINITIONAL_REPRESENTATION('',(#5371),#5375);
#5371 = LINE('',#5372,#5373);
#5372 = CARTESIAN_POINT('',(0.,0.));
#5373 = VECTOR('',#5374,1.);
#5374 = DIRECTION('',(0.,-1.));
#5375 = ( GEOMETRIC_REPRESENTATION_CONTEXT(2) 
PARAMETRIC_REPRESENTATION_CONTEXT() REPRESENTATION_CONTEXT('2D SPACE',''
  ) );
#5376 = PCURVE('',#1493,#5377);
#5377 = DEFINITIONAL_REPRESENTATION('',(#5378),#5382);
#5378 = LINE('',#5379,#5380);
#5379 = CARTESIAN_POINT('',(0.38349609375,0.));
#5380 = VECTOR('',#5381,1.);
#5381 = DIRECTION('',(0.,-1.));
#5382 = ( GEOMETRIC_REPRESENTATION_CONTEXT(2) 
PARAMETRIC_REPRESENTATION_CONTEXT() REPRESENTATION_CONTEXT('2D SPACE',''
  ) );
#5383 = ORIENTED_EDGE('',*,*,#1504,.F.);
#5384 = ORIENTED_EDGE('',*,*,#5314,.F.);
#5385 = ADVANCED_FACE('',(#5386),#1493,.F.);
#5386 = FACE_BOUND('',#5387,.F.);
#5387 = EDGE_LOOP('',(#5388,#5411,#5432,#5433));
#5388 = ORIENTED_EDGE('',*,*,#5389,.F.);
#5389 = EDGE_CURVE('',#5390,#5341,#5392,.T.);
#5390 = VERTEX_POINT('',#5391);
#5391 = CARTESIAN_POINT('',(7.4541015125,-4.728857421875,3.5));
#5392 = SURFACE_CURVE('',#5393,(#5397,#5404),.PCURVE_S1.);
#5393 = LINE('',#5394,#5395);
#5394 = CARTESIAN_POINT('',(7.4541015125,-4.728857421875,3.5));
#5395 = VECTOR('',#5396,1.);
#5396 = DIRECTION('',(0.,-1.,0.));
#5397 = PCURVE('',#1493,#5398);
#5398 = DEFINITIONAL_REPRESENTATION('',(#5399),#5403);
#5399 = LINE('',#5400,#5401);
#5400 = CARTESIAN_POINT('',(0.,0.));
#5401 = VECTOR('',#5402,1.);
#5402 = DIRECTION('',(1.,0.));
#5403 = ( GEOMETRIC_REPRESENTATION_CONTEXT(2) 
PARAMETRIC_REPRESENTATION_CONTEXT() REPRESENTATION_CONTEXT('2D SPACE',''
  ) );
#5404 = PCURVE('',#4498,#5405);
#5405 = DEFINITIONAL_REPRESENTATION('',(#5406),#5410);
#5406 = LINE('',#5407,#5408);
#5407 = CARTESIAN_POINT('',(0.869921875,2.0087890625));
#5408 = VECTOR('',#5409,1.);
#5409 = DIRECTION('',(0.,-1.));
#5410 = ( GEOMETRIC_REPRESENTATION_CONTEXT(2) 
PARAMETRIC_REPRESENTATION_CONTEXT() REPRESENTATION_CONTEXT('2D SPACE',''
  ) );
#5411 = ORIENTED_EDGE('',*,*,#5412,.T.);
#5412 = EDGE_CURVE('',#5390,#1453,#5413,.T.);
#5413 = SURFACE_CURVE('',#5414,(#5418,#5425),.PCURVE_S1.);
#5414 = LINE('',#5415,#5416);
#5415 = CARTESIAN_POINT('',(7.4541015125,-4.728857421875,3.5));
#5416 = VECTOR('',#5417,1.);
#5417 = DIRECTION('',(0.,0.,1.));
#5418 = PCURVE('',#1493,#5419);
#5419 = DEFINITIONAL_REPRESENTATION('',(#5420),#5424);
#5420 = LINE('',#5421,#5422);
#5421 = CARTESIAN_POINT('',(0.,0.));
#5422 = VECTOR('',#5423,1.);
#5423 = DIRECTION('',(0.,-1.));
#5424 = ( GEOMETRIC_REPRESENTATION_CONTEXT(2) 
PARAMETRIC_REPRESENTATION_CONTEXT() REPRESENTATION_CONTEXT('2D SPACE',''
  ) );
#5425 = PCURVE('',#1467,#5426);
#5426 = DEFINITIONAL_REPRESENTATION('',(#5427),#5431);
#5427 = LINE('',#5428,#5429);
#5428 = CARTESIAN_POINT('',(1.0791015625,0.));
#5429 = VECTOR('',#5430,1.);
#5430 = DIRECTION('',(0.,-1.));
#5431 = ( GEOMETRIC_REPRESENTATION_CONTEXT(2) 
PARAMETRIC_REPRESENTATION_CONTEXT() REPRESENTATION_CONTEXT('2D SPACE',''
  ) );
#5432 = ORIENTED_EDGE('',*,*,#1478,.F.);
#5433 = ORIENTED_EDGE('',*,*,#5363,.F.);
#5434 = ADVANCED_FACE('',(#5435),#1467,.F.);
#5435 = FACE_BOUND('',#5436,.F.);
#5436 = EDGE_LOOP('',(#5437,#5460,#5481,#5482));
#5437 = ORIENTED_EDGE('',*,*,#5438,.F.);
#5438 = EDGE_CURVE('',#5439,#5390,#5441,.T.);
#5439 = VERTEX_POINT('',#5440);
#5440 = CARTESIAN_POINT('',(8.533203075,-4.728857421875,3.5));
#5441 = SURFACE_CURVE('',#5442,(#5446,#5453),.PCURVE_S1.);
#5442 = LINE('',#5443,#5444);
#5443 = CARTESIAN_POINT('',(8.533203075,-4.728857421875,3.5));
#5444 = VECTOR('',#5445,1.);
#5445 = DIRECTION('',(-1.,0.,0.));
#5446 = PCURVE('',#1467,#5447);
#5447 = DEFINITIONAL_REPRESENTATION('',(#5448),#5452);
#5448 = LINE('',#5449,#5450);
#5449 = CARTESIAN_POINT('',(0.,-0.));
#5450 = VECTOR('',#5451,1.);
#5451 = DIRECTION('',(1.,0.));
#5452 = ( GEOMETRIC_REPRESENTATION_CONTEXT(2) 
PARAMETRIC_REPRESENTATION_CONTEXT() REPRESENTATION_CONTEXT('2D SPACE',''
  ) );
#5453 = PCURVE('',#4498,#5454);
#5454 = DEFINITIONAL_REPRESENTATION('',(#5455),#5459);
#5455 = LINE('',#5456,#5457);
#5456 = CARTESIAN_POINT('',(1.9490234375,2.0087890625));
#5457 = VECTOR('',#5458,1.);
#5458 = DIRECTION('',(-1.,0.));
#5459 = ( GEOMETRIC_REPRESENTATION_CONTEXT(2) 
PARAMETRIC_REPRESENTATION_CONTEXT() REPRESENTATION_CONTEXT('2D SPACE',''
  ) );
#5460 = ORIENTED_EDGE('',*,*,#5461,.T.);
#5461 = EDGE_CURVE('',#5439,#1427,#5462,.T.);
#5462 = SURFACE_CURVE('',#5463,(#5467,#5474),.PCURVE_S1.);
#5463 = LINE('',#5464,#5465);
#5464 = CARTESIAN_POINT('',(8.533203075,-4.728857421875,3.5));
#5465 = VECTOR('',#5466,1.);
#5466 = DIRECTION('',(0.,0.,1.));
#5467 = PCURVE('',#1467,#5468);
#5468 = DEFINITIONAL_REPRESENTATION('',(#5469),#5473);
#5469 = LINE('',#5470,#5471);
#5470 = CARTESIAN_POINT('',(0.,-0.));
#5471 = VECTOR('',#5472,1.);
#5472 = DIRECTION('',(0.,-1.));
#5473 = ( GEOMETRIC_REPRESENTATION_CONTEXT(2) 
PARAMETRIC_REPRESENTATION_CONTEXT() REPRESENTATION_CONTEXT('2D SPACE',''
  ) );
#5474 = PCURVE('',#1441,#5475);
#5475 = DEFINITIONAL_REPRESENTATION('',(#5476),#5480);
#5476 = LINE('',#5477,#5478);
#5477 = CARTESIAN_POINT('',(0.46982421875,0.));
#5478 = VECTOR('',#5479,1.);
#5479 = DIRECTION('',(0.,-1.));
#5480 = ( GEOMETRIC_REPRESENTATION_CONTEXT(2) 
PARAMETRIC_REPRESENTATION_CONTEXT() REPRESENTATION_CONTEXT('2D SPACE',''
  ) );
#5481 = ORIENTED_EDGE('',*,*,#1452,.F.);
#5482 = ORIENTED_EDGE('',*,*,#5412,.F.);
#5483 = ADVANCED_FACE('',(#5484),#1441,.F.);
#5484 = FACE_BOUND('',#5485,.F.);
#5485 = EDGE_LOOP('',(#5486,#5509,#5530,#5531));
#5486 = ORIENTED_EDGE('',*,*,#5487,.F.);
#5487 = EDGE_CURVE('',#5488,#5439,#5490,.T.);
#5488 = VERTEX_POINT('',#5489);
#5489 = CARTESIAN_POINT('',(8.533203075,-4.259033203125,3.5));
#5490 = SURFACE_CURVE('',#5491,(#5495,#5502),.PCURVE_S1.);
#5491 = LINE('',#5492,#5493);
#5492 = CARTESIAN_POINT('',(8.533203075,-4.259033203125,3.5));
#5493 = VECTOR('',#5494,1.);
#5494 = DIRECTION('',(0.,-1.,0.));
#5495 = PCURVE('',#1441,#5496);
#5496 = DEFINITIONAL_REPRESENTATION('',(#5497),#5501);
#5497 = LINE('',#5498,#5499);
#5498 = CARTESIAN_POINT('',(0.,0.));
#5499 = VECTOR('',#5500,1.);
#5500 = DIRECTION('',(1.,0.));
#5501 = ( GEOMETRIC_REPRESENTATION_CONTEXT(2) 
PARAMETRIC_REPRESENTATION_CONTEXT() REPRESENTATION_CONTEXT('2D SPACE',''
  ) );
#5502 = PCURVE('',#4498,#5503);
#5503 = DEFINITIONAL_REPRESENTATION('',(#5504),#5508);
#5504 = LINE('',#5505,#5506);
#5505 = CARTESIAN_POINT('',(1.9490234375,2.47861328125));
#5506 = VECTOR('',#5507,1.);
#5507 = DIRECTION('',(0.,-1.));
#5508 = ( GEOMETRIC_REPRESENTATION_CONTEXT(2) 
PARAMETRIC_REPRESENTATION_CONTEXT() REPRESENTATION_CONTEXT('2D SPACE',''
  ) );
#5509 = ORIENTED_EDGE('',*,*,#5510,.T.);
#5510 = EDGE_CURVE('',#5488,#1401,#5511,.T.);
#5511 = SURFACE_CURVE('',#5512,(#5516,#5523),.PCURVE_S1.);
#5512 = LINE('',#5513,#5514);
#5513 = CARTESIAN_POINT('',(8.533203075,-4.259033203125,3.5));
#5514 = VECTOR('',#5515,1.);
#5515 = DIRECTION('',(0.,0.,1.));
#5516 = PCURVE('',#1441,#5517);
#5517 = DEFINITIONAL_REPRESENTATION('',(#5518),#5522);
#5518 = LINE('',#5519,#5520);
#5519 = CARTESIAN_POINT('',(0.,0.));
#5520 = VECTOR('',#5521,1.);
#5521 = DIRECTION('',(0.,-1.));
#5522 = ( GEOMETRIC_REPRESENTATION_CONTEXT(2) 
PARAMETRIC_REPRESENTATION_CONTEXT() REPRESENTATION_CONTEXT('2D SPACE',''
  ) );
#5523 = PCURVE('',#1415,#5524);
#5524 = DEFINITIONAL_REPRESENTATION('',(#5525),#5529);
#5525 = LINE('',#5526,#5527);
#5526 = CARTESIAN_POINT('',(1.58876953125,0.));
#5527 = VECTOR('',#5528,1.);
#5528 = DIRECTION('',(0.,-1.));
#5529 = ( GEOMETRIC_REPRESENTATION_CONTEXT(2) 
PARAMETRIC_REPRESENTATION_CONTEXT() REPRESENTATION_CONTEXT('2D SPACE',''
  ) );
#5530 = ORIENTED_EDGE('',*,*,#1426,.F.);
#5531 = ORIENTED_EDGE('',*,*,#5461,.F.);
#5532 = ADVANCED_FACE('',(#5533),#1415,.F.);
#5533 = FACE_BOUND('',#5534,.F.);
#5534 = EDGE_LOOP('',(#5535,#5556,#5557,#5558));
#5535 = ORIENTED_EDGE('',*,*,#5536,.F.);
#5536 = EDGE_CURVE('',#4483,#5488,#5537,.T.);
#5537 = SURFACE_CURVE('',#5538,(#5542,#5549),.PCURVE_S1.);
#5538 = LINE('',#5539,#5540);
#5539 = CARTESIAN_POINT('',(6.94443354375,-4.259033203125,3.5));
#5540 = VECTOR('',#5541,1.);
#5541 = DIRECTION('',(1.,0.,0.));
#5542 = PCURVE('',#1415,#5543);
#5543 = DEFINITIONAL_REPRESENTATION('',(#5544),#5548);
#5544 = LINE('',#5545,#5546);
#5545 = CARTESIAN_POINT('',(0.,0.));
#5546 = VECTOR('',#5547,1.);
#5547 = DIRECTION('',(1.,0.));
#5548 = ( GEOMETRIC_REPRESENTATION_CONTEXT(2) 
PARAMETRIC_REPRESENTATION_CONTEXT() REPRESENTATION_CONTEXT('2D SPACE',''
  ) );
#5549 = PCURVE('',#4498,#5550);
#5550 = DEFINITIONAL_REPRESENTATION('',(#5551),#5555);
#5551 = LINE('',#5552,#5553);
#5552 = CARTESIAN_POINT('',(0.36025390625,2.47861328125));
#5553 = VECTOR('',#5554,1.);
#5554 = DIRECTION('',(1.,0.));
#5555 = ( GEOMETRIC_REPRESENTATION_CONTEXT(2) 
PARAMETRIC_REPRESENTATION_CONTEXT() REPRESENTATION_CONTEXT('2D SPACE',''
  ) );
#5556 = ORIENTED_EDGE('',*,*,#4532,.T.);
#5557 = ORIENTED_EDGE('',*,*,#1400,.F.);
#5558 = ORIENTED_EDGE('',*,*,#5510,.F.);
#5559 = ADVANCED_FACE('',(#5560),#2297,.T.);
#5560 = FACE_BOUND('',#5561,.F.);
#5561 = EDGE_LOOP('',(#5562,#5563,#5564,#5589));
#5562 = ORIENTED_EDGE('',*,*,#2281,.F.);
#5563 = ORIENTED_EDGE('',*,*,#2358,.T.);
#5564 = ORIENTED_EDGE('',*,*,#5565,.T.);
#5565 = EDGE_CURVE('',#2336,#2385,#5566,.T.);
#5566 = SURFACE_CURVE('',#5567,(#5572,#5579),.PCURVE_S1.);
#5567 = PARABOLA('',#5568,0.441941738242);
#5568 = AXIS2_PLACEMENT_3D('',#5569,#5570,#5571);
#5569 = CARTESIAN_POINT('',(0.625,-6.6,4.425));
#5570 = DIRECTION('',(-0.707106781187,1.528997198641E-16,0.707106781187)
  );
#5571 = DIRECTION('',(-0.707106781187,1.528997198641E-16,-0.707106781187
    ));
#5572 = PCURVE('',#2297,#5573);
#5573 = DEFINITIONAL_REPRESENTATION('',(#5574),#5578);
#5574 = B_SPLINE_CURVE_WITH_KNOTS('',2,(#5575,#5576,#5577),
  .UNSPECIFIED.,.F.,.F.,(3,3),(3.172144385112,3.326033673913),
  .PIECEWISE_BEZIER_KNOTS.);
#5575 = CARTESIAN_POINT('',(-1.227855614888,-0.282842712475));
#5576 = CARTESIAN_POINT('',(-1.150910970488,-6.698256568164E-03));
#5577 = CARTESIAN_POINT('',(-1.073966326087,0.282842712475));
#5578 = ( GEOMETRIC_REPRESENTATION_CONTEXT(2) 
PARAMETRIC_REPRESENTATION_CONTEXT() REPRESENTATION_CONTEXT('2D SPACE',''
  ) );
#5579 = PCURVE('',#2424,#5580);
#5580 = DEFINITIONAL_REPRESENTATION('',(#5581),#5588);
#5581 = B_SPLINE_CURVE_WITH_KNOTS('',5,(#5582,#5583,#5584,#5585,#5586,
    #5587),.UNSPECIFIED.,.F.,.F.,(6,6),(3.172144385112,3.326033673913),
  .PIECEWISE_BEZIER_KNOTS.);
#5582 = CARTESIAN_POINT('',(-4.643076934572,-2.386979502944E-15));
#5583 = CARTESIAN_POINT('',(-4.636458040431,7.810544694341E-02));
#5584 = CARTESIAN_POINT('',(-4.629978117127,0.157158170415));
#5585 = CARTESIAN_POINT('',(-4.62363163132,0.237158170415));
#5586 = CARTESIAN_POINT('',(-4.617413462348,0.318105446943));
#5587 = CARTESIAN_POINT('',(-4.611318837049,0.4));
#5588 = ( GEOMETRIC_REPRESENTATION_CONTEXT(2) 
PARAMETRIC_REPRESENTATION_CONTEXT() REPRESENTATION_CONTEXT('2D SPACE',''
  ) );
#5589 = ORIENTED_EDGE('',*,*,#2384,.F.);
#5590 = ADVANCED_FACE('',(#5591),#2508,.T.);
#5591 = FACE_BOUND('',#5592,.F.);
#5592 = EDGE_LOOP('',(#5593,#5614,#5615,#5616));
#5593 = ORIENTED_EDGE('',*,*,#5594,.F.);
#5594 = EDGE_CURVE('',#2572,#2465,#5595,.T.);
#5595 = SURFACE_CURVE('',#5596,(#5600,#5607),.PCURVE_S1.);
#5596 = LINE('',#5597,#5598);
#5597 = CARTESIAN_POINT('',(21.1,-7.3,-3.3));
#5598 = VECTOR('',#5599,1.);
#5599 = DIRECTION('',(-0.57735026919,0.57735026919,-0.57735026919));
#5600 = PCURVE('',#2508,#5601);
#5601 = DEFINITIONAL_REPRESENTATION('',(#5602),#5606);
#5602 = LINE('',#5603,#5604);
#5603 = CARTESIAN_POINT('',(-3.7,4.949747468306));
#5604 = VECTOR('',#5605,1.);
#5605 = DIRECTION('',(-0.57735026919,0.816496580928));
#5606 = ( GEOMETRIC_REPRESENTATION_CONTEXT(2) 
PARAMETRIC_REPRESENTATION_CONTEXT() REPRESENTATION_CONTEXT('2D SPACE',''
  ) );
#5607 = PCURVE('',#2480,#5608);
#5608 = DEFINITIONAL_REPRESENTATION('',(#5609),#5613);
#5609 = LINE('',#5610,#5611);
#5610 = CARTESIAN_POINT('',(-17.7,4.949747468306));
#5611 = VECTOR('',#5612,1.);
#5612 = DIRECTION('',(0.57735026919,0.816496580928));
#5613 = ( GEOMETRIC_REPRESENTATION_CONTEXT(2) 
PARAMETRIC_REPRESENTATION_CONTEXT() REPRESENTATION_CONTEXT('2D SPACE',''
  ) );
#5614 = ORIENTED_EDGE('',*,*,#2596,.T.);
#5615 = ORIENTED_EDGE('',*,*,#2546,.T.);
#5616 = ORIENTED_EDGE('',*,*,#2492,.F.);
#5617 = ADVANCED_FACE('',(#5618),#2424,.F.);
#5618 = FACE_BOUND('',#5619,.T.);
#5619 = EDGE_LOOP('',(#5620,#5645,#5646,#5647));
#5620 = ORIENTED_EDGE('',*,*,#5621,.F.);
#5621 = EDGE_CURVE('',#2672,#2408,#5622,.T.);
#5622 = SURFACE_CURVE('',#5623,(#5628,#5638),.PCURVE_S1.);
#5623 = PARABOLA('',#5624,0.441941738242);
#5624 = AXIS2_PLACEMENT_3D('',#5625,#5626,#5627);
#5625 = CARTESIAN_POINT('',(-0.625,-6.6,4.425));
#5626 = DIRECTION('',(-0.707106781187,1.63324700764E-16,-0.707106781187)
  );
#5627 = DIRECTION('',(0.707106781187,-1.63324700764E-16,-0.707106781187)
  );
#5628 = PCURVE('',#2424,#5629);
#5629 = DEFINITIONAL_REPRESENTATION('',(#5630),#5637);
#5630 = B_SPLINE_CURVE_WITH_KNOTS('',5,(#5631,#5632,#5633,#5634,#5635,
    #5636),.UNSPECIFIED.,.F.,.F.,(6,6),(3.172144385112,3.326033673913),
  .PIECEWISE_BEZIER_KNOTS.);
#5631 = CARTESIAN_POINT('',(-1.146036670581E-15,6.494804694057E-15));
#5632 = CARTESIAN_POINT('',(-6.618894141943E-03,7.810544694341E-02));
#5633 = CARTESIAN_POINT('',(-1.309881744511E-02,0.157158170415));
#5634 = CARTESIAN_POINT('',(-1.944530325216E-02,0.237158170415));
#5635 = CARTESIAN_POINT('',(-2.566347222426E-02,0.318105446943));
#5636 = CARTESIAN_POINT('',(-3.175809752328E-02,0.4));
#5637 = ( GEOMETRIC_REPRESENTATION_CONTEXT(2) 
PARAMETRIC_REPRESENTATION_CONTEXT() REPRESENTATION_CONTEXT('2D SPACE',''
  ) );
#5638 = PCURVE('',#2452,#5639);
#5639 = DEFINITIONAL_REPRESENTATION('',(#5640),#5644);
#5640 = B_SPLINE_CURVE_WITH_KNOTS('',2,(#5641,#5642,#5643),
  .UNSPECIFIED.,.F.,.F.,(3,3),(3.172144385112,3.326033673913),
  .PIECEWISE_BEZIER_KNOTS.);
#5641 = CARTESIAN_POINT('',(-1.227855614888,-0.282842712475));
#5642 = CARTESIAN_POINT('',(-1.150910970488,-6.698256568164E-03));
#5643 = CARTESIAN_POINT('',(-1.073966326087,0.282842712475));
#5644 = ( GEOMETRIC_REPRESENTATION_CONTEXT(2) 
PARAMETRIC_REPRESENTATION_CONTEXT() REPRESENTATION_CONTEXT('2D SPACE',''
  ) );
#5645 = ORIENTED_EDGE('',*,*,#2718,.T.);
#5646 = ORIENTED_EDGE('',*,*,#5565,.T.);
#5647 = ORIENTED_EDGE('',*,*,#2407,.F.);
#5648 = ADVANCED_FACE('',(#5649),#2480,.T.);
#5649 = FACE_BOUND('',#5650,.F.);
#5650 = EDGE_LOOP('',(#5651,#5672,#5673,#5674));
#5651 = ORIENTED_EDGE('',*,*,#5652,.F.);
#5652 = EDGE_CURVE('',#2621,#2437,#5653,.T.);
#5653 = SURFACE_CURVE('',#5654,(#5658,#5665),.PCURVE_S1.);
#5654 = LINE('',#5655,#5656);
#5655 = CARTESIAN_POINT('',(3.533333333333,-10.86666666666,
    0.266666666667));
#5656 = VECTOR('',#5657,1.);
#5657 = DIRECTION('',(0.57735026919,0.57735026919,-0.57735026919));
#5658 = PCURVE('',#2480,#5659);
#5659 = DEFINITIONAL_REPRESENTATION('',(#5660),#5664);
#5660 = LINE('',#5661,#5662);
#5661 = CARTESIAN_POINT('',(-0.133333333333,-9.428090415821E-02));
#5662 = VECTOR('',#5663,1.);
#5663 = DIRECTION('',(-0.57735026919,0.816496580928));
#5664 = ( GEOMETRIC_REPRESENTATION_CONTEXT(2) 
PARAMETRIC_REPRESENTATION_CONTEXT() REPRESENTATION_CONTEXT('2D SPACE',''
  ) );
#5665 = PCURVE('',#2452,#5666);
#5666 = DEFINITIONAL_REPRESENTATION('',(#5667),#5671);
#5667 = LINE('',#5668,#5669);
#5668 = CARTESIAN_POINT('',(-0.133333333333,-9.428090415821E-02));
#5669 = VECTOR('',#5670,1.);
#5670 = DIRECTION('',(-0.57735026919,0.816496580928));
#5671 = ( GEOMETRIC_REPRESENTATION_CONTEXT(2) 
PARAMETRIC_REPRESENTATION_CONTEXT() REPRESENTATION_CONTEXT('2D SPACE',''
  ) );
#5672 = ORIENTED_EDGE('',*,*,#2645,.T.);
#5673 = ORIENTED_EDGE('',*,*,#5594,.T.);
#5674 = ORIENTED_EDGE('',*,*,#2464,.F.);
#5675 = ADVANCED_FACE('',(#5676),#2452,.F.);
#5676 = FACE_BOUND('',#5677,.T.);
#5677 = EDGE_LOOP('',(#5678,#5679,#5680,#5681));
#5678 = ORIENTED_EDGE('',*,*,#5652,.F.);
#5679 = ORIENTED_EDGE('',*,*,#2694,.T.);
#5680 = ORIENTED_EDGE('',*,*,#5621,.T.);
#5681 = ORIENTED_EDGE('',*,*,#2436,.F.);
#5682 = ADVANCED_FACE('',(#5683),#2928,.T.);
#5683 = FACE_BOUND('',#5684,.T.);
#5684 = EDGE_LOOP('',(#5685,#5686,#5687,#5688));
#5685 = ORIENTED_EDGE('',*,*,#3708,.F.);
#5686 = ORIENTED_EDGE('',*,*,#3757,.F.);
#5687 = ORIENTED_EDGE('',*,*,#2911,.T.);
#5688 = ORIENTED_EDGE('',*,*,#3659,.F.);
#5689 = ADVANCED_FACE('',(#5690),#2854,.T.);
#5690 = FACE_BOUND('',#5691,.T.);
#5691 = EDGE_LOOP('',(#5692,#5693,#5694,#5695,#5696,#5697));
#5692 = ORIENTED_EDGE('',*,*,#3632,.F.);
#5693 = ORIENTED_EDGE('',*,*,#2837,.T.);
#5694 = ORIENTED_EDGE('',*,*,#3436,.F.);
#5695 = ORIENTED_EDGE('',*,*,#3485,.F.);
#5696 = ORIENTED_EDGE('',*,*,#3534,.F.);
#5697 = ORIENTED_EDGE('',*,*,#3583,.F.);
#5698 = ADVANCED_FACE('',(#5699),#2780,.T.);
#5699 = FACE_BOUND('',#5700,.T.);
#5700 = EDGE_LOOP('',(#5701,#5702,#5703,#5704,#5705,#5706,#5707,#5708,
    #5709,#5710,#5711));
#5701 = ORIENTED_EDGE('',*,*,#2763,.T.);
#5702 = ORIENTED_EDGE('',*,*,#2968,.F.);
#5703 = ORIENTED_EDGE('',*,*,#3017,.F.);
#5704 = ORIENTED_EDGE('',*,*,#3066,.F.);
#5705 = ORIENTED_EDGE('',*,*,#3115,.F.);
#5706 = ORIENTED_EDGE('',*,*,#3164,.F.);
#5707 = ORIENTED_EDGE('',*,*,#3213,.F.);
#5708 = ORIENTED_EDGE('',*,*,#3262,.F.);
#5709 = ORIENTED_EDGE('',*,*,#3311,.F.);
#5710 = ORIENTED_EDGE('',*,*,#3360,.F.);
#5711 = ORIENTED_EDGE('',*,*,#3409,.F.);
#5712 = ADVANCED_FACE('',(#5713),#3802,.T.);
#5713 = FACE_BOUND('',#5714,.F.);
#5714 = EDGE_LOOP('',(#5715,#5716,#5717,#5718));
#5715 = ORIENTED_EDGE('',*,*,#3784,.T.);
#5716 = ORIENTED_EDGE('',*,*,#3958,.T.);
#5717 = ORIENTED_EDGE('',*,*,#3909,.T.);
#5718 = ORIENTED_EDGE('',*,*,#3860,.T.);
#5719 = ADVANCED_FACE('',(#5720),#4003,.T.);
#5720 = FACE_BOUND('',#5721,.F.);
#5721 = EDGE_LOOP('',(#5722,#5723,#5724,#5725,#5726,#5727,#5728,#5729,
    #5730,#5731));
#5722 = ORIENTED_EDGE('',*,*,#3985,.T.);
#5723 = ORIENTED_EDGE('',*,*,#4453,.T.);
#5724 = ORIENTED_EDGE('',*,*,#4404,.T.);
#5725 = ORIENTED_EDGE('',*,*,#4355,.T.);
#5726 = ORIENTED_EDGE('',*,*,#4306,.T.);
#5727 = ORIENTED_EDGE('',*,*,#4257,.T.);
#5728 = ORIENTED_EDGE('',*,*,#4208,.T.);
#5729 = ORIENTED_EDGE('',*,*,#4159,.T.);
#5730 = ORIENTED_EDGE('',*,*,#4110,.T.);
#5731 = ORIENTED_EDGE('',*,*,#4061,.T.);
#5732 = ADVANCED_FACE('',(#5733),#4498,.T.);
#5733 = FACE_BOUND('',#5734,.F.);
#5734 = EDGE_LOOP('',(#5735,#5736,#5737,#5738,#5739,#5740,#5741,#5742,
    #5743,#5744,#5745,#5746,#5747,#5748,#5749,#5750,#5751,#5752,#5753,
    #5754,#5755,#5756));
#5735 = ORIENTED_EDGE('',*,*,#4480,.T.);
#5736 = ORIENTED_EDGE('',*,*,#5536,.T.);
#5737 = ORIENTED_EDGE('',*,*,#5487,.T.);
#5738 = ORIENTED_EDGE('',*,*,#5438,.T.);
#5739 = ORIENTED_EDGE('',*,*,#5389,.T.);
#5740 = ORIENTED_EDGE('',*,*,#5340,.T.);
#5741 = ORIENTED_EDGE('',*,*,#5291,.T.);
#5742 = ORIENTED_EDGE('',*,*,#5242,.T.);
#5743 = ORIENTED_EDGE('',*,*,#5193,.T.);
#5744 = ORIENTED_EDGE('',*,*,#5144,.T.);
#5745 = ORIENTED_EDGE('',*,*,#5095,.T.);
#5746 = ORIENTED_EDGE('',*,*,#5046,.T.);
#5747 = ORIENTED_EDGE('',*,*,#4997,.T.);
#5748 = ORIENTED_EDGE('',*,*,#4948,.T.);
#5749 = ORIENTED_EDGE('',*,*,#4899,.T.);
#5750 = ORIENTED_EDGE('',*,*,#4850,.T.);
#5751 = ORIENTED_EDGE('',*,*,#4801,.T.);
#5752 = ORIENTED_EDGE('',*,*,#4752,.T.);
#5753 = ORIENTED_EDGE('',*,*,#4703,.T.);
#5754 = ORIENTED_EDGE('',*,*,#4654,.T.);
#5755 = ORIENTED_EDGE('',*,*,#4605,.T.);
#5756 = ORIENTED_EDGE('',*,*,#4556,.T.);
#5757 = ( GEOMETRIC_REPRESENTATION_CONTEXT(3) 
GLOBAL_UNCERTAINTY_ASSIGNED_CONTEXT((#5761)) 
GLOBAL_UNIT_ASSIGNED_CONTEXT((#5758,#5759,#5760)) REPRESENTATION_CONTEXT
('Context #1','3D Context with UNIT and UNCERTAINTY') );
#5758 = ( LENGTH_UNIT() NAMED_UNIT(*) SI_UNIT(.MILLI.,.METRE.) );
#5759 = ( NAMED_UNIT(*) PLANE_ANGLE_UNIT() SI_UNIT($,.RADIAN.) );
#5760 = ( NAMED_UNIT(*) SI_UNIT($,.STERADIAN.) SOLID_ANGLE_UNIT() );
#5761 = UNCERTAINTY_MEASURE_WITH_UNIT(LENGTH_MEASURE(1.E-05),#5758,
  'distance_accuracy_value','confusion accuracy');
#5762 = PRODUCT_RELATED_PRODUCT_CATEGORY('part',$,(#7));
ENDSEC;
END-ISO-10303-21;
