Handicap,W1_ID,Family,Best_pattern,Best_index,Legal_replies,Within_one_of_global_best,No_White_capture_near_best,Global_best_pattern,Global_best_index
0,1,0,792,-5.94,797,5,5,792,-5.94
3,1,0,792,-8.94,797,0,0,3086,-11.31
3,1,1,1350,-10.5,1070,1,1,3086,-11.31
3,1,2,3086,-11.31,1811,4,4,3086,-11.31
4,1,0,792,-9.94,797,0,0,4459,-13.4
4,1,1,1350,-11.5,1070,0,0,4459,-13.4
4,1,2,3086,-12.31,1811,0,0,4459,-13.4
4,1,3,4459,-13.4,786,5,5,4459,-13.4
4,1,4,5616,-9.6,1157,0,0,4459,-13.4
4,1,5,6413,-9.04,797,0,0,4459,-13.4
4,1,6,7210,-9.04,797,0,0,4459,-13.4
4,1,7,8007,-10.44,797,0,0,4459,-13.4
0,2,0,767,-2.78,797,31,31,767,-2.78
3,2,0,767,-5.78,797,0,0,3646,-8.49
3,2,1,1328,-7.34,1070,0,0,3646,-8.49
3,2,2,3646,-8.49,1811,69,69,3646,-8.49
4,2,0,767,-6.78,797,0,0,4434,-10.24
4,2,1,1328,-8.34,1070,0,0,4434,-10.24
4,2,2,3646,-9.49,1811,7,7,4434,-10.24
4,2,3,4434,-10.24,786,31,31,4434,-10.24
4,2,4,5588,-6.44,1157,0,0,4434,-10.24
4,2,5,6388,-5.88,797,0,0,4434,-10.24
4,2,6,7185,-5.88,797,0,0,4434,-10.24
4,2,7,7982,-7.28,797,0,0,4434,-10.24
0,3,0,85,-3.3,797,76,76,85,-3.3
3,3,0,85,-6.3,797,0,0,3586,-8.86
3,3,1,1855,-7.92,1070,3,3,3586,-8.86
3,3,2,3586,-8.86,1811,55,55,3586,-8.86
4,3,0,85,-7.3,797,0,0,3707,-10.76
4,3,1,1855,-8.92,1070,0,0,3707,-10.76
4,3,2,3586,-9.86,1811,3,3,3707,-10.76
4,3,3,3707,-10.76,786,73,73,3707,-10.76
4,3,4,5149,-7.54,1157,0,0,3707,-10.76
4,3,5,5706,-6.4,797,0,0,3707,-10.76
4,3,6,6503,-6.4,797,0,0,3707,-10.76
4,3,7,7300,-7.8,797,0,0,3707,-10.76
0,4,0,767,-2.78,797,31,31,767,-2.78
3,4,0,767,-5.78,797,0,0,3646,-8.49
3,4,1,1328,-7.34,1070,0,0,3646,-8.49
3,4,2,3646,-8.49,1811,69,69,3646,-8.49
4,4,0,767,-6.78,797,0,0,4434,-10.24
4,4,1,1328,-8.34,1070,0,0,4434,-10.24
4,4,2,3646,-9.49,1811,7,7,4434,-10.24
4,4,3,4434,-10.24,786,31,31,4434,-10.24
4,4,4,5588,-6.44,1157,0,0,4434,-10.24
4,4,5,6388,-5.88,797,0,0,4434,-10.24
4,4,6,7185,-5.88,797,0,0,4434,-10.24
4,4,7,7982,-7.28,797,0,0,4434,-10.24
0,5,0,85,-3.3,797,76,76,85,-3.3
3,5,0,85,-6.3,797,0,0,3586,-8.86
3,5,1,1855,-7.92,1070,3,3,3586,-8.86
3,5,2,3586,-8.86,1811,55,55,3586,-8.86
4,5,0,85,-7.3,797,0,0,3707,-10.76
4,5,1,1855,-8.92,1070,0,0,3707,-10.76
4,5,2,3586,-9.86,1811,3,3,3707,-10.76
4,5,3,3707,-10.76,786,73,73,3707,-10.76
4,5,4,5149,-7.54,1157,0,0,3707,-10.76
4,5,5,5706,-6.4,797,0,0,3707,-10.76
4,5,6,6503,-6.4,797,0,0,3707,-10.76
4,5,7,7300,-7.8,797,0,0,3707,-10.76
0,6,0,85,-3.64,797,76,76,85,-3.64
3,6,0,85,-6.64,797,0,0,3586,-9.08
3,6,1,1855,-8.26,1070,19,19,3586,-9.08
3,6,2,3586,-9.08,1811,55,55,3586,-9.08
4,6,0,85,-7.64,797,0,0,3707,-11.1
4,6,1,1855,-9.26,1070,0,0,3707,-11.1
4,6,2,3586,-10.08,1811,0,0,3707,-11.1
4,6,3,3707,-11.1,786,73,73,3707,-11.1
4,6,4,5149,-7.88,1157,0,0,3707,-11.1
4,6,5,5706,-6.74,797,0,0,3707,-11.1
4,6,6,6503,-6.74,797,0,0,3707,-11.1
4,6,7,7300,-8.14,797,0,0,3707,-11.1
0,7,0,767,-2.78,797,31,31,767,-2.78
3,7,0,767,-5.78,797,0,0,3587,-8.21
3,7,1,1328,-7.34,1070,6,6,3587,-8.21
3,7,2,3587,-8.21,1811,67,67,3587,-8.21
4,7,0,767,-6.78,797,0,0,4434,-10.24
4,7,1,1328,-8.34,1070,0,0,4434,-10.24
4,7,2,3587,-9.21,1811,0,0,4434,-10.24
4,7,3,4434,-10.24,786,31,31,4434,-10.24
4,7,4,5588,-6.44,1157,0,0,4434,-10.24
4,7,5,6388,-5.88,797,0,0,4434,-10.24
4,7,6,7185,-5.88,797,0,0,4434,-10.24
4,7,7,7982,-7.28,797,0,0,4434,-10.24
0,8,0,767,-2.44,797,31,31,767,-2.44
3,8,0,767,-5.44,797,0,0,3646,-8.15
3,8,1,1328,-7,1070,0,0,3646,-8.15
3,8,2,3646,-8.15,1811,69,69,3646,-8.15
4,8,0,767,-6.44,797,0,0,4434,-9.9
4,8,1,1328,-8,1070,0,0,4434,-9.9
4,8,2,3646,-9.15,1811,7,7,4434,-9.9
4,8,3,4434,-9.9,786,31,31,4434,-9.9
4,8,4,5588,-6.1,1157,0,0,4434,-9.9
4,8,5,6388,-5.54,797,0,0,4434,-9.9
4,8,6,7185,-5.54,797,0,0,4434,-9.9
4,8,7,7982,-6.94,797,0,0,4434,-9.9
0,9,0,767,-2.44,797,31,31,767,-2.44
3,9,0,767,-5.44,797,0,0,3646,-8.15
3,9,1,1328,-7,1070,0,0,3646,-8.15
3,9,2,3646,-8.15,1811,69,69,3646,-8.15
4,9,0,767,-6.44,797,0,0,4434,-9.9
4,9,1,1328,-8,1070,0,0,4434,-9.9
4,9,2,3646,-9.15,1811,7,7,4434,-9.9
4,9,3,4434,-9.9,786,31,31,4434,-9.9
4,9,4,5588,-6.1,1157,0,0,4434,-9.9
4,9,5,6388,-5.54,797,0,0,4434,-9.9
4,9,6,7185,-5.54,797,0,0,4434,-9.9
4,9,7,7982,-6.94,797,0,0,4434,-9.9
0,10,0,85,-5.64,797,76,76,85,-5.64
3,10,0,85,-8.64,797,0,0,3586,-11.47
3,10,1,1855,-10.26,1070,0,0,3586,-11.47
3,10,2,3586,-11.47,1811,26,26,3586,-11.47
4,10,0,85,-9.64,797,0,0,3707,-13.1
4,10,1,1855,-11.26,1070,0,0,3707,-13.1
4,10,2,3586,-12.47,1811,5,5,3707,-13.1
4,10,3,3707,-13.1,786,73,73,3707,-13.1
4,10,4,5149,-9.88,1157,0,0,3707,-13.1
4,10,5,5706,-8.74,797,0,0,3707,-13.1
4,10,6,6503,-8.74,797,0,0,3707,-13.1
4,10,7,7300,-10.14,797,0,0,3707,-13.1
0,11,0,792,-8.53,797,5,5,792,-8.53
3,11,0,792,-11.53,797,0,0,1350,-13.09
3,11,1,1350,-13.09,1070,5,5,1350,-13.09
3,11,2,3086,-11.31,1811,0,0,1350,-13.09
4,11,0,792,-12.53,797,0,0,4459,-15.99
4,11,1,1350,-14.09,1070,0,0,4459,-15.99
4,11,2,3086,-12.31,1811,0,0,4459,-15.99
4,11,3,4459,-15.99,786,5,5,4459,-15.99
4,11,4,5616,-12.19,1157,0,0,4459,-15.99
4,11,5,6413,-11.63,797,0,0,4459,-15.99
4,11,6,7210,-11.63,797,0,0,4459,-15.99
4,11,7,8007,-13.03,797,0,0,4459,-15.99
0,12,0,85,-3.3,797,76,76,85,-3.3
3,12,0,85,-6.3,797,0,0,3586,-8.86
3,12,1,1855,-7.92,1070,3,3,3586,-8.86
3,12,2,3586,-8.86,1811,55,55,3586,-8.86
4,12,0,85,-7.3,797,0,0,3707,-10.76
4,12,1,1855,-8.92,1070,0,0,3707,-10.76
4,12,2,3586,-9.86,1811,3,3,3707,-10.76
4,12,3,3707,-10.76,786,73,73,3707,-10.76
4,12,4,5149,-7.54,1157,0,0,3707,-10.76
4,12,5,5706,-6.4,797,0,0,3707,-10.76
4,12,6,6503,-6.4,797,0,0,3707,-10.76
4,12,7,7300,-7.8,797,0,0,3707,-10.76
0,13,0,85,-3.98,797,76,76,85,-3.98
3,13,0,85,-6.98,797,0,0,3586,-9.3
3,13,1,1855,-8.6,1070,20,20,3586,-9.3
3,13,2,3586,-9.3,1811,55,55,3586,-9.3
4,13,0,85,-7.98,797,0,0,3707,-11.44
4,13,1,1855,-9.6,1070,0,0,3707,-11.44
4,13,2,3586,-10.3,1811,0,0,3707,-11.44
4,13,3,3707,-11.44,786,73,73,3707,-11.44
4,13,4,5149,-8.22,1157,0,0,3707,-11.44
4,13,5,5706,-7.08,797,0,0,3707,-11.44
4,13,6,6503,-7.08,797,0,0,3707,-11.44
4,13,7,7300,-8.48,797,0,0,3707,-11.44
0,14,0,767,-2.78,797,31,31,767,-2.78
3,14,0,767,-5.78,797,0,0,3587,-8.12
3,14,1,1328,-7.34,1070,11,11,3587,-8.12
3,14,2,3587,-8.12,1811,68,68,3587,-8.12
4,14,0,767,-6.78,797,0,0,4434,-10.24
4,14,1,1328,-8.34,1070,0,0,4434,-10.24
4,14,2,3587,-9.12,1811,0,0,4434,-10.24
4,14,3,4434,-10.24,786,31,31,4434,-10.24
4,14,4,5588,-6.44,1157,0,0,4434,-10.24
4,14,5,6388,-5.88,797,0,0,4434,-10.24
4,14,6,7185,-5.88,797,0,0,4434,-10.24
4,14,7,7982,-7.28,797,0,0,4434,-10.24
0,15,0,346,-3.89,797,1,1,346,-3.89
3,15,0,346,-6.89,797,0,0,1030,-8.45
3,15,1,1030,-8.45,1070,1,1,1030,-8.45
3,15,2,3646,-8.03,1811,25,25,1030,-8.45
4,15,0,346,-7.89,797,0,0,4028,-11.35
4,15,1,1030,-9.45,1070,0,0,4028,-11.35
4,15,2,3646,-9.03,1811,0,0,4028,-11.35
4,15,3,4028,-11.35,786,1,1,4028,-11.35
4,15,4,4999,-7.55,1157,0,0,4028,-11.35
4,15,5,5967,-6.99,797,0,0,4028,-11.35
4,15,6,6764,-6.99,797,0,0,4028,-11.35
4,15,7,7561,-8.39,797,0,0,4028,-11.35
0,16,0,85,-3.3,797,76,76,85,-3.3
3,16,0,85,-6.3,797,0,0,3586,-8.62
3,16,1,1855,-7.92,1070,20,20,3586,-8.62
3,16,2,3586,-8.62,1811,55,55,3586,-8.62
4,16,0,85,-7.3,797,0,0,3707,-10.76
4,16,1,1855,-8.92,1070,0,0,3707,-10.76
4,16,2,3586,-9.62,1811,0,0,3707,-10.76
4,16,3,3707,-10.76,786,73,73,3707,-10.76
4,16,4,5149,-7.54,1157,0,0,3707,-10.76
4,16,5,5706,-6.4,797,0,0,3707,-10.76
4,16,6,6503,-6.4,797,0,0,3707,-10.76
4,16,7,7300,-7.8,797,0,0,3707,-10.76
0,17,0,85,-2.52,797,39,39,85,-2.52
3,17,0,85,-5.52,797,0,0,3398,-7.25
3,17,1,818,-7.08,1070,34,34,3398,-7.25
3,17,2,3398,-7.25,1811,208,208,3398,-7.25
4,17,0,85,-6.52,797,0,0,3707,-9.98
4,17,1,818,-8.08,1070,0,0,3707,-9.98
4,17,2,3398,-8.25,1811,0,0,3707,-9.98
4,17,3,3707,-9.98,786,37,37,3707,-9.98
4,17,4,5149,-6.76,1157,0,0,3707,-9.98
4,17,5,5706,-5.62,797,0,0,3707,-9.98
4,17,6,6503,-5.62,797,0,0,3707,-9.98
4,17,7,7300,-7.02,797,0,0,3707,-9.98
0,18,0,85,-3.3,797,76,76,85,-3.3
3,18,0,85,-6.3,797,0,0,3586,-8.62
3,18,1,1855,-7.92,1070,20,20,3586,-8.62
3,18,2,3586,-8.62,1811,55,55,3586,-8.62
4,18,0,85,-7.3,797,0,0,3707,-10.76
4,18,1,1855,-8.92,1070,0,0,3707,-10.76
4,18,2,3586,-9.62,1811,0,0,3707,-10.76
4,18,3,3707,-10.76,786,73,73,3707,-10.76
4,18,4,5149,-7.54,1157,0,0,3707,-10.76
4,18,5,5706,-6.4,797,0,0,3707,-10.76
4,18,6,6503,-6.4,797,0,0,3707,-10.76
4,18,7,7300,-7.8,797,0,0,3707,-10.76
0,19,0,85,-2.86,797,39,39,85,-2.86
3,19,0,85,-5.86,797,0,0,3398,-7.47
3,19,1,818,-7.42,1070,35,35,3398,-7.47
3,19,2,3398,-7.47,1811,208,208,3398,-7.47
4,19,0,85,-6.86,797,0,0,3707,-10.32
4,19,1,818,-8.42,1070,0,0,3707,-10.32
4,19,2,3398,-8.47,1811,0,0,3707,-10.32
4,19,3,3707,-10.32,786,37,37,3707,-10.32
4,19,4,5149,-7.1,1157,0,0,3707,-10.32
4,19,5,5706,-5.96,797,0,0,3707,-10.32
4,19,6,6503,-5.96,797,0,0,3707,-10.32
4,19,7,7300,-7.36,797,0,0,3707,-10.32
0,20,0,85,-3.08,797,39,39,85,-3.08
3,20,0,85,-6.08,797,0,0,818,-7.64
3,20,1,818,-7.64,1070,50,50,818,-7.64
3,20,2,3398,-7.62,1811,208,208,818,-7.64
4,20,0,85,-7.08,797,0,0,3707,-10.54
4,20,1,818,-8.64,1070,0,0,3707,-10.54
4,20,2,3398,-8.62,1811,0,0,3707,-10.54
4,20,3,3707,-10.54,786,37,37,3707,-10.54
4,20,4,5149,-7.32,1157,0,0,3707,-10.54
4,20,5,5706,-6.18,797,0,0,3707,-10.54
4,20,6,6503,-6.18,797,0,0,3707,-10.54
4,20,7,7300,-7.58,797,0,0,3707,-10.54
0,21,0,85,-2.1,797,76,76,85,-2.1
3,21,0,85,-5.1,797,0,0,3586,-7.84
3,21,1,1855,-6.72,1070,0,0,3586,-7.84
3,21,2,3586,-7.84,1811,26,26,3586,-7.84
4,21,0,85,-6.1,797,0,0,3707,-9.56
4,21,1,1855,-7.72,1070,0,0,3707,-9.56
4,21,2,3586,-8.84,1811,5,5,3707,-9.56
4,21,3,3707,-9.56,786,73,73,3707,-9.56
4,21,4,5149,-6.34,1157,0,0,3707,-9.56
4,21,5,5706,-5.2,797,0,0,3707,-9.56
4,21,6,6503,-5.2,797,0,0,3707,-9.56
4,21,7,7300,-6.6,797,0,0,3707,-9.56
0,22,0,85,-2.1,797,76,76,85,-2.1
3,22,0,85,-5.1,797,0,0,3586,-7.84
3,22,1,1855,-6.72,1070,0,0,3586,-7.84
3,22,2,3586,-7.84,1811,26,26,3586,-7.84
4,22,0,85,-6.1,797,0,0,3707,-9.56
4,22,1,1855,-7.72,1070,0,0,3707,-9.56
4,22,2,3586,-8.84,1811,5,5,3707,-9.56
4,22,3,3707,-9.56,786,73,73,3707,-9.56
4,22,4,5149,-6.34,1157,0,0,3707,-9.56
4,22,5,5706,-5.2,797,0,0,3707,-9.56
4,22,6,6503,-5.2,797,0,0,3707,-9.56
4,22,7,7300,-6.6,797,0,0,3707,-9.56
0,23,0,85,-2.1,797,78,76,85,-2.1
3,23,0,85,-5.1,797,0,0,3586,-7.84
3,23,1,1855,-6.72,1070,0,0,3586,-7.84
3,23,2,3586,-7.84,1811,49,49,3586,-7.84
4,23,0,85,-6.1,797,0,0,3707,-9.56
4,23,1,1855,-7.72,1070,0,0,3707,-9.56
4,23,2,3586,-8.84,1811,5,5,3707,-9.56
4,23,3,3707,-9.56,786,75,73,3707,-9.56
4,23,4,5149,-6.34,1157,0,0,3707,-9.56
4,23,5,5706,-5.2,797,0,0,3707,-9.56
4,23,6,6503,-5.2,797,0,0,3707,-9.56
4,23,7,7300,-6.6,797,0,0,3707,-9.56
0,24,0,85,-1.76,797,80,76,85,-1.76
3,24,0,85,-4.76,797,0,0,3586,-7.59
3,24,1,1855,-6.38,1070,0,0,3586,-7.59
3,24,2,3586,-7.59,1811,49,49,3586,-7.59
4,24,0,85,-5.76,797,0,0,3707,-9.22
4,24,1,1855,-7.38,1070,0,0,3707,-9.22
4,24,2,3586,-8.59,1811,9,9,3707,-9.22
4,24,3,3707,-9.22,786,77,73,3707,-9.22
4,24,4,5149,-6,1157,0,0,3707,-9.22
4,24,5,5706,-4.86,797,0,0,3707,-9.22
4,24,6,6503,-4.86,797,0,0,3707,-9.22
4,24,7,7300,-6.26,797,0,0,3707,-9.22
0,25,0,85,-3.22,797,76,76,85,-3.22
3,25,0,85,-6.22,797,0,0,3586,-8.54
3,25,1,1855,-7.84,1070,20,20,3586,-8.54
3,25,2,3586,-8.54,1811,55,55,3586,-8.54
4,25,0,85,-7.22,797,0,0,3707,-10.68
4,25,1,1855,-8.84,1070,0,0,3707,-10.68
4,25,2,3586,-9.54,1811,0,0,3707,-10.68
4,25,3,3707,-10.68,786,73,73,3707,-10.68
4,25,4,5149,-7.46,1157,0,0,3707,-10.68
4,25,5,5706,-6.32,797,0,0,3707,-10.68
4,25,6,6503,-6.32,797,0,0,3707,-10.68
4,25,7,7300,-7.72,797,0,0,3707,-10.68
0,26,0,85,-3.22,797,76,76,85,-3.22
3,26,0,85,-6.22,797,0,0,3586,-8.54
3,26,1,1855,-7.84,1070,20,20,3586,-8.54
3,26,2,3586,-8.54,1811,55,55,3586,-8.54
4,26,0,85,-7.22,797,0,0,3707,-10.68
4,26,1,1855,-8.84,1070,0,0,3707,-10.68
4,26,2,3586,-9.54,1811,0,0,3707,-10.68
4,26,3,3707,-10.68,786,73,73,3707,-10.68
4,26,4,5149,-7.46,1157,0,0,3707,-10.68
4,26,5,5706,-6.32,797,0,0,3707,-10.68
4,26,6,6503,-6.32,797,0,0,3707,-10.68
4,26,7,7300,-7.72,797,0,0,3707,-10.68
0,27,0,85,-4.98,797,39,39,85,-4.98
3,27,0,85,-7.98,797,0,0,3398,-9.86
3,27,1,818,-9.54,1070,12,12,3398,-9.86
3,27,2,3398,-9.86,1811,49,49,3398,-9.86
4,27,0,85,-8.98,797,0,0,3707,-12.44
4,27,1,818,-10.54,1070,0,0,3707,-12.44
4,27,2,3398,-10.86,1811,0,0,3707,-12.44
4,27,3,3707,-12.44,786,37,37,3707,-12.44
4,27,4,5149,-9.22,1157,0,0,3707,-12.44
4,27,5,5706,-8.08,797,0,0,3707,-12.44
4,27,6,6503,-8.08,797,0,0,3707,-12.44
4,27,7,7300,-9.48,797,0,0,3707,-12.44
0,28,0,85,-4.98,797,41,39,85,-4.98
3,28,0,85,-7.98,797,0,0,3398,-9.86
3,28,1,818,-9.54,1070,12,12,3398,-9.86
3,28,2,3398,-9.86,1811,158,158,3398,-9.86
4,28,0,85,-8.98,797,0,0,3707,-12.44
4,28,1,818,-10.54,1070,0,0,3707,-12.44
4,28,2,3398,-10.86,1811,0,0,3707,-12.44
4,28,3,3707,-12.44,786,39,37,3707,-12.44
4,28,4,5149,-9.22,1157,0,0,3707,-12.44
4,28,5,5706,-8.08,797,0,0,3707,-12.44
4,28,6,6503,-8.08,797,0,0,3707,-12.44
4,28,7,7300,-9.48,797,0,0,3707,-12.44
0,29,0,85,-4.64,797,43,39,85,-4.64
3,29,0,85,-7.64,797,0,0,3398,-9.61
3,29,1,818,-9.2,1070,5,5,3398,-9.61
3,29,2,3398,-9.61,1811,158,158,3398,-9.61
4,29,0,85,-8.64,797,0,0,3707,-12.1
4,29,1,818,-10.2,1070,0,0,3707,-12.1
4,29,2,3398,-10.61,1811,0,0,3707,-12.1
4,29,3,3707,-12.1,786,41,37,3707,-12.1
4,29,4,5149,-8.88,1157,0,0,3707,-12.1
4,29,5,5706,-7.74,797,0,0,3707,-12.1
4,29,6,6503,-7.74,797,0,0,3707,-12.1
4,29,7,7300,-9.14,797,0,0,3707,-12.1
0,30,0,85,-4.78,797,19,19,85,-4.78
3,30,0,85,-7.78,797,0,0,818,-9.34
3,30,1,818,-9.34,1070,20,20,818,-9.34
3,30,2,3595,-7.74,1811,0,0,818,-9.34
4,30,0,85,-8.78,797,0,0,3707,-12.24
4,30,1,818,-10.34,1070,0,0,3707,-12.24
4,30,2,3595,-8.74,1811,0,0,3707,-12.24
4,30,3,3707,-12.24,786,17,17,3707,-12.24
4,30,4,5149,-10.96,1157,0,0,3707,-12.24
4,30,5,5706,-7.88,797,0,0,3707,-12.24
4,30,6,6503,-7.88,797,0,0,3707,-12.24
4,30,7,7300,-9.28,797,0,0,3707,-12.24
0,31,0,792,-7.97,797,5,5,792,-7.97
3,31,0,792,-10.97,797,0,0,1350,-12.53
3,31,1,1350,-12.53,1070,5,5,1350,-12.53
3,31,2,3086,-11.22,1811,0,0,1350,-12.53
4,31,0,792,-11.97,797,0,0,4459,-15.43
4,31,1,1350,-13.53,1070,0,0,4459,-15.43
4,31,2,3086,-12.22,1811,0,0,4459,-15.43
4,31,3,4459,-15.43,786,5,5,4459,-15.43
4,31,4,5616,-11.63,1157,0,0,4459,-15.43
4,31,5,6413,-11.07,797,0,0,4459,-15.43
4,31,6,7210,-11.07,797,0,0,4459,-15.43
4,31,7,8007,-12.47,797,0,0,4459,-15.43
0,32,0,346,-3.33,797,5,5,346,-3.33
3,32,0,346,-6.33,797,0,0,3646,-8.15
3,32,1,1030,-7.89,1070,1,1,3646,-8.15
3,32,2,3646,-8.15,1811,69,69,3646,-8.15
4,32,0,346,-7.33,797,0,0,4028,-10.79
4,32,1,1030,-8.89,1070,0,0,4028,-10.79
4,32,2,3646,-9.15,1811,0,0,4028,-10.79
4,32,3,4028,-10.79,786,5,5,4028,-10.79
4,32,4,4999,-6.99,1157,0,0,4028,-10.79
4,32,5,5967,-6.43,797,0,0,4028,-10.79
4,32,6,6764,-6.43,797,0,0,4028,-10.79
4,32,7,7561,-7.83,797,0,0,4028,-10.79
0,33,0,85,-2.1,797,76,76,85,-2.1
3,33,0,85,-5.1,797,0,0,3586,-7.84
3,33,1,1855,-6.72,1070,0,0,3586,-7.84
3,33,2,3586,-7.84,1811,26,26,3586,-7.84
4,33,0,85,-6.1,797,0,0,3707,-9.56
4,33,1,1855,-7.72,1070,0,0,3707,-9.56
4,33,2,3586,-8.84,1811,5,5,3707,-9.56
4,33,3,3707,-9.56,786,73,73,3707,-9.56
4,33,4,5149,-6.34,1157,0,0,3707,-9.56
4,33,5,5706,-5.2,797,0,0,3707,-9.56
4,33,6,6503,-5.2,797,0,0,3707,-9.56
4,33,7,7300,-6.6,797,0,0,3707,-9.56
0,34,0,85,-2.1,797,76,76,85,-2.1
3,34,0,85,-5.1,797,0,0,3586,-7.84
3,34,1,1855,-6.72,1070,0,0,3586,-7.84
3,34,2,3586,-7.84,1811,26,26,3586,-7.84
4,34,0,85,-6.1,797,0,0,3707,-9.56
4,34,1,1855,-7.72,1070,0,0,3707,-9.56
4,34,2,3586,-8.84,1811,5,5,3707,-9.56
4,34,3,3707,-9.56,786,73,73,3707,-9.56
4,34,4,5149,-6.34,1157,0,0,3707,-9.56
4,34,5,5706,-5.2,797,0,0,3707,-9.56
4,34,6,6503,-5.2,797,0,0,3707,-9.56
4,34,7,7300,-6.6,797,0,0,3707,-9.56
0,35,0,85,-2.1,797,78,76,85,-2.1
3,35,0,85,-5.1,797,0,0,3586,-7.84
3,35,1,1855,-6.72,1070,0,0,3586,-7.84
3,35,2,3586,-7.84,1811,49,49,3586,-7.84
4,35,0,85,-6.1,797,0,0,3707,-9.56
4,35,1,1855,-7.72,1070,0,0,3707,-9.56
4,35,2,3586,-8.84,1811,5,5,3707,-9.56
4,35,3,3707,-9.56,786,75,73,3707,-9.56
4,35,4,5149,-6.34,1157,0,0,3707,-9.56
4,35,5,5706,-5.2,797,0,0,3707,-9.56
4,35,6,6503,-5.2,797,0,0,3707,-9.56
4,35,7,7300,-6.6,797,0,0,3707,-9.56
0,36,0,85,-3.22,797,76,76,85,-3.22
3,36,0,85,-6.22,797,0,0,3586,-8.54
3,36,1,1855,-7.84,1070,20,20,3586,-8.54
3,36,2,3586,-8.54,1811,55,55,3586,-8.54
4,36,0,85,-7.22,797,0,0,3707,-10.68
4,36,1,1855,-8.84,1070,0,0,3707,-10.68
4,36,2,3586,-9.54,1811,0,0,3707,-10.68
4,36,3,3707,-10.68,786,73,73,3707,-10.68
4,36,4,5149,-7.46,1157,0,0,3707,-10.68
4,36,5,5706,-6.32,797,0,0,3707,-10.68
4,36,6,6503,-6.32,797,0,0,3707,-10.68
4,36,7,7300,-7.72,797,0,0,3707,-10.68
0,37,0,346,-4.06,797,1,1,346,-4.06
3,37,0,346,-7.06,797,0,0,1030,-8.62
3,37,1,1030,-8.62,1070,1,1,1030,-8.62
3,37,2,3586,-7.84,1811,5,5,1030,-8.62
4,37,0,346,-8.06,797,0,0,4028,-11.52
4,37,1,1030,-9.62,1070,0,0,4028,-11.52
4,37,2,3586,-8.84,1811,0,0,4028,-11.52
4,37,3,4028,-11.52,786,1,1,4028,-11.52
4,37,4,4999,-7.72,1157,0,0,4028,-11.52
4,37,5,5967,-7.16,797,0,0,4028,-11.52
4,37,6,6764,-7.16,797,0,0,4028,-11.52
4,37,7,7561,-8.56,797,0,0,4028,-11.52
0,38,0,346,-5.08,797,1,1,346,-5.08
3,38,0,346,-8.08,797,0,0,1030,-9.64
3,38,1,1030,-9.64,1070,1,1,1030,-9.64
3,38,2,3586,-8.76,1811,3,3,1030,-9.64
4,38,0,346,-9.08,797,0,0,4028,-12.54
4,38,1,1030,-10.64,1070,0,0,4028,-12.54
4,38,2,3586,-9.76,1811,0,0,4028,-12.54
4,38,3,4028,-12.54,786,1,1,4028,-12.54
4,38,4,4999,-8.74,1157,0,0,4028,-12.54
4,38,5,5967,-8.18,797,0,0,4028,-12.54
4,38,6,6764,-8.18,797,0,0,4028,-12.54
4,38,7,7561,-9.58,797,0,0,4028,-12.54
0,39,0,85,-1.32,797,40,39,85,-1.32
3,39,0,85,-4.32,797,0,0,3398,-6.2
3,39,1,818,-5.88,1070,12,12,3398,-6.2
3,39,2,3398,-6.2,1811,49,49,3398,-6.2
4,39,0,85,-5.32,797,0,0,3707,-8.78
4,39,1,818,-6.88,1070,0,0,3707,-8.78
4,39,2,3398,-7.2,1811,0,0,3707,-8.78
4,39,3,3707,-8.78,786,38,37,3707,-8.78
4,39,4,5149,-5.56,1157,0,0,3707,-8.78
4,39,5,5706,-4.42,797,0,0,3707,-8.78
4,39,6,6503,-4.42,797,0,0,3707,-8.78
4,39,7,7300,-5.82,797,0,0,3707,-8.78
0,40,0,85,-1.32,797,41,39,85,-1.32
3,40,0,85,-4.32,797,0,0,3398,-6.2
3,40,1,818,-5.88,1070,12,12,3398,-6.2
3,40,2,3398,-6.2,1811,158,158,3398,-6.2
4,40,0,85,-5.32,797,0,0,3707,-8.78
4,40,1,818,-6.88,1070,0,0,3707,-8.78
4,40,2,3398,-7.2,1811,0,0,3707,-8.78
4,40,3,3707,-8.78,786,39,37,3707,-8.78
4,40,4,5149,-5.56,1157,0,0,3707,-8.78
4,40,5,5706,-4.42,797,0,0,3707,-8.78
4,40,6,6503,-4.42,797,0,0,3707,-8.78
4,40,7,7300,-5.82,797,0,0,3707,-8.78
0,41,0,85,-1.32,797,41,39,85,-1.32
3,41,0,85,-4.32,797,0,0,3398,-6.2
3,41,1,818,-5.88,1070,12,12,3398,-6.2
3,41,2,3398,-6.2,1811,158,158,3398,-6.2
4,41,0,85,-5.32,797,0,0,3707,-8.78
4,41,1,818,-6.88,1070,0,0,3707,-8.78
4,41,2,3398,-7.2,1811,0,0,3707,-8.78
4,41,3,3707,-8.78,786,39,37,3707,-8.78
4,41,4,5149,-5.56,1157,0,0,3707,-8.78
4,41,5,5706,-4.42,797,0,0,3707,-8.78
4,41,6,6503,-4.42,797,0,0,3707,-8.78
4,41,7,7300,-5.82,797,0,0,3707,-8.78
0,42,0,85,-4.1,797,19,19,85,-4.1
3,42,0,85,-7.1,797,0,0,818,-8.66
3,42,1,818,-8.66,1070,20,20,818,-8.66
3,42,2,3595,-7.06,1811,0,0,818,-8.66
4,42,0,85,-8.1,797,0,0,3707,-11.56
4,42,1,818,-9.66,1070,0,0,3707,-11.56
4,42,2,3595,-8.06,1811,0,0,3707,-11.56
4,42,3,3707,-11.56,786,17,17,3707,-11.56
4,42,4,5149,-10.52,1157,0,0,3707,-11.56
4,42,5,5706,-7.2,797,0,0,3707,-11.56
4,42,6,6503,-7.2,797,0,0,3707,-11.56
4,42,7,7300,-8.6,797,0,0,3707,-11.56
0,43,0,85,-2.78,797,76,76,85,-2.78
3,43,0,85,-5.78,797,0,0,3586,-8.52
3,43,1,1855,-7.4,1070,0,0,3586,-8.52
3,43,2,3586,-8.52,1811,26,26,3586,-8.52
4,43,0,85,-6.78,797,0,0,3707,-10.24
4,43,1,1855,-8.4,1070,0,0,3707,-10.24
4,43,2,3586,-9.52,1811,5,5,3707,-10.24
4,43,3,3707,-10.24,786,73,73,3707,-10.24
4,43,4,5149,-7.02,1157,0,0,3707,-10.24
4,43,5,5706,-5.88,797,0,0,3707,-10.24
4,43,6,6503,-5.88,797,0,0,3707,-10.24
4,43,7,7300,-7.28,797,0,0,3707,-10.24
0,44,0,85,-1.66,797,39,39,85,-1.66
3,44,0,85,-4.66,797,0,0,3398,-6.54
3,44,1,818,-6.22,1070,12,12,3398,-6.54
3,44,2,3398,-6.54,1811,49,49,3398,-6.54
4,44,0,85,-5.66,797,0,0,3707,-9.12
4,44,1,818,-7.22,1070,0,0,3707,-9.12
4,44,2,3398,-7.54,1811,0,0,3707,-9.12
4,44,3,3707,-9.12,786,37,37,3707,-9.12
4,44,4,5149,-5.9,1157,0,0,3707,-9.12
4,44,5,5706,-4.76,797,0,0,3707,-9.12
4,44,6,6503,-4.76,797,0,0,3707,-9.12
4,44,7,7300,-6.16,797,0,0,3707,-9.12
0,45,0,85,-1.66,797,41,39,85,-1.66
3,45,0,85,-4.66,797,0,0,3398,-6.54
3,45,1,818,-6.22,1070,12,12,3398,-6.54
3,45,2,3398,-6.54,1811,158,158,3398,-6.54
4,45,0,85,-5.66,797,0,0,3707,-9.12
4,45,1,818,-7.22,1070,0,0,3707,-9.12
4,45,2,3398,-7.54,1811,0,0,3707,-9.12
4,45,3,3707,-9.12,786,39,37,3707,-9.12
4,45,4,5149,-5.9,1157,0,0,3707,-9.12
4,45,5,5706,-4.76,797,0,0,3707,-9.12
4,45,6,6503,-4.76,797,0,0,3707,-9.12
4,45,7,7300,-6.16,797,0,0,3707,-9.12
0,46,0,85,-1.66,797,41,39,85,-1.66
3,46,0,85,-4.66,797,0,0,3398,-6.54
3,46,1,818,-6.22,1070,12,12,3398,-6.54
3,46,2,3398,-6.54,1811,158,158,3398,-6.54
4,46,0,85,-5.66,797,0,0,3707,-9.12
4,46,1,818,-7.22,1070,0,0,3707,-9.12
4,46,2,3398,-7.54,1811,0,0,3707,-9.12
4,46,3,3707,-9.12,786,39,37,3707,-9.12
4,46,4,5149,-5.9,1157,0,0,3707,-9.12
4,46,5,5706,-4.76,797,0,0,3707,-9.12
4,46,6,6503,-4.76,797,0,0,3707,-9.12
4,46,7,7300,-6.16,797,0,0,3707,-9.12
0,47,0,85,-0.66,797,24,19,85,-0.66
3,47,0,85,-3.66,797,0,0,818,-5.22
3,47,1,818,-5.22,1070,26,20,818,-5.22
3,47,2,3086,-3.77,1811,0,0,818,-5.22
4,47,0,85,-4.66,797,0,0,3707,-8.12
4,47,1,818,-6.22,1070,0,0,3707,-8.12
4,47,2,3086,-4.77,1811,0,0,3707,-8.12
4,47,3,3707,-8.12,786,22,17,3707,-8.12
4,47,4,5149,-7.58,1157,2,2,3707,-8.12
4,47,5,5706,-3.76,797,0,0,3707,-8.12
4,47,6,6503,-3.76,797,0,0,3707,-8.12
4,47,7,7300,-5.16,797,0,0,3707,-8.12
0,48,0,85,-1.22,797,20,19,85,-1.22
3,48,0,85,-4.22,797,0,0,818,-5.78
3,48,1,818,-5.78,1070,21,20,818,-5.78
3,48,2,3595,-4.18,1811,0,0,818,-5.78
4,48,0,85,-5.22,797,0,0,3707,-8.68
4,48,1,818,-6.78,1070,0,0,3707,-8.68
4,48,2,3595,-5.18,1811,0,0,3707,-8.68
4,48,3,3707,-8.68,786,18,17,3707,-8.68
4,48,4,5149,-7.94,1157,1,1,3707,-8.68
4,48,5,5706,-4.32,797,0,0,3707,-8.68
4,48,6,6503,-4.32,797,0,0,3707,-8.68
4,48,7,7300,-5.72,797,0,0,3707,-8.68
0,49,0,792,-7.3,797,5,5,792,-7.3
3,49,0,792,-10.3,797,0,0,1350,-11.86
3,49,1,1350,-11.86,1070,5,5,1350,-11.86
3,49,2,3086,-11.31,1811,3,3,1350,-11.86
4,49,0,792,-11.3,797,0,0,4459,-14.76
4,49,1,1350,-12.86,1070,0,0,4459,-14.76
4,49,2,3086,-12.31,1811,0,0,4459,-14.76
4,49,3,4459,-14.76,786,5,5,4459,-14.76
4,49,4,5616,-10.96,1157,0,0,4459,-14.76
4,49,5,6413,-10.4,797,0,0,4459,-14.76
4,49,6,7210,-10.4,797,0,0,4459,-14.76
4,49,7,8007,-11.8,797,0,0,4459,-14.76
0,50,0,767,-2.78,797,31,31,767,-2.78
3,50,0,767,-5.78,797,0,0,3646,-8.49
3,50,1,1328,-7.34,1070,0,0,3646,-8.49
3,50,2,3646,-8.49,1811,69,69,3646,-8.49
4,50,0,767,-6.78,797,0,0,4434,-10.24
4,50,1,1328,-8.34,1070,0,0,4434,-10.24
4,50,2,3646,-9.49,1811,7,7,4434,-10.24
4,50,3,4434,-10.24,786,31,31,4434,-10.24
4,50,4,5588,-6.44,1157,0,0,4434,-10.24
4,50,5,6388,-5.88,797,0,0,4434,-10.24
4,50,6,7185,-5.88,797,0,0,4434,-10.24
4,50,7,7982,-7.28,797,0,0,4434,-10.24
0,51,0,85,-3.3,797,76,76,85,-3.3
3,51,0,85,-6.3,797,0,0,3586,-8.86
3,51,1,1855,-7.92,1070,3,3,3586,-8.86
3,51,2,3586,-8.86,1811,55,55,3586,-8.86
4,51,0,85,-7.3,797,0,0,3707,-10.76
4,51,1,1855,-8.92,1070,0,0,3707,-10.76
4,51,2,3586,-9.86,1811,3,3,3707,-10.76
4,51,3,3707,-10.76,786,73,73,3707,-10.76
4,51,4,5149,-7.54,1157,0,0,3707,-10.76
4,51,5,5706,-6.4,797,0,0,3707,-10.76
4,51,6,6503,-6.4,797,0,0,3707,-10.76
4,51,7,7300,-7.8,797,0,0,3707,-10.76
0,52,0,85,-3.64,797,76,76,85,-3.64
3,52,0,85,-6.64,797,0,0,3586,-9.08
3,52,1,1855,-8.26,1070,19,19,3586,-9.08
3,52,2,3586,-9.08,1811,55,55,3586,-9.08
4,52,0,85,-7.64,797,0,0,3707,-11.1
4,52,1,1855,-9.26,1070,0,0,3707,-11.1
4,52,2,3586,-10.08,1811,0,0,3707,-11.1
4,52,3,3707,-11.1,786,73,73,3707,-11.1
4,52,4,5149,-7.88,1157,0,0,3707,-11.1
4,52,5,5706,-6.74,797,0,0,3707,-11.1
4,52,6,6503,-6.74,797,0,0,3707,-11.1
4,52,7,7300,-8.14,797,0,0,3707,-11.1
0,53,0,792,-7.97,797,5,5,792,-7.97
3,53,0,792,-10.97,797,0,0,1350,-12.53
3,53,1,1350,-12.53,1070,5,5,1350,-12.53
3,53,2,3086,-11.22,1811,0,0,1350,-12.53
4,53,0,792,-11.97,797,0,0,4459,-15.43
4,53,1,1350,-13.53,1070,0,0,4459,-15.43
4,53,2,3086,-12.22,1811,0,0,4459,-15.43
4,53,3,4459,-15.43,786,5,5,4459,-15.43
4,53,4,5616,-11.63,1157,0,0,4459,-15.43
4,53,5,6413,-11.07,797,0,0,4459,-15.43
4,53,6,7210,-11.07,797,0,0,4459,-15.43
4,53,7,8007,-12.47,797,0,0,4459,-15.43
0,54,0,792,-7.63,797,5,5,792,-7.63
3,54,0,792,-10.63,797,0,0,1350,-12.19
3,54,1,1350,-12.19,1070,5,5,1350,-12.19
3,54,2,3086,-10.97,1811,0,0,1350,-12.19
4,54,0,792,-11.63,797,0,0,4459,-15.09
4,54,1,1350,-13.19,1070,0,0,4459,-15.09
4,54,2,3086,-11.97,1811,0,0,4459,-15.09
4,54,3,4459,-15.09,786,5,5,4459,-15.09
4,54,4,5616,-11.29,1157,0,0,4459,-15.09
4,54,5,6413,-10.73,797,0,0,4459,-15.09
4,54,6,7210,-10.73,797,0,0,4459,-15.09
4,54,7,8007,-12.13,797,0,0,4459,-15.09
0,55,0,767,-2.44,797,31,31,767,-2.44
3,55,0,767,-5.44,797,0,0,3646,-8.15
3,55,1,1328,-7,1070,0,0,3646,-8.15
3,55,2,3646,-8.15,1811,69,69,3646,-8.15
4,55,0,767,-6.44,797,0,0,4434,-9.9
4,55,1,1328,-8,1070,0,0,4434,-9.9
4,55,2,3646,-9.15,1811,7,7,4434,-9.9
4,55,3,4434,-9.9,786,31,31,4434,-9.9
4,55,4,5588,-6.1,1157,0,0,4434,-9.9
4,55,5,6388,-5.54,797,0,0,4434,-9.9
4,55,6,7185,-5.54,797,0,0,4434,-9.9
4,55,7,7982,-6.94,797,0,0,4434,-9.9
0,56,0,85,-3.3,797,76,76,85,-3.3
3,56,0,85,-6.3,797,0,0,3586,-8.74
3,56,1,1855,-7.92,1070,19,19,3586,-8.74
3,56,2,3586,-8.74,1811,55,55,3586,-8.74
4,56,0,85,-7.3,797,0,0,3707,-10.76
4,56,1,1855,-8.92,1070,0,0,3707,-10.76
4,56,2,3586,-9.74,1811,0,0,3707,-10.76
4,56,3,3707,-10.76,786,73,73,3707,-10.76
4,56,4,5149,-7.54,1157,0,0,3707,-10.76
4,56,5,5706,-6.4,797,0,0,3707,-10.76
4,56,6,6503,-6.4,797,0,0,3707,-10.76
4,56,7,7300,-7.8,797,0,0,3707,-10.76
0,57,0,767,-2.44,797,31,31,767,-2.44
3,57,0,767,-5.44,797,0,0,3646,-8.15
3,57,1,1328,-7,1070,0,0,3646,-8.15
3,57,2,3646,-8.15,1811,69,69,3646,-8.15
4,57,0,767,-6.44,797,0,0,4434,-9.9
4,57,1,1328,-8,1070,0,0,4434,-9.9
4,57,2,3646,-9.15,1811,7,7,4434,-9.9
4,57,3,4434,-9.9,786,31,31,4434,-9.9
4,57,4,5588,-6.1,1157,0,0,4434,-9.9
4,57,5,6388,-5.54,797,0,0,4434,-9.9
4,57,6,7185,-5.54,797,0,0,4434,-9.9
4,57,7,7982,-6.94,797,0,0,4434,-9.9
0,58,0,85,-2.96,797,76,76,85,-2.96
3,58,0,85,-5.96,797,0,0,3586,-8.52
3,58,1,1855,-7.58,1070,3,3,3586,-8.52
3,58,2,3586,-8.52,1811,55,55,3586,-8.52
4,58,0,85,-6.96,797,0,0,3707,-10.42
4,58,1,1855,-8.58,1070,0,0,3707,-10.42
4,58,2,3586,-9.52,1811,3,3,3707,-10.42
4,58,3,3707,-10.42,786,73,73,3707,-10.42
4,58,4,5149,-7.2,1157,0,0,3707,-10.42
4,58,5,5706,-6.06,797,0,0,3707,-10.42
4,58,6,6503,-6.06,797,0,0,3707,-10.42
4,58,7,7300,-7.46,797,0,0,3707,-10.42
0,59,0,85,-3.3,797,76,76,85,-3.3
3,59,0,85,-6.3,797,0,0,3586,-8.74
3,59,1,1855,-7.92,1070,19,19,3586,-8.74
3,59,2,3586,-8.74,1811,55,55,3586,-8.74
4,59,0,85,-7.3,797,0,0,3707,-10.76
4,59,1,1855,-8.92,1070,0,0,3707,-10.76
4,59,2,3586,-9.74,1811,0,0,3707,-10.76
4,59,3,3707,-10.76,786,73,73,3707,-10.76
4,59,4,5149,-7.54,1157,0,0,3707,-10.76
4,59,5,5706,-6.4,797,0,0,3707,-10.76
4,59,6,6503,-6.4,797,0,0,3707,-10.76
4,59,7,7300,-7.8,797,0,0,3707,-10.76
0,60,0,346,-6.7,797,17,17,346,-6.7
3,60,0,346,-9.7,797,0,0,3586,-11.72
3,60,1,1030,-11.26,1070,1,1,3586,-11.72
3,60,2,3586,-11.72,1811,20,20,3586,-11.72
4,60,0,346,-10.7,797,0,0,4028,-14.16
4,60,1,1030,-12.26,1070,0,0,4028,-14.16
4,60,2,3586,-12.72,1811,0,0,4028,-14.16
4,60,3,4028,-14.16,786,17,17,4028,-14.16
4,60,4,4999,-10.36,1157,0,0,4028,-14.16
4,60,5,5967,-9.8,797,0,0,4028,-14.16
4,60,6,6764,-9.8,797,0,0,4028,-14.16
4,60,7,7561,-11.2,797,0,0,4028,-14.16
0,61,0,346,-6.36,797,17,17,346,-6.36
3,61,0,346,-9.36,797,0,0,3586,-11.47
3,61,1,1030,-10.92,1070,1,1,3586,-11.47
3,61,2,3586,-11.47,1811,27,27,3586,-11.47
4,61,0,346,-10.36,797,0,0,4028,-13.82
4,61,1,1030,-11.92,1070,0,0,4028,-13.82
4,61,2,3586,-12.47,1811,0,0,4028,-13.82
4,61,3,4028,-13.82,786,17,17,4028,-13.82
4,61,4,4999,-10.02,1157,0,0,4028,-13.82
4,61,5,5967,-9.46,797,0,0,4028,-13.82
4,61,6,6764,-9.46,797,0,0,4028,-13.82
4,61,7,7561,-10.86,797,0,0,4028,-13.82
0,62,0,85,-5.3,797,81,76,85,-5.3
3,62,0,85,-8.3,797,0,0,3586,-11.25
3,62,1,1855,-9.92,1070,0,0,3586,-11.25
3,62,2,3586,-11.25,1811,49,49,3586,-11.25
4,62,0,85,-9.3,797,0,0,3707,-12.76
4,62,1,1855,-10.92,1070,0,0,3707,-12.76
4,62,2,3586,-12.25,1811,9,9,3707,-12.76
4,62,3,3707,-12.76,786,78,73,3707,-12.76
4,62,4,5149,-9.54,1157,0,0,3707,-12.76
4,62,5,5706,-8.4,797,0,0,3707,-12.76
4,62,6,6503,-8.4,797,0,0,3707,-12.76
4,62,7,7300,-9.8,797,0,0,3707,-12.76
0,63,0,85,-5.3,797,81,76,85,-5.3
3,63,0,85,-8.3,797,0,0,3586,-11.25
3,63,1,1855,-9.92,1070,0,0,3586,-11.25
3,63,2,3586,-11.25,1811,49,49,3586,-11.25
4,63,0,85,-9.3,797,0,0,3707,-12.76
4,63,1,1855,-10.92,1070,0,0,3707,-12.76
4,63,2,3586,-12.25,1811,9,9,3707,-12.76
4,63,3,3707,-12.76,786,78,73,3707,-12.76
4,63,4,5149,-9.54,1157,0,0,3707,-12.76
4,63,5,5706,-8.4,797,0,0,3707,-12.76
4,63,6,6503,-8.4,797,0,0,3707,-12.76
4,63,7,7300,-9.8,797,0,0,3707,-12.76
0,64,0,346,-6.26,797,3,3,346,-6.26
3,64,0,346,-9.26,797,0,0,1030,-10.82
3,64,1,1030,-10.82,1070,3,3,1030,-10.82
3,64,2,2996,-10.59,1811,17,17,1030,-10.82
4,64,0,346,-10.26,797,0,0,4028,-13.72
4,64,1,1030,-11.82,1070,0,0,4028,-13.72
4,64,2,2996,-11.59,1811,0,0,4028,-13.72
4,64,3,4028,-13.72,786,3,3,4028,-13.72
4,64,4,4999,-9.92,1157,0,0,4028,-13.72
4,64,5,5967,-9.36,797,0,0,4028,-13.72
4,64,6,6764,-9.36,797,0,0,4028,-13.72
4,64,7,7561,-10.76,797,0,0,4028,-13.72
0,65,0,792,-7.3,797,5,5,792,-7.3
3,65,0,792,-10.3,797,0,0,1350,-11.86
3,65,1,1350,-11.86,1070,5,5,1350,-11.86
3,65,2,3086,-10.09,1811,0,0,1350,-11.86
4,65,0,792,-11.3,797,0,0,4459,-14.76
4,65,1,1350,-12.86,1070,0,0,4459,-14.76
4,65,2,3086,-11.08,1811,0,0,4459,-14.76
4,65,3,4459,-14.76,786,5,5,4459,-14.76
4,65,4,5616,-10.96,1157,0,0,4459,-14.76
4,65,5,6413,-10.4,797,0,0,4459,-14.76
4,65,6,7210,-10.4,797,0,0,4459,-14.76
4,65,7,8007,-11.8,797,0,0,4459,-14.76
0,66,0,792,-8.19,797,5,5,792,-8.19
3,66,0,792,-11.19,797,0,0,1350,-12.75
3,66,1,1350,-12.75,1070,5,5,1350,-12.75
3,66,2,3086,-10.97,1811,0,0,1350,-12.75
4,66,0,792,-12.19,797,0,0,4459,-15.65
4,66,1,1350,-13.75,1070,0,0,4459,-15.65
4,66,2,3086,-11.97,1811,0,0,4459,-15.65
4,66,3,4459,-15.65,786,5,5,4459,-15.65
4,66,4,5616,-11.85,1157,0,0,4459,-15.65
4,66,5,6413,-11.29,797,0,0,4459,-15.65
4,66,6,7210,-11.29,797,0,0,4459,-15.65
4,66,7,8007,-12.69,797,0,0,4459,-15.65
0,67,0,792,-8.19,797,5,5,792,-8.19
3,67,0,792,-11.19,797,0,0,1350,-12.75
3,67,1,1350,-12.75,1070,5,5,1350,-12.75
3,67,2,3086,-10.97,1811,0,0,1350,-12.75
4,67,0,792,-12.19,797,0,0,4459,-15.65
4,67,1,1350,-13.75,1070,0,0,4459,-15.65
4,67,2,3086,-11.97,1811,0,0,4459,-15.65
4,67,3,4459,-15.65,786,5,5,4459,-15.65
4,67,4,5616,-11.85,1157,0,0,4459,-15.65
4,67,5,6413,-11.29,797,0,0,4459,-15.65
4,67,6,7210,-11.29,797,0,0,4459,-15.65
4,67,7,8007,-12.69,797,0,0,4459,-15.65
0,68,0,85,-3.3,797,76,76,85,-3.3
3,68,0,85,-6.3,797,0,0,3586,-8.74
3,68,1,1855,-7.92,1070,19,19,3586,-8.74
3,68,2,3586,-8.74,1811,55,55,3586,-8.74
4,68,0,85,-7.3,797,0,0,3707,-10.76
4,68,1,1855,-8.92,1070,0,0,3707,-10.76
4,68,2,3586,-9.74,1811,0,0,3707,-10.76
4,68,3,3707,-10.76,786,73,73,3707,-10.76
4,68,4,5149,-7.54,1157,0,0,3707,-10.76
4,68,5,5706,-6.4,797,0,0,3707,-10.76
4,68,6,6503,-6.4,797,0,0,3707,-10.76
4,68,7,7300,-7.8,797,0,0,3707,-10.76
0,69,0,85,-2.52,797,40,39,85,-2.52
3,69,0,85,-5.52,797,0,0,3398,-7.37
3,69,1,818,-7.08,1070,12,12,3398,-7.37
3,69,2,3398,-7.37,1811,208,208,3398,-7.37
4,69,0,85,-6.52,797,0,0,3707,-9.98
4,69,1,818,-8.08,1070,0,0,3707,-9.98
4,69,2,3398,-8.37,1811,0,0,3707,-9.98
4,69,3,3707,-9.98,786,38,37,3707,-9.98
4,69,4,5149,-6.76,1157,0,0,3707,-9.98
4,69,5,5706,-5.62,797,0,0,3707,-9.98
4,69,6,6503,-5.62,797,0,0,3707,-9.98
4,69,7,7300,-7.02,797,0,0,3707,-9.98
0,70,0,85,-3.64,797,76,76,85,-3.64
3,70,0,85,-6.64,797,0,0,3586,-8.96
3,70,1,1855,-8.26,1070,20,20,3586,-8.96
3,70,2,3586,-8.96,1811,55,55,3586,-8.96
4,70,0,85,-7.64,797,0,0,3707,-11.1
4,70,1,1855,-9.26,1070,0,0,3707,-11.1
4,70,2,3586,-9.96,1811,0,0,3707,-11.1
4,70,3,3707,-11.1,786,73,73,3707,-11.1
4,70,4,5149,-7.88,1157,0,0,3707,-11.1
4,70,5,5706,-6.74,797,0,0,3707,-11.1
4,70,6,6503,-6.74,797,0,0,3707,-11.1
4,70,7,7300,-8.14,797,0,0,3707,-11.1
0,71,0,85,-2.86,797,39,39,85,-2.86
3,71,0,85,-5.86,797,0,0,3398,-7.59
3,71,1,818,-7.42,1070,34,34,3398,-7.59
3,71,2,3398,-7.59,1811,208,208,3398,-7.59
4,71,0,85,-6.86,797,0,0,3707,-10.32
4,71,1,818,-8.42,1070,0,0,3707,-10.32
4,71,2,3398,-8.59,1811,0,0,3707,-10.32
4,71,3,3707,-10.32,786,37,37,3707,-10.32
4,71,4,5149,-7.1,1157,0,0,3707,-10.32
4,71,5,5706,-5.96,797,0,0,3707,-10.32
4,71,6,6503,-5.96,797,0,0,3707,-10.32
4,71,7,7300,-7.36,797,0,0,3707,-10.32
0,72,0,85,-3.42,797,39,39,85,-3.42
3,72,0,85,-6.42,797,0,0,818,-7.98
3,72,1,818,-7.98,1070,50,50,818,-7.98
3,72,2,3398,-7.96,1811,208,208,818,-7.98
4,72,0,85,-7.42,797,0,0,3707,-10.88
4,72,1,818,-8.98,1070,0,0,3707,-10.88
4,72,2,3398,-8.96,1811,0,0,3707,-10.88
4,72,3,3707,-10.88,786,37,37,3707,-10.88
4,72,4,5149,-7.66,1157,0,0,3707,-10.88
4,72,5,5706,-6.52,797,0,0,3707,-10.88
4,72,6,6503,-6.52,797,0,0,3707,-10.88
4,72,7,7300,-7.92,797,0,0,3707,-10.88
0,73,0,767,-2.78,797,31,31,767,-2.78
3,73,0,767,-5.78,797,0,0,3587,-8.12
3,73,1,1328,-7.34,1070,11,11,3587,-8.12
3,73,2,3587,-8.12,1811,63,63,3587,-8.12
4,73,0,767,-6.78,797,0,0,4434,-10.24
4,73,1,1328,-8.34,1070,0,0,4434,-10.24
4,73,2,3587,-9.12,1811,0,0,4434,-10.24
4,73,3,4434,-10.24,786,31,31,4434,-10.24
4,73,4,5588,-6.44,1157,0,0,4434,-10.24
4,73,5,6388,-5.88,797,0,0,4434,-10.24
4,73,6,7185,-5.88,797,0,0,4434,-10.24
4,73,7,7982,-7.28,797,0,0,4434,-10.24
0,74,0,792,-7.63,797,5,5,792,-7.63
3,74,0,792,-10.63,797,0,0,1350,-12.19
3,74,1,1350,-12.19,1070,5,5,1350,-12.19
3,74,2,3086,-10.88,1811,0,0,1350,-12.19
4,74,0,792,-11.63,797,0,0,4459,-15.09
4,74,1,1350,-13.19,1070,0,0,4459,-15.09
4,74,2,3086,-11.88,1811,0,0,4459,-15.09
4,74,3,4459,-15.09,786,5,5,4459,-15.09
4,74,4,5616,-11.29,1157,0,0,4459,-15.09
4,74,5,6413,-10.73,797,0,0,4459,-15.09
4,74,6,7210,-10.73,797,0,0,4459,-15.09
4,74,7,8007,-12.13,797,0,0,4459,-15.09
0,75,0,85,-3.3,797,76,76,85,-3.3
3,75,0,85,-6.3,797,0,0,3586,-8.62
3,75,1,1855,-7.92,1070,20,20,3586,-8.62
3,75,2,3586,-8.62,1811,55,55,3586,-8.62
4,75,0,85,-7.3,797,0,0,3707,-10.76
4,75,1,1855,-8.92,1070,0,0,3707,-10.76
4,75,2,3586,-9.62,1811,0,0,3707,-10.76
4,75,3,3707,-10.76,786,73,73,3707,-10.76
4,75,4,5149,-7.54,1157,0,0,3707,-10.76
4,75,5,5706,-6.4,797,0,0,3707,-10.76
4,75,6,6503,-6.4,797,0,0,3707,-10.76
4,75,7,7300,-7.8,797,0,0,3707,-10.76
0,76,0,792,-7.85,797,5,5,792,-7.85
3,76,0,792,-10.85,797,0,0,1350,-12.41
3,76,1,1350,-12.41,1070,5,5,1350,-12.41
3,76,2,3086,-10.63,1811,0,0,1350,-12.41
4,76,0,792,-11.85,797,0,0,4459,-15.31
4,76,1,1350,-13.41,1070,0,0,4459,-15.31
4,76,2,3086,-11.63,1811,0,0,4459,-15.31
4,76,3,4459,-15.31,786,5,5,4459,-15.31
4,76,4,5616,-11.51,1157,0,0,4459,-15.31
4,76,5,6413,-10.95,797,0,0,4459,-15.31
4,76,6,7210,-10.95,797,0,0,4459,-15.31
4,76,7,8007,-12.35,797,0,0,4459,-15.31
0,77,0,85,-3.3,797,76,76,85,-3.3
3,77,0,85,-6.3,797,0,0,3586,-8.62
3,77,1,1855,-7.92,1070,20,20,3586,-8.62
3,77,2,3586,-8.62,1811,55,55,3586,-8.62
4,77,0,85,-7.3,797,0,0,3707,-10.76
4,77,1,1855,-8.92,1070,0,0,3707,-10.76
4,77,2,3586,-9.62,1811,0,0,3707,-10.76
4,77,3,3707,-10.76,786,73,73,3707,-10.76
4,77,4,5149,-7.54,1157,0,0,3707,-10.76
4,77,5,5706,-6.4,797,0,0,3707,-10.76
4,77,6,6503,-6.4,797,0,0,3707,-10.76
4,77,7,7300,-7.8,797,0,0,3707,-10.76
0,78,0,85,-2.52,797,39,39,85,-2.52
3,78,0,85,-5.52,797,0,0,3398,-7.25
3,78,1,818,-7.08,1070,34,34,3398,-7.25
3,78,2,3398,-7.25,1811,208,208,3398,-7.25
4,78,0,85,-6.52,797,0,0,3707,-9.98
4,78,1,818,-8.08,1070,0,0,3707,-9.98
4,78,2,3398,-8.25,1811,0,0,3707,-9.98
4,78,3,3707,-9.98,786,37,37,3707,-9.98
4,78,4,5149,-6.76,1157,0,0,3707,-9.98
4,78,5,5706,-5.62,797,0,0,3707,-9.98
4,78,6,6503,-5.62,797,0,0,3707,-9.98
4,78,7,7300,-7.02,797,0,0,3707,-9.98
0,79,0,85,-5.7,797,19,19,85,-5.7
3,79,0,85,-8.7,797,0,0,818,-10.26
3,79,1,818,-10.26,1070,20,20,818,-10.26
3,79,2,2893,-10.11,1811,179,179,818,-10.26
4,79,0,85,-9.7,797,0,0,3707,-13.16
4,79,1,818,-11.26,1070,0,0,3707,-13.16
4,79,2,2893,-11.11,1811,0,0,3707,-13.16
4,79,3,3707,-13.16,786,17,17,3707,-13.16
4,79,4,5149,-9.94,1157,0,0,3707,-13.16
4,79,5,5706,-8.8,797,0,0,3707,-13.16
4,79,6,6503,-8.8,797,0,0,3707,-13.16
4,79,7,7300,-10.2,797,0,0,3707,-13.16
0,80,0,85,-3.3,797,76,76,85,-3.3
3,80,0,85,-6.3,797,0,0,3586,-8.62
3,80,1,1855,-7.92,1070,20,20,3586,-8.62
3,80,2,3586,-8.62,1811,55,55,3586,-8.62
4,80,0,85,-7.3,797,0,0,3707,-10.76
4,80,1,1855,-8.92,1070,0,0,3707,-10.76
4,80,2,3586,-9.62,1811,0,0,3707,-10.76
4,80,3,3707,-10.76,786,73,73,3707,-10.76
4,80,4,5149,-7.54,1157,0,0,3707,-10.76
4,80,5,5706,-6.4,797,0,0,3707,-10.76
4,80,6,6503,-6.4,797,0,0,3707,-10.76
4,80,7,7300,-7.8,797,0,0,3707,-10.76
0,81,0,85,-2.86,797,39,39,85,-2.86
3,81,0,85,-5.86,797,0,0,3398,-7.47
3,81,1,818,-7.42,1070,35,35,3398,-7.47
3,81,2,3398,-7.47,1811,208,208,3398,-7.47
4,81,0,85,-6.86,797,0,0,3707,-10.32
4,81,1,818,-8.42,1070,0,0,3707,-10.32
4,81,2,3398,-8.47,1811,0,0,3707,-10.32
4,81,3,3707,-10.32,786,37,37,3707,-10.32
4,81,4,5149,-7.1,1157,0,0,3707,-10.32
4,81,5,5706,-5.96,797,0,0,3707,-10.32
4,81,6,6503,-5.96,797,0,0,3707,-10.32
4,81,7,7300,-7.36,797,0,0,3707,-10.32
0,82,0,85,-1.86,797,23,19,85,-1.86
3,82,0,85,-4.86,797,0,0,2893,-6.56
3,82,1,818,-6.42,1070,12,12,2893,-6.56
3,82,2,2893,-6.56,1811,338,338,2893,-6.56
4,82,0,85,-5.86,797,0,0,3707,-9.32
4,82,1,818,-7.42,1070,0,0,3707,-9.32
4,82,2,2893,-7.56,1811,0,0,3707,-9.32
4,82,3,3707,-9.32,786,21,17,3707,-9.32
4,82,4,5149,-6.1,1157,0,0,3707,-9.32
4,82,5,5706,-4.96,797,0,0,3707,-9.32
4,82,6,6503,-4.96,797,0,0,3707,-9.32
4,82,7,7300,-6.36,797,0,0,3707,-9.32
0,83,0,85,-3.08,797,39,39,85,-3.08
3,83,0,85,-6.08,797,0,0,818,-7.64
3,83,1,818,-7.64,1070,50,50,818,-7.64
3,83,2,3398,-7.62,1811,208,208,818,-7.64
4,83,0,85,-7.08,797,0,0,3707,-10.54
4,83,1,818,-8.64,1070,0,0,3707,-10.54
4,83,2,3398,-8.62,1811,0,0,3707,-10.54
4,83,3,3707,-10.54,786,37,37,3707,-10.54
4,83,4,5149,-7.32,1157,0,0,3707,-10.54
4,83,5,5706,-6.18,797,0,0,3707,-10.54
4,83,6,6503,-6.18,797,0,0,3707,-10.54
4,83,7,7300,-7.58,797,0,0,3707,-10.54
0,84,0,85,-2.42,797,19,19,85,-2.42
3,84,0,85,-5.42,797,0,0,818,-6.98
3,84,1,818,-6.98,1070,20,20,818,-6.98
3,84,2,2893,-6.93,1811,266,266,818,-6.98
4,84,0,85,-6.42,797,0,0,3707,-9.88
4,84,1,818,-7.98,1070,0,0,3707,-9.88
4,84,2,2893,-7.93,1811,0,0,3707,-9.88
4,84,3,3707,-9.88,786,17,17,3707,-9.88
4,84,4,5149,-6.66,1157,0,0,3707,-9.88
4,84,5,5706,-5.52,797,0,0,3707,-9.88
4,84,6,6503,-5.52,797,0,0,3707,-9.88
4,84,7,7300,-6.92,797,0,0,3707,-9.88
0,85,0,85,-2.86,797,19,19,85,-2.86
3,85,0,85,-5.86,797,0,0,818,-7.42
3,85,1,818,-7.42,1070,20,20,818,-7.42
3,85,2,2893,-7.21,1811,179,179,818,-7.42
4,85,0,85,-6.86,797,0,0,3707,-10.32
4,85,1,818,-8.42,1070,0,0,3707,-10.32
4,85,2,2893,-8.21,1811,0,0,3707,-10.32
4,85,3,3707,-10.32,786,17,17,3707,-10.32
4,85,4,5149,-7.1,1157,0,0,3707,-10.32
4,85,5,5706,-5.96,797,0,0,3707,-10.32
4,85,6,6503,-5.96,797,0,0,3707,-10.32
4,85,7,7300,-7.36,797,0,0,3707,-10.32
0,86,0,85,-2.1,797,76,76,85,-2.1
3,86,0,85,-5.1,797,0,0,3586,-7.84
3,86,1,1855,-6.72,1070,0,0,3586,-7.84
3,86,2,3586,-7.84,1811,19,19,3586,-7.84
4,86,0,85,-6.1,797,0,0,3707,-9.56
4,86,1,1855,-7.72,1070,0,0,3707,-9.56
4,86,2,3586,-8.84,1811,3,3,3707,-9.56
4,86,3,3707,-9.56,786,73,73,3707,-9.56
4,86,4,5149,-6.34,1157,0,0,3707,-9.56
4,86,5,5706,-5.2,797,0,0,3707,-9.56
4,86,6,6503,-5.2,797,0,0,3707,-9.56
4,86,7,7300,-6.6,797,0,0,3707,-9.56
0,87,0,85,-2.1,797,76,76,85,-2.1
3,87,0,85,-5.1,797,0,0,3586,-7.84
3,87,1,1855,-6.72,1070,0,0,3586,-7.84
3,87,2,3586,-7.84,1811,26,26,3586,-7.84
4,87,0,85,-6.1,797,0,0,3707,-9.56
4,87,1,1855,-7.72,1070,0,0,3707,-9.56
4,87,2,3586,-8.84,1811,5,5,3707,-9.56
4,87,3,3707,-9.56,786,73,73,3707,-9.56
4,87,4,5149,-6.34,1157,0,0,3707,-9.56
4,87,5,5706,-5.2,797,0,0,3707,-9.56
4,87,6,6503,-5.2,797,0,0,3707,-9.56
4,87,7,7300,-6.6,797,0,0,3707,-9.56
0,88,0,85,-2.1,797,78,76,85,-2.1
3,88,0,85,-5.1,797,0,0,3586,-7.84
3,88,1,1855,-6.72,1070,0,0,3586,-7.84
3,88,2,3586,-7.84,1811,49,49,3586,-7.84
4,88,0,85,-6.1,797,0,0,3707,-9.56
4,88,1,1855,-7.72,1070,0,0,3707,-9.56
4,88,2,3586,-8.84,1811,5,5,3707,-9.56
4,88,3,3707,-9.56,786,75,73,3707,-9.56
4,88,4,5149,-6.34,1157,0,0,3707,-9.56
4,88,5,5706,-5.2,797,0,0,3707,-9.56
4,88,6,6503,-5.2,797,0,0,3707,-9.56
4,88,7,7300,-6.6,797,0,0,3707,-9.56
0,89,0,85,-1.76,797,80,76,85,-1.76
3,89,0,85,-4.76,797,0,0,3586,-7.59
3,89,1,1855,-6.38,1070,0,0,3586,-7.59
3,89,2,3586,-7.59,1811,49,49,3586,-7.59
4,89,0,85,-5.76,797,0,0,3707,-9.22
4,89,1,1855,-7.38,1070,0,0,3707,-9.22
4,89,2,3586,-8.59,1811,9,9,3707,-9.22
4,89,3,3707,-9.22,786,77,73,3707,-9.22
4,89,4,5149,-6,1157,0,0,3707,-9.22
4,89,5,5706,-4.86,797,0,0,3707,-9.22
4,89,6,6503,-4.86,797,0,0,3707,-9.22
4,89,7,7300,-6.26,797,0,0,3707,-9.22
0,90,0,85,-3.22,797,76,76,85,-3.22
3,90,0,85,-6.22,797,0,0,3586,-8.54
3,90,1,1855,-7.84,1070,20,20,3586,-8.54
3,90,2,3586,-8.54,1811,55,55,3586,-8.54
4,90,0,85,-7.22,797,0,0,3707,-10.68
4,90,1,1855,-8.84,1070,0,0,3707,-10.68
4,90,2,3586,-9.54,1811,0,0,3707,-10.68
4,90,3,3707,-10.68,786,73,73,3707,-10.68
4,90,4,5149,-7.46,1157,0,0,3707,-10.68
4,90,5,5706,-6.32,797,0,0,3707,-10.68
4,90,6,6503,-6.32,797,0,0,3707,-10.68
4,90,7,7300,-7.72,797,0,0,3707,-10.68
0,91,0,85,-3,797,39,39,85,-3
3,91,0,85,-6,797,0,0,818,-7.56
3,91,1,818,-7.56,1070,50,50,818,-7.56
3,91,2,3398,-7.54,1811,208,208,818,-7.56
4,91,0,85,-7,797,0,0,3707,-10.46
4,91,1,818,-8.56,1070,0,0,3707,-10.46
4,91,2,3398,-8.54,1811,0,0,3707,-10.46
4,91,3,3707,-10.46,786,37,37,3707,-10.46
4,91,4,5149,-7.24,1157,0,0,3707,-10.46
4,91,5,5706,-6.1,797,0,0,3707,-10.46
4,91,6,6503,-6.1,797,0,0,3707,-10.46
4,91,7,7300,-7.5,797,0,0,3707,-10.46
0,92,0,85,-3.22,797,76,76,85,-3.22
3,92,0,85,-6.22,797,0,0,3586,-8.54
3,92,1,1855,-7.84,1070,20,20,3586,-8.54
3,92,2,3586,-8.54,1811,55,55,3586,-8.54
4,92,0,85,-7.22,797,0,0,3707,-10.68
4,92,1,1855,-8.84,1070,0,0,3707,-10.68
4,92,2,3586,-9.54,1811,0,0,3707,-10.68
4,92,3,3707,-10.68,786,73,73,3707,-10.68
4,92,4,5149,-7.46,1157,0,0,3707,-10.68
4,92,5,5706,-6.32,797,0,0,3707,-10.68
4,92,6,6503,-6.32,797,0,0,3707,-10.68
4,92,7,7300,-7.72,797,0,0,3707,-10.68
0,93,0,85,-2.78,797,39,39,85,-2.78
3,93,0,85,-5.78,797,0,0,3398,-7.39
3,93,1,818,-7.34,1070,35,35,3398,-7.39
3,93,2,3398,-7.39,1811,208,208,3398,-7.39
4,93,0,85,-6.78,797,0,0,3707,-10.24
4,93,1,818,-8.34,1070,0,0,3707,-10.24
4,93,2,3398,-8.39,1811,0,0,3707,-10.24
4,93,3,3707,-10.24,786,37,37,3707,-10.24
4,93,4,5149,-7.02,1157,0,0,3707,-10.24
4,93,5,5706,-5.88,797,0,0,3707,-10.24
4,93,6,6503,-5.88,797,0,0,3707,-10.24
4,93,7,7300,-7.28,797,0,0,3707,-10.24
0,94,0,85,-3,797,39,39,85,-3
3,94,0,85,-6,797,0,0,818,-7.56
3,94,1,818,-7.56,1070,50,50,818,-7.56
3,94,2,3398,-7.54,1811,208,208,818,-7.56
4,94,0,85,-7,797,0,0,3707,-10.46
4,94,1,818,-8.56,1070,0,0,3707,-10.46
4,94,2,3398,-8.54,1811,0,0,3707,-10.46
4,94,3,3707,-10.46,786,37,37,3707,-10.46
4,94,4,5149,-7.24,1157,0,0,3707,-10.46
4,94,5,5706,-6.1,797,0,0,3707,-10.46
4,94,6,6503,-6.1,797,0,0,3707,-10.46
4,94,7,7300,-7.5,797,0,0,3707,-10.46
0,95,0,85,-4.98,797,39,39,85,-4.98
3,95,0,85,-7.98,797,0,0,818,-9.54
3,95,1,818,-9.54,1070,50,50,818,-9.54
3,95,2,3398,-8.62,1811,2,2,818,-9.54
4,95,0,85,-8.98,797,0,0,3707,-12.44
4,95,1,818,-10.54,1070,0,0,3707,-12.44
4,95,2,3398,-9.62,1811,0,0,3707,-12.44
4,95,3,3707,-12.44,786,37,37,3707,-12.44
4,95,4,5149,-9.22,1157,0,0,3707,-12.44
4,95,5,5706,-8.08,797,0,0,3707,-12.44
4,95,6,6503,-8.08,797,0,0,3707,-12.44
4,95,7,7300,-9.48,797,0,0,3707,-12.44
0,96,0,85,-4.98,797,39,39,85,-4.98
3,96,0,85,-7.98,797,0,0,3398,-9.86
3,96,1,818,-9.54,1070,12,12,3398,-9.86
3,96,2,3398,-9.86,1811,49,49,3398,-9.86
4,96,0,85,-8.98,797,0,0,3707,-12.44
4,96,1,818,-10.54,1070,0,0,3707,-12.44
4,96,2,3398,-10.86,1811,0,0,3707,-12.44
4,96,3,3707,-12.44,786,37,37,3707,-12.44
4,96,4,5149,-9.22,1157,0,0,3707,-12.44
4,96,5,5706,-8.08,797,0,0,3707,-12.44
4,96,6,6503,-8.08,797,0,0,3707,-12.44
4,96,7,7300,-9.48,797,0,0,3707,-12.44
0,97,0,85,-4.98,797,41,39,85,-4.98
3,97,0,85,-7.98,797,0,0,3398,-9.86
3,97,1,818,-9.54,1070,12,12,3398,-9.86
3,97,2,3398,-9.86,1811,158,158,3398,-9.86
4,97,0,85,-8.98,797,0,0,3707,-12.44
4,97,1,818,-10.54,1070,0,0,3707,-12.44
4,97,2,3398,-10.86,1811,0,0,3707,-12.44
4,97,3,3707,-12.44,786,39,37,3707,-12.44
4,97,4,5149,-9.22,1157,0,0,3707,-12.44
4,97,5,5706,-8.08,797,0,0,3707,-12.44
4,97,6,6503,-8.08,797,0,0,3707,-12.44
4,97,7,7300,-9.48,797,0,0,3707,-12.44
0,98,0,85,-6.66,797,39,39,85,-6.66
3,98,0,85,-9.66,797,0,0,818,-11.22
3,98,1,818,-11.22,1070,50,50,818,-11.22
3,98,2,3398,-10.95,1811,86,86,818,-11.22
4,98,0,85,-10.66,797,0,0,3707,-14.12
4,98,1,818,-12.22,1070,0,0,3707,-14.12
4,98,2,3398,-11.95,1811,0,0,3707,-14.12
4,98,3,3707,-14.12,786,37,37,3707,-14.12
4,98,4,5149,-10.9,1157,0,0,3707,-14.12
4,98,5,5706,-9.76,797,0,0,3707,-14.12
4,98,6,6503,-9.76,797,0,0,3707,-14.12
4,98,7,7300,-11.16,797,0,0,3707,-14.12
0,99,0,85,-4.64,797,43,39,85,-4.64
3,99,0,85,-7.64,797,0,0,3398,-9.61
3,99,1,818,-9.2,1070,5,5,3398,-9.61
3,99,2,3398,-9.61,1811,158,158,3398,-9.61
4,99,0,85,-8.64,797,0,0,3707,-12.1
4,99,1,818,-10.2,1070,0,0,3707,-12.1
4,99,2,3398,-10.61,1811,0,0,3707,-12.1
4,99,3,3707,-12.1,786,41,37,3707,-12.1
4,99,4,5149,-8.88,1157,0,0,3707,-12.1
4,99,5,5706,-7.74,797,0,0,3707,-12.1
4,99,6,6503,-7.74,797,0,0,3707,-12.1
4,99,7,7300,-9.14,797,0,0,3707,-12.1
0,100,0,85,-6.1,797,39,39,85,-6.1
3,100,0,85,-9.1,797,0,0,818,-10.66
3,100,1,818,-10.66,1070,50,50,818,-10.66
3,100,2,3398,-10.56,1811,165,165,818,-10.66
4,100,0,85,-10.1,797,0,0,3707,-13.56
4,100,1,818,-11.66,1070,0,0,3707,-13.56
4,100,2,3398,-11.56,1811,0,0,3707,-13.56
4,100,3,3707,-13.56,786,37,37,3707,-13.56
4,100,4,5149,-10.34,1157,0,0,3707,-13.56
4,100,5,5706,-9.2,797,0,0,3707,-13.56
4,100,6,6503,-9.2,797,0,0,3707,-13.56
4,100,7,7300,-10.6,797,0,0,3707,-13.56
0,101,0,85,-6.1,797,39,39,85,-6.1
3,101,0,85,-9.1,797,0,0,818,-10.66
3,101,1,818,-10.66,1070,50,50,818,-10.66
3,101,2,3398,-10.56,1811,165,165,818,-10.66
4,101,0,85,-10.1,797,0,0,3707,-13.56
4,101,1,818,-11.66,1070,0,0,3707,-13.56
4,101,2,3398,-11.56,1811,0,0,3707,-13.56
4,101,3,3707,-13.56,786,37,37,3707,-13.56
4,101,4,5149,-10.34,1157,0,0,3707,-13.56
4,101,5,5706,-9.2,797,0,0,3707,-13.56
4,101,6,6503,-9.2,797,0,0,3707,-13.56
4,101,7,7300,-10.6,797,0,0,3707,-13.56
0,102,0,85,-4.78,797,19,19,85,-4.78
3,102,0,85,-7.78,797,0,0,818,-9.34
3,102,1,818,-9.34,1070,20,20,818,-9.34
3,102,2,3595,-7.74,1811,0,0,818,-9.34
4,102,0,85,-8.78,797,0,0,3707,-12.24
4,102,1,818,-10.34,1070,0,0,3707,-12.24
4,102,2,3595,-8.74,1811,0,0,3707,-12.24
4,102,3,3707,-12.24,786,17,17,3707,-12.24
4,102,4,5149,-10.96,1157,0,0,3707,-12.24
4,102,5,5706,-7.88,797,0,0,3707,-12.24
4,102,6,6503,-7.88,797,0,0,3707,-12.24
4,102,7,7300,-9.28,797,0,0,3707,-12.24
0,103,0,85,-4.78,797,19,19,85,-4.78
3,103,0,85,-7.78,797,0,0,818,-9.34
3,103,1,818,-9.34,1070,20,20,818,-9.34
3,103,2,3595,-7.74,1811,0,0,818,-9.34
4,103,0,85,-8.78,797,0,0,3707,-12.24
4,103,1,818,-10.34,1070,0,0,3707,-12.24
4,103,2,3595,-8.74,1811,0,0,3707,-12.24
4,103,3,3707,-12.24,786,17,17,3707,-12.24
4,103,4,5149,-10.84,1157,0,0,3707,-12.24
4,103,5,5706,-7.88,797,0,0,3707,-12.24
4,103,6,6503,-7.88,797,0,0,3707,-12.24
4,103,7,7300,-9.28,797,0,0,3707,-12.24
0,104,0,85,-4.78,797,21,19,85,-4.78
3,104,0,85,-7.78,797,0,0,818,-9.34
3,104,1,818,-9.34,1070,22,20,818,-9.34
3,104,2,2970,-9.3,1811,159,159,818,-9.34
4,104,0,85,-8.78,797,0,0,3707,-12.24
4,104,1,818,-10.34,1070,0,0,3707,-12.24
4,104,2,2970,-10.3,1811,0,0,3707,-12.24
4,104,3,3707,-12.24,786,19,17,3707,-12.24
4,104,4,5149,-10.72,1157,0,0,3707,-12.24
4,104,5,5706,-7.88,797,0,0,3707,-12.24
4,104,6,6503,-7.88,797,0,0,3707,-12.24
4,104,7,7300,-9.28,797,0,0,3707,-12.24
0,105,0,85,-4.44,797,23,19,85,-4.44
3,105,0,85,-7.44,797,0,0,2970,-9.05
3,105,1,818,-9,1070,16,13,2970,-9.05
3,105,2,2970,-9.05,1811,159,159,2970,-9.05
4,105,0,85,-8.44,797,0,0,3707,-11.9
4,105,1,818,-10,1070,0,0,3707,-11.9
4,105,2,2970,-10.05,1811,0,0,3707,-11.9
4,105,3,3707,-11.9,786,21,17,3707,-11.9
4,105,4,5149,-10.5,1157,0,0,3707,-11.9
4,105,5,5706,-7.54,797,0,0,3707,-11.9
4,105,6,6503,-7.54,797,0,0,3707,-11.9
4,105,7,7300,-8.94,797,0,0,3707,-11.9
0,106,0,16,-3.92,797,56,53,16,-3.92
3,106,0,16,-6.92,797,0,0,814,-8.48
3,106,1,814,-8.48,1070,60,56,814,-8.48
3,106,2,3595,-7.54,1811,2,0,814,-8.48
4,106,0,16,-7.92,797,0,0,3703,-11.38
4,106,1,814,-9.48,1070,0,0,3703,-11.38
4,106,2,3595,-8.54,1811,0,0,3703,-11.38
4,106,3,3703,-11.38,786,46,43,3703,-11.38
4,106,4,4499,-7.58,1157,0,0,3703,-11.38
4,106,5,5637,-7.02,797,0,0,3703,-11.38
4,106,6,6503,-9.57,797,0,0,3703,-11.38
4,106,7,7231,-8.42,797,0,0,3703,-11.38
0,107,0,767,-2.78,797,31,31,767,-2.78
3,107,0,767,-5.78,797,0,0,3587,-8.12
3,107,1,1328,-7.34,1070,11,11,3587,-8.12
3,107,2,3587,-8.12,1811,63,63,3587,-8.12
4,107,0,767,-6.78,797,0,0,4434,-10.24
4,107,1,1328,-8.34,1070,0,0,4434,-10.24
4,107,2,3587,-9.12,1811,0,0,4434,-10.24
4,107,3,4434,-10.24,786,31,31,4434,-10.24
4,107,4,5588,-6.44,1157,0,0,4434,-10.24
4,107,5,6388,-5.88,797,0,0,4434,-10.24
4,107,6,7185,-5.88,797,0,0,4434,-10.24
4,107,7,7982,-7.28,797,0,0,4434,-10.24
0,108,0,792,-7.63,797,5,5,792,-7.63
3,108,0,792,-10.63,797,0,0,1350,-12.19
3,108,1,1350,-12.19,1070,5,5,1350,-12.19
3,108,2,3086,-10.88,1811,0,0,1350,-12.19
4,108,0,792,-11.63,797,0,0,4459,-15.09
4,108,1,1350,-13.19,1070,0,0,4459,-15.09
4,108,2,3086,-11.88,1811,0,0,4459,-15.09
4,108,3,4459,-15.09,786,5,5,4459,-15.09
4,108,4,5616,-11.29,1157,0,0,4459,-15.09
4,108,5,6413,-10.73,797,0,0,4459,-15.09
4,108,6,7210,-10.73,797,0,0,4459,-15.09
4,108,7,8007,-12.13,797,0,0,4459,-15.09
0,109,0,792,-7.85,797,5,5,792,-7.85
3,109,0,792,-10.85,797,0,0,1350,-12.41
3,109,1,1350,-12.41,1070,5,5,1350,-12.41
3,109,2,3086,-10.63,1811,0,0,1350,-12.41
4,109,0,792,-11.85,797,0,0,4459,-15.31
4,109,1,1350,-13.41,1070,0,0,4459,-15.31
4,109,2,3086,-11.63,1811,0,0,4459,-15.31
4,109,3,4459,-15.31,786,5,5,4459,-15.31
4,109,4,5616,-11.51,1157,0,0,4459,-15.31
4,109,5,6413,-10.95,797,0,0,4459,-15.31
4,109,6,7210,-10.95,797,0,0,4459,-15.31
4,109,7,8007,-12.35,797,0,0,4459,-15.31
0,110,0,85,-2.96,797,76,76,85,-2.96
3,110,0,85,-5.96,797,0,0,3586,-8.4
3,110,1,1855,-7.58,1070,19,19,3586,-8.4
3,110,2,3586,-8.4,1811,55,55,3586,-8.4
4,110,0,85,-6.96,797,0,0,3707,-10.42
4,110,1,1855,-8.58,1070,0,0,3707,-10.42
4,110,2,3586,-9.4,1811,0,0,3707,-10.42
4,110,3,3707,-10.42,786,73,73,3707,-10.42
4,110,4,5149,-7.2,1157,0,0,3707,-10.42
4,110,5,5706,-6.06,797,0,0,3707,-10.42
4,110,6,6503,-6.06,797,0,0,3707,-10.42
4,110,7,7300,-7.46,797,0,0,3707,-10.42
0,111,0,346,-4.84,797,1,1,346,-4.84
3,111,0,346,-7.84,797,0,0,1030,-9.4
3,111,1,1030,-9.4,1070,1,1,1030,-9.4
3,111,2,3586,-8.62,1811,5,5,1030,-9.4
4,111,0,346,-8.84,797,0,0,4028,-12.3
4,111,1,1030,-10.4,1070,0,0,4028,-12.3
4,111,2,3586,-9.62,1811,0,0,4028,-12.3
4,111,3,4028,-12.3,786,1,1,4028,-12.3
4,111,4,4999,-8.5,1157,0,0,4028,-12.3
4,111,5,5967,-7.94,797,0,0,4028,-12.3
4,111,6,6764,-7.94,797,0,0,4028,-12.3
4,111,7,7561,-9.34,797,0,0,4028,-12.3
0,112,0,767,-4.24,797,31,31,767,-4.24
3,112,0,767,-7.24,797,0,0,3646,-9.2
3,112,1,1328,-8.8,1070,16,16,3646,-9.2
3,112,2,3646,-9.2,1811,76,76,3646,-9.2
4,112,0,767,-8.24,797,0,0,4434,-11.7
4,112,1,1328,-9.8,1070,0,0,4434,-11.7
4,112,2,3646,-10.2,1811,0,0,4434,-11.7
4,112,3,4434,-11.7,786,31,31,4434,-11.7
4,112,4,5588,-7.9,1157,0,0,4434,-11.7
4,112,5,6388,-7.34,797,0,0,4434,-11.7
4,112,6,7185,-7.34,797,0,0,4434,-11.7
4,112,7,7982,-8.74,797,0,0,4434,-11.7
0,113,0,85,-2.1,797,76,76,85,-2.1
3,113,0,85,-5.1,797,0,0,3586,-7.84
3,113,1,1855,-6.72,1070,0,0,3586,-7.84
3,113,2,3586,-7.84,1811,19,19,3586,-7.84
4,113,0,85,-6.1,797,0,0,3707,-9.56
4,113,1,1855,-7.72,1070,0,0,3707,-9.56
4,113,2,3586,-8.84,1811,3,3,3707,-9.56
4,113,3,3707,-9.56,786,73,73,3707,-9.56
4,113,4,5149,-6.34,1157,0,0,3707,-9.56
4,113,5,5706,-5.2,797,0,0,3707,-9.56
4,113,6,6503,-5.2,797,0,0,3707,-9.56
4,113,7,7300,-6.6,797,0,0,3707,-9.56
0,114,0,85,-1.76,797,80,76,85,-1.76
3,114,0,85,-4.76,797,0,0,3586,-7.59
3,114,1,1855,-6.38,1070,0,0,3586,-7.59
3,114,2,3586,-7.59,1811,49,49,3586,-7.59
4,114,0,85,-5.76,797,0,0,3707,-9.22
4,114,1,1855,-7.38,1070,0,0,3707,-9.22
4,114,2,3586,-8.59,1811,9,9,3707,-9.22
4,114,3,3707,-9.22,786,77,73,3707,-9.22
4,114,4,5149,-6,1157,0,0,3707,-9.22
4,114,5,5706,-4.86,797,0,0,3707,-9.22
4,114,6,6503,-4.86,797,0,0,3707,-9.22
4,114,7,7300,-6.26,797,0,0,3707,-9.22
0,115,0,85,-2.1,797,76,76,85,-2.1
3,115,0,85,-5.1,797,0,0,3586,-7.84
3,115,1,1855,-6.72,1070,0,0,3586,-7.84
3,115,2,3586,-7.84,1811,26,26,3586,-7.84
4,115,0,85,-6.1,797,0,0,3707,-9.56
4,115,1,1855,-7.72,1070,0,0,3707,-9.56
4,115,2,3586,-8.84,1811,5,5,3707,-9.56
4,115,3,3707,-9.56,786,73,73,3707,-9.56
4,115,4,5149,-6.34,1157,0,0,3707,-9.56
4,115,5,5706,-5.2,797,0,0,3707,-9.56
4,115,6,6503,-5.2,797,0,0,3707,-9.56
4,115,7,7300,-6.6,797,0,0,3707,-9.56
0,116,0,85,-2.1,797,78,76,85,-2.1
3,116,0,85,-5.1,797,0,0,3586,-7.84
3,116,1,1855,-6.72,1070,0,0,3586,-7.84
3,116,2,3586,-7.84,1811,49,49,3586,-7.84
4,116,0,85,-6.1,797,0,0,3707,-9.56
4,116,1,1855,-7.72,1070,0,0,3707,-9.56
4,116,2,3586,-8.84,1811,5,5,3707,-9.56
4,116,3,3707,-9.56,786,75,73,3707,-9.56
4,116,4,5149,-6.34,1157,0,0,3707,-9.56
4,116,5,5706,-5.2,797,0,0,3707,-9.56
4,116,6,6503,-5.2,797,0,0,3707,-9.56
4,116,7,7300,-6.6,797,0,0,3707,-9.56
0,117,0,85,-3.22,797,76,76,85,-3.22
3,117,0,85,-6.22,797,0,0,3586,-8.54
3,117,1,1855,-7.84,1070,20,20,3586,-8.54
3,117,2,3586,-8.54,1811,55,55,3586,-8.54
4,117,0,85,-7.22,797,0,0,3707,-10.68
4,117,1,1855,-8.84,1070,0,0,3707,-10.68
4,117,2,3586,-9.54,1811,0,0,3707,-10.68
4,117,3,3707,-10.68,786,73,73,3707,-10.68
4,117,4,5149,-7.46,1157,0,0,3707,-10.68
4,117,5,5706,-6.32,797,0,0,3707,-10.68
4,117,6,6503,-6.32,797,0,0,3707,-10.68
4,117,7,7300,-7.72,797,0,0,3707,-10.68
0,118,0,85,-6.5,797,39,39,85,-6.5
3,118,0,85,-9.5,797,0,0,818,-11.06
3,118,1,818,-11.06,1070,50,50,818,-11.06
3,118,2,3398,-10.86,1811,117,117,818,-11.06
4,118,0,85,-10.5,797,0,0,3707,-13.96
4,118,1,818,-12.06,1070,0,0,3707,-13.96
4,118,2,3398,-11.86,1811,0,0,3707,-13.96
4,118,3,3707,-13.96,786,37,37,3707,-13.96
4,118,4,5149,-10.74,1157,0,0,3707,-13.96
4,118,5,5706,-9.6,797,0,0,3707,-13.96
4,118,6,6503,-9.6,797,0,0,3707,-13.96
4,118,7,7300,-11,797,0,0,3707,-13.96
0,119,0,346,-4.06,797,1,1,346,-4.06
3,119,0,346,-7.06,797,0,0,1030,-8.62
3,119,1,1030,-8.62,1070,1,1,1030,-8.62
3,119,2,3586,-7.84,1811,5,5,1030,-8.62
4,119,0,346,-8.06,797,0,0,4028,-11.52
4,119,1,1030,-9.62,1070,0,0,4028,-11.52
4,119,2,3586,-8.84,1811,0,0,4028,-11.52
4,119,3,4028,-11.52,786,1,1,4028,-11.52
4,119,4,4999,-7.72,1157,0,0,4028,-11.52
4,119,5,5967,-7.16,797,0,0,4028,-11.52
4,119,6,6764,-7.16,797,0,0,4028,-11.52
4,119,7,7561,-8.56,797,0,0,4028,-11.52
0,120,0,85,-3,797,39,39,85,-3
3,120,0,85,-6,797,0,0,818,-7.56
3,120,1,818,-7.56,1070,50,50,818,-7.56
3,120,2,3398,-7.54,1811,208,208,818,-7.56
4,120,0,85,-7,797,0,0,3707,-10.46
4,120,1,818,-8.56,1070,0,0,3707,-10.46
4,120,2,3398,-8.54,1811,0,0,3707,-10.46
4,120,3,3707,-10.46,786,37,37,3707,-10.46
4,120,4,5149,-7.24,1157,0,0,3707,-10.46
4,120,5,5706,-6.1,797,0,0,3707,-10.46
4,120,6,6503,-6.1,797,0,0,3707,-10.46
4,120,7,7300,-7.5,797,0,0,3707,-10.46
0,121,0,346,-4.98,797,1,1,346,-4.98
3,121,0,346,-7.98,797,0,0,1030,-9.54
3,121,1,1030,-9.54,1070,1,1,1030,-9.54
3,121,2,3586,-8.76,1811,5,5,1030,-9.54
4,121,0,346,-8.98,797,0,0,4028,-12.44
4,121,1,1030,-10.54,1070,0,0,4028,-12.44
4,121,2,3586,-9.76,1811,0,0,4028,-12.44
4,121,3,4028,-12.44,786,1,1,4028,-12.44
4,121,4,4999,-8.64,1157,0,0,4028,-12.44
4,121,5,5967,-8.08,797,0,0,4028,-12.44
4,121,6,6764,-8.08,797,0,0,4028,-12.44
4,121,7,7561,-9.48,797,0,0,4028,-12.44
0,122,0,85,-3.34,797,39,39,85,-3.34
3,122,0,85,-6.34,797,0,0,818,-7.9
3,122,1,818,-7.9,1070,50,50,818,-7.9
3,122,2,3398,-7.76,1811,120,120,818,-7.9
4,122,0,85,-7.34,797,0,0,3707,-10.8
4,122,1,818,-8.9,1070,0,0,3707,-10.8
4,122,2,3398,-8.76,1811,0,0,3707,-10.8
4,122,3,3707,-10.8,786,37,37,3707,-10.8
4,122,4,5149,-7.58,1157,0,0,3707,-10.8
4,122,5,5706,-6.44,797,0,0,3707,-10.8
4,122,6,6503,-6.44,797,0,0,3707,-10.8
4,122,7,7300,-7.84,797,0,0,3707,-10.8
0,123,0,85,-3.34,797,39,39,85,-3.34
3,123,0,85,-6.34,797,0,0,818,-7.9
3,123,1,818,-7.9,1070,50,50,818,-7.9
3,123,2,3398,-7.76,1811,120,120,818,-7.9
4,123,0,85,-7.34,797,0,0,3707,-10.8
4,123,1,818,-8.9,1070,0,0,3707,-10.8
4,123,2,3398,-8.76,1811,0,0,3707,-10.8
4,123,3,3707,-10.8,786,37,37,3707,-10.8
4,123,4,5149,-7.58,1157,0,0,3707,-10.8
4,123,5,5706,-6.44,797,0,0,3707,-10.8
4,123,6,6503,-6.44,797,0,0,3707,-10.8
4,123,7,7300,-7.84,797,0,0,3707,-10.8
0,124,0,85,-1.32,797,40,39,85,-1.32
3,124,0,85,-4.32,797,0,0,818,-5.88
3,124,1,818,-5.88,1070,51,50,818,-5.88
3,124,2,3398,-4.96,1811,2,2,818,-5.88
4,124,0,85,-5.32,797,0,0,3707,-8.78
4,124,1,818,-6.88,1070,0,0,3707,-8.78
4,124,2,3398,-5.96,1811,0,0,3707,-8.78
4,124,3,3707,-8.78,786,38,37,3707,-8.78
4,124,4,5149,-5.56,1157,0,0,3707,-8.78
4,124,5,5706,-4.42,797,0,0,3707,-8.78
4,124,6,6503,-4.42,797,0,0,3707,-8.78
4,124,7,7300,-5.82,797,0,0,3707,-8.78
0,125,0,85,-1.32,797,39,39,85,-1.32
3,125,0,85,-4.32,797,0,0,3398,-6.2
3,125,1,818,-5.88,1070,12,12,3398,-6.2
3,125,2,3398,-6.2,1811,49,49,3398,-6.2
4,125,0,85,-5.32,797,0,0,3707,-8.78
4,125,1,818,-6.88,1070,0,0,3707,-8.78
4,125,2,3398,-7.2,1811,0,0,3707,-8.78
4,125,3,3707,-8.78,786,37,37,3707,-8.78
4,125,4,5149,-5.56,1157,0,0,3707,-8.78
4,125,5,5706,-4.42,797,0,0,3707,-8.78
4,125,6,6503,-4.42,797,0,0,3707,-8.78
4,125,7,7300,-5.82,797,0,0,3707,-8.78
0,126,0,85,-1.32,797,41,39,85,-1.32
3,126,0,85,-4.32,797,0,0,3398,-6.2
3,126,1,818,-5.88,1070,12,12,3398,-6.2
3,126,2,3398,-6.2,1811,158,158,3398,-6.2
4,126,0,85,-5.32,797,0,0,3707,-8.78
4,126,1,818,-6.88,1070,0,0,3707,-8.78
4,126,2,3398,-7.2,1811,0,0,3707,-8.78
4,126,3,3707,-8.78,786,39,37,3707,-8.78
4,126,4,5149,-5.56,1157,0,0,3707,-8.78
4,126,5,5706,-4.42,797,0,0,3707,-8.78
4,126,6,6503,-4.42,797,0,0,3707,-8.78
4,126,7,7300,-5.82,797,0,0,3707,-8.78
0,127,0,85,-3,797,39,39,85,-3
3,127,0,85,-6,797,0,0,818,-7.56
3,127,1,818,-7.56,1070,50,50,818,-7.56
3,127,2,3398,-7.29,1811,86,86,818,-7.56
4,127,0,85,-7,797,0,0,3707,-10.46
4,127,1,818,-8.56,1070,0,0,3707,-10.46
4,127,2,3398,-8.29,1811,0,0,3707,-10.46
4,127,3,3707,-10.46,786,37,37,3707,-10.46
4,127,4,5149,-7.24,1157,0,0,3707,-10.46
4,127,5,5706,-6.1,797,0,0,3707,-10.46
4,127,6,6503,-6.1,797,0,0,3707,-10.46
4,127,7,7300,-7.5,797,0,0,3707,-10.46
0,128,0,85,-1.32,797,41,39,85,-1.32
3,128,0,85,-4.32,797,0,0,3398,-6.2
3,128,1,818,-5.88,1070,12,12,3398,-6.2
3,128,2,3398,-6.2,1811,158,158,3398,-6.2
4,128,0,85,-5.32,797,0,0,3707,-8.78
4,128,1,818,-6.88,1070,0,0,3707,-8.78
4,128,2,3398,-7.2,1811,0,0,3707,-8.78
4,128,3,3707,-8.78,786,39,37,3707,-8.78
4,128,4,5149,-5.56,1157,0,0,3707,-8.78
4,128,5,5706,-4.42,797,0,0,3707,-8.78
4,128,6,6503,-4.42,797,0,0,3707,-8.78
4,128,7,7300,-5.82,797,0,0,3707,-8.78
0,129,0,85,-3,797,39,39,85,-3
3,129,0,85,-6,797,0,0,818,-7.56
3,129,1,818,-7.56,1070,50,50,818,-7.56
3,129,2,3398,-7.29,1811,86,86,818,-7.56
4,129,0,85,-7,797,0,0,3707,-10.46
4,129,1,818,-8.56,1070,0,0,3707,-10.46
4,129,2,3398,-8.29,1811,0,0,3707,-10.46
4,129,3,3707,-10.46,786,37,37,3707,-10.46
4,129,4,5149,-7.24,1157,0,0,3707,-10.46
4,129,5,5706,-6.1,797,0,0,3707,-10.46
4,129,6,6503,-6.1,797,0,0,3707,-10.46
4,129,7,7300,-7.5,797,0,0,3707,-10.46
0,130,0,85,-2.78,797,39,39,85,-2.78
3,130,0,85,-5.78,797,0,0,818,-7.34
3,130,1,818,-7.34,1070,50,50,818,-7.34
3,130,2,3398,-7.12,1811,93,93,818,-7.34
4,130,0,85,-6.78,797,0,0,3707,-10.24
4,130,1,818,-8.34,1070,0,0,3707,-10.24
4,130,2,3398,-8.12,1811,0,0,3707,-10.24
4,130,3,3707,-10.24,786,37,37,3707,-10.24
4,130,4,5149,-7.02,1157,0,0,3707,-10.24
4,130,5,5706,-5.88,797,0,0,3707,-10.24
4,130,6,6503,-5.88,797,0,0,3707,-10.24
4,130,7,7300,-7.28,797,0,0,3707,-10.24
0,131,0,85,-4.1,797,19,19,85,-4.1
3,131,0,85,-7.1,797,0,0,818,-8.66
3,131,1,818,-8.66,1070,20,20,818,-8.66
3,131,2,3595,-7.06,1811,0,0,818,-8.66
4,131,0,85,-8.1,797,0,0,3707,-11.56
4,131,1,818,-9.66,1070,0,0,3707,-11.56
4,131,2,3595,-8.06,1811,0,0,3707,-11.56
4,131,3,3707,-11.56,786,17,17,3707,-11.56
4,131,4,5149,-10.52,1157,0,0,3707,-11.56
4,131,5,5706,-7.2,797,0,0,3707,-11.56
4,131,6,6503,-7.2,797,0,0,3707,-11.56
4,131,7,7300,-8.6,797,0,0,3707,-11.56
0,132,0,85,-4.1,797,19,19,85,-4.1
3,132,0,85,-7.1,797,0,0,818,-8.66
3,132,1,818,-8.66,1070,20,20,818,-8.66
3,132,2,3595,-7.06,1811,0,0,818,-8.66
4,132,0,85,-8.1,797,0,0,3707,-11.56
4,132,1,818,-9.66,1070,0,0,3707,-11.56
4,132,2,3595,-8.06,1811,0,0,3707,-11.56
4,132,3,3707,-11.56,786,17,17,3707,-11.56
4,132,4,5149,-10.4,1157,0,0,3707,-11.56
4,132,5,5706,-7.2,797,0,0,3707,-11.56
4,132,6,6503,-7.2,797,0,0,3707,-11.56
4,132,7,7300,-8.6,797,0,0,3707,-11.56
0,133,0,85,-4.1,797,21,19,85,-4.1
3,133,0,85,-7.1,797,0,0,818,-8.66
3,133,1,818,-8.66,1070,22,20,818,-8.66
3,133,2,2970,-8.62,1811,159,159,818,-8.66
4,133,0,85,-8.1,797,0,0,3707,-11.56
4,133,1,818,-9.66,1070,0,0,3707,-11.56
4,133,2,2970,-9.62,1811,0,0,3707,-11.56
4,133,3,3707,-11.56,786,19,17,3707,-11.56
4,133,4,5149,-10.28,1157,0,0,3707,-11.56
4,133,5,5706,-7.2,797,0,0,3707,-11.56
4,133,6,6503,-7.2,797,0,0,3707,-11.56
4,133,7,7300,-8.6,797,0,0,3707,-11.56
0,134,0,85,-4.1,797,21,19,85,-4.1
3,134,0,85,-7.1,797,0,0,818,-8.66
3,134,1,818,-8.66,1070,22,20,818,-8.66
3,134,2,2970,-8.62,1811,159,159,818,-8.66
4,134,0,85,-8.1,797,0,0,3707,-11.56
4,134,1,818,-9.66,1070,0,0,3707,-11.56
4,134,2,2970,-9.62,1811,0,0,3707,-11.56
4,134,3,3707,-11.56,786,19,17,3707,-11.56
4,134,4,5149,-10.28,1157,0,0,3707,-11.56
4,134,5,5706,-7.2,797,0,0,3707,-11.56
4,134,6,6503,-7.2,797,0,0,3707,-11.56
4,134,7,7300,-8.6,797,0,0,3707,-11.56
0,135,0,16,-3.14,797,66,53,16,-3.14
3,135,0,16,-6.14,797,0,0,814,-7.7
3,135,1,814,-7.7,1070,76,56,814,-7.7
3,135,2,3595,-6.76,1811,2,0,814,-7.7
4,135,0,16,-7.14,797,0,0,3703,-10.6
4,135,1,814,-8.7,1070,0,0,3703,-10.6
4,135,2,3595,-7.76,1811,0,0,3703,-10.6
4,135,3,3703,-10.6,786,56,43,3703,-10.6
4,135,4,4499,-6.8,1157,0,0,3703,-10.6
4,135,5,5637,-6.24,797,0,0,3703,-10.6
4,135,6,6503,-9.06,797,0,0,3703,-10.6
4,135,7,7231,-7.64,797,0,0,3703,-10.6
0,136,0,85,-2.44,797,76,76,85,-2.44
3,136,0,85,-5.44,797,0,0,3586,-8.18
3,136,1,1855,-7.06,1070,0,0,3586,-8.18
3,136,2,3586,-8.18,1811,19,19,3586,-8.18
4,136,0,85,-6.44,797,0,0,3707,-9.9
4,136,1,1855,-8.06,1070,0,0,3707,-9.9
4,136,2,3586,-9.18,1811,3,3,3707,-9.9
4,136,3,3707,-9.9,786,73,73,3707,-9.9
4,136,4,5149,-6.68,1157,0,0,3707,-9.9
4,136,5,5706,-5.54,797,0,0,3707,-9.9
4,136,6,6503,-5.54,797,0,0,3707,-9.9
4,136,7,7300,-6.94,797,0,0,3707,-9.9
0,137,0,85,-2.44,797,76,76,85,-2.44
3,137,0,85,-5.44,797,0,0,3586,-8.18
3,137,1,1855,-7.06,1070,0,0,3586,-8.18
3,137,2,3586,-8.18,1811,26,26,3586,-8.18
4,137,0,85,-6.44,797,0,0,3707,-9.9
4,137,1,1855,-8.06,1070,0,0,3707,-9.9
4,137,2,3586,-9.18,1811,5,5,3707,-9.9
4,137,3,3707,-9.9,786,73,73,3707,-9.9
4,137,4,5149,-6.68,1157,0,0,3707,-9.9
4,137,5,5706,-5.54,797,0,0,3707,-9.9
4,137,6,6503,-5.54,797,0,0,3707,-9.9
4,137,7,7300,-6.94,797,0,0,3707,-9.9
0,138,0,85,-2.1,797,80,76,85,-2.1
3,138,0,85,-5.1,797,0,0,3586,-7.93
3,138,1,1855,-6.72,1070,0,0,3586,-7.93
3,138,2,3586,-7.93,1811,49,49,3586,-7.93
4,138,0,85,-6.1,797,0,0,3707,-9.56
4,138,1,1855,-7.72,1070,0,0,3707,-9.56
4,138,2,3586,-8.93,1811,9,9,3707,-9.56
4,138,3,3707,-9.56,786,77,73,3707,-9.56
4,138,4,5149,-6.34,1157,0,0,3707,-9.56
4,138,5,5706,-5.2,797,0,0,3707,-9.56
4,138,6,6503,-5.2,797,0,0,3707,-9.56
4,138,7,7300,-6.6,797,0,0,3707,-9.56
0,139,0,767,-3.04,797,31,31,767,-3.04
3,139,0,767,-6.04,797,0,0,3646,-8.54
3,139,1,1328,-7.6,1070,6,6,3646,-8.54
3,139,2,3646,-8.54,1811,69,69,3646,-8.54
4,139,0,767,-7.04,797,0,0,4434,-10.5
4,139,1,1328,-8.6,1070,0,0,4434,-10.5
4,139,2,3646,-9.54,1811,1,1,4434,-10.5
4,139,3,4434,-10.5,786,31,31,4434,-10.5
4,139,4,5588,-6.7,1157,0,0,4434,-10.5
4,139,5,6388,-6.14,797,0,0,4434,-10.5
4,139,6,7185,-6.14,797,0,0,4434,-10.5
4,139,7,7982,-7.54,797,0,0,4434,-10.5
0,140,0,85,-1.66,797,39,39,85,-1.66
3,140,0,85,-4.66,797,0,0,818,-6.22
3,140,1,818,-6.22,1070,50,50,818,-6.22
3,140,2,3398,-5.3,1811,2,2,818,-6.22
4,140,0,85,-5.66,797,0,0,3707,-9.12
4,140,1,818,-7.22,1070,0,0,3707,-9.12
4,140,2,3398,-6.3,1811,0,0,3707,-9.12
4,140,3,3707,-9.12,786,37,37,3707,-9.12
4,140,4,5149,-5.9,1157,0,0,3707,-9.12
4,140,5,5706,-4.76,797,0,0,3707,-9.12
4,140,6,6503,-4.76,797,0,0,3707,-9.12
4,140,7,7300,-6.16,797,0,0,3707,-9.12
0,141,0,85,-1.66,797,39,39,85,-1.66
3,141,0,85,-4.66,797,0,0,3398,-6.54
3,141,1,818,-6.22,1070,12,12,3398,-6.54
3,141,2,3398,-6.54,1811,49,49,3398,-6.54
4,141,0,85,-5.66,797,0,0,3707,-9.12
4,141,1,818,-7.22,1070,0,0,3707,-9.12
4,141,2,3398,-7.54,1811,0,0,3707,-9.12
4,141,3,3707,-9.12,786,37,37,3707,-9.12
4,141,4,5149,-5.9,1157,0,0,3707,-9.12
4,141,5,5706,-4.76,797,0,0,3707,-9.12
4,141,6,6503,-4.76,797,0,0,3707,-9.12
4,141,7,7300,-6.16,797,0,0,3707,-9.12
0,142,0,85,-1.66,797,41,39,85,-1.66
3,142,0,85,-4.66,797,0,0,3398,-6.54
3,142,1,818,-6.22,1070,12,12,3398,-6.54
3,142,2,3398,-6.54,1811,158,158,3398,-6.54
4,142,0,85,-5.66,797,0,0,3707,-9.12
4,142,1,818,-7.22,1070,0,0,3707,-9.12
4,142,2,3398,-7.54,1811,0,0,3707,-9.12
4,142,3,3707,-9.12,786,39,37,3707,-9.12
4,142,4,5149,-5.9,1157,0,0,3707,-9.12
4,142,5,5706,-4.76,797,0,0,3707,-9.12
4,142,6,6503,-4.76,797,0,0,3707,-9.12
4,142,7,7300,-6.16,797,0,0,3707,-9.12
0,143,0,85,-2.78,797,39,39,85,-2.78
3,143,0,85,-5.78,797,0,0,818,-7.34
3,143,1,818,-7.34,1070,50,50,818,-7.34
3,143,2,3398,-7.24,1811,165,165,818,-7.34
4,143,0,85,-6.78,797,0,0,3707,-10.24
4,143,1,818,-8.34,1070,0,0,3707,-10.24
4,143,2,3398,-8.24,1811,0,0,3707,-10.24
4,143,3,3707,-10.24,786,37,37,3707,-10.24
4,143,4,5149,-7.02,1157,0,0,3707,-10.24
4,143,5,5706,-5.88,797,0,0,3707,-10.24
4,143,6,6503,-5.88,797,0,0,3707,-10.24
4,143,7,7300,-7.28,797,0,0,3707,-10.24
0,144,0,85,-1.66,797,41,39,85,-1.66
3,144,0,85,-4.66,797,0,0,3398,-6.54
3,144,1,818,-6.22,1070,12,12,3398,-6.54
3,144,2,3398,-6.54,1811,158,158,3398,-6.54
4,144,0,85,-5.66,797,0,0,3707,-9.12
4,144,1,818,-7.22,1070,0,0,3707,-9.12
4,144,2,3398,-7.54,1811,0,0,3707,-9.12
4,144,3,3707,-9.12,786,39,37,3707,-9.12
4,144,4,5149,-5.9,1157,0,0,3707,-9.12
4,144,5,5706,-4.76,797,0,0,3707,-9.12
4,144,6,6503,-4.76,797,0,0,3707,-9.12
4,144,7,7300,-6.16,797,0,0,3707,-9.12
0,145,0,85,-3.34,797,39,39,85,-3.34
3,145,0,85,-6.34,797,0,0,818,-7.9
3,145,1,818,-7.9,1070,50,50,818,-7.9
3,145,2,3398,-7.63,1811,86,86,818,-7.9
4,145,0,85,-7.34,797,0,0,3707,-10.8
4,145,1,818,-8.9,1070,0,0,3707,-10.8
4,145,2,3398,-8.63,1811,0,0,3707,-10.8
4,145,3,3707,-10.8,786,37,37,3707,-10.8
4,145,4,5149,-7.58,1157,0,0,3707,-10.8
4,145,5,5706,-6.44,797,0,0,3707,-10.8
4,145,6,6503,-6.44,797,0,0,3707,-10.8
4,145,7,7300,-7.84,797,0,0,3707,-10.8
0,146,0,85,-3.34,797,39,39,85,-3.34
3,146,0,85,-6.34,797,0,0,818,-7.9
3,146,1,818,-7.9,1070,50,50,818,-7.9
3,146,2,3398,-7.63,1811,86,86,818,-7.9
4,146,0,85,-7.34,797,0,0,3707,-10.8
4,146,1,818,-8.9,1070,0,0,3707,-10.8
4,146,2,3398,-8.63,1811,0,0,3707,-10.8
4,146,3,3707,-10.8,786,37,37,3707,-10.8
4,146,4,5149,-7.58,1157,0,0,3707,-10.8
4,146,5,5706,-6.44,797,0,0,3707,-10.8
4,146,6,6503,-6.44,797,0,0,3707,-10.8
4,146,7,7300,-7.84,797,0,0,3707,-10.8
0,147,0,85,-0.66,797,24,19,85,-0.66
3,147,0,85,-3.66,797,0,0,818,-5.22
3,147,1,818,-5.22,1070,26,20,818,-5.22
3,147,2,3086,-3.77,1811,0,0,818,-5.22
4,147,0,85,-4.66,797,0,0,3707,-8.12
4,147,1,818,-6.22,1070,0,0,3707,-8.12
4,147,2,3086,-4.77,1811,0,0,3707,-8.12
4,147,3,3707,-8.12,786,22,17,3707,-8.12
4,147,4,5149,-7.58,1157,2,2,3707,-8.12
4,147,5,5706,-3.76,797,0,0,3707,-8.12
4,147,6,6503,-3.76,797,0,0,3707,-8.12
4,147,7,7300,-5.16,797,0,0,3707,-8.12
0,148,0,85,-0.66,797,22,19,85,-0.66
3,148,0,85,-3.66,797,0,0,818,-5.22
3,148,1,818,-5.22,1070,23,20,818,-5.22
3,148,2,3086,-3.65,1811,0,0,818,-5.22
4,148,0,85,-4.66,797,0,0,3707,-8.12
4,148,1,818,-6.22,1070,0,0,3707,-8.12
4,148,2,3086,-4.65,1811,0,0,3707,-8.12
4,148,3,3707,-8.12,786,20,17,3707,-8.12
4,148,4,5149,-7.46,1157,1,1,3707,-8.12
4,148,5,5706,-3.76,797,0,0,3707,-8.12
4,148,6,6503,-3.76,797,0,0,3707,-8.12
4,148,7,7300,-5.16,797,0,0,3707,-8.12
0,149,0,85,-0.66,797,21,19,85,-0.66
3,149,0,85,-3.66,797,0,0,818,-5.22
3,149,1,818,-5.22,1070,22,20,818,-5.22
3,149,2,2970,-5.18,1811,159,159,818,-5.22
4,149,0,85,-4.66,797,0,0,3707,-8.12
4,149,1,818,-6.22,1070,0,0,3707,-8.12
4,149,2,2970,-6.18,1811,0,0,3707,-8.12
4,149,3,3707,-8.12,786,19,17,3707,-8.12
4,149,4,5149,-7.34,1157,1,1,3707,-8.12
4,149,5,5706,-3.76,797,0,0,3707,-8.12
4,149,6,6503,-3.76,797,0,0,3707,-8.12
4,149,7,7300,-5.16,797,0,0,3707,-8.12
0,150,0,85,-0.66,797,21,19,85,-0.66
3,150,0,85,-3.66,797,0,0,818,-5.22
3,150,1,818,-5.22,1070,22,20,818,-5.22
3,150,2,2970,-5.18,1811,159,159,818,-5.22
4,150,0,85,-4.66,797,0,0,3707,-8.12
4,150,1,818,-6.22,1070,0,0,3707,-8.12
4,150,2,2970,-6.18,1811,0,0,3707,-8.12
4,150,3,3707,-8.12,786,19,17,3707,-8.12
4,150,4,5149,-7.34,1157,1,1,3707,-8.12
4,150,5,5706,-3.76,797,0,0,3707,-8.12
4,150,6,6503,-3.76,797,0,0,3707,-8.12
4,150,7,7300,-5.16,797,0,0,3707,-8.12
0,151,0,16,0.52,797,126,53,16,0.52
3,151,0,16,-2.48,797,0,0,1867,-4.25
3,151,1,1867,-4.25,1070,90,32,1867,-4.25
3,151,2,3595,-3.34,1811,4,0,1867,-4.25
4,151,0,16,-3.48,797,0,0,3703,-6.94
4,151,1,1867,-5.25,1070,0,0,3703,-6.94
4,151,2,3595,-4.34,1811,0,0,3703,-6.94
4,151,3,3703,-6.94,786,119,43,3703,-6.94
4,151,4,5147,-3.58,1157,0,0,3703,-6.94
4,151,5,5637,-2.58,797,0,0,3703,-6.94
4,151,6,6503,-5.98,797,1,1,3703,-6.94
4,151,7,7231,-3.98,797,0,0,3703,-6.94
0,152,0,85,-2.22,797,39,39,85,-2.22
3,152,0,85,-5.22,797,0,0,3398,-7.1
3,152,1,818,-6.78,1070,12,12,3398,-7.1
3,152,2,3398,-7.1,1811,49,49,3398,-7.1
4,152,0,85,-6.22,797,0,0,3707,-9.68
4,152,1,818,-7.78,1070,0,0,3707,-9.68
4,152,2,3398,-8.1,1811,0,0,3707,-9.68
4,152,3,3707,-9.68,786,37,37,3707,-9.68
4,152,4,5149,-6.46,1157,0,0,3707,-9.68
4,152,5,5706,-5.32,797,0,0,3707,-9.68
4,152,6,6503,-5.32,797,0,0,3707,-9.68
4,152,7,7300,-6.72,797,0,0,3707,-9.68
0,153,0,85,-1.22,797,20,19,85,-1.22
3,153,0,85,-4.22,797,0,0,818,-5.78
3,153,1,818,-5.78,1070,21,20,818,-5.78
3,153,2,3595,-4.18,1811,0,0,818,-5.78
4,153,0,85,-5.22,797,0,0,3707,-8.68
4,153,1,818,-6.78,1070,0,0,3707,-8.68
4,153,2,3595,-5.18,1811,0,0,3707,-8.68
4,153,3,3707,-8.68,786,18,17,3707,-8.68
4,153,4,5149,-7.94,1157,1,1,3707,-8.68
4,153,5,5706,-4.32,797,0,0,3707,-8.68
4,153,6,6503,-4.32,797,0,0,3707,-8.68
4,153,7,7300,-5.72,797,0,0,3707,-8.68
0,154,0,85,-1.22,797,19,19,85,-1.22
3,154,0,85,-4.22,797,0,0,818,-5.78
3,154,1,818,-5.78,1070,20,20,818,-5.78
3,154,2,3595,-4.18,1811,0,0,818,-5.78
4,154,0,85,-5.22,797,0,0,3707,-8.68
4,154,1,818,-6.78,1070,0,0,3707,-8.68
4,154,2,3595,-5.18,1811,0,0,3707,-8.68
4,154,3,3707,-8.68,786,17,17,3707,-8.68
4,154,4,5149,-7.83,1157,1,1,3707,-8.68
4,154,5,5706,-4.32,797,0,0,3707,-8.68
4,154,6,6503,-4.32,797,0,0,3707,-8.68
4,154,7,7300,-5.72,797,0,0,3707,-8.68
0,155,0,85,-1.22,797,21,19,85,-1.22
3,155,0,85,-4.22,797,0,0,818,-5.78
3,155,1,818,-5.78,1070,22,20,818,-5.78
3,155,2,2970,-5.74,1811,159,159,818,-5.78
4,155,0,85,-5.22,797,0,0,3707,-8.68
4,155,1,818,-6.78,1070,0,0,3707,-8.68
4,155,2,2970,-6.74,1811,0,0,3707,-8.68
4,155,3,3707,-8.68,786,19,17,3707,-8.68
4,155,4,5149,-7.71,1157,1,1,3707,-8.68
4,155,5,5706,-4.32,797,0,0,3707,-8.68
4,155,6,6503,-4.32,797,0,0,3707,-8.68
4,155,7,7300,-5.72,797,0,0,3707,-8.68
0,156,0,85,-1.22,797,21,19,85,-1.22
3,156,0,85,-4.22,797,0,0,818,-5.78
3,156,1,818,-5.78,1070,22,20,818,-5.78
3,156,2,2970,-5.74,1811,159,159,818,-5.78
4,156,0,85,-5.22,797,0,0,3707,-8.68
4,156,1,818,-6.78,1070,0,0,3707,-8.68
4,156,2,2970,-6.74,1811,0,0,3707,-8.68
4,156,3,3707,-8.68,786,19,17,3707,-8.68
4,156,4,5149,-7.71,1157,1,1,3707,-8.68
4,156,5,5706,-4.32,797,0,0,3707,-8.68
4,156,6,6503,-4.32,797,0,0,3707,-8.68
4,156,7,7300,-5.72,797,0,0,3707,-8.68
0,157,0,16,0.66,797,131,53,16,0.66
3,157,0,16,-2.34,797,0,0,1867,-4.16
3,157,1,1867,-4.16,1070,90,32,1867,-4.16
3,157,2,3595,-3.25,1811,4,0,1867,-4.16
4,157,0,16,-3.34,797,0,0,3703,-6.8
4,157,1,1867,-5.16,1070,0,0,3703,-6.8
4,157,2,3595,-4.25,1811,0,0,3703,-6.8
4,157,3,3703,-6.8,786,124,43,3703,-6.8
4,157,4,5147,-3.49,1157,0,0,3703,-6.8
4,157,5,5637,-2.44,797,0,0,3703,-6.8
4,157,6,6503,-5.89,797,1,1,3703,-6.8
4,157,7,7231,-3.84,797,0,0,3703,-6.8
0,158,0,16,-0.12,797,92,53,16,-0.12
3,158,0,16,-3.12,797,0,0,814,-4.68
3,158,1,814,-4.68,1070,112,56,814,-4.68
3,158,2,3595,-3.76,1811,2,0,814,-4.68
4,158,0,16,-4.12,797,0,0,3703,-7.58
4,158,1,814,-5.68,1070,0,0,3703,-7.58
4,158,2,3595,-4.76,1811,0,0,3703,-7.58
4,158,3,3703,-7.58,786,85,43,3703,-7.58
4,158,4,5147,-4,1157,0,0,3703,-7.58
4,158,5,5637,-3.22,797,0,0,3703,-7.58
4,158,6,6503,-6.4,797,0,0,3703,-7.58
4,158,7,7231,-4.62,797,0,0,3703,-7.58
0,159,0,767,-2.78,797,31,31,767,-2.78
3,159,0,767,-5.78,797,0,0,3587,-8.21
3,159,1,1328,-7.34,1070,6,6,3587,-8.21
3,159,2,3587,-8.21,1811,68,68,3587,-8.21
4,159,0,767,-6.78,797,0,0,4434,-10.24
4,159,1,1328,-8.34,1070,0,0,4434,-10.24
4,159,2,3587,-9.21,1811,0,0,4434,-10.24
4,159,3,4434,-10.24,786,31,31,4434,-10.24
4,159,4,5588,-6.44,1157,0,0,4434,-10.24
4,159,5,6388,-5.88,797,0,0,4434,-10.24
4,159,6,7185,-5.88,797,0,0,4434,-10.24
4,159,7,7982,-7.28,797,0,0,4434,-10.24
0,160,0,767,-2.44,797,31,31,767,-2.44
3,160,0,767,-5.44,797,0,0,3646,-8.15
3,160,1,1328,-7,1070,0,0,3646,-8.15
3,160,2,3646,-8.15,1811,69,69,3646,-8.15
4,160,0,767,-6.44,797,0,0,4434,-9.9
4,160,1,1328,-8,1070,0,0,4434,-9.9
4,160,2,3646,-9.15,1811,7,7,4434,-9.9
4,160,3,4434,-9.9,786,31,31,4434,-9.9
4,160,4,5588,-6.1,1157,0,0,4434,-9.9
4,160,5,6388,-5.54,797,0,0,4434,-9.9
4,160,6,7185,-5.54,797,0,0,4434,-9.9
4,160,7,7982,-6.94,797,0,0,4434,-9.9
0,161,0,767,-2.44,797,31,31,767,-2.44
3,161,0,767,-5.44,797,0,0,3646,-8.15
3,161,1,1328,-7,1070,0,0,3646,-8.15
3,161,2,3646,-8.15,1811,69,69,3646,-8.15
4,161,0,767,-6.44,797,0,0,4434,-9.9
4,161,1,1328,-8,1070,0,0,4434,-9.9
4,161,2,3646,-9.15,1811,7,7,4434,-9.9
4,161,3,4434,-9.9,786,31,31,4434,-9.9
4,161,4,5588,-6.1,1157,0,0,4434,-9.9
4,161,5,6388,-5.54,797,0,0,4434,-9.9
4,161,6,7185,-5.54,797,0,0,4434,-9.9
4,161,7,7982,-6.94,797,0,0,4434,-9.9
0,162,0,791,-6.22,797,8,8,791,-6.22
3,162,0,791,-9.22,797,0,0,1349,-10.78
3,162,1,1349,-10.78,1070,9,9,1349,-10.78
3,162,2,3085,-10.14,1811,2,2,1349,-10.78
4,162,0,791,-10.22,797,0,0,4458,-13.68
4,162,1,1349,-11.78,1070,0,0,4458,-13.68
4,162,2,3085,-11.14,1811,0,0,4458,-13.68
4,162,3,4458,-13.68,786,8,8,4458,-13.68
4,162,4,5615,-9.88,1157,0,0,4458,-13.68
4,162,5,6412,-9.32,797,0,0,4458,-13.68
4,162,6,7209,-9.32,797,0,0,4458,-13.68
4,162,7,8006,-10.72,797,0,0,4458,-13.68
0,163,0,791,-5.88,797,8,8,791,-5.88
3,163,0,791,-8.88,797,0,0,1349,-10.44
3,163,1,1349,-10.44,1070,9,9,1349,-10.44
3,163,2,3085,-9.89,1811,2,2,1349,-10.44
4,163,0,791,-9.88,797,0,0,4458,-13.34
4,163,1,1349,-11.44,1070,0,0,4458,-13.34
4,163,2,3085,-10.89,1811,0,0,4458,-13.34
4,163,3,4458,-13.34,786,8,8,4458,-13.34
4,163,4,5615,-9.54,1157,0,0,4458,-13.34
4,163,5,6412,-8.98,797,0,0,4458,-13.34
4,163,6,7209,-8.98,797,0,0,4458,-13.34
4,163,7,8006,-10.38,797,0,0,4458,-13.34
0,164,0,767,-2.44,797,31,31,767,-2.44
3,164,0,767,-5.44,797,0,0,3646,-8.15
3,164,1,1328,-7,1070,0,0,3646,-8.15
3,164,2,3646,-8.15,1811,69,69,3646,-8.15
4,164,0,767,-6.44,797,0,0,4434,-9.9
4,164,1,1328,-8,1070,0,0,4434,-9.9
4,164,2,3646,-9.15,1811,7,7,4434,-9.9
4,164,3,4434,-9.9,786,31,31,4434,-9.9
4,164,4,5588,-6.1,1157,0,0,4434,-9.9
4,164,5,6388,-5.54,797,0,0,4434,-9.9
4,164,6,7185,-5.54,797,0,0,4434,-9.9
4,164,7,7982,-6.94,797,0,0,4434,-9.9
0,165,0,85,-3.3,797,76,76,85,-3.3
3,165,0,85,-6.3,797,0,0,3586,-8.74
3,165,1,1855,-7.92,1070,19,19,3586,-8.74
3,165,2,3586,-8.74,1811,55,55,3586,-8.74
4,165,0,85,-7.3,797,0,0,3707,-10.76
4,165,1,1855,-8.92,1070,0,0,3707,-10.76
4,165,2,3586,-9.74,1811,0,0,3707,-10.76
4,165,3,3707,-10.76,786,73,73,3707,-10.76
4,165,4,5149,-7.54,1157,0,0,3707,-10.76
4,165,5,5706,-6.4,797,0,0,3707,-10.76
4,165,6,6503,-6.4,797,0,0,3707,-10.76
4,165,7,7300,-7.8,797,0,0,3707,-10.76
0,166,0,767,-2.44,797,31,31,767,-2.44
3,166,0,767,-5.44,797,0,0,3646,-8.15
3,166,1,1328,-7,1070,0,0,3646,-8.15
3,166,2,3646,-8.15,1811,69,69,3646,-8.15
4,166,0,767,-6.44,797,0,0,4434,-9.9
4,166,1,1328,-8,1070,0,0,4434,-9.9
4,166,2,3646,-9.15,1811,7,7,4434,-9.9
4,166,3,4434,-9.9,786,31,31,4434,-9.9
4,166,4,5588,-6.1,1157,0,0,4434,-9.9
4,166,5,6388,-5.54,797,0,0,4434,-9.9
4,166,6,7185,-5.54,797,0,0,4434,-9.9
4,166,7,7982,-6.94,797,0,0,4434,-9.9
0,167,0,85,-2.96,797,76,76,85,-2.96
3,167,0,85,-5.96,797,0,0,3586,-8.52
3,167,1,1855,-7.58,1070,3,3,3586,-8.52
3,167,2,3586,-8.52,1811,55,55,3586,-8.52
4,167,0,85,-6.96,797,0,0,3707,-10.42
4,167,1,1855,-8.58,1070,0,0,3707,-10.42
4,167,2,3586,-9.52,1811,3,3,3707,-10.42
4,167,3,3707,-10.42,786,73,73,3707,-10.42
4,167,4,5149,-7.2,1157,0,0,3707,-10.42
4,167,5,5706,-6.06,797,0,0,3707,-10.42
4,167,6,6503,-6.06,797,0,0,3707,-10.42
4,167,7,7300,-7.46,797,0,0,3707,-10.42
0,168,0,85,-3.3,797,76,76,85,-3.3
3,168,0,85,-6.3,797,0,0,3586,-8.74
3,168,1,1855,-7.92,1070,19,19,3586,-8.74
3,168,2,3586,-8.74,1811,55,55,3586,-8.74
4,168,0,85,-7.3,797,0,0,3707,-10.76
4,168,1,1855,-8.92,1070,0,0,3707,-10.76
4,168,2,3586,-9.74,1811,0,0,3707,-10.76
4,168,3,3707,-10.76,786,73,73,3707,-10.76
4,168,4,5149,-7.54,1157,0,0,3707,-10.76
4,168,5,5706,-6.4,797,0,0,3707,-10.76
4,168,6,6503,-6.4,797,0,0,3707,-10.76
4,168,7,7300,-7.8,797,0,0,3707,-10.76
0,169,0,767,-6.24,797,31,31,767,-6.24
3,169,0,767,-9.24,797,0,0,3587,-11.67
3,169,1,1328,-10.8,1070,6,6,3587,-11.67
3,169,2,3587,-11.67,1811,67,67,3587,-11.67
4,169,0,767,-10.24,797,0,0,4434,-13.7
4,169,1,1328,-11.8,1070,0,0,4434,-13.7
4,169,2,3587,-12.67,1811,0,0,4434,-13.7
4,169,3,4434,-13.7,786,31,31,4434,-13.7
4,169,4,5588,-9.9,1157,0,0,4434,-13.7
4,169,5,6388,-9.34,797,0,0,4434,-13.7
4,169,6,7185,-9.34,797,0,0,4434,-13.7
4,169,7,7982,-10.74,797,0,0,4434,-13.7
0,170,0,767,-2.78,797,31,31,767,-2.78
3,170,0,767,-5.78,797,0,0,3587,-8.12
3,170,1,1328,-7.34,1070,11,11,3587,-8.12
3,170,2,3587,-8.12,1811,64,64,3587,-8.12
4,170,0,767,-6.78,797,0,0,4434,-10.24
4,170,1,1328,-8.34,1070,0,0,4434,-10.24
4,170,2,3587,-9.12,1811,0,0,4434,-10.24
4,170,3,4434,-10.24,786,31,31,4434,-10.24
4,170,4,5588,-6.44,1157,0,0,4434,-10.24
4,170,5,6388,-5.88,797,0,0,4434,-10.24
4,170,6,7185,-5.88,797,0,0,4434,-10.24
4,170,7,7982,-7.28,797,0,0,4434,-10.24
0,171,0,791,-5.88,797,8,8,791,-5.88
3,171,0,791,-8.88,797,0,0,1349,-10.44
3,171,1,1349,-10.44,1070,9,9,1349,-10.44
3,171,2,3085,-9.8,1811,2,2,1349,-10.44
4,171,0,791,-9.88,797,0,0,4458,-13.34
4,171,1,1349,-11.44,1070,0,0,4458,-13.34
4,171,2,3085,-10.8,1811,0,0,4458,-13.34
4,171,3,4458,-13.34,786,8,8,4458,-13.34
4,171,4,5615,-9.54,1157,0,0,4458,-13.34
4,171,5,6412,-8.98,797,0,0,4458,-13.34
4,171,6,7209,-8.98,797,0,0,4458,-13.34
4,171,7,8006,-10.38,797,0,0,4458,-13.34
0,172,0,767,-2.44,797,31,31,767,-2.44
3,172,0,767,-5.44,797,0,0,3646,-8.03
3,172,1,1328,-7,1070,0,0,3646,-8.03
3,172,2,3646,-8.03,1811,69,69,3646,-8.03
4,172,0,767,-6.44,797,0,0,4434,-9.9
4,172,1,1328,-8,1070,0,0,4434,-9.9
4,172,2,3646,-9.03,1811,1,1,4434,-9.9
4,172,3,4434,-9.9,786,31,31,4434,-9.9
4,172,4,5588,-6.1,1157,0,0,4434,-9.9
4,172,5,6388,-5.54,797,0,0,4434,-9.9
4,172,6,7185,-5.54,797,0,0,4434,-9.9
4,172,7,7982,-6.94,797,0,0,4434,-9.9
0,173,0,85,-2.96,797,76,76,85,-2.96
3,173,0,85,-5.96,797,0,0,3586,-8.4
3,173,1,1855,-7.58,1070,19,19,3586,-8.4
3,173,2,3586,-8.4,1811,55,55,3586,-8.4
4,173,0,85,-6.96,797,0,0,3707,-10.42
4,173,1,1855,-8.58,1070,0,0,3707,-10.42
4,173,2,3586,-9.4,1811,0,0,3707,-10.42
4,173,3,3707,-10.42,786,73,73,3707,-10.42
4,173,4,5149,-7.2,1157,0,0,3707,-10.42
4,173,5,5706,-6.06,797,0,0,3707,-10.42
4,173,6,6503,-6.06,797,0,0,3707,-10.42
4,173,7,7300,-7.46,797,0,0,3707,-10.42
0,174,0,85,-3.3,797,76,76,85,-3.3
3,174,0,85,-6.3,797,0,0,3586,-8.62
3,174,1,1855,-7.92,1070,20,20,3586,-8.62
3,174,2,3586,-8.62,1811,55,55,3586,-8.62
4,174,0,85,-7.3,797,0,0,3707,-10.76
4,174,1,1855,-8.92,1070,0,0,3707,-10.76
4,174,2,3586,-9.62,1811,0,0,3707,-10.76
4,174,3,3707,-10.76,786,73,73,3707,-10.76
4,174,4,5149,-7.54,1157,0,0,3707,-10.76
4,174,5,5706,-6.4,797,0,0,3707,-10.76
4,174,6,6503,-6.4,797,0,0,3707,-10.76
4,174,7,7300,-7.8,797,0,0,3707,-10.76
0,175,0,767,-2.44,797,31,31,767,-2.44
3,175,0,767,-5.44,797,0,0,3587,-7.78
3,175,1,1328,-7,1070,11,11,3587,-7.78
3,175,2,3587,-7.78,1811,64,64,3587,-7.78
4,175,0,767,-6.44,797,0,0,4434,-9.9
4,175,1,1328,-8,1070,0,0,4434,-9.9
4,175,2,3587,-8.78,1811,0,0,4434,-9.9
4,175,3,4434,-9.9,786,31,31,4434,-9.9
4,175,4,5588,-6.1,1157,0,0,4434,-9.9
4,175,5,6388,-5.54,797,0,0,4434,-9.9
4,175,6,7185,-5.54,797,0,0,4434,-9.9
4,175,7,7982,-6.94,797,0,0,4434,-9.9
0,176,0,767,-2.44,797,31,31,767,-2.44
3,176,0,767,-5.44,797,0,0,3587,-7.78
3,176,1,1328,-7,1070,11,11,3587,-7.78
3,176,2,3587,-7.78,1811,48,48,3587,-7.78
4,176,0,767,-6.44,797,0,0,4434,-9.9
4,176,1,1328,-8,1070,0,0,4434,-9.9
4,176,2,3587,-8.78,1811,0,0,4434,-9.9
4,176,3,4434,-9.9,786,31,31,4434,-9.9
4,176,4,5588,-6.1,1157,0,0,4434,-9.9
4,176,5,6388,-5.54,797,0,0,4434,-9.9
4,176,6,7185,-5.54,797,0,0,4434,-9.9
4,176,7,7982,-6.94,797,0,0,4434,-9.9
0,177,0,791,-5.54,797,9,9,791,-5.54
3,177,0,791,-8.54,797,0,0,1349,-10.1
3,177,1,1349,-10.1,1070,10,10,1349,-10.1
3,177,2,3085,-9.46,1811,2,2,1349,-10.1
4,177,0,791,-9.54,797,0,0,4458,-13
4,177,1,1349,-11.1,1070,0,0,4458,-13
4,177,2,3085,-10.46,1811,0,0,4458,-13
4,177,3,4458,-13,786,9,9,4458,-13
4,177,4,5615,-9.2,1157,0,0,4458,-13
4,177,5,6412,-8.64,797,0,0,4458,-13
4,177,6,7209,-8.64,797,0,0,4458,-13
4,177,7,8006,-10.04,797,0,0,4458,-13
0,178,0,791,-5.2,797,9,9,791,-5.2
3,178,0,791,-8.2,797,0,0,1349,-9.76
3,178,1,1349,-9.76,1070,10,10,1349,-9.76
3,178,2,3085,-9.21,1811,2,2,1349,-9.76
4,178,0,791,-9.2,797,0,0,4458,-12.66
4,178,1,1349,-10.76,1070,0,0,4458,-12.66
4,178,2,3085,-10.21,1811,0,0,4458,-12.66
4,178,3,4458,-12.66,786,9,9,4458,-12.66
4,178,4,5615,-8.86,1157,0,0,4458,-12.66
4,178,5,6412,-8.3,797,0,0,4458,-12.66
4,178,6,7209,-8.3,797,0,0,4458,-12.66
4,178,7,8006,-9.7,797,0,0,4458,-12.66
0,179,0,85,-2.96,797,76,76,85,-2.96
3,179,0,85,-5.96,797,0,0,3586,-8.28
3,179,1,1855,-7.58,1070,20,20,3586,-8.28
3,179,2,3586,-8.28,1811,55,55,3586,-8.28
4,179,0,85,-6.96,797,0,0,3707,-10.42
4,179,1,1855,-8.58,1070,0,0,3707,-10.42
4,179,2,3586,-9.28,1811,0,0,3707,-10.42
4,179,3,3707,-10.42,786,73,73,3707,-10.42
4,179,4,5149,-7.2,1157,0,0,3707,-10.42
4,179,5,5706,-6.06,797,0,0,3707,-10.42
4,179,6,6503,-6.06,797,0,0,3707,-10.42
4,179,7,7300,-7.46,797,0,0,3707,-10.42
0,180,0,85,-2.52,797,39,39,85,-2.52
3,180,0,85,-5.52,797,0,0,3398,-7.13
3,180,1,818,-7.08,1070,35,35,3398,-7.13
3,180,2,3398,-7.13,1811,208,208,3398,-7.13
4,180,0,85,-6.52,797,0,0,3707,-9.98
4,180,1,818,-8.08,1070,0,0,3707,-9.98
4,180,2,3398,-8.13,1811,0,0,3707,-9.98
4,180,3,3707,-9.98,786,37,37,3707,-9.98
4,180,4,5149,-6.76,1157,0,0,3707,-9.98
4,180,5,5706,-5.62,797,0,0,3707,-9.98
4,180,6,6503,-5.62,797,0,0,3707,-9.98
4,180,7,7300,-7.02,797,0,0,3707,-9.98
0,181,0,85,-2.96,797,76,76,85,-2.96
3,181,0,85,-5.96,797,0,0,3586,-8.28
3,181,1,1855,-7.58,1070,20,20,3586,-8.28
3,181,2,3586,-8.28,1811,55,55,3586,-8.28
4,181,0,85,-6.96,797,0,0,3707,-10.42
4,181,1,1855,-8.58,1070,0,0,3707,-10.42
4,181,2,3586,-9.28,1811,0,0,3707,-10.42
4,181,3,3707,-10.42,786,73,73,3707,-10.42
4,181,4,5149,-7.2,1157,0,0,3707,-10.42
4,181,5,5706,-6.06,797,0,0,3707,-10.42
4,181,6,6503,-6.06,797,0,0,3707,-10.42
4,181,7,7300,-7.46,797,0,0,3707,-10.42
0,182,0,85,-2.52,797,39,39,85,-2.52
3,182,0,85,-5.52,797,0,0,3398,-7.13
3,182,1,818,-7.08,1070,35,35,3398,-7.13
3,182,2,3398,-7.13,1811,208,208,3398,-7.13
4,182,0,85,-6.52,797,0,0,3707,-9.98
4,182,1,818,-8.08,1070,0,0,3707,-9.98
4,182,2,3398,-8.13,1811,0,0,3707,-9.98
4,182,3,3707,-9.98,786,37,37,3707,-9.98
4,182,4,5149,-6.76,1157,0,0,3707,-9.98
4,182,5,5706,-5.62,797,0,0,3707,-9.98
4,182,6,6503,-5.62,797,0,0,3707,-9.98
4,182,7,7300,-7.02,797,0,0,3707,-9.98
0,183,0,85,-2.74,797,39,39,85,-2.74
3,183,0,85,-5.74,797,0,0,818,-7.3
3,183,1,818,-7.3,1070,50,50,818,-7.3
3,183,2,3398,-7.28,1811,208,208,818,-7.3
4,183,0,85,-6.74,797,0,0,3707,-10.2
4,183,1,818,-8.3,1070,0,0,3707,-10.2
4,183,2,3398,-8.28,1811,0,0,3707,-10.2
4,183,3,3707,-10.2,786,37,37,3707,-10.2
4,183,4,5149,-6.98,1157,0,0,3707,-10.2
4,183,5,5706,-5.84,797,0,0,3707,-10.2
4,183,6,6503,-5.84,797,0,0,3707,-10.2
4,183,7,7300,-7.24,797,0,0,3707,-10.2
0,184,0,85,-2.1,797,76,76,85,-2.1
3,184,0,85,-5.1,797,0,0,3586,-7.84
3,184,1,1855,-6.72,1070,0,0,3586,-7.84
3,184,2,3586,-7.84,1811,19,19,3586,-7.84
4,184,0,85,-6.1,797,0,0,3707,-9.56
4,184,1,1855,-7.72,1070,0,0,3707,-9.56
4,184,2,3586,-8.84,1811,3,3,3707,-9.56
4,184,3,3707,-9.56,786,73,73,3707,-9.56
4,184,4,5149,-6.34,1157,0,0,3707,-9.56
4,184,5,5706,-5.2,797,0,0,3707,-9.56
4,184,6,6503,-5.2,797,0,0,3707,-9.56
4,184,7,7300,-6.6,797,0,0,3707,-9.56
0,185,0,85,-2.1,797,76,76,85,-2.1
3,185,0,85,-5.1,797,0,0,3586,-7.84
3,185,1,1855,-6.72,1070,0,0,3586,-7.84
3,185,2,3586,-7.84,1811,26,26,3586,-7.84
4,185,0,85,-6.1,797,0,0,3707,-9.56
4,185,1,1855,-7.72,1070,0,0,3707,-9.56
4,185,2,3586,-8.84,1811,5,5,3707,-9.56
4,185,3,3707,-9.56,786,73,73,3707,-9.56
4,185,4,5149,-6.34,1157,0,0,3707,-9.56
4,185,5,5706,-5.2,797,0,0,3707,-9.56
4,185,6,6503,-5.2,797,0,0,3707,-9.56
4,185,7,7300,-6.6,797,0,0,3707,-9.56
0,186,0,85,-2.1,797,76,76,85,-2.1
3,186,0,85,-5.1,797,0,0,3586,-7.84
3,186,1,1855,-6.72,1070,0,0,3586,-7.84
3,186,2,3586,-7.84,1811,26,26,3586,-7.84
4,186,0,85,-6.1,797,0,0,3707,-9.56
4,186,1,1855,-7.72,1070,0,0,3707,-9.56
4,186,2,3586,-8.84,1811,5,5,3707,-9.56
4,186,3,3707,-9.56,786,73,73,3707,-9.56
4,186,4,5149,-6.34,1157,0,0,3707,-9.56
4,186,5,5706,-5.2,797,0,0,3707,-9.56
4,186,6,6503,-5.2,797,0,0,3707,-9.56
4,186,7,7300,-6.6,797,0,0,3707,-9.56
0,187,0,767,-2.7,797,31,31,767,-2.7
3,187,0,767,-5.7,797,0,0,3646,-8.2
3,187,1,1328,-7.26,1070,6,6,3646,-8.2
3,187,2,3646,-8.2,1811,69,69,3646,-8.2
4,187,0,767,-6.7,797,0,0,4434,-10.16
4,187,1,1328,-8.26,1070,0,0,4434,-10.16
4,187,2,3646,-9.2,1811,1,1,4434,-10.16
4,187,3,4434,-10.16,786,31,31,4434,-10.16
4,187,4,5588,-6.36,1157,0,0,4434,-10.16
4,187,5,6388,-5.8,797,0,0,4434,-10.16
4,187,6,7185,-5.8,797,0,0,4434,-10.16
4,187,7,7982,-7.2,797,0,0,4434,-10.16
0,188,0,85,-1.76,797,80,76,85,-1.76
3,188,0,85,-4.76,797,0,0,3586,-7.59
3,188,1,1855,-6.38,1070,0,0,3586,-7.59
3,188,2,3586,-7.59,1811,49,49,3586,-7.59
4,188,0,85,-5.76,797,0,0,3707,-9.22
4,188,1,1855,-7.38,1070,0,0,3707,-9.22
4,188,2,3586,-8.59,1811,9,9,3707,-9.22
4,188,3,3707,-9.22,786,77,73,3707,-9.22
4,188,4,5149,-6,1157,0,0,3707,-9.22
4,188,5,5706,-4.86,797,0,0,3707,-9.22
4,188,6,6503,-4.86,797,0,0,3707,-9.22
4,188,7,7300,-6.26,797,0,0,3707,-9.22
0,189,0,85,-3.22,797,76,76,85,-3.22
3,189,0,85,-6.22,797,0,0,3586,-8.54
3,189,1,1855,-7.84,1070,20,20,3586,-8.54
3,189,2,3586,-8.54,1811,55,55,3586,-8.54
4,189,0,85,-7.22,797,0,0,3707,-10.68
4,189,1,1855,-8.84,1070,0,0,3707,-10.68
4,189,2,3586,-9.54,1811,0,0,3707,-10.68
4,189,3,3707,-10.68,786,73,73,3707,-10.68
4,189,4,5149,-7.46,1157,0,0,3707,-10.68
4,189,5,5706,-6.32,797,0,0,3707,-10.68
4,189,6,6503,-6.32,797,0,0,3707,-10.68
4,189,7,7300,-7.72,797,0,0,3707,-10.68
0,190,0,85,-3.22,797,76,76,85,-3.22
3,190,0,85,-6.22,797,0,0,3586,-8.54
3,190,1,1855,-7.84,1070,20,20,3586,-8.54
3,190,2,3586,-8.54,1811,55,55,3586,-8.54
4,190,0,85,-7.22,797,0,0,3707,-10.68
4,190,1,1855,-8.84,1070,0,0,3707,-10.68
4,190,2,3586,-9.54,1811,0,0,3707,-10.68
4,190,3,3707,-10.68,786,73,73,3707,-10.68
4,190,4,5149,-7.46,1157,0,0,3707,-10.68
4,190,5,5706,-6.32,797,0,0,3707,-10.68
4,190,6,6503,-6.32,797,0,0,3707,-10.68
4,190,7,7300,-7.72,797,0,0,3707,-10.68
0,191,0,85,-4.98,797,39,39,85,-4.98
3,191,0,85,-7.98,797,0,0,818,-9.54
3,191,1,818,-9.54,1070,50,50,818,-9.54
3,191,2,3398,-8.62,1811,2,2,818,-9.54
4,191,0,85,-8.98,797,0,0,3707,-12.44
4,191,1,818,-10.54,1070,0,0,3707,-12.44
4,191,2,3398,-9.62,1811,0,0,3707,-12.44
4,191,3,3707,-12.44,786,37,37,3707,-12.44
4,191,4,5149,-9.22,1157,0,0,3707,-12.44
4,191,5,5706,-8.08,797,0,0,3707,-12.44
4,191,6,6503,-8.08,797,0,0,3707,-12.44
4,191,7,7300,-9.48,797,0,0,3707,-12.44
0,192,0,85,-4.98,797,39,39,85,-4.98
3,192,0,85,-7.98,797,0,0,3398,-9.86
3,192,1,818,-9.54,1070,12,12,3398,-9.86
3,192,2,3398,-9.86,1811,49,49,3398,-9.86
4,192,0,85,-8.98,797,0,0,3707,-12.44
4,192,1,818,-10.54,1070,0,0,3707,-12.44
4,192,2,3398,-10.86,1811,0,0,3707,-12.44
4,192,3,3707,-12.44,786,37,37,3707,-12.44
4,192,4,5149,-9.22,1157,0,0,3707,-12.44
4,192,5,5706,-8.08,797,0,0,3707,-12.44
4,192,6,6503,-8.08,797,0,0,3707,-12.44
4,192,7,7300,-9.48,797,0,0,3707,-12.44
0,193,0,85,-4.98,797,41,39,85,-4.98
3,193,0,85,-7.98,797,0,0,3398,-9.86
3,193,1,818,-9.54,1070,12,12,3398,-9.86
3,193,2,3398,-9.86,1811,158,158,3398,-9.86
4,193,0,85,-8.98,797,0,0,3707,-12.44
4,193,1,818,-10.54,1070,0,0,3707,-12.44
4,193,2,3398,-10.86,1811,0,0,3707,-12.44
4,193,3,3707,-12.44,786,39,37,3707,-12.44
4,193,4,5149,-9.22,1157,0,0,3707,-12.44
4,193,5,5706,-8.08,797,0,0,3707,-12.44
4,193,6,6503,-8.08,797,0,0,3707,-12.44
4,193,7,7300,-9.48,797,0,0,3707,-12.44
0,194,0,85,-4.64,797,43,39,85,-4.64
3,194,0,85,-7.64,797,0,0,3398,-9.61
3,194,1,818,-9.2,1070,5,5,3398,-9.61
3,194,2,3398,-9.61,1811,158,158,3398,-9.61
4,194,0,85,-8.64,797,0,0,3707,-12.1
4,194,1,818,-10.2,1070,0,0,3707,-12.1
4,194,2,3398,-10.61,1811,0,0,3707,-12.1
4,194,3,3707,-12.1,786,41,37,3707,-12.1
4,194,4,5149,-8.88,1157,0,0,3707,-12.1
4,194,5,5706,-7.74,797,0,0,3707,-12.1
4,194,6,6503,-7.74,797,0,0,3707,-12.1
4,194,7,7300,-9.14,797,0,0,3707,-12.1
0,195,0,85,-4.78,797,19,19,85,-4.78
3,195,0,85,-7.78,797,0,0,818,-9.34
3,195,1,818,-9.34,1070,20,20,818,-9.34
3,195,2,2970,-8.06,1811,0,0,818,-9.34
4,195,0,85,-8.78,797,0,0,3707,-12.24
4,195,1,818,-10.34,1070,0,0,3707,-12.24
4,195,2,2970,-9.06,1811,0,0,3707,-12.24
4,195,3,3707,-12.24,786,17,17,3707,-12.24
4,195,4,5149,-10.72,1157,0,0,3707,-12.24
4,195,5,5706,-7.88,797,0,0,3707,-12.24
4,195,6,6503,-7.88,797,0,0,3707,-12.24
4,195,7,7300,-9.28,797,0,0,3707,-12.24
0,196,0,767,-2.44,797,31,31,767,-2.44
3,196,0,767,-5.44,797,0,0,3587,-7.78
3,196,1,1328,-7,1070,11,11,3587,-7.78
3,196,2,3587,-7.78,1811,64,64,3587,-7.78
4,196,0,767,-6.44,797,0,0,4434,-9.9
4,196,1,1328,-8,1070,0,0,4434,-9.9
4,196,2,3587,-8.78,1811,0,0,4434,-9.9
4,196,3,4434,-9.9,786,31,31,4434,-9.9
4,196,4,5588,-6.1,1157,0,0,4434,-9.9
4,196,5,6388,-5.54,797,0,0,4434,-9.9
4,196,6,7185,-5.54,797,0,0,4434,-9.9
4,196,7,7982,-6.94,797,0,0,4434,-9.9
0,197,0,767,-2.44,797,31,31,767,-2.44
3,197,0,767,-5.44,797,0,0,3587,-7.78
3,197,1,1328,-7,1070,11,11,3587,-7.78
3,197,2,3587,-7.78,1811,68,68,3587,-7.78
4,197,0,767,-6.44,797,0,0,4434,-9.9
4,197,1,1328,-8,1070,0,0,4434,-9.9
4,197,2,3587,-8.78,1811,0,0,4434,-9.9
4,197,3,4434,-9.9,786,31,31,4434,-9.9
4,197,4,5588,-6.1,1157,0,0,4434,-9.9
4,197,5,6388,-5.54,797,0,0,4434,-9.9
4,197,6,7185,-5.54,797,0,0,4434,-9.9
4,197,7,7982,-6.94,797,0,0,4434,-9.9
0,198,0,791,-5.2,797,9,9,791,-5.2
3,198,0,791,-8.2,797,0,0,1349,-9.76
3,198,1,1349,-9.76,1070,10,10,1349,-9.76
3,198,2,3085,-9.21,1811,2,2,1349,-9.76
4,198,0,791,-9.2,797,0,0,4458,-12.66
4,198,1,1349,-10.76,1070,0,0,4458,-12.66
4,198,2,3085,-10.21,1811,0,0,4458,-12.66
4,198,3,4458,-12.66,786,9,9,4458,-12.66
4,198,4,5615,-8.86,1157,0,0,4458,-12.66
4,198,5,6412,-8.3,797,0,0,4458,-12.66
4,198,6,7209,-8.3,797,0,0,4458,-12.66
4,198,7,8006,-9.7,797,0,0,4458,-12.66
0,199,0,85,-1.76,797,76,76,85,-1.76
3,199,0,85,-4.76,797,0,0,3586,-7.5
3,199,1,1855,-6.38,1070,0,0,3586,-7.5
3,199,2,3586,-7.5,1811,19,19,3586,-7.5
4,199,0,85,-5.76,797,0,0,3707,-9.22
4,199,1,1855,-7.38,1070,0,0,3707,-9.22
4,199,2,3586,-8.5,1811,3,3,3707,-9.22
4,199,3,3707,-9.22,786,73,73,3707,-9.22
4,199,4,5149,-6,1157,0,0,3707,-9.22
4,199,5,5706,-4.86,797,0,0,3707,-9.22
4,199,6,6503,-4.86,797,0,0,3707,-9.22
4,199,7,7300,-6.26,797,0,0,3707,-9.22
0,200,0,85,-1.76,797,76,76,85,-1.76
3,200,0,85,-4.76,797,0,0,3586,-7.5
3,200,1,1855,-6.38,1070,0,0,3586,-7.5
3,200,2,3586,-7.5,1811,26,26,3586,-7.5
4,200,0,85,-5.76,797,0,0,3707,-9.22
4,200,1,1855,-7.38,1070,0,0,3707,-9.22
4,200,2,3586,-8.5,1811,5,5,3707,-9.22
4,200,3,3707,-9.22,786,73,73,3707,-9.22
4,200,4,5149,-6,1157,0,0,3707,-9.22
4,200,5,5706,-4.86,797,0,0,3707,-9.22
4,200,6,6503,-4.86,797,0,0,3707,-9.22
4,200,7,7300,-6.26,797,0,0,3707,-9.22
0,201,0,85,-1.76,797,76,76,85,-1.76
3,201,0,85,-4.76,797,0,0,3586,-7.5
3,201,1,1855,-6.38,1070,0,0,3586,-7.5
3,201,2,3586,-7.5,1811,26,26,3586,-7.5
4,201,0,85,-5.76,797,0,0,3707,-9.22
4,201,1,1855,-7.38,1070,0,0,3707,-9.22
4,201,2,3586,-8.5,1811,5,5,3707,-9.22
4,201,3,3707,-9.22,786,73,73,3707,-9.22
4,201,4,5149,-6,1157,0,0,3707,-9.22
4,201,5,5706,-4.86,797,0,0,3707,-9.22
4,201,6,6503,-4.86,797,0,0,3707,-9.22
4,201,7,7300,-6.26,797,0,0,3707,-9.22
0,202,0,85,-1.76,797,78,76,85,-1.76
3,202,0,85,-4.76,797,0,0,3586,-7.5
3,202,1,1855,-6.38,1070,0,0,3586,-7.5
3,202,2,3586,-7.5,1811,49,49,3586,-7.5
4,202,0,85,-5.76,797,0,0,3707,-9.22
4,202,1,1855,-7.38,1070,0,0,3707,-9.22
4,202,2,3586,-8.5,1811,5,5,3707,-9.22
4,202,3,3707,-9.22,786,75,73,3707,-9.22
4,202,4,5149,-6,1157,0,0,3707,-9.22
4,202,5,5706,-4.86,797,0,0,3707,-9.22
4,202,6,6503,-4.86,797,0,0,3707,-9.22
4,202,7,7300,-6.26,797,0,0,3707,-9.22
0,203,0,85,-3.22,797,76,76,85,-3.22
3,203,0,85,-6.22,797,0,0,3586,-8.42
3,203,1,1855,-7.84,1070,23,23,3586,-8.42
3,203,2,3586,-8.42,1811,55,55,3586,-8.42
4,203,0,85,-7.22,797,0,0,3707,-10.68
4,203,1,1855,-8.84,1070,0,0,3707,-10.68
4,203,2,3586,-9.42,1811,0,0,3707,-10.68
4,203,3,3707,-10.68,786,73,73,3707,-10.68
4,203,4,5149,-7.46,1157,0,0,3707,-10.68
4,203,5,5706,-6.32,797,0,0,3707,-10.68
4,203,6,6503,-6.32,797,0,0,3707,-10.68
4,203,7,7300,-7.72,797,0,0,3707,-10.68
0,204,0,346,-3.72,797,1,1,346,-3.72
3,204,0,346,-6.72,797,0,0,1030,-8.28
3,204,1,1030,-8.28,1070,1,1,1030,-8.28
3,204,2,3586,-7.5,1811,5,5,1030,-8.28
4,204,0,346,-7.72,797,0,0,4028,-11.18
4,204,1,1030,-9.28,1070,0,0,4028,-11.18
4,204,2,3586,-8.5,1811,0,0,4028,-11.18
4,204,3,4028,-11.18,786,1,1,4028,-11.18
4,204,4,4999,-7.38,1157,0,0,4028,-11.18
4,204,5,5967,-6.82,797,0,0,4028,-11.18
4,204,6,6764,-6.82,797,0,0,4028,-11.18
4,204,7,7561,-8.22,797,0,0,4028,-11.18
0,205,0,346,-4.64,797,1,1,346,-4.64
3,205,0,346,-7.64,797,0,0,1030,-9.2
3,205,1,1030,-9.2,1070,1,1,1030,-9.2
3,205,2,3586,-8.42,1811,5,5,1030,-9.2
4,205,0,346,-8.64,797,0,0,4028,-12.1
4,205,1,1030,-10.2,1070,0,0,4028,-12.1
4,205,2,3586,-9.42,1811,0,0,4028,-12.1
4,205,3,4028,-12.1,786,1,1,4028,-12.1
4,205,4,4999,-8.3,1157,0,0,4028,-12.1
4,205,5,5967,-7.74,797,0,0,4028,-12.1
4,205,6,6764,-7.74,797,0,0,4028,-12.1
4,205,7,7561,-9.14,797,0,0,4028,-12.1
0,206,0,85,-1.32,797,39,39,85,-1.32
3,206,0,85,-4.32,797,0,0,818,-5.88
3,206,1,818,-5.88,1070,50,50,818,-5.88
3,206,2,3398,-4.96,1811,2,2,818,-5.88
4,206,0,85,-5.32,797,0,0,3707,-8.78
4,206,1,818,-6.88,1070,0,0,3707,-8.78
4,206,2,3398,-5.96,1811,0,0,3707,-8.78
4,206,3,3707,-8.78,786,37,37,3707,-8.78
4,206,4,5149,-5.56,1157,0,0,3707,-8.78
4,206,5,5706,-4.42,797,0,0,3707,-8.78
4,206,6,6503,-4.42,797,0,0,3707,-8.78
4,206,7,7300,-5.82,797,0,0,3707,-8.78
0,207,0,85,-1.32,797,39,39,85,-1.32
3,207,0,85,-4.32,797,0,0,3398,-6.2
3,207,1,818,-5.88,1070,12,12,3398,-6.2
3,207,2,3398,-6.2,1811,49,49,3398,-6.2
4,207,0,85,-5.32,797,0,0,3707,-8.78
4,207,1,818,-6.88,1070,0,0,3707,-8.78
4,207,2,3398,-7.2,1811,0,0,3707,-8.78
4,207,3,3707,-8.78,786,37,37,3707,-8.78
4,207,4,5149,-5.56,1157,0,0,3707,-8.78
4,207,5,5706,-4.42,797,0,0,3707,-8.78
4,207,6,6503,-4.42,797,0,0,3707,-8.78
4,207,7,7300,-5.82,797,0,0,3707,-8.78
0,208,0,85,-1.32,797,41,39,85,-1.32
3,208,0,85,-4.32,797,0,0,3398,-6.2
3,208,1,818,-5.88,1070,12,12,3398,-6.2
3,208,2,3398,-6.2,1811,158,158,3398,-6.2
4,208,0,85,-5.32,797,0,0,3707,-8.78
4,208,1,818,-6.88,1070,0,0,3707,-8.78
4,208,2,3398,-7.2,1811,0,0,3707,-8.78
4,208,3,3707,-8.78,786,39,37,3707,-8.78
4,208,4,5149,-5.56,1157,0,0,3707,-8.78
4,208,5,5706,-4.42,797,0,0,3707,-8.78
4,208,6,6503,-4.42,797,0,0,3707,-8.78
4,208,7,7300,-5.82,797,0,0,3707,-8.78
0,209,0,85,-1.32,797,41,39,85,-1.32
3,209,0,85,-4.32,797,0,0,3398,-6.2
3,209,1,818,-5.88,1070,12,12,3398,-6.2
3,209,2,3398,-6.2,1811,158,158,3398,-6.2
4,209,0,85,-5.32,797,0,0,3707,-8.78
4,209,1,818,-6.88,1070,0,0,3707,-8.78
4,209,2,3398,-7.2,1811,0,0,3707,-8.78
4,209,3,3707,-8.78,786,39,37,3707,-8.78
4,209,4,5149,-5.56,1157,0,0,3707,-8.78
4,209,5,5706,-4.42,797,0,0,3707,-8.78
4,209,6,6503,-4.42,797,0,0,3707,-8.78
4,209,7,7300,-5.82,797,0,0,3707,-8.78
0,210,0,85,-4.1,797,19,19,85,-4.1
3,210,0,85,-7.1,797,0,0,818,-8.66
3,210,1,818,-8.66,1070,20,20,818,-8.66
3,210,2,2970,-7.38,1811,0,0,818,-8.66
4,210,0,85,-8.1,797,0,0,3707,-11.56
4,210,1,818,-9.66,1070,0,0,3707,-11.56
4,210,2,2970,-8.38,1811,0,0,3707,-11.56
4,210,3,3707,-11.56,786,17,17,3707,-11.56
4,210,4,5149,-10.28,1157,0,0,3707,-11.56
4,210,5,5706,-7.2,797,0,0,3707,-11.56
4,210,6,6503,-7.2,797,0,0,3707,-11.56
4,210,7,7300,-8.6,797,0,0,3707,-11.56
0,211,0,85,-2.1,797,76,76,85,-2.1
3,211,0,85,-5.1,797,0,0,3586,-7.84
3,211,1,1855,-6.72,1070,0,0,3586,-7.84
3,211,2,3586,-7.84,1811,26,26,3586,-7.84
4,211,0,85,-6.1,797,0,0,3707,-9.56
4,211,1,1855,-7.72,1070,0,0,3707,-9.56
4,211,2,3586,-8.84,1811,5,5,3707,-9.56
4,211,3,3707,-9.56,786,73,73,3707,-9.56
4,211,4,5149,-6.34,1157,0,0,3707,-9.56
4,211,5,5706,-5.2,797,0,0,3707,-9.56
4,211,6,6503,-5.2,797,0,0,3707,-9.56
4,211,7,7300,-6.6,797,0,0,3707,-9.56
0,212,0,85,-1.32,797,39,39,85,-1.32
3,212,0,85,-4.32,797,0,0,818,-5.88
3,212,1,818,-5.88,1070,50,50,818,-5.88
3,212,2,3398,-5.06,1811,9,9,818,-5.88
4,212,0,85,-5.32,797,0,0,3707,-8.78
4,212,1,818,-6.88,1070,0,0,3707,-8.78
4,212,2,3398,-6.06,1811,0,0,3707,-8.78
4,212,3,3707,-8.78,786,37,37,3707,-8.78
4,212,4,5149,-5.56,1157,0,0,3707,-8.78
4,212,5,5706,-4.42,797,0,0,3707,-8.78
4,212,6,6503,-4.42,797,0,0,3707,-8.78
4,212,7,7300,-5.82,797,0,0,3707,-8.78
0,213,0,85,-1.32,797,39,39,85,-1.32
3,213,0,85,-4.32,797,0,0,3398,-6.2
3,213,1,818,-5.88,1070,12,12,3398,-6.2
3,213,2,3398,-6.2,1811,49,49,3398,-6.2
4,213,0,85,-5.32,797,0,0,3707,-8.78
4,213,1,818,-6.88,1070,0,0,3707,-8.78
4,213,2,3398,-7.2,1811,0,0,3707,-8.78
4,213,3,3707,-8.78,786,37,37,3707,-8.78
4,213,4,5149,-5.56,1157,0,0,3707,-8.78
4,213,5,5706,-4.42,797,0,0,3707,-8.78
4,213,6,6503,-4.42,797,0,0,3707,-8.78
4,213,7,7300,-5.82,797,0,0,3707,-8.78
0,214,0,85,-1.32,797,41,39,85,-1.32
3,214,0,85,-4.32,797,0,0,3398,-6.2
3,214,1,818,-5.88,1070,12,12,3398,-6.2
3,214,2,3398,-6.2,1811,158,158,3398,-6.2
4,214,0,85,-5.32,797,0,0,3707,-8.78
4,214,1,818,-6.88,1070,0,0,3707,-8.78
4,214,2,3398,-7.2,1811,0,0,3707,-8.78
4,214,3,3707,-8.78,786,39,37,3707,-8.78
4,214,4,5149,-5.56,1157,0,0,3707,-8.78
4,214,5,5706,-4.42,797,0,0,3707,-8.78
4,214,6,6503,-4.42,797,0,0,3707,-8.78
4,214,7,7300,-5.82,797,0,0,3707,-8.78
0,215,0,85,-1.32,797,41,39,85,-1.32
3,215,0,85,-4.32,797,0,0,3398,-6.2
3,215,1,818,-5.88,1070,12,12,3398,-6.2
3,215,2,3398,-6.2,1811,158,158,3398,-6.2
4,215,0,85,-5.32,797,0,0,3707,-8.78
4,215,1,818,-6.88,1070,0,0,3707,-8.78
4,215,2,3398,-7.2,1811,0,0,3707,-8.78
4,215,3,3707,-8.78,786,39,37,3707,-8.78
4,215,4,5149,-5.56,1157,0,0,3707,-8.78
4,215,5,5706,-4.42,797,0,0,3707,-8.78
4,215,6,6503,-4.42,797,0,0,3707,-8.78
4,215,7,7300,-5.82,797,0,0,3707,-8.78
0,216,0,85,-0.66,797,19,19,85,-0.66
3,216,0,85,-3.66,797,0,0,818,-5.22
3,216,1,818,-5.22,1070,20,20,818,-5.22
3,216,2,2970,-3.94,1811,0,0,818,-5.22
4,216,0,85,-4.66,797,0,0,3707,-8.12
4,216,1,818,-6.22,1070,0,0,3707,-8.12
4,216,2,2970,-4.94,1811,0,0,3707,-8.12
4,216,3,3707,-8.12,786,17,17,3707,-8.12
4,216,4,5149,-7.34,1157,1,1,3707,-8.12
4,216,5,5706,-3.76,797,0,0,3707,-8.12
4,216,6,6503,-3.76,797,0,0,3707,-8.12
4,216,7,7300,-5.16,797,0,0,3707,-8.12
0,217,0,85,-0.88,797,19,19,85,-0.88
3,217,0,85,-3.88,797,0,0,818,-5.44
3,217,1,818,-5.44,1070,20,20,818,-5.44
3,217,2,2970,-4.26,1811,0,0,818,-5.44
4,217,0,85,-4.88,797,0,0,3707,-8.34
4,217,1,818,-6.44,1070,0,0,3707,-8.34
4,217,2,2970,-5.26,1811,0,0,3707,-8.34
4,217,3,3707,-8.34,786,17,17,3707,-8.34
4,217,4,5149,-7.49,1157,1,1,3707,-8.34
4,217,5,5706,-3.98,797,0,0,3707,-8.34
4,217,6,6503,-3.98,797,0,0,3707,-8.34
4,217,7,7300,-5.38,797,0,0,3707,-8.34
0,218,0,85,-5.03,797,3,3,85,-5.03
3,218,0,85,-8.03,797,0,0,818,-9.59
3,218,1,818,-9.59,1070,3,3,818,-9.59
3,218,2,3586,-9.57,1811,26,26,818,-9.59
4,218,0,85,-9.03,797,0,0,3707,-12.49
4,218,1,818,-10.59,1070,0,0,3707,-12.49
4,218,2,3586,-10.57,1811,0,0,3707,-12.49
4,218,3,3707,-12.49,786,3,3,3707,-12.49
4,218,4,5149,-9.27,1157,0,0,3707,-12.49
4,218,5,5706,-8.13,797,0,0,3707,-12.49
4,218,6,6503,-8.13,797,0,0,3707,-12.49
4,218,7,7300,-9.53,797,0,0,3707,-12.49
0,219,0,85,-4.57,797,3,3,85,-4.57
3,219,0,85,-7.57,797,0,0,3586,-9.35
3,219,1,818,-9.13,1070,3,3,3586,-9.35
3,219,2,3586,-9.35,1811,49,49,3586,-9.35
4,219,0,85,-8.57,797,0,0,3707,-12.03
4,219,1,818,-10.13,1070,0,0,3707,-12.03
4,219,2,3586,-10.35,1811,0,0,3707,-12.03
4,219,3,3707,-12.03,786,3,3,3707,-12.03
4,219,4,5149,-8.81,1157,0,0,3707,-12.03
4,219,5,5706,-7.67,797,0,0,3707,-12.03
4,219,6,6503,-7.67,797,0,0,3707,-12.03
4,219,7,7300,-9.07,797,0,0,3707,-12.03
0,220,0,85,-4.69,797,3,3,85,-4.69
3,220,0,85,-7.69,797,0,0,3586,-9.35
3,220,1,818,-9.25,1070,3,3,3586,-9.35
3,220,2,3586,-9.35,1811,49,49,3586,-9.35
4,220,0,85,-8.69,797,0,0,3707,-12.15
4,220,1,818,-10.25,1070,0,0,3707,-12.15
4,220,2,3586,-10.35,1811,0,0,3707,-12.15
4,220,3,3707,-12.15,786,3,3,3707,-12.15
4,220,4,5149,-8.93,1157,0,0,3707,-12.15
4,220,5,5706,-7.79,797,0,0,3707,-12.15
4,220,6,6503,-7.79,797,0,0,3707,-12.15
4,220,7,7300,-9.19,797,0,0,3707,-12.15
0,221,0,85,-5.25,797,4,4,85,-5.25
3,221,0,85,-8.25,797,0,0,3586,-9.82
3,221,1,818,-9.81,1070,4,4,3586,-9.82
3,221,2,3586,-9.82,1811,20,20,3586,-9.82
4,221,0,85,-9.25,797,0,0,3707,-12.71
4,221,1,818,-10.81,1070,0,0,3707,-12.71
4,221,2,3586,-10.82,1811,0,0,3707,-12.71
4,221,3,3707,-12.71,786,4,4,3707,-12.71
4,221,4,5149,-9.49,1157,0,0,3707,-12.71
4,221,5,5706,-8.35,797,0,0,3707,-12.71
4,221,6,6503,-8.35,797,0,0,3707,-12.71
4,221,7,7300,-9.75,797,0,0,3707,-12.71
0,222,0,85,-4.91,797,4,4,85,-4.91
3,222,0,85,-7.91,797,0,0,3586,-9.57
3,222,1,818,-9.47,1070,4,4,3586,-9.57
3,222,2,3586,-9.57,1811,27,27,3586,-9.57
4,222,0,85,-8.91,797,0,0,3707,-12.37
4,222,1,818,-10.47,1070,0,0,3707,-12.37
4,222,2,3586,-10.57,1811,0,0,3707,-12.37
4,222,3,3707,-12.37,786,4,4,3707,-12.37
4,222,4,5149,-9.15,1157,0,0,3707,-12.37
4,222,5,5706,-8.01,797,0,0,3707,-12.37
4,222,6,6503,-8.01,797,0,0,3707,-12.37
4,222,7,7300,-9.41,797,0,0,3707,-12.37
0,223,0,85,-4.57,797,3,3,85,-4.57
3,223,0,85,-7.57,797,0,0,3586,-9.35
3,223,1,818,-9.13,1070,3,3,3586,-9.35
3,223,2,3586,-9.35,1811,49,49,3586,-9.35
4,223,0,85,-8.57,797,0,0,3707,-12.03
4,223,1,818,-10.13,1070,0,0,3707,-12.03
4,223,2,3586,-10.35,1811,0,0,3707,-12.03
4,223,3,3707,-12.03,786,3,3,3707,-12.03
4,223,4,5149,-8.81,1157,0,0,3707,-12.03
4,223,5,5706,-7.67,797,0,0,3707,-12.03
4,223,6,6503,-7.67,797,0,0,3707,-12.03
4,223,7,7300,-9.07,797,0,0,3707,-12.03
0,224,0,85,-5.91,797,3,3,85,-5.91
3,224,0,85,-8.91,797,0,0,818,-10.47
3,224,1,818,-10.47,1070,5,5,818,-10.47
3,224,2,3586,-10.3,1811,39,39,818,-10.47
4,224,0,85,-9.91,797,0,0,3707,-13.37
4,224,1,818,-11.47,1070,0,0,3707,-13.37
4,224,2,3586,-11.3,1811,0,0,3707,-13.37
4,224,3,3707,-13.37,786,3,3,3707,-13.37
4,224,4,5149,-10.15,1157,0,0,3707,-13.37
4,224,5,5706,-9.01,797,0,0,3707,-13.37
4,224,6,6503,-9.01,797,0,0,3707,-13.37
4,224,7,7300,-10.41,797,0,0,3707,-13.37
0,225,0,85,-4.57,797,3,3,85,-4.57
3,225,0,85,-7.57,797,0,0,3586,-9.35
3,225,1,818,-9.13,1070,3,3,3586,-9.35
3,225,2,3586,-9.35,1811,49,49,3586,-9.35
4,225,0,85,-8.57,797,0,0,3707,-12.03
4,225,1,818,-10.13,1070,0,0,3707,-12.03
4,225,2,3586,-10.35,1811,0,0,3707,-12.03
4,225,3,3707,-12.03,786,3,3,3707,-12.03
4,225,4,5149,-8.81,1157,0,0,3707,-12.03
4,225,5,5706,-7.67,797,0,0,3707,-12.03
4,225,6,6503,-7.67,797,0,0,3707,-12.03
4,225,7,7300,-9.07,797,0,0,3707,-12.03
0,226,0,85,-5.69,797,3,3,85,-5.69
3,226,0,85,-8.69,797,0,0,818,-10.25
3,226,1,818,-10.25,1070,3,3,818,-10.25
3,226,2,3586,-10.08,1811,39,39,818,-10.25
4,226,0,85,-9.69,797,0,0,3707,-13.15
4,226,1,818,-11.25,1070,0,0,3707,-13.15
4,226,2,3586,-11.08,1811,0,0,3707,-13.15
4,226,3,3707,-13.15,786,3,3,3707,-13.15
4,226,4,5149,-9.93,1157,0,0,3707,-13.15
4,226,5,5706,-8.79,797,0,0,3707,-13.15
4,226,6,6503,-8.79,797,0,0,3707,-13.15
4,226,7,7300,-10.19,797,0,0,3707,-13.15
0,227,0,85,-6.03,797,3,3,85,-6.03
3,227,0,85,-9.03,797,0,0,818,-10.59
3,227,1,818,-10.59,1070,3,3,818,-10.59
3,227,2,3586,-10.3,1811,29,29,818,-10.59
4,227,0,85,-10.03,797,0,0,3707,-13.49
4,227,1,818,-11.59,1070,0,0,3707,-13.49
4,227,2,3586,-11.3,1811,0,0,3707,-13.49
4,227,3,3707,-13.49,786,3,3,3707,-13.49
4,227,4,5149,-10.27,1157,0,0,3707,-13.49
4,227,5,5706,-9.13,797,0,0,3707,-13.49
4,227,6,6503,-9.13,797,0,0,3707,-13.49
4,227,7,7300,-10.53,797,0,0,3707,-13.49
0,228,0,767,-5.73,797,16,16,767,-5.73
3,228,0,767,-8.73,797,0,0,1328,-10.29
3,228,1,1328,-10.29,1070,19,19,1328,-10.29
3,228,2,3587,-10.02,1811,38,38,1328,-10.29
4,228,0,767,-9.73,797,0,0,4434,-13.19
4,228,1,1328,-11.29,1070,0,0,4434,-13.19
4,228,2,3587,-11.02,1811,0,0,4434,-13.19
4,228,3,4434,-13.19,786,16,16,4434,-13.19
4,228,4,5588,-9.39,1157,0,0,4434,-13.19
4,228,5,6388,-8.83,797,0,0,4434,-13.19
4,228,6,7185,-8.83,797,0,0,4434,-13.19
4,228,7,7982,-10.23,797,0,0,4434,-13.19
0,229,0,767,-5.39,797,16,16,767,-5.39
3,229,0,767,-8.39,797,0,0,1328,-9.95
3,229,1,1328,-9.95,1070,19,19,1328,-9.95
3,229,2,3587,-9.77,1811,52,52,1328,-9.95
4,229,0,767,-9.39,797,0,0,4434,-12.85
4,229,1,1328,-10.95,1070,0,0,4434,-12.85
4,229,2,3587,-10.77,1811,0,0,4434,-12.85
4,229,3,4434,-12.85,786,16,16,4434,-12.85
4,229,4,5588,-9.05,1157,0,0,4434,-12.85
4,229,5,6388,-8.49,797,0,0,4434,-12.85
4,229,6,7185,-8.49,797,0,0,4434,-12.85
4,229,7,7982,-9.89,797,0,0,4434,-12.85
0,230,0,767,-5.05,797,16,16,767,-5.05
3,230,0,767,-8.05,797,0,0,3646,-9.71
3,230,1,1328,-9.61,1070,19,19,3646,-9.71
3,230,2,3646,-9.71,1811,69,69,3646,-9.71
4,230,0,767,-9.05,797,0,0,4434,-12.51
4,230,1,1328,-10.61,1070,0,0,4434,-12.51
4,230,2,3646,-10.71,1811,0,0,4434,-12.51
4,230,3,4434,-12.51,786,16,16,4434,-12.51
4,230,4,5588,-8.71,1157,0,0,4434,-12.51
4,230,5,6388,-8.15,797,0,0,4434,-12.51
4,230,6,7185,-8.15,797,0,0,4434,-12.51
4,230,7,7982,-9.55,797,0,0,4434,-12.51
0,231,0,767,-5.05,797,16,16,767,-5.05
3,231,0,767,-8.05,797,0,0,3646,-9.71
3,231,1,1328,-9.61,1070,19,19,3646,-9.71
3,231,2,3646,-9.71,1811,69,69,3646,-9.71
4,231,0,767,-9.05,797,0,0,4434,-12.51
4,231,1,1328,-10.61,1070,0,0,4434,-12.51
4,231,2,3646,-10.71,1811,0,0,4434,-12.51
4,231,3,4434,-12.51,786,16,16,4434,-12.51
4,231,4,5588,-8.71,1157,0,0,4434,-12.51
4,231,5,6388,-8.15,797,0,0,4434,-12.51
4,231,6,7185,-8.15,797,0,0,4434,-12.51
4,231,7,7982,-9.55,797,0,0,4434,-12.51
0,232,0,85,-5.03,797,3,3,85,-5.03
3,232,0,85,-8.03,797,0,0,818,-9.59
3,232,1,818,-9.59,1070,3,3,818,-9.59
3,232,2,3586,-9.48,1811,19,19,818,-9.59
4,232,0,85,-9.03,797,0,0,3707,-12.49
4,232,1,818,-10.59,1070,0,0,3707,-12.49
4,232,2,3586,-10.48,1811,0,0,3707,-12.49
4,232,3,3707,-12.49,786,3,3,3707,-12.49
4,232,4,5149,-9.27,1157,0,0,3707,-12.49
4,232,5,5706,-8.13,797,0,0,3707,-12.49
4,232,6,6503,-8.13,797,0,0,3707,-12.49
4,232,7,7300,-9.53,797,0,0,3707,-12.49
0,233,0,85,-4.91,797,4,4,85,-4.91
3,233,0,85,-7.91,797,0,0,3586,-9.48
3,233,1,818,-9.47,1070,4,4,3586,-9.48
3,233,2,3586,-9.48,1811,27,27,3586,-9.48
4,233,0,85,-8.91,797,0,0,3707,-12.37
4,233,1,818,-10.47,1070,0,0,3707,-12.37
4,233,2,3586,-10.48,1811,0,0,3707,-12.37
4,233,3,3707,-12.37,786,4,4,3707,-12.37
4,233,4,5149,-9.15,1157,0,0,3707,-12.37
4,233,5,5706,-8.01,797,0,0,3707,-12.37
4,233,6,6503,-8.01,797,0,0,3707,-12.37
4,233,7,7300,-9.41,797,0,0,3707,-12.37
0,234,0,85,-4.69,797,3,3,85,-4.69
3,234,0,85,-7.69,797,0,0,818,-9.25
3,234,1,818,-9.25,1070,3,3,818,-9.25
3,234,2,3586,-9.23,1811,46,46,818,-9.25
4,234,0,85,-8.69,797,0,0,3707,-12.15
4,234,1,818,-10.25,1070,0,0,3707,-12.15
4,234,2,3586,-10.23,1811,0,0,3707,-12.15
4,234,3,3707,-12.15,786,3,3,3707,-12.15
4,234,4,5149,-8.93,1157,0,0,3707,-12.15
4,234,5,5706,-7.79,797,0,0,3707,-12.15
4,234,6,6503,-7.79,797,0,0,3707,-12.15
4,234,7,7300,-9.19,797,0,0,3707,-12.15
0,235,0,85,-5.69,797,3,3,85,-5.69
3,235,0,85,-8.69,797,0,0,818,-10.25
3,235,1,818,-10.25,1070,3,3,818,-10.25
3,235,2,3586,-9.96,1811,29,29,818,-10.25
4,235,0,85,-9.69,797,0,0,3707,-13.15
4,235,1,818,-11.25,1070,0,0,3707,-13.15
4,235,2,3586,-10.96,1811,0,0,3707,-13.15
4,235,3,3707,-13.15,786,3,3,3707,-13.15
4,235,4,5149,-9.93,1157,0,0,3707,-13.15
4,235,5,5706,-8.79,797,0,0,3707,-13.15
4,235,6,6503,-8.79,797,0,0,3707,-13.15
4,235,7,7300,-10.19,797,0,0,3707,-13.15
0,236,0,85,-6.15,797,3,3,85,-6.15
3,236,0,85,-9.15,797,0,0,818,-10.71
3,236,1,818,-10.71,1070,3,3,818,-10.71
3,236,2,3586,-10.18,1811,9,9,818,-10.71
4,236,0,85,-10.15,797,0,0,3707,-13.61
4,236,1,818,-11.71,1070,0,0,3707,-13.61
4,236,2,3586,-11.18,1811,0,0,3707,-13.61
4,236,3,3707,-13.61,786,3,3,3707,-13.61
4,236,4,5149,-10.39,1157,0,0,3707,-13.61
4,236,5,5706,-9.25,797,0,0,3707,-13.61
4,236,6,6503,-9.25,797,0,0,3707,-13.61
4,236,7,7300,-10.65,797,0,0,3707,-13.61
0,237,0,85,-4.57,797,3,3,85,-4.57
3,237,0,85,-7.57,797,0,0,3586,-9.14
3,237,1,818,-9.13,1070,3,3,3586,-9.14
3,237,2,3586,-9.14,1811,19,19,3586,-9.14
4,237,0,85,-8.57,797,0,0,3707,-12.03
4,237,1,818,-10.13,1070,0,0,3707,-12.03
4,237,2,3586,-10.14,1811,0,0,3707,-12.03
4,237,3,3707,-12.03,786,3,3,3707,-12.03
4,237,4,5149,-8.81,1157,0,0,3707,-12.03
4,237,5,5706,-7.67,797,0,0,3707,-12.03
4,237,6,6503,-7.67,797,0,0,3707,-12.03
4,237,7,7300,-9.07,797,0,0,3707,-12.03
0,238,0,85,-4.57,797,3,3,85,-4.57
3,238,0,85,-7.57,797,0,0,3586,-9.14
3,238,1,818,-9.13,1070,3,3,3586,-9.14
3,238,2,3586,-9.14,1811,26,26,3586,-9.14
4,238,0,85,-8.57,797,0,0,3707,-12.03
4,238,1,818,-10.13,1070,0,0,3707,-12.03
4,238,2,3586,-10.14,1811,0,0,3707,-12.03
4,238,3,3707,-12.03,786,3,3,3707,-12.03
4,238,4,5149,-8.81,1157,0,0,3707,-12.03
4,238,5,5706,-7.67,797,0,0,3707,-12.03
4,238,6,6503,-7.67,797,0,0,3707,-12.03
4,238,7,7300,-9.07,797,0,0,3707,-12.03
0,239,0,767,-5.05,797,16,16,767,-5.05
3,239,0,767,-8.05,797,0,0,1328,-9.61
3,239,1,1328,-9.61,1070,19,19,1328,-9.61
3,239,2,3646,-9.5,1811,57,57,1328,-9.61
4,239,0,767,-9.05,797,0,0,4434,-12.51
4,239,1,1328,-10.61,1070,0,0,4434,-12.51
4,239,2,3646,-10.5,1811,0,0,4434,-12.51
4,239,3,4434,-12.51,786,16,16,4434,-12.51
4,239,4,5588,-8.71,1157,0,0,4434,-12.51
4,239,5,6388,-8.15,797,0,0,4434,-12.51
4,239,6,7185,-8.15,797,0,0,4434,-12.51
4,239,7,7982,-9.55,797,0,0,4434,-12.51
0,240,0,85,-4.57,797,4,4,85,-4.57
3,240,0,85,-7.57,797,0,0,3586,-9.14
3,240,1,818,-9.13,1070,4,4,3586,-9.14
3,240,2,3586,-9.14,1811,27,27,3586,-9.14
4,240,0,85,-8.57,797,0,0,3707,-12.03
4,240,1,818,-10.13,1070,0,0,3707,-12.03
4,240,2,3586,-10.14,1811,0,0,3707,-12.03
4,240,3,3707,-12.03,786,4,4,3707,-12.03
4,240,4,5149,-8.81,1157,0,0,3707,-12.03
4,240,5,5706,-7.67,797,0,0,3707,-12.03
4,240,6,6503,-7.67,797,0,0,3707,-12.03
4,240,7,7300,-9.07,797,0,0,3707,-12.03
0,241,0,346,-5.11,797,2,2,346,-5.11
3,241,0,346,-8.11,797,0,0,1030,-9.67
3,241,1,1030,-9.67,1070,2,2,1030,-9.67
3,241,2,3586,-8.89,1811,5,5,1030,-9.67
4,241,0,346,-9.11,797,0,0,4028,-12.57
4,241,1,1030,-10.67,1070,0,0,4028,-12.57
4,241,2,3586,-9.89,1811,0,0,4028,-12.57
4,241,3,4028,-12.57,786,2,2,4028,-12.57
4,241,4,4999,-8.77,1157,0,0,4028,-12.57
4,241,5,5967,-8.21,797,0,0,4028,-12.57
4,241,6,6764,-8.21,797,0,0,4028,-12.57
4,241,7,7561,-9.61,797,0,0,4028,-12.57
0,242,0,85,-5.69,797,3,3,85,-5.69
3,242,0,85,-8.69,797,0,0,818,-10.25
3,242,1,818,-10.25,1070,3,3,818,-10.25
3,242,2,3586,-9.84,1811,21,21,818,-10.25
4,242,0,85,-9.69,797,0,0,3707,-13.15
4,242,1,818,-11.25,1070,0,0,3707,-13.15
4,242,2,3586,-10.84,1811,0,0,3707,-13.15
4,242,3,3707,-13.15,786,3,3,3707,-13.15
4,242,4,5149,-9.93,1157,0,0,3707,-13.15
4,242,5,5706,-8.79,797,0,0,3707,-13.15
4,242,6,6503,-8.79,797,0,0,3707,-13.15
4,242,7,7300,-10.19,797,0,0,3707,-13.15
0,243,0,85,-5.13,797,3,3,85,-5.13
3,243,0,85,-8.13,797,0,0,818,-9.69
3,243,1,818,-9.69,1070,3,3,818,-9.69
3,243,2,3398,-8.69,1811,2,2,818,-9.69
4,243,0,85,-9.13,797,0,0,3707,-12.59
4,243,1,818,-10.69,1070,0,0,3707,-12.59
4,243,2,3398,-9.69,1811,0,0,3707,-12.59
4,243,3,3707,-12.59,786,3,3,3707,-12.59
4,243,4,5149,-9.37,1157,0,0,3707,-12.59
4,243,5,5706,-8.23,797,0,0,3707,-12.59
4,243,6,6503,-8.23,797,0,0,3707,-12.59
4,243,7,7300,-9.63,797,0,0,3707,-12.59
0,244,0,85,-5.69,797,3,3,85,-5.69
3,244,0,85,-8.69,797,0,0,818,-10.25
3,244,1,818,-10.25,1070,3,3,818,-10.25
3,244,2,3586,-9.84,1811,21,21,818,-10.25
4,244,0,85,-9.69,797,0,0,3707,-13.15
4,244,1,818,-11.25,1070,0,0,3707,-13.15
4,244,2,3586,-10.84,1811,0,0,3707,-13.15
4,244,3,3707,-13.15,786,3,3,3707,-13.15
4,244,4,5149,-9.93,1157,0,0,3707,-13.15
4,244,5,5706,-8.79,797,0,0,3707,-13.15
4,244,6,6503,-8.79,797,0,0,3707,-13.15
4,244,7,7300,-10.19,797,0,0,3707,-13.15
0,245,0,85,-5.25,797,3,3,85,-5.25
3,245,0,85,-8.25,797,0,0,818,-9.81
3,245,1,818,-9.81,1070,3,3,818,-9.81
3,245,2,3398,-8.69,1811,0,0,818,-9.81
4,245,0,85,-9.25,797,0,0,3707,-12.71
4,245,1,818,-10.81,1070,0,0,3707,-12.71
4,245,2,3398,-9.69,1811,0,0,3707,-12.71
4,245,3,3707,-12.71,786,3,3,3707,-12.71
4,245,4,5149,-9.49,1157,0,0,3707,-12.71
4,245,5,5706,-8.35,797,0,0,3707,-12.71
4,245,6,6503,-8.35,797,0,0,3707,-12.71
4,245,7,7300,-9.75,797,0,0,3707,-12.71
0,246,0,85,-5.47,797,3,3,85,-5.47
3,246,0,85,-8.47,797,0,0,818,-10.03
3,246,1,818,-10.03,1070,3,3,818,-10.03
3,246,2,3398,-8.84,1811,0,0,818,-10.03
4,246,0,85,-9.47,797,0,0,3707,-12.93
4,246,1,818,-11.03,1070,0,0,3707,-12.93
4,246,2,3398,-9.84,1811,0,0,3707,-12.93
4,246,3,3707,-12.93,786,3,3,3707,-12.93
4,246,4,5149,-9.71,1157,0,0,3707,-12.93
4,246,5,5706,-8.57,797,0,0,3707,-12.93
4,246,6,6503,-8.57,797,0,0,3707,-12.93
4,246,7,7300,-9.97,797,0,0,3707,-12.93
0,247,0,85,-4.71,797,3,3,85,-4.71
3,247,0,85,-7.71,797,0,0,3586,-9.4
3,247,1,818,-9.27,1070,3,3,3586,-9.4
3,247,2,3586,-9.4,1811,19,19,3586,-9.4
4,247,0,85,-8.71,797,0,0,3707,-12.17
4,247,1,818,-10.27,1070,0,0,3707,-12.17
4,247,2,3586,-10.4,1811,0,0,3707,-12.17
4,247,3,3707,-12.17,786,3,3,3707,-12.17
4,247,4,5149,-8.95,1157,0,0,3707,-12.17
4,247,5,5706,-7.81,797,0,0,3707,-12.17
4,247,6,6503,-7.81,797,0,0,3707,-12.17
4,247,7,7300,-9.21,797,0,0,3707,-12.17
0,248,0,85,-4.71,797,3,3,85,-4.71
3,248,0,85,-7.71,797,0,0,3586,-9.4
3,248,1,818,-9.27,1070,3,3,3586,-9.4
3,248,2,3586,-9.4,1811,26,26,3586,-9.4
4,248,0,85,-8.71,797,0,0,3707,-12.17
4,248,1,818,-10.27,1070,0,0,3707,-12.17
4,248,2,3586,-10.4,1811,0,0,3707,-12.17
4,248,3,3707,-12.17,786,3,3,3707,-12.17
4,248,4,5149,-8.95,1157,0,0,3707,-12.17
4,248,5,5706,-7.81,797,0,0,3707,-12.17
4,248,6,6503,-7.81,797,0,0,3707,-12.17
4,248,7,7300,-9.21,797,0,0,3707,-12.17
0,249,0,85,-4.71,797,3,3,85,-4.71
3,249,0,85,-7.71,797,0,0,3586,-9.4
3,249,1,818,-9.27,1070,3,3,3586,-9.4
3,249,2,3586,-9.4,1811,26,26,3586,-9.4
4,249,0,85,-8.71,797,0,0,3707,-12.17
4,249,1,818,-10.27,1070,0,0,3707,-12.17
4,249,2,3586,-10.4,1811,0,0,3707,-12.17
4,249,3,3707,-12.17,786,3,3,3707,-12.17
4,249,4,5149,-8.95,1157,0,0,3707,-12.17
4,249,5,5706,-7.81,797,0,0,3707,-12.17
4,249,6,6503,-7.81,797,0,0,3707,-12.17
4,249,7,7300,-9.21,797,0,0,3707,-12.17
0,250,0,767,-5.31,797,16,16,767,-5.31
3,250,0,767,-8.31,797,0,0,1328,-9.87
3,250,1,1328,-9.87,1070,19,19,1328,-9.87
3,250,2,3646,-9.76,1811,57,57,1328,-9.87
4,250,0,767,-9.31,797,0,0,4434,-12.77
4,250,1,1328,-10.87,1070,0,0,4434,-12.77
4,250,2,3646,-10.76,1811,0,0,4434,-12.77
4,250,3,4434,-12.77,786,16,16,4434,-12.77
4,250,4,5588,-8.97,1157,0,0,4434,-12.77
4,250,5,6388,-8.41,797,0,0,4434,-12.77
4,250,6,7185,-8.41,797,0,0,4434,-12.77
4,250,7,7982,-9.81,797,0,0,4434,-12.77
0,251,0,85,-4.37,797,3,3,85,-4.37
3,251,0,85,-7.37,797,0,0,3586,-9.15
3,251,1,818,-8.93,1070,3,3,3586,-9.15
3,251,2,3586,-9.15,1811,49,49,3586,-9.15
4,251,0,85,-8.37,797,0,0,3707,-11.83
4,251,1,818,-9.93,1070,0,0,3707,-11.83
4,251,2,3586,-10.15,1811,0,0,3707,-11.83
4,251,3,3707,-11.83,786,3,3,3707,-11.83
4,251,4,5149,-8.61,1157,0,0,3707,-11.83
4,251,5,5706,-7.47,797,0,0,3707,-11.83
4,251,6,6503,-7.47,797,0,0,3707,-11.83
4,251,7,7300,-8.87,797,0,0,3707,-11.83
0,252,0,85,-5.83,797,3,3,85,-5.83
3,252,0,85,-8.83,797,0,0,818,-10.39
3,252,1,818,-10.39,1070,5,5,818,-10.39
3,252,2,3586,-10.1,1811,29,29,818,-10.39
4,252,0,85,-9.83,797,0,0,3707,-13.29
4,252,1,818,-11.39,1070,0,0,3707,-13.29
4,252,2,3586,-11.1,1811,0,0,3707,-13.29
4,252,3,3707,-13.29,786,3,3,3707,-13.29
4,252,4,5149,-10.07,1157,0,0,3707,-13.29
4,252,5,5706,-8.93,797,0,0,3707,-13.29
4,252,6,6503,-8.93,797,0,0,3707,-13.29
4,252,7,7300,-10.33,797,0,0,3707,-13.29
0,253,0,85,-5.83,797,3,3,85,-5.83
3,253,0,85,-8.83,797,0,0,818,-10.39
3,253,1,818,-10.39,1070,5,5,818,-10.39
3,253,2,3586,-10.1,1811,29,29,818,-10.39
4,253,0,85,-9.83,797,0,0,3707,-13.29
4,253,1,818,-11.39,1070,0,0,3707,-13.29
4,253,2,3586,-11.1,1811,0,0,3707,-13.29
4,253,3,3707,-13.29,786,3,3,3707,-13.29
4,253,4,5149,-10.07,1157,0,0,3707,-13.29
4,253,5,5706,-8.93,797,0,0,3707,-13.29
4,253,6,6503,-8.93,797,0,0,3707,-13.29
4,253,7,7300,-10.33,797,0,0,3707,-13.29
0,254,0,85,-7.65,797,3,3,85,-7.65
3,254,0,85,-10.65,797,0,0,818,-12.21
3,254,1,818,-12.21,1070,3,3,818,-12.21
3,254,2,1919,-10.32,1811,0,0,818,-12.21
4,254,0,85,-11.65,797,0,0,3707,-15.12
4,254,1,818,-13.21,1070,0,0,3707,-15.12
4,254,2,1919,-11.32,1811,0,0,3707,-15.12
4,254,3,3707,-15.12,786,3,3,3707,-15.12
4,254,4,5149,-11.89,1157,0,0,3707,-15.12
4,254,5,5706,-10.75,797,0,0,3707,-15.12
4,254,6,6503,-10.75,797,0,0,3707,-15.12
4,254,7,7300,-12.15,797,0,0,3707,-15.12
0,255,0,85,-7.65,797,3,3,85,-7.65
3,255,0,85,-10.65,797,0,0,818,-12.21
3,255,1,818,-12.21,1070,3,3,818,-12.21
3,255,2,3398,-11.52,1811,4,4,818,-12.21
4,255,0,85,-11.65,797,0,0,3707,-15.12
4,255,1,818,-13.21,1070,0,0,3707,-15.12
4,255,2,3398,-12.52,1811,0,0,3707,-15.12
4,255,3,3707,-15.12,786,3,3,3707,-15.12
4,255,4,5149,-11.89,1157,0,0,3707,-15.12
4,255,5,5706,-10.75,797,0,0,3707,-15.12
4,255,6,6503,-10.75,797,0,0,3707,-15.12
4,255,7,7300,-12.15,797,0,0,3707,-15.12
0,256,0,85,-7.65,797,3,3,85,-7.65
3,256,0,85,-10.65,797,0,0,818,-12.21
3,256,1,818,-12.21,1070,3,3,818,-12.21
3,256,2,3398,-11.52,1811,10,10,818,-12.21
4,256,0,85,-11.65,797,0,0,3707,-15.12
4,256,1,818,-13.21,1070,0,0,3707,-15.12
4,256,2,3398,-12.52,1811,0,0,3707,-15.12
4,256,3,3707,-15.12,786,3,3,3707,-15.12
4,256,4,5149,-11.89,1157,0,0,3707,-15.12
4,256,5,5706,-10.75,797,0,0,3707,-15.12
4,256,6,6503,-10.75,797,0,0,3707,-15.12
4,256,7,7300,-12.15,797,0,0,3707,-15.12
0,257,0,85,-7.31,797,3,3,85,-7.31
3,257,0,85,-10.32,797,0,0,818,-11.87
3,257,1,818,-11.87,1070,3,3,818,-11.87
3,257,2,3398,-11.27,1811,21,21,818,-11.87
4,257,0,85,-11.32,797,0,0,3707,-14.78
4,257,1,818,-12.87,1070,0,0,3707,-14.78
4,257,2,3398,-12.27,1811,0,0,3707,-14.78
4,257,3,3707,-14.78,786,3,3,3707,-14.78
4,257,4,5149,-11.55,1157,0,0,3707,-14.78
4,257,5,5706,-10.41,797,0,0,3707,-14.78
4,257,6,6503,-10.41,797,0,0,3707,-14.78
4,257,7,7300,-11.82,797,0,0,3707,-14.78
0,258,0,85,-7.45,797,3,3,85,-7.45
3,258,0,85,-10.46,797,0,0,818,-12.01
3,258,1,818,-12.01,1070,3,3,818,-12.01
3,258,2,1919,-10.12,1811,0,0,818,-12.01
4,258,0,85,-11.46,797,0,0,3707,-14.92
4,258,1,818,-13.01,1070,0,0,3707,-14.92
4,258,2,1919,-11.12,1811,0,0,3707,-14.92
4,258,3,3707,-14.92,786,3,3,3707,-14.92
4,258,4,5149,-12.35,1157,0,0,3707,-14.92
4,258,5,5706,-10.55,797,0,0,3707,-14.92
4,258,6,6503,-10.55,797,0,0,3707,-14.92
4,258,7,7300,-11.96,797,0,0,3707,-14.92
0,259,0,85,-4.69,797,3,3,85,-4.69
3,259,0,85,-7.69,797,0,0,818,-9.25
3,259,1,818,-9.25,1070,3,3,818,-9.25
3,259,2,3586,-9.14,1811,19,19,818,-9.25
4,259,0,85,-8.69,797,0,0,3707,-12.15
4,259,1,818,-10.25,1070,0,0,3707,-12.15
4,259,2,3586,-10.14,1811,0,0,3707,-12.15
4,259,3,3707,-12.15,786,3,3,3707,-12.15
4,259,4,5149,-8.93,1157,0,0,3707,-12.15
4,259,5,5706,-7.79,797,0,0,3707,-12.15
4,259,6,6503,-7.79,797,0,0,3707,-12.15
4,259,7,7300,-9.19,797,0,0,3707,-12.15
0,260,0,85,-4.69,797,3,3,85,-4.69
3,260,0,85,-7.69,797,0,0,818,-9.25
3,260,1,818,-9.25,1070,3,3,818,-9.25
3,260,2,3586,-9.14,1811,25,25,818,-9.25
4,260,0,85,-8.69,797,0,0,3707,-12.15
4,260,1,818,-10.25,1070,0,0,3707,-12.15
4,260,2,3586,-10.14,1811,0,0,3707,-12.15
4,260,3,3707,-12.15,786,3,3,3707,-12.15
4,260,4,5149,-8.93,1157,0,0,3707,-12.15
4,260,5,5706,-7.79,797,0,0,3707,-12.15
4,260,6,6503,-7.79,797,0,0,3707,-12.15
4,260,7,7300,-9.19,797,0,0,3707,-12.15
0,261,0,346,-4.55,797,3,3,346,-4.55
3,261,0,346,-7.55,797,0,0,1030,-9.11
3,261,1,1030,-9.11,1070,3,3,1030,-9.11
3,261,2,3586,-8.89,1811,35,35,1030,-9.11
4,261,0,346,-8.55,797,0,0,4028,-12.01
4,261,1,1030,-10.11,1070,0,0,4028,-12.01
4,261,2,3586,-9.89,1811,0,0,4028,-12.01
4,261,3,4028,-12.01,786,3,3,4028,-12.01
4,261,4,5149,-8.47,1157,0,0,4028,-12.01
4,261,5,5967,-7.65,797,0,0,4028,-12.01
4,261,6,6764,-7.65,797,0,0,4028,-12.01
4,261,7,7561,-9.05,797,0,0,4028,-12.01
0,262,0,85,-4.49,797,3,3,85,-4.49
3,262,0,85,-7.49,797,0,0,3586,-9.06
3,262,1,818,-9.05,1070,3,3,3586,-9.06
3,262,2,3586,-9.06,1811,19,19,3586,-9.06
4,262,0,85,-8.49,797,0,0,3707,-11.95
4,262,1,818,-10.05,1070,0,0,3707,-11.95
4,262,2,3586,-10.06,1811,0,0,3707,-11.95
4,262,3,3707,-11.95,786,3,3,3707,-11.95
4,262,4,5149,-8.73,1157,0,0,3707,-11.95
4,262,5,5706,-7.59,797,0,0,3707,-11.95
4,262,6,6503,-7.59,797,0,0,3707,-11.95
4,262,7,7300,-8.99,797,0,0,3707,-11.95
0,263,0,85,-4.49,797,3,3,85,-4.49
3,263,0,85,-7.49,797,0,0,3586,-9.06
3,263,1,818,-9.05,1070,3,3,3586,-9.06
3,263,2,3586,-9.06,1811,26,26,3586,-9.06
4,263,0,85,-8.49,797,0,0,3707,-11.95
4,263,1,818,-10.05,1070,0,0,3707,-11.95
4,263,2,3586,-10.06,1811,0,0,3707,-11.95
4,263,3,3707,-11.95,786,3,3,3707,-11.95
4,263,4,5149,-8.73,1157,0,0,3707,-11.95
4,263,5,5706,-7.59,797,0,0,3707,-11.95
4,263,6,6503,-7.59,797,0,0,3707,-11.95
4,263,7,7300,-8.99,797,0,0,3707,-11.95
0,264,0,85,-4.49,797,3,3,85,-4.49
3,264,0,85,-7.49,797,0,0,3586,-9.06
3,264,1,818,-9.05,1070,3,3,3586,-9.06
3,264,2,3586,-9.06,1811,26,26,3586,-9.06
4,264,0,85,-8.49,797,0,0,3707,-11.95
4,264,1,818,-10.05,1070,0,0,3707,-11.95
4,264,2,3586,-10.06,1811,0,0,3707,-11.95
4,264,3,3707,-11.95,786,3,3,3707,-11.95
4,264,4,5149,-8.73,1157,0,0,3707,-11.95
4,264,5,5706,-7.59,797,0,0,3707,-11.95
4,264,6,6503,-7.59,797,0,0,3707,-11.95
4,264,7,7300,-8.99,797,0,0,3707,-11.95
0,265,0,85,-4.49,797,3,3,85,-4.49
3,265,0,85,-7.49,797,0,0,3586,-9.06
3,265,1,818,-9.05,1070,3,3,3586,-9.06
3,265,2,3586,-9.06,1811,49,49,3586,-9.06
4,265,0,85,-8.49,797,0,0,3707,-11.95
4,265,1,818,-10.05,1070,0,0,3707,-11.95
4,265,2,3586,-10.06,1811,0,0,3707,-11.95
4,265,3,3707,-11.95,786,3,3,3707,-11.95
4,265,4,5149,-8.73,1157,0,0,3707,-11.95
4,265,5,5706,-7.59,797,0,0,3707,-11.95
4,265,6,6503,-7.59,797,0,0,3707,-11.95
4,265,7,7300,-8.99,797,0,0,3707,-11.95
0,266,0,85,-5.83,797,3,3,85,-5.83
3,266,0,85,-8.83,797,0,0,818,-10.39
3,266,1,818,-10.39,1070,5,5,818,-10.39
3,266,2,3586,-9.98,1811,21,21,818,-10.39
4,266,0,85,-9.83,797,0,0,3707,-13.29
4,266,1,818,-11.39,1070,0,0,3707,-13.29
4,266,2,3586,-10.98,1811,0,0,3707,-13.29
4,266,3,3707,-13.29,786,3,3,3707,-13.29
4,266,4,5149,-10.07,1157,0,0,3707,-13.29
4,266,5,5706,-8.93,797,0,0,3707,-13.29
4,266,6,6503,-8.93,797,0,0,3707,-13.29
4,266,7,7300,-10.33,797,0,0,3707,-13.29
0,267,0,346,-5.28,797,3,3,346,-5.28
3,267,0,346,-8.28,797,0,0,1030,-9.84
3,267,1,1030,-9.84,1070,3,3,1030,-9.84
3,267,2,3586,-9.06,1811,5,5,1030,-9.84
4,267,0,346,-9.28,797,0,0,4028,-12.74
4,267,1,1030,-10.84,1070,0,0,4028,-12.74
4,267,2,3586,-10.06,1811,0,0,4028,-12.74
4,267,3,4028,-12.74,786,3,3,4028,-12.74
4,267,4,4999,-8.94,1157,0,0,4028,-12.74
4,267,5,5967,-8.38,797,0,0,4028,-12.74
4,267,6,6764,-8.38,797,0,0,4028,-12.74
4,267,7,7561,-9.78,797,0,0,4028,-12.74
0,268,0,346,-6.2,797,3,3,346,-6.2
3,268,0,346,-9.2,797,0,0,1030,-10.76
3,268,1,1030,-10.76,1070,3,3,1030,-10.76
3,268,2,3586,-9.98,1811,5,5,1030,-10.76
4,268,0,346,-10.2,797,0,0,4028,-13.66
4,268,1,1030,-11.76,1070,0,0,4028,-13.66
4,268,2,3586,-10.98,1811,0,0,4028,-13.66
4,268,3,4028,-13.66,786,3,3,4028,-13.66
4,268,4,5149,-10.19,1157,0,0,4028,-13.66
4,268,5,5967,-9.3,797,0,0,4028,-13.66
4,268,6,6764,-9.3,797,0,0,4028,-13.66
4,268,7,7561,-10.7,797,0,0,4028,-13.66
0,269,0,85,-3.93,797,3,3,85,-3.93
3,269,0,85,-6.93,797,0,0,818,-8.49
3,269,1,818,-8.49,1070,3,3,818,-8.49
3,269,2,1919,-6.59,1811,0,0,818,-8.49
4,269,0,85,-7.93,797,0,0,3707,-11.39
4,269,1,818,-9.49,1070,0,0,3707,-11.39
4,269,2,1919,-7.59,1811,0,0,3707,-11.39
4,269,3,3707,-11.39,786,3,3,3707,-11.39
4,269,4,5149,-8.17,1157,0,0,3707,-11.39
4,269,5,5706,-7.03,797,0,0,3707,-11.39
4,269,6,6503,-7.03,797,0,0,3707,-11.39
4,269,7,7300,-8.43,797,0,0,3707,-11.39
0,270,0,85,-3.93,797,3,3,85,-3.93
3,270,0,85,-6.93,797,0,0,818,-8.49
3,270,1,818,-8.49,1070,3,3,818,-8.49
3,270,2,3398,-7.76,1811,4,4,818,-8.49
4,270,0,85,-7.93,797,0,0,3707,-11.39
4,270,1,818,-9.49,1070,0,0,3707,-11.39
4,270,2,3398,-8.76,1811,0,0,3707,-11.39
4,270,3,3707,-11.39,786,3,3,3707,-11.39
4,270,4,5149,-8.17,1157,0,0,3707,-11.39
4,270,5,5706,-7.03,797,0,0,3707,-11.39
4,270,6,6503,-7.03,797,0,0,3707,-11.39
4,270,7,7300,-8.43,797,0,0,3707,-11.39
0,271,0,85,-3.93,797,3,3,85,-3.93
3,271,0,85,-6.93,797,0,0,818,-8.49
3,271,1,818,-8.49,1070,3,3,818,-8.49
3,271,2,3398,-7.76,1811,10,10,818,-8.49
4,271,0,85,-7.93,797,0,0,3707,-11.39
4,271,1,818,-9.49,1070,0,0,3707,-11.39
4,271,2,3398,-8.76,1811,0,0,3707,-11.39
4,271,3,3707,-11.39,786,3,3,3707,-11.39
4,271,4,5149,-8.17,1157,0,0,3707,-11.39
4,271,5,5706,-7.03,797,0,0,3707,-11.39
4,271,6,6503,-7.03,797,0,0,3707,-11.39
4,271,7,7300,-8.43,797,0,0,3707,-11.39
0,272,0,85,-3.93,797,3,3,85,-3.93
3,272,0,85,-6.93,797,0,0,818,-8.49
3,272,1,818,-8.49,1070,3,3,818,-8.49
3,272,2,3398,-7.76,1811,10,10,818,-8.49
4,272,0,85,-7.93,797,0,0,3707,-11.39
4,272,1,818,-9.49,1070,0,0,3707,-11.39
4,272,2,3398,-8.76,1811,0,0,3707,-11.39
4,272,3,3707,-11.39,786,3,3,3707,-11.39
4,272,4,5149,-8.17,1157,0,0,3707,-11.39
4,272,5,5706,-7.03,797,0,0,3707,-11.39
4,272,6,6503,-7.03,797,0,0,3707,-11.39
4,272,7,7300,-8.43,797,0,0,3707,-11.39
0,273,0,85,-6.77,797,3,3,85,-6.77
3,273,0,85,-9.78,797,0,0,818,-11.33
3,273,1,818,-11.33,1070,3,3,818,-11.33
3,273,2,1919,-9.44,1811,0,0,818,-11.33
4,273,0,85,-10.78,797,0,0,3707,-14.24
4,273,1,818,-12.33,1070,0,0,3707,-14.24
4,273,2,1919,-10.44,1811,0,0,3707,-14.24
4,273,3,3707,-14.24,786,3,3,3707,-14.24
4,273,4,5149,-11.9,1157,0,0,3707,-14.24
4,273,5,5706,-9.87,797,0,0,3707,-14.24
4,273,6,6503,-9.87,797,0,0,3707,-14.24
4,273,7,7300,-11.28,797,0,0,3707,-14.24
0,274,0,85,-4.95,797,3,3,85,-4.95
3,274,0,85,-7.95,797,0,0,818,-9.51
3,274,1,818,-9.51,1070,3,3,818,-9.51
3,274,2,3586,-9.4,1811,25,25,818,-9.51
4,274,0,85,-8.95,797,0,0,3707,-12.41
4,274,1,818,-10.51,1070,0,0,3707,-12.41
4,274,2,3586,-10.4,1811,0,0,3707,-12.41
4,274,3,3707,-12.41,786,3,3,3707,-12.41
4,274,4,5149,-9.19,1157,0,0,3707,-12.41
4,274,5,5706,-8.05,797,0,0,3707,-12.41
4,274,6,6503,-8.05,797,0,0,3707,-12.41
4,274,7,7300,-9.45,797,0,0,3707,-12.41
0,275,0,85,-4.05,797,3,3,85,-4.05
3,275,0,85,-7.05,797,0,0,818,-8.61
3,275,1,818,-8.61,1070,3,3,818,-8.61
3,275,2,1919,-6.71,1811,0,0,818,-8.61
4,275,0,85,-8.05,797,0,0,3707,-11.51
4,275,1,818,-9.61,1070,0,0,3707,-11.51
4,275,2,1919,-7.71,1811,0,0,3707,-11.51
4,275,3,3707,-11.51,786,3,3,3707,-11.51
4,275,4,5149,-8.29,1157,0,0,3707,-11.51
4,275,5,5706,-7.15,797,0,0,3707,-11.51
4,275,6,6503,-7.15,797,0,0,3707,-11.51
4,275,7,7300,-8.55,797,0,0,3707,-11.51
0,276,0,85,-4.05,797,3,3,85,-4.05
3,276,0,85,-7.05,797,0,0,818,-8.61
3,276,1,818,-8.61,1070,3,3,818,-8.61
3,276,2,3398,-7.76,1811,3,3,818,-8.61
4,276,0,85,-8.05,797,0,0,3707,-11.51
4,276,1,818,-9.61,1070,0,0,3707,-11.51
4,276,2,3398,-8.76,1811,0,0,3707,-11.51
4,276,3,3707,-11.51,786,3,3,3707,-11.51
4,276,4,5149,-8.29,1157,0,0,3707,-11.51
4,276,5,5706,-7.15,797,0,0,3707,-11.51
4,276,6,6503,-7.15,797,0,0,3707,-11.51
4,276,7,7300,-8.55,797,0,0,3707,-11.51
0,277,0,85,-4.05,797,3,3,85,-4.05
3,277,0,85,-7.05,797,0,0,818,-8.61
3,277,1,818,-8.61,1070,3,3,818,-8.61
3,277,2,3398,-7.76,1811,9,9,818,-8.61
4,277,0,85,-8.05,797,0,0,3707,-11.51
4,277,1,818,-9.61,1070,0,0,3707,-11.51
4,277,2,3398,-8.76,1811,0,0,3707,-11.51
4,277,3,3707,-11.51,786,3,3,3707,-11.51
4,277,4,5149,-8.29,1157,0,0,3707,-11.51
4,277,5,5706,-7.15,797,0,0,3707,-11.51
4,277,6,6503,-7.15,797,0,0,3707,-11.51
4,277,7,7300,-8.55,797,0,0,3707,-11.51
0,278,0,85,-4.05,797,3,3,85,-4.05
3,278,0,85,-7.05,797,0,0,818,-8.61
3,278,1,818,-8.61,1070,3,3,818,-8.61
3,278,2,3398,-7.76,1811,9,9,818,-8.61
4,278,0,85,-8.05,797,0,0,3707,-11.51
4,278,1,818,-9.61,1070,0,0,3707,-11.51
4,278,2,3398,-8.76,1811,0,0,3707,-11.51
4,278,3,3707,-11.51,786,3,3,3707,-11.51
4,278,4,5149,-8.29,1157,0,0,3707,-11.51
4,278,5,5706,-7.15,797,0,0,3707,-11.51
4,278,6,6503,-7.15,797,0,0,3707,-11.51
4,278,7,7300,-8.55,797,0,0,3707,-11.51
0,279,0,85,-3.27,797,3,3,85,-3.27
3,279,0,85,-6.27,797,0,0,818,-7.83
3,279,1,818,-7.83,1070,3,3,818,-7.83
3,279,2,1919,-5.93,1811,0,0,818,-7.83
4,279,0,85,-7.27,797,0,0,3707,-10.73
4,279,1,818,-8.83,1070,0,0,3707,-10.73
4,279,2,1919,-6.93,1811,0,0,3707,-10.73
4,279,3,3707,-10.73,786,3,3,3707,-10.73
4,279,4,5149,-8.9,1157,0,0,3707,-10.73
4,279,5,5706,-6.37,797,0,0,3707,-10.73
4,279,6,6503,-6.37,797,0,0,3707,-10.73
4,279,7,7300,-7.77,797,0,0,3707,-10.73
0,280,0,85,-3.61,797,3,3,85,-3.61
3,280,0,85,-6.61,797,0,0,818,-8.17
3,280,1,818,-8.17,1070,3,3,818,-8.17
3,280,2,1919,-6.27,1811,0,0,818,-8.17
4,280,0,85,-7.61,797,0,0,3707,-11.07
4,280,1,818,-9.17,1070,0,0,3707,-11.07
4,280,2,1919,-7.27,1811,0,0,3707,-11.07
4,280,3,3707,-11.07,786,3,3,3707,-11.07
4,280,4,5149,-9.05,1157,0,0,3707,-11.07
4,280,5,5706,-6.71,797,0,0,3707,-11.07
4,280,6,6503,-6.71,797,0,0,3707,-11.07
4,280,7,7300,-8.11,797,0,0,3707,-11.07
0,281,0,85,-4.96,797,14,14,85,-4.96
3,281,0,85,-7.96,797,0,0,818,-9.52
3,281,1,818,-9.52,1070,12,12,818,-9.52
3,281,2,3398,-8.61,1811,2,2,818,-9.52
4,281,0,85,-8.96,797,0,0,3707,-12.42
4,281,1,818,-10.52,1070,0,0,3707,-12.42
4,281,2,3398,-9.61,1811,0,0,3707,-12.42
4,281,3,3707,-12.42,786,12,12,3707,-12.42
4,281,4,5149,-9.2,1157,0,0,3707,-12.42
4,281,5,5706,-8.06,797,0,0,3707,-12.42
4,281,6,6503,-8.06,797,0,0,3707,-12.42
4,281,7,7300,-9.46,797,0,0,3707,-12.42
0,282,0,85,-5.18,797,15,15,85,-5.18
3,282,0,85,-8.18,797,0,0,818,-9.74
3,282,1,818,-9.74,1070,13,13,818,-9.74
3,282,2,2996,-8.94,1811,1,1,818,-9.74
4,282,0,85,-9.18,797,0,0,3707,-12.64
4,282,1,818,-10.74,1070,0,0,3707,-12.64
4,282,2,2996,-9.94,1811,0,0,3707,-12.64
4,282,3,3707,-12.64,786,13,13,3707,-12.64
4,282,4,5149,-9.42,1157,0,0,3707,-12.64
4,282,5,5706,-8.28,797,0,0,3707,-12.64
4,282,6,6503,-8.28,797,0,0,3707,-12.64
4,282,7,7300,-9.68,797,0,0,3707,-12.64
0,283,0,85,-4.84,797,15,15,85,-4.84
3,283,0,85,-7.84,797,0,0,818,-9.4
3,283,1,818,-9.4,1070,13,13,818,-9.4
3,283,2,2996,-8.69,1811,4,4,818,-9.4
4,283,0,85,-8.84,797,0,0,3707,-12.3
4,283,1,818,-10.4,1070,0,0,3707,-12.3
4,283,2,2996,-9.69,1811,0,0,3707,-12.3
4,283,3,3707,-12.3,786,13,13,3707,-12.3
4,283,4,5149,-9.08,1157,0,0,3707,-12.3
4,283,5,5706,-7.94,797,0,0,3707,-12.3
4,283,6,6503,-7.94,797,0,0,3707,-12.3
4,283,7,7300,-9.34,797,0,0,3707,-12.3
0,284,0,85,-4.5,797,14,14,85,-4.5
3,284,0,85,-7.5,797,0,0,818,-9.06
3,284,1,818,-9.06,1070,12,12,818,-9.06
3,284,2,3398,-8.39,1811,19,19,818,-9.06
4,284,0,85,-8.5,797,0,0,3707,-11.96
4,284,1,818,-10.06,1070,0,0,3707,-11.96
4,284,2,3398,-9.39,1811,0,0,3707,-11.96
4,284,3,3707,-11.96,786,12,12,3707,-11.96
4,284,4,5149,-8.74,1157,0,0,3707,-11.96
4,284,5,5706,-7.6,797,0,0,3707,-11.96
4,284,6,6503,-7.6,797,0,0,3707,-11.96
4,284,7,7300,-9,797,0,0,3707,-11.96
0,285,0,85,-4.5,797,14,14,85,-4.5
3,285,0,85,-7.5,797,0,0,818,-9.06
3,285,1,818,-9.06,1070,12,12,818,-9.06
3,285,2,3398,-8.39,1811,19,19,818,-9.06
4,285,0,85,-8.5,797,0,0,3707,-11.96
4,285,1,818,-10.06,1070,0,0,3707,-11.96
4,285,2,3398,-9.39,1811,0,0,3707,-11.96
4,285,3,3707,-11.96,786,12,12,3707,-11.96
4,285,4,5149,-8.74,1157,0,0,3707,-11.96
4,285,5,5706,-7.6,797,0,0,3707,-11.96
4,285,6,6503,-7.6,797,0,0,3707,-11.96
4,285,7,7300,-9,797,0,0,3707,-11.96
0,286,0,85,-4.73,797,14,14,85,-4.73
3,286,0,85,-7.72,797,0,0,818,-9.28
3,286,1,818,-9.28,1070,12,12,818,-9.28
3,286,2,3398,-8.61,1811,9,9,818,-9.28
4,286,0,85,-8.73,797,0,0,3707,-12.19
4,286,1,818,-10.28,1070,0,0,3707,-12.19
4,286,2,3398,-9.61,1811,0,0,3707,-12.19
4,286,3,3707,-12.19,786,12,12,3707,-12.19
4,286,4,5149,-8.97,1157,0,0,3707,-12.19
4,286,5,5706,-7.82,797,0,0,3707,-12.19
4,286,6,6503,-7.82,797,0,0,3707,-12.19
4,286,7,7300,-9.23,797,0,0,3707,-12.19
0,287,0,85,-4.96,797,14,14,85,-4.96
3,287,0,85,-7.96,797,0,0,818,-9.52
3,287,1,818,-9.52,1070,12,12,818,-9.52
3,287,2,1919,-7.62,1811,0,0,818,-9.52
4,287,0,85,-8.96,797,0,0,3707,-12.42
4,287,1,818,-10.52,1070,0,0,3707,-12.42
4,287,2,1919,-8.62,1811,0,0,3707,-12.42
4,287,3,3707,-12.42,786,12,12,3707,-12.42
4,287,4,5149,-9.2,1157,0,0,3707,-12.42
4,287,5,5706,-8.06,797,0,0,3707,-12.42
4,287,6,6503,-8.06,797,0,0,3707,-12.42
4,287,7,7300,-9.46,797,0,0,3707,-12.42
0,288,0,85,-4.62,797,14,14,85,-4.62
3,288,0,85,-7.62,797,0,0,818,-9.18
3,288,1,818,-9.18,1070,12,12,818,-9.18
3,288,2,3398,-8.27,1811,2,2,818,-9.18
4,288,0,85,-8.62,797,0,0,3707,-12.08
4,288,1,818,-10.18,1070,0,0,3707,-12.08
4,288,2,3398,-9.27,1811,0,0,3707,-12.08
4,288,3,3707,-12.08,786,12,12,3707,-12.08
4,288,4,5149,-8.86,1157,0,0,3707,-12.08
4,288,5,5706,-7.72,797,0,0,3707,-12.08
4,288,6,6503,-7.72,797,0,0,3707,-12.08
4,288,7,7300,-9.12,797,0,0,3707,-12.08
0,289,0,85,-4.5,797,14,14,85,-4.5
3,289,0,85,-7.5,797,0,0,818,-9.06
3,289,1,818,-9.06,1070,12,12,818,-9.06
3,289,2,1919,-7.16,1811,0,0,818,-9.06
4,289,0,85,-8.5,797,0,0,3707,-11.96
4,289,1,818,-10.06,1070,0,0,3707,-11.96
4,289,2,1919,-8.16,1811,0,0,3707,-11.96
4,289,3,3707,-11.96,786,12,12,3707,-11.96
4,289,4,5149,-8.74,1157,0,0,3707,-11.96
4,289,5,5706,-7.6,797,0,0,3707,-11.96
4,289,6,6503,-7.6,797,0,0,3707,-11.96
4,289,7,7300,-9,797,0,0,3707,-11.96
0,290,0,85,-4.5,797,14,14,85,-4.5
3,290,0,85,-7.5,797,0,0,818,-9.06
3,290,1,818,-9.06,1070,12,12,818,-9.06
3,290,2,3398,-8.18,1811,3,3,818,-9.06
4,290,0,85,-8.5,797,0,0,3707,-11.96
4,290,1,818,-10.06,1070,0,0,3707,-11.96
4,290,2,3398,-9.18,1811,0,0,3707,-11.96
4,290,3,3707,-11.96,786,12,12,3707,-11.96
4,290,4,5149,-8.74,1157,0,0,3707,-11.96
4,290,5,5706,-7.6,797,0,0,3707,-11.96
4,290,6,6503,-7.6,797,0,0,3707,-11.96
4,290,7,7300,-9,797,0,0,3707,-11.96
0,291,0,85,-4.5,797,15,15,85,-4.5
3,291,0,85,-7.5,797,0,0,818,-9.06
3,291,1,818,-9.06,1070,13,13,818,-9.06
3,291,2,2996,-8.26,1811,4,4,818,-9.06
4,291,0,85,-8.5,797,0,0,3707,-11.96
4,291,1,818,-10.06,1070,0,0,3707,-11.96
4,291,2,2996,-9.26,1811,0,0,3707,-11.96
4,291,3,3707,-11.96,786,13,13,3707,-11.96
4,291,4,5149,-8.74,1157,0,0,3707,-11.96
4,291,5,5706,-7.6,797,0,0,3707,-11.96
4,291,6,6503,-7.6,797,0,0,3707,-11.96
4,291,7,7300,-9,797,0,0,3707,-11.96
0,292,0,346,-5.01,797,3,3,346,-5.01
3,292,0,346,-8.01,797,0,0,1030,-9.57
3,292,1,1030,-9.57,1070,3,3,1030,-9.57
3,292,2,2996,-8.01,1811,0,0,1030,-9.57
4,292,0,346,-9.01,797,0,0,4028,-12.47
4,292,1,1030,-10.57,1070,0,0,4028,-12.47
4,292,2,2996,-9.01,1811,0,0,4028,-12.47
4,292,3,4028,-12.47,786,3,3,4028,-12.47
4,292,4,4999,-8.67,1157,0,0,4028,-12.47
4,292,5,5967,-8.11,797,0,0,4028,-12.47
4,292,6,6764,-8.11,797,0,0,4028,-12.47
4,292,7,7561,-9.51,797,0,0,4028,-12.47
0,293,0,85,-5.62,797,14,14,85,-5.62
3,293,0,85,-8.62,797,0,0,818,-10.18
3,293,1,818,-10.18,1070,12,12,818,-10.18
3,293,2,3398,-8.88,1811,0,0,818,-10.18
4,293,0,85,-9.62,797,0,0,3707,-13.08
4,293,1,818,-11.18,1070,0,0,3707,-13.08
4,293,2,3398,-9.88,1811,0,0,3707,-13.08
4,293,3,3707,-13.08,786,12,12,3707,-13.08
4,293,4,5149,-9.86,1157,0,0,3707,-13.08
4,293,5,5706,-8.72,797,0,0,3707,-13.08
4,293,6,6503,-8.72,797,0,0,3707,-13.08
4,293,7,7300,-10.12,797,0,0,3707,-13.08
0,294,0,85,-5.62,797,14,14,85,-5.62
3,294,0,85,-8.62,797,0,0,818,-10.18
3,294,1,818,-10.18,1070,12,12,818,-10.18
3,294,2,3398,-8.88,1811,0,0,818,-10.18
4,294,0,85,-9.62,797,0,0,3707,-13.08
4,294,1,818,-11.18,1070,0,0,3707,-13.08
4,294,2,3398,-9.88,1811,0,0,3707,-13.08
4,294,3,3707,-13.08,786,12,12,3707,-13.08
4,294,4,5149,-9.86,1157,0,0,3707,-13.08
4,294,5,5706,-8.72,797,0,0,3707,-13.08
4,294,6,6503,-8.72,797,0,0,3707,-13.08
4,294,7,7300,-10.12,797,0,0,3707,-13.08
0,295,0,85,-4.65,797,14,14,85,-4.65
3,295,0,85,-7.64,797,0,0,818,-9.2
3,295,1,818,-9.2,1070,12,12,818,-9.2
3,295,2,1919,-7.31,1811,0,0,818,-9.2
4,295,0,85,-8.64,797,0,0,3707,-12.1
4,295,1,818,-10.2,1070,0,0,3707,-12.1
4,295,2,1919,-8.3,1811,0,0,3707,-12.1
4,295,3,3707,-12.1,786,12,12,3707,-12.1
4,295,4,5149,-8.88,1157,0,0,3707,-12.1
4,295,5,5706,-7.74,797,0,0,3707,-12.1
4,295,6,6503,-7.74,797,0,0,3707,-12.1
4,295,7,7300,-9.14,797,0,0,3707,-12.1
0,296,0,85,-4.65,797,14,14,85,-4.65
3,296,0,85,-7.64,797,0,0,818,-9.2
3,296,1,818,-9.2,1070,12,12,818,-9.2
3,296,2,3398,-8.44,1811,4,4,818,-9.2
4,296,0,85,-8.64,797,0,0,3707,-12.1
4,296,1,818,-10.2,1070,0,0,3707,-12.1
4,296,2,3398,-9.44,1811,0,0,3707,-12.1
4,296,3,3707,-12.1,786,12,12,3707,-12.1
4,296,4,5149,-8.88,1157,0,0,3707,-12.1
4,296,5,5706,-7.74,797,0,0,3707,-12.1
4,296,6,6503,-7.74,797,0,0,3707,-12.1
4,296,7,7300,-9.14,797,0,0,3707,-12.1
0,297,0,85,-4.65,797,14,14,85,-4.65
3,297,0,85,-7.64,797,0,0,818,-9.2
3,297,1,818,-9.2,1070,12,12,818,-9.2
3,297,2,3398,-8.44,1811,10,10,818,-9.2
4,297,0,85,-8.64,797,0,0,3707,-12.1
4,297,1,818,-10.2,1070,0,0,3707,-12.1
4,297,2,3398,-9.44,1811,0,0,3707,-12.1
4,297,3,3707,-12.1,786,12,12,3707,-12.1
4,297,4,5149,-8.88,1157,0,0,3707,-12.1
4,297,5,5706,-7.74,797,0,0,3707,-12.1
4,297,6,6503,-7.74,797,0,0,3707,-12.1
4,297,7,7300,-9.14,797,0,0,3707,-12.1
0,298,0,85,-4.31,797,14,14,85,-4.31
3,298,0,85,-7.31,797,0,0,818,-8.86
3,298,1,818,-8.86,1070,12,12,818,-8.86
3,298,2,3398,-8.19,1811,19,19,818,-8.86
4,298,0,85,-8.3,797,0,0,3707,-11.76
4,298,1,818,-9.86,1070,0,0,3707,-11.76
4,298,2,3398,-9.19,1811,0,0,3707,-11.76
4,298,3,3707,-11.76,786,12,12,3707,-11.76
4,298,4,5149,-8.54,1157,0,0,3707,-11.76
4,298,5,5706,-7.4,797,0,0,3707,-11.76
4,298,6,6503,-7.4,797,0,0,3707,-11.76
4,298,7,7300,-8.8,797,0,0,3707,-11.76
0,299,0,85,-7.59,797,14,14,85,-7.59
3,299,0,85,-10.59,797,0,0,818,-12.15
3,299,1,818,-12.15,1070,12,12,818,-12.15
3,299,2,3398,-11.42,1811,4,4,818,-12.15
4,299,0,85,-11.59,797,0,0,3707,-15.05
4,299,1,818,-13.15,1070,0,0,3707,-15.05
4,299,2,3398,-12.42,1811,0,0,3707,-15.05
4,299,3,3707,-15.05,786,12,12,3707,-15.05
4,299,4,5149,-11.83,1157,0,0,3707,-15.05
4,299,5,5706,-10.69,797,0,0,3707,-15.05
4,299,6,6503,-10.69,797,0,0,3707,-15.05
4,299,7,7300,-12.09,797,0,0,3707,-15.05
0,300,0,85,-4.62,797,14,14,85,-4.62
3,300,0,85,-7.62,797,0,0,818,-9.18
3,300,1,818,-9.18,1070,12,12,818,-9.18
3,300,2,3398,-8.18,1811,2,2,818,-9.18
4,300,0,85,-8.62,797,0,0,3707,-12.08
4,300,1,818,-10.18,1070,0,0,3707,-12.08
4,300,2,3398,-9.18,1811,0,0,3707,-12.08
4,300,3,3707,-12.08,786,12,12,3707,-12.08
4,300,4,5149,-8.86,1157,0,0,3707,-12.08
4,300,5,5706,-7.72,797,0,0,3707,-12.08
4,300,6,6503,-7.72,797,0,0,3707,-12.08
4,300,7,7300,-9.12,797,0,0,3707,-12.08
0,301,0,85,-4.42,797,14,14,85,-4.42
3,301,0,85,-7.42,797,0,0,818,-8.98
3,301,1,818,-8.98,1070,12,12,818,-8.98
3,301,2,1919,-7.08,1811,0,0,818,-8.98
4,301,0,85,-8.42,797,0,0,3707,-11.88
4,301,1,818,-9.98,1070,0,0,3707,-11.88
4,301,2,1919,-8.08,1811,0,0,3707,-11.88
4,301,3,3707,-11.88,786,12,12,3707,-11.88
4,301,4,5149,-8.66,1157,0,0,3707,-11.88
4,301,5,5706,-7.52,797,0,0,3707,-11.88
4,301,6,6503,-7.52,797,0,0,3707,-11.88
4,301,7,7300,-8.92,797,0,0,3707,-11.88
0,302,0,85,-4.42,797,14,14,85,-4.42
3,302,0,85,-7.42,797,0,0,818,-8.98
3,302,1,818,-8.98,1070,12,12,818,-8.98
3,302,2,3398,-8.1,1811,3,3,818,-8.98
4,302,0,85,-8.42,797,0,0,3707,-11.88
4,302,1,818,-9.98,1070,0,0,3707,-11.88
4,302,2,3398,-9.1,1811,0,0,3707,-11.88
4,302,3,3707,-11.88,786,12,12,3707,-11.88
4,302,4,5149,-8.66,1157,0,0,3707,-11.88
4,302,5,5706,-7.52,797,0,0,3707,-11.88
4,302,6,6503,-7.52,797,0,0,3707,-11.88
4,302,7,7300,-8.92,797,0,0,3707,-11.88
0,303,0,85,-4.42,797,14,14,85,-4.42
3,303,0,85,-7.42,797,0,0,818,-8.98
3,303,1,818,-8.98,1070,12,12,818,-8.98
3,303,2,3398,-8.1,1811,9,9,818,-8.98
4,303,0,85,-8.42,797,0,0,3707,-11.88
4,303,1,818,-9.98,1070,0,0,3707,-11.88
4,303,2,3398,-9.1,1811,0,0,3707,-11.88
4,303,3,3707,-11.88,786,12,12,3707,-11.88
4,303,4,5149,-8.66,1157,0,0,3707,-11.88
4,303,5,5706,-7.52,797,0,0,3707,-11.88
4,303,6,6503,-7.52,797,0,0,3707,-11.88
4,303,7,7300,-8.92,797,0,0,3707,-11.88
0,304,0,346,-5.18,797,3,3,346,-5.18
3,304,0,346,-8.18,797,0,0,1030,-9.74
3,304,1,1030,-9.74,1070,3,3,1030,-9.74
3,304,2,2996,-8.18,1811,0,0,1030,-9.74
4,304,0,346,-9.18,797,0,0,4028,-12.64
4,304,1,1030,-10.74,1070,0,0,4028,-12.64
4,304,2,2996,-9.18,1811,0,0,4028,-12.64
4,304,3,4028,-12.64,786,3,3,4028,-12.64
4,304,4,4999,-8.84,1157,0,0,4028,-12.64
4,304,5,5967,-8.28,797,0,0,4028,-12.64
4,304,6,6764,-8.28,797,0,0,4028,-12.64
4,304,7,7561,-9.68,797,0,0,4028,-12.64
0,305,0,85,-3.86,797,14,14,85,-3.86
3,305,0,85,-6.86,797,0,0,818,-8.42
3,305,1,818,-8.42,1070,12,12,818,-8.42
3,305,2,3398,-7.66,1811,4,4,818,-8.42
4,305,0,85,-7.86,797,0,0,3707,-11.32
4,305,1,818,-9.42,1070,0,0,3707,-11.32
4,305,2,3398,-8.66,1811,0,0,3707,-11.32
4,305,3,3707,-11.32,786,12,12,3707,-11.32
4,305,4,5149,-8.1,1157,0,0,3707,-11.32
4,305,5,5706,-6.96,797,0,0,3707,-11.32
4,305,6,6503,-6.96,797,0,0,3707,-11.32
4,305,7,7300,-8.36,797,0,0,3707,-11.32
0,306,0,85,-3.98,797,14,14,85,-3.98
3,306,0,85,-6.98,797,0,0,818,-8.54
3,306,1,818,-8.54,1070,12,12,818,-8.54
3,306,2,3398,-7.66,1811,3,3,818,-8.54
4,306,0,85,-7.98,797,0,0,3707,-11.44
4,306,1,818,-9.54,1070,0,0,3707,-11.44
4,306,2,3398,-8.66,1811,0,0,3707,-11.44
4,306,3,3707,-11.44,786,12,12,3707,-11.44
4,306,4,5149,-8.22,1157,0,0,3707,-11.44
4,306,5,5706,-7.08,797,0,0,3707,-11.44
4,306,6,6503,-7.08,797,0,0,3707,-11.44
4,306,7,7300,-8.48,797,0,0,3707,-11.44
0,307,0,454,-4.36,797,58,58,454,-4.36
3,307,0,454,-7.36,797,0,0,1088,-8.92
3,307,1,1088,-8.92,1070,62,62,1088,-8.92
3,307,2,2893,-7.02,1811,0,0,1088,-8.92
4,307,0,454,-8.36,797,0,0,4105,-11.82
4,307,1,1088,-9.92,1070,0,0,4105,-11.82
4,307,2,2893,-8.02,1811,0,0,4105,-11.82
4,307,3,4105,-11.82,786,50,50,4105,-11.82
4,307,4,5147,-8.38,1157,0,0,4105,-11.82
4,307,5,6075,-7.46,797,0,0,4105,-11.82
4,307,6,6503,-8,797,0,0,4105,-11.82
4,307,7,7669,-8.86,797,0,0,4105,-11.82
0,308,0,346,-4.58,797,59,59,346,-4.58
3,308,0,346,-7.58,797,0,0,1030,-9.14
3,308,1,1030,-9.14,1070,63,63,1030,-9.14
3,308,2,2996,-8.84,1811,1,1,1030,-9.14
4,308,0,346,-8.58,797,0,0,4028,-12.04
4,308,1,1030,-10.14,1070,0,0,4028,-12.04
4,308,2,2996,-9.84,1811,0,0,4028,-12.04
4,308,3,4028,-12.04,786,51,51,4028,-12.04
4,308,4,5147,-8.6,1157,0,0,4028,-12.04
4,308,5,5967,-7.68,797,0,0,4028,-12.04
4,308,6,6503,-8.22,797,0,0,4028,-12.04
4,308,7,7561,-9.08,797,0,0,4028,-12.04
0,309,0,346,-4.24,797,59,59,346,-4.24
3,309,0,346,-7.24,797,0,0,1030,-8.8
3,309,1,1030,-8.8,1070,63,63,1030,-8.8
3,309,2,2996,-8.59,1811,1,1,1030,-8.8
4,309,0,346,-8.24,797,0,0,4028,-11.7
4,309,1,1030,-9.8,1070,0,0,4028,-11.7
4,309,2,2996,-9.59,1811,0,0,4028,-11.7
4,309,3,4028,-11.7,786,51,51,4028,-11.7
4,309,4,5147,-8.26,1157,0,0,4028,-11.7
4,309,5,5967,-7.34,797,0,0,4028,-11.7
4,309,6,6503,-7.88,797,0,0,4028,-11.7
4,309,7,7561,-8.74,797,0,0,4028,-11.7
0,310,0,454,-3.9,797,58,58,454,-3.9
3,310,0,454,-6.9,797,0,0,1088,-8.46
3,310,1,1088,-8.46,1070,62,62,1088,-8.46
3,310,2,2970,-7.93,1811,54,54,1088,-8.46
4,310,0,454,-7.9,797,0,0,4105,-11.36
4,310,1,1088,-9.46,1070,0,0,4105,-11.36
4,310,2,2970,-8.93,1811,0,0,4105,-11.36
4,310,3,4105,-11.36,786,50,50,4105,-11.36
4,310,4,5147,-7.92,1157,0,0,4105,-11.36
4,310,5,6075,-7,797,0,0,4105,-11.36
4,310,6,6503,-7.54,797,0,0,4105,-11.36
4,310,7,7669,-8.4,797,0,0,4105,-11.36
0,311,0,454,-3.9,797,58,58,454,-3.9
3,311,0,454,-6.9,797,0,0,1088,-8.46
3,311,1,1088,-8.46,1070,62,62,1088,-8.46
3,311,2,2970,-7.93,1811,54,54,1088,-8.46
4,311,0,454,-7.9,797,0,0,4105,-11.36
4,311,1,1088,-9.46,1070,0,0,4105,-11.36
4,311,2,2970,-8.93,1811,0,0,4105,-11.36
4,311,3,4105,-11.36,786,50,50,4105,-11.36
4,311,4,5147,-7.92,1157,0,0,4105,-11.36
4,311,5,6075,-7,797,0,0,4105,-11.36
4,311,6,6503,-7.54,797,0,0,4105,-11.36
4,311,7,7669,-8.4,797,0,0,4105,-11.36
0,312,0,454,-4.12,797,58,58,454,-4.12
3,312,0,454,-7.12,797,0,0,1088,-8.68
3,312,1,1088,-8.68,1070,62,62,1088,-8.68
3,312,2,2893,-6.78,1811,0,0,1088,-8.68
4,312,0,454,-8.12,797,0,0,4105,-11.58
4,312,1,1088,-9.68,1070,0,0,4105,-11.58
4,312,2,2893,-7.78,1811,0,0,4105,-11.58
4,312,3,4105,-11.58,786,50,50,4105,-11.58
4,312,4,5147,-8.14,1157,0,0,4105,-11.58
4,312,5,6075,-7.22,797,0,0,4105,-11.58
4,312,6,6503,-7.76,797,0,0,4105,-11.58
4,312,7,7669,-8.62,797,0,0,4105,-11.58
0,313,0,454,-4.36,797,58,58,454,-4.36
3,313,0,454,-7.36,797,0,0,1088,-8.92
3,313,1,1088,-8.92,1070,62,62,1088,-8.92
3,313,2,2893,-7.02,1811,0,0,1088,-8.92
4,313,0,454,-8.36,797,0,0,4105,-11.82
4,313,1,1088,-9.92,1070,0,0,4105,-11.82
4,313,2,2893,-8.02,1811,0,0,4105,-11.82
4,313,3,4105,-11.82,786,50,50,4105,-11.82
4,313,4,5147,-8.38,1157,0,0,4105,-11.82
4,313,5,6075,-7.46,797,0,0,4105,-11.82
4,313,6,6503,-8,797,0,0,4105,-11.82
4,313,7,7669,-8.86,797,0,0,4105,-11.82
0,314,0,454,-4.02,797,58,58,454,-4.02
3,314,0,454,-7.02,797,0,0,1088,-8.58
3,314,1,1088,-8.58,1070,62,62,1088,-8.58
3,314,2,2970,-7.81,1811,34,34,1088,-8.58
4,314,0,454,-8.02,797,0,0,4105,-11.48
4,314,1,1088,-9.58,1070,0,0,4105,-11.48
4,314,2,2970,-8.81,1811,0,0,4105,-11.48
4,314,3,4105,-11.48,786,50,50,4105,-11.48
4,314,4,5147,-8.04,1157,0,0,4105,-11.48
4,314,5,6075,-7.12,797,0,0,4105,-11.48
4,314,6,6503,-7.66,797,0,0,4105,-11.48
4,314,7,7669,-8.52,797,0,0,4105,-11.48
0,315,0,454,-3.9,797,58,58,454,-3.9
3,315,0,454,-6.9,797,0,0,1088,-8.46
3,315,1,1088,-8.46,1070,62,62,1088,-8.46
3,315,2,2893,-6.56,1811,0,0,1088,-8.46
4,315,0,454,-7.9,797,0,0,4105,-11.36
4,315,1,1088,-9.46,1070,0,0,4105,-11.36
4,315,2,2893,-7.56,1811,0,0,4105,-11.36
4,315,3,4105,-11.36,786,50,50,4105,-11.36
4,315,4,5147,-7.92,1157,0,0,4105,-11.36
4,315,5,6075,-7,797,0,0,4105,-11.36
4,315,6,6503,-7.54,797,0,0,4105,-11.36
4,315,7,7669,-8.4,797,0,0,4105,-11.36
0,316,0,454,-3.9,797,58,58,454,-3.9
3,316,0,454,-6.9,797,0,0,1088,-8.46
3,316,1,1088,-8.46,1070,62,62,1088,-8.46
3,316,2,2893,-6.56,1811,0,0,1088,-8.46
4,316,0,454,-7.9,797,0,0,4105,-11.36
4,316,1,1088,-9.46,1070,0,0,4105,-11.36
4,316,2,2893,-7.56,1811,0,0,4105,-11.36
4,316,3,4105,-11.36,786,50,50,4105,-11.36
4,316,4,5147,-7.92,1157,0,0,4105,-11.36
4,316,5,6075,-7,797,0,0,4105,-11.36
4,316,6,6503,-7.54,797,0,0,4105,-11.36
4,316,7,7669,-8.4,797,0,0,4105,-11.36
0,317,0,346,-3.9,797,59,59,346,-3.9
3,317,0,346,-6.9,797,0,0,1030,-8.46
3,317,1,1030,-8.46,1070,63,63,1030,-8.46
3,317,2,2996,-8.16,1811,1,1,1030,-8.46
4,317,0,346,-7.9,797,0,0,4028,-11.36
4,317,1,1030,-9.46,1070,0,0,4028,-11.36
4,317,2,2996,-9.16,1811,0,0,4028,-11.36
4,317,3,4028,-11.36,786,51,51,4028,-11.36
4,317,4,5147,-7.92,1157,0,0,4028,-11.36
4,317,5,5967,-7,797,0,0,4028,-11.36
4,317,6,6503,-7.54,797,0,0,4028,-11.36
4,317,7,7561,-8.4,797,0,0,4028,-11.36
0,318,0,346,-4.91,797,1,1,346,-4.91
3,318,0,346,-7.91,797,0,0,1030,-9.47
3,318,1,1030,-9.47,1070,1,1,1030,-9.47
3,318,2,2996,-7.91,1811,0,0,1030,-9.47
4,318,0,346,-8.91,797,0,0,4028,-12.37
4,318,1,1030,-10.47,1070,0,0,4028,-12.37
4,318,2,2996,-8.91,1811,0,0,4028,-12.37
4,318,3,4028,-12.37,786,1,1,4028,-12.37
4,318,4,4999,-8.57,1157,0,0,4028,-12.37
4,318,5,5967,-8.01,797,0,0,4028,-12.37
4,318,6,6764,-8.01,797,0,0,4028,-12.37
4,318,7,7561,-9.41,797,0,0,4028,-12.37
0,319,0,454,-5.02,797,58,58,454,-5.02
3,319,0,454,-8.02,797,0,0,1088,-9.58
3,319,1,1088,-9.58,1070,62,62,1088,-9.58
3,319,2,2970,-8.42,1811,0,0,1088,-9.58
4,319,0,454,-9.02,797,0,0,4105,-12.48
4,319,1,1088,-10.58,1070,0,0,4105,-12.48
4,319,2,2970,-9.42,1811,0,0,4105,-12.48
4,319,3,4105,-12.48,786,50,50,4105,-12.48
4,319,4,5147,-9.04,1157,0,0,4105,-12.48
4,319,5,6075,-8.12,797,0,0,4105,-12.48
4,319,6,6503,-8.66,797,0,0,4105,-12.48
4,319,7,7669,-9.52,797,0,0,4105,-12.48
0,320,0,454,-5.02,797,58,58,454,-5.02
3,320,0,454,-8.02,797,0,0,1088,-9.58
3,320,1,1088,-9.58,1070,62,62,1088,-9.58
3,320,2,2970,-8.42,1811,0,0,1088,-9.58
4,320,0,454,-9.02,797,0,0,4105,-12.48
4,320,1,1088,-10.58,1070,0,0,4105,-12.48
4,320,2,2970,-9.42,1811,0,0,4105,-12.48
4,320,3,4105,-12.48,786,50,50,4105,-12.48
4,320,4,5147,-9.04,1157,0,0,4105,-12.48
4,320,5,6075,-8.12,797,0,0,4105,-12.48
4,320,6,6503,-8.66,797,0,0,4105,-12.48
4,320,7,7669,-9.52,797,0,0,4105,-12.48
0,321,0,454,-4.04,797,58,58,454,-4.04
3,321,0,454,-7.04,797,0,0,1088,-8.6
3,321,1,1088,-8.6,1070,62,62,1088,-8.6
3,321,2,2893,-6.7,1811,0,0,1088,-8.6
4,321,0,454,-8.04,797,0,0,4105,-11.5
4,321,1,1088,-9.6,1070,0,0,4105,-11.5
4,321,2,2893,-7.7,1811,0,0,4105,-11.5
4,321,3,4105,-11.5,786,50,50,4105,-11.5
4,321,4,5147,-8.06,1157,0,0,4105,-11.5
4,321,5,6075,-7.14,797,0,0,4105,-11.5
4,321,6,6503,-7.68,797,0,0,4105,-11.5
4,321,7,7669,-8.54,797,0,0,4105,-11.5
0,322,0,454,-4.04,797,58,58,454,-4.04
3,322,0,454,-7.04,797,0,0,1088,-8.6
3,322,1,1088,-8.6,1070,62,62,1088,-8.6
3,322,2,2893,-6.7,1811,0,0,1088,-8.6
4,322,0,454,-8.04,797,0,0,4105,-11.5
4,322,1,1088,-9.6,1070,0,0,4105,-11.5
4,322,2,2893,-7.7,1811,0,0,4105,-11.5
4,322,3,4105,-11.5,786,50,50,4105,-11.5
4,322,4,5147,-8.06,1157,0,0,4105,-11.5
4,322,5,6075,-7.14,797,0,0,4105,-11.5
4,322,6,6503,-7.68,797,0,0,4105,-11.5
4,322,7,7669,-8.54,797,0,0,4105,-11.5
0,323,0,454,-4.04,797,58,58,454,-4.04
3,323,0,454,-7.04,797,0,0,1088,-8.6
3,323,1,1088,-8.6,1070,62,62,1088,-8.6
3,323,2,2970,-7.98,1811,40,40,1088,-8.6
4,323,0,454,-8.04,797,0,0,4105,-11.5
4,323,1,1088,-9.6,1070,0,0,4105,-11.5
4,323,2,2970,-8.98,1811,0,0,4105,-11.5
4,323,3,4105,-11.5,786,50,50,4105,-11.5
4,323,4,5147,-8.06,1157,0,0,4105,-11.5
4,323,5,6075,-7.14,797,0,0,4105,-11.5
4,323,6,6503,-7.68,797,0,0,4105,-11.5
4,323,7,7669,-8.54,797,0,0,4105,-11.5
0,324,0,454,-3.7,797,58,58,454,-3.7
3,324,0,454,-6.7,797,0,0,1088,-8.26
3,324,1,1088,-8.26,1070,62,62,1088,-8.26
3,324,2,2970,-7.73,1811,54,54,1088,-8.26
4,324,0,454,-7.7,797,0,0,4105,-11.16
4,324,1,1088,-9.26,1070,0,0,4105,-11.16
4,324,2,2970,-8.73,1811,0,0,4105,-11.16
4,324,3,4105,-11.16,786,50,50,4105,-11.16
4,324,4,5147,-7.72,1157,0,0,4105,-11.16
4,324,5,6075,-6.8,797,0,0,4105,-11.16
4,324,6,6503,-7.34,797,0,0,4105,-11.16
4,324,7,7669,-8.2,797,0,0,4105,-11.16
0,325,0,85,-7.52,797,19,19,85,-7.52
3,325,0,85,-10.52,797,0,0,818,-12.08
3,325,1,818,-12.08,1070,19,19,818,-12.08
3,325,2,1919,-10.18,1811,0,0,818,-12.08
4,325,0,85,-11.52,797,0,0,3707,-14.99
4,325,1,818,-13.08,1070,0,0,3707,-14.99
4,325,2,1919,-11.18,1811,0,0,3707,-14.99
4,325,3,3707,-14.99,786,17,17,3707,-14.99
4,325,4,5149,-11.76,1157,0,0,3707,-14.99
4,325,5,5706,-10.62,797,0,0,3707,-14.99
4,325,6,6503,-10.62,797,0,0,3707,-14.99
4,325,7,7300,-12.02,797,0,0,3707,-14.99
0,326,0,454,-4.02,797,58,58,454,-4.02
3,326,0,454,-7.02,797,0,0,1088,-8.58
3,326,1,1088,-8.58,1070,62,62,1088,-8.58
3,326,2,2893,-6.68,1811,0,0,1088,-8.58
4,326,0,454,-8.02,797,0,0,4105,-11.48
4,326,1,1088,-9.58,1070,0,0,4105,-11.48
4,326,2,2893,-7.68,1811,0,0,4105,-11.48
4,326,3,4105,-11.48,786,50,50,4105,-11.48
4,326,4,5147,-8.04,1157,0,0,4105,-11.48
4,326,5,6075,-7.12,797,0,0,4105,-11.48
4,326,6,6503,-7.66,797,0,0,4105,-11.48
4,326,7,7669,-8.52,797,0,0,4105,-11.48
0,327,0,454,-3.82,797,58,58,454,-3.82
3,327,0,454,-6.82,797,0,0,1088,-8.38
3,327,1,1088,-8.38,1070,62,62,1088,-8.38
3,327,2,2893,-6.48,1811,0,0,1088,-8.38
4,327,0,454,-7.82,797,0,0,4105,-11.28
4,327,1,1088,-9.38,1070,0,0,4105,-11.28
4,327,2,2893,-7.48,1811,0,0,4105,-11.28
4,327,3,4105,-11.28,786,50,50,4105,-11.28
4,327,4,5147,-7.84,1157,0,0,4105,-11.28
4,327,5,6075,-6.92,797,0,0,4105,-11.28
4,327,6,6503,-7.46,797,0,0,4105,-11.28
4,327,7,7669,-8.32,797,0,0,4105,-11.28
0,328,0,454,-3.82,797,58,58,454,-3.82
3,328,0,454,-6.82,797,0,0,1088,-8.38
3,328,1,1088,-8.38,1070,62,62,1088,-8.38
3,328,2,2893,-6.48,1811,0,0,1088,-8.38
4,328,0,454,-7.82,797,0,0,4105,-11.28
4,328,1,1088,-9.38,1070,0,0,4105,-11.28
4,328,2,2893,-7.48,1811,0,0,4105,-11.28
4,328,3,4105,-11.28,786,50,50,4105,-11.28
4,328,4,5147,-7.84,1157,0,0,4105,-11.28
4,328,5,6075,-6.92,797,0,0,4105,-11.28
4,328,6,6503,-7.46,797,0,0,4105,-11.28
4,328,7,7669,-8.32,797,0,0,4105,-11.28
0,329,0,454,-3.82,797,58,58,454,-3.82
3,329,0,454,-6.82,797,0,0,1088,-8.38
3,329,1,1088,-8.38,1070,62,62,1088,-8.38
3,329,2,2970,-7.64,1811,34,34,1088,-8.38
4,329,0,454,-7.82,797,0,0,4105,-11.28
4,329,1,1088,-9.38,1070,0,0,4105,-11.28
4,329,2,2970,-8.64,1811,0,0,4105,-11.28
4,329,3,4105,-11.28,786,50,50,4105,-11.28
4,329,4,5147,-7.84,1157,0,0,4105,-11.28
4,329,5,6075,-6.92,797,0,0,4105,-11.28
4,329,6,6503,-7.46,797,0,0,4105,-11.28
4,329,7,7669,-8.32,797,0,0,4105,-11.28
0,330,0,346,-5.08,797,1,1,346,-5.08
3,330,0,346,-8.08,797,0,0,1030,-9.64
3,330,1,1030,-9.64,1070,1,1,1030,-9.64
3,330,2,2996,-8.08,1811,0,0,1030,-9.64
4,330,0,346,-9.08,797,0,0,4028,-12.54
4,330,1,1030,-10.64,1070,0,0,4028,-12.54
4,330,2,2996,-9.08,1811,0,0,4028,-12.54
4,330,3,4028,-12.54,786,1,1,4028,-12.54
4,330,4,4999,-8.74,1157,0,0,4028,-12.54
4,330,5,5967,-8.18,797,0,0,4028,-12.54
4,330,6,6764,-8.18,797,0,0,4028,-12.54
4,330,7,7561,-9.58,797,0,0,4028,-12.54
0,331,0,454,-3.26,797,58,58,454,-3.26
3,331,0,454,-6.26,797,0,0,1088,-7.82
3,331,1,1088,-7.82,1070,62,62,1088,-7.82
3,331,2,2893,-5.92,1811,0,0,1088,-7.82
4,331,0,454,-7.26,797,0,0,4105,-10.72
4,331,1,1088,-8.82,1070,0,0,4105,-10.72
4,331,2,2893,-6.92,1811,0,0,4105,-10.72
4,331,3,4105,-10.72,786,50,50,4105,-10.72
4,331,4,5147,-7.28,1157,0,0,4105,-10.72
4,331,5,6075,-6.36,797,0,0,4105,-10.72
4,331,6,6503,-6.9,797,0,0,4105,-10.72
4,331,7,7669,-7.76,797,0,0,4105,-10.72
0,332,0,454,-3.38,797,58,58,454,-3.38
3,332,0,454,-6.38,797,0,0,1088,-7.94
3,332,1,1088,-7.94,1070,62,62,1088,-7.94
3,332,2,2893,-6.04,1811,0,0,1088,-7.94
4,332,0,454,-7.38,797,0,0,4105,-10.84
4,332,1,1088,-8.94,1070,0,0,4105,-10.84
4,332,2,2893,-7.04,1811,0,0,4105,-10.84
4,332,3,4105,-10.84,786,50,50,4105,-10.84
4,332,4,5147,-7.4,1157,0,0,4105,-10.84
4,332,5,6075,-6.48,797,0,0,4105,-10.84
4,332,6,6503,-7.02,797,0,0,4105,-10.84
4,332,7,7669,-7.88,797,0,0,4105,-10.84
0,333,0,346,-2.59,797,23,23,346,-2.59
3,333,0,346,-5.59,797,0,0,1030,-7.15
3,333,1,1030,-7.15,1070,23,23,1030,-7.15
3,333,2,2747,-5.25,1811,0,0,1030,-7.15
4,333,0,346,-6.59,797,0,0,4028,-10.05
4,333,1,1030,-8.15,1070,0,0,4028,-10.05
4,333,2,2747,-6.25,1811,0,0,4028,-10.05
4,333,3,4028,-10.05,786,19,19,4028,-10.05
4,333,4,4999,-6.25,1157,0,0,4028,-10.05
4,333,5,5967,-5.69,797,0,0,4028,-10.05
4,333,6,6503,-6.23,797,0,0,4028,-10.05
4,333,7,7561,-7.09,797,0,0,4028,-10.05
0,334,0,12,-1.47,797,86,86,12,-1.47
3,334,0,12,-4.47,797,0,0,809,-6.03
3,334,1,809,-6.03,1070,90,90,809,-6.03
3,334,2,3595,-4.16,1811,0,0,809,-6.03
4,334,0,12,-5.47,797,0,0,3698,-8.93
4,334,1,809,-7.03,1070,0,0,3698,-8.93
4,334,2,3595,-5.16,1811,0,0,3698,-8.93
4,334,3,3698,-8.93,786,86,86,3698,-8.93
4,334,4,4515,-5.73,1157,0,0,3698,-8.93
4,334,5,5633,-4.57,797,0,0,3698,-8.93
4,334,6,6503,-5.89,797,0,0,3698,-8.93
4,334,7,7227,-5.97,797,0,0,3698,-8.93
0,335,0,346,-2.25,797,23,23,346,-2.25
3,335,0,346,-5.25,797,0,0,1030,-6.81
3,335,1,1030,-6.81,1070,23,23,1030,-6.81
3,335,2,2747,-4.91,1811,0,0,1030,-6.81
4,335,0,346,-6.25,797,0,0,4028,-9.71
4,335,1,1030,-7.81,1070,0,0,4028,-9.71
4,335,2,2747,-5.91,1811,0,0,4028,-9.71
4,335,3,4028,-9.71,786,19,19,4028,-9.71
4,335,4,4999,-5.91,1157,0,0,4028,-9.71
4,335,5,5967,-5.35,797,0,0,4028,-9.71
4,335,6,6503,-5.89,797,0,0,4028,-9.71
4,335,7,7561,-6.75,797,0,0,4028,-9.71
0,336,0,346,-2.91,797,1,1,346,-2.91
3,336,0,346,-5.91,797,0,0,1030,-7.47
3,336,1,1030,-7.47,1070,1,1,1030,-7.47
3,336,2,2747,-5.57,1811,0,0,1030,-7.47
4,336,0,346,-6.91,797,0,0,4028,-10.37
4,336,1,1030,-8.47,1070,0,0,4028,-10.37
4,336,2,2747,-6.57,1811,0,0,4028,-10.37
4,336,3,4028,-10.37,786,1,1,4028,-10.37
4,336,4,4999,-6.57,1157,0,0,4028,-10.37
4,336,5,5967,-6.01,797,0,0,4028,-10.37
4,336,6,6764,-6.01,797,0,0,4028,-10.37
4,336,7,7561,-7.41,797,0,0,4028,-10.37
0,337,0,12,-1.61,797,86,86,12,-1.61
3,337,0,12,-4.61,797,0,0,809,-6.17
3,337,1,809,-6.17,1070,90,90,809,-6.17
3,337,2,3595,-4.42,1811,0,0,809,-6.17
4,337,0,12,-5.61,797,0,0,3698,-9.07
4,337,1,809,-7.17,1070,0,0,3698,-9.07
4,337,2,3595,-5.42,1811,0,0,3698,-9.07
4,337,3,3698,-9.07,786,86,86,3698,-9.07
4,337,4,4515,-5.87,1157,0,0,3698,-9.07
4,337,5,5633,-4.71,797,0,0,3698,-9.07
4,337,6,6503,-6.03,797,0,0,3698,-9.07
4,337,7,7227,-6.11,797,0,0,3698,-9.07
0,338,0,12,-1.39,797,86,86,12,-1.39
3,338,0,12,-4.39,797,0,0,809,-5.95
3,338,1,809,-5.95,1070,90,90,809,-5.95
3,338,2,3595,-4.08,1811,0,0,809,-5.95
4,338,0,12,-5.39,797,0,0,3698,-8.85
4,338,1,809,-6.95,1070,0,0,3698,-8.85
4,338,2,3595,-5.08,1811,0,0,3698,-8.85
4,338,3,3698,-8.85,786,86,86,3698,-8.85
4,338,4,4515,-5.65,1157,0,0,3698,-8.85
4,338,5,5633,-4.49,797,0,0,3698,-8.85
4,338,6,6503,-5.81,797,0,0,3698,-8.85
4,338,7,7227,-5.89,797,0,0,3698,-8.85
0,339,0,346,-2.45,797,1,1,346,-2.45
3,339,0,346,-5.45,797,0,0,1030,-7.01
3,339,1,1030,-7.01,1070,1,1,1030,-7.01
3,339,2,2747,-5.11,1811,0,0,1030,-7.01
4,339,0,346,-6.45,797,0,0,4028,-9.91
4,339,1,1030,-8.01,1070,0,0,4028,-9.91
4,339,2,2747,-6.11,1811,0,0,4028,-9.91
4,339,3,4028,-9.91,786,1,1,4028,-9.91
4,339,4,4999,-6.11,1157,0,0,4028,-9.91
4,339,5,5967,-5.55,797,0,0,4028,-9.91
4,339,6,6503,-6.09,797,0,0,4028,-9.91
4,339,7,7561,-6.95,797,0,0,4028,-9.91
0,340,0,32,-0.89,797,46,46,32,-0.89
3,340,0,32,-3.89,797,0,0,798,-5.45
3,340,1,798,-5.45,1070,20,20,798,-5.45
3,340,2,3595,-3.94,1811,0,0,798,-5.45
4,340,0,32,-4.89,797,0,0,3683,-8.35
4,340,1,798,-6.45,1070,0,0,3683,-8.35
4,340,2,3595,-4.94,1811,0,0,3683,-8.35
4,340,3,3683,-8.35,786,25,25,3683,-8.35
4,340,4,4591,-5.21,1157,0,0,3683,-8.35
4,340,5,5653,-3.99,797,0,0,3683,-8.35
4,340,6,6503,-5.75,797,0,0,3683,-8.35
4,340,7,7247,-5.39,797,0,0,3683,-8.35
0,341,0,346,-2.11,797,1,1,346,-2.11
3,341,0,346,-5.11,797,0,0,1030,-6.67
3,341,1,1030,-6.67,1070,1,1,1030,-6.67
3,341,2,2747,-4.77,1811,0,0,1030,-6.67
4,341,0,346,-6.11,797,0,0,4028,-9.57
4,341,1,1030,-7.67,1070,0,0,4028,-9.57
4,341,2,2747,-5.77,1811,0,0,4028,-9.57
4,341,3,4028,-9.57,786,1,1,4028,-9.57
4,341,4,4999,-5.77,1157,0,0,4028,-9.57
4,341,5,5967,-5.21,797,0,0,4028,-9.57
4,341,6,6503,-5.75,797,0,0,4028,-9.57
4,341,7,7561,-6.61,797,0,0,4028,-9.57
0,342,0,346,-2.69,797,1,1,346,-2.69
3,342,0,346,-5.69,797,0,0,1030,-7.25
3,342,1,1030,-7.25,1070,1,1,1030,-7.25
3,342,2,2747,-5.35,1811,0,0,1030,-7.25
4,342,0,346,-6.69,797,0,0,4028,-10.15
4,342,1,1030,-8.25,1070,0,0,4028,-10.15
4,342,2,2747,-6.35,1811,0,0,4028,-10.15
4,342,3,4028,-10.15,786,1,1,4028,-10.15
4,342,4,4999,-6.35,1157,0,0,4028,-10.15
4,342,5,5967,-5.79,797,0,0,4028,-10.15
4,342,6,6764,-5.79,797,0,0,4028,-10.15
4,342,7,7561,-7.19,797,0,0,4028,-10.15
0,343,0,32,-1.03,797,46,46,32,-1.03
3,343,0,32,-4.03,797,0,0,798,-5.59
3,343,1,798,-5.59,1070,20,20,798,-5.59
3,343,2,3595,-4.2,1811,0,0,798,-5.59
4,343,0,32,-5.03,797,0,0,3683,-8.49
4,343,1,798,-6.59,1070,0,0,3683,-8.49
4,343,2,3595,-5.2,1811,0,0,3683,-8.49
4,343,3,3683,-8.49,786,25,25,3683,-8.49
4,343,4,4591,-5.35,1157,0,0,3683,-8.49
4,343,5,5653,-4.13,797,0,0,3683,-8.49
4,343,6,6503,-5.89,797,0,0,3683,-8.49
4,343,7,7247,-5.53,797,0,0,3683,-8.49
0,344,0,32,-0.81,797,46,46,32,-0.81
3,344,0,32,-3.81,797,0,0,798,-5.37
3,344,1,798,-5.37,1070,20,20,798,-5.37
3,344,2,3595,-3.86,1811,0,0,798,-5.37
4,344,0,32,-4.81,797,0,0,3683,-8.27
4,344,1,798,-6.37,1070,0,0,3683,-8.27
4,344,2,3595,-4.86,1811,0,0,3683,-8.27
4,344,3,3683,-8.27,786,25,25,3683,-8.27
4,344,4,4591,-5.13,1157,0,0,3683,-8.27
4,344,5,5653,-3.91,797,0,0,3683,-8.27
4,344,6,6503,-5.67,797,0,0,3683,-8.27
4,344,7,7247,-5.31,797,0,0,3683,-8.27
0,345,0,346,-1.96,797,1,1,346,-1.96
3,345,0,346,-4.96,797,0,0,1030,-6.52
3,345,1,1030,-6.52,1070,1,1,1030,-6.52
3,345,2,2747,-4.62,1811,0,0,1030,-6.52
4,345,0,346,-5.96,797,0,0,4028,-9.42
4,345,1,1030,-7.52,1070,0,0,4028,-9.42
4,345,2,2747,-5.62,1811,0,0,4028,-9.42
4,345,3,4028,-9.42,786,1,1,4028,-9.42
4,345,4,4999,-5.62,1157,0,0,4028,-9.42
4,345,5,5967,-5.06,797,0,0,4028,-9.42
4,345,6,6764,-5.06,797,0,0,4028,-9.42
4,345,7,7561,-6.46,797,0,0,4028,-9.42
0,346,0,87,-0.52,797,3,3,87,-0.52
3,346,0,87,-3.52,797,0,0,1030,-4.56
3,346,1,1030,-4.56,1070,6,1,1030,-4.56
3,346,2,2747,-4.48,1811,1,1,1030,-4.56
4,346,0,87,-4.52,797,0,0,3709,-7.98
4,346,1,1030,-5.56,1070,0,0,3709,-7.98
4,346,2,2747,-5.48,1811,0,0,3709,-7.98
4,346,3,3709,-7.98,786,3,3,3709,-7.98
4,346,4,4516,-4.18,1157,0,0,3709,-7.98
4,346,5,5708,-3.62,797,0,0,3709,-7.98
4,346,6,6517,-4.8,797,0,0,3709,-7.98
4,346,7,7302,-5.02,797,0,0,3709,-7.98
0,347,0,792,-8.53,797,5,5,792,-8.53
3,347,0,792,-11.53,797,0,0,1350,-13.09
3,347,1,1350,-13.09,1070,5,5,1350,-13.09
3,347,2,3086,-11.31,1811,0,0,1350,-13.09
4,347,0,792,-12.53,797,0,0,4459,-15.99
4,347,1,1350,-14.09,1070,0,0,4459,-15.99
4,347,2,3086,-12.31,1811,0,0,4459,-15.99
4,347,3,4459,-15.99,786,5,5,4459,-15.99
4,347,4,5616,-12.19,1157,0,0,4459,-15.99
4,347,5,6413,-11.63,797,0,0,4459,-15.99
4,347,6,7210,-11.63,797,0,0,4459,-15.99
4,347,7,8007,-13.03,797,0,0,4459,-15.99
0,348,0,792,-7.3,797,5,5,792,-7.3
3,348,0,792,-10.3,797,0,0,1350,-11.86
3,348,1,1350,-11.86,1070,5,5,1350,-11.86
3,348,2,3086,-10.09,1811,0,0,1350,-11.86
4,348,0,792,-11.3,797,0,0,4459,-14.76
4,348,1,1350,-12.86,1070,0,0,4459,-14.76
4,348,2,3086,-11.08,1811,0,0,4459,-14.76
4,348,3,4459,-14.76,786,5,5,4459,-14.76
4,348,4,5616,-10.96,1157,0,0,4459,-14.76
4,348,5,6413,-10.4,797,0,0,4459,-14.76
4,348,6,7210,-10.4,797,0,0,4459,-14.76
4,348,7,8007,-11.8,797,0,0,4459,-14.76
0,349,0,792,-8.19,797,5,5,792,-8.19
3,349,0,792,-11.19,797,0,0,1350,-12.75
3,349,1,1350,-12.75,1070,5,5,1350,-12.75
3,349,2,3086,-10.97,1811,0,0,1350,-12.75
4,349,0,792,-12.19,797,0,0,4459,-15.65
4,349,1,1350,-13.75,1070,0,0,4459,-15.65
4,349,2,3086,-11.97,1811,0,0,4459,-15.65
4,349,3,4459,-15.65,786,5,5,4459,-15.65
4,349,4,5616,-11.85,1157,0,0,4459,-15.65
4,349,5,6413,-11.29,797,0,0,4459,-15.65
4,349,6,7210,-11.29,797,0,0,4459,-15.65
4,349,7,8007,-12.69,797,0,0,4459,-15.65
0,350,0,792,-8.19,797,5,5,792,-8.19
3,350,0,792,-11.19,797,0,0,1350,-12.75
3,350,1,1350,-12.75,1070,5,5,1350,-12.75
3,350,2,3086,-10.97,1811,0,0,1350,-12.75
4,350,0,792,-12.19,797,0,0,4459,-15.65
4,350,1,1350,-13.75,1070,0,0,4459,-15.65
4,350,2,3086,-11.97,1811,0,0,4459,-15.65
4,350,3,4459,-15.65,786,5,5,4459,-15.65
4,350,4,5616,-11.85,1157,0,0,4459,-15.65
4,350,5,6413,-11.29,797,0,0,4459,-15.65
4,350,6,7210,-11.29,797,0,0,4459,-15.65
4,350,7,8007,-12.69,797,0,0,4459,-15.65
0,351,0,85,-3.3,797,76,76,85,-3.3
3,351,0,85,-6.3,797,0,0,3586,-8.74
3,351,1,1855,-7.92,1070,19,19,3586,-8.74
3,351,2,3586,-8.74,1811,55,55,3586,-8.74
4,351,0,85,-7.3,797,0,0,3707,-10.76
4,351,1,1855,-8.92,1070,0,0,3707,-10.76
4,351,2,3586,-9.74,1811,0,0,3707,-10.76
4,351,3,3707,-10.76,786,73,73,3707,-10.76
4,351,4,5149,-7.54,1157,0,0,3707,-10.76
4,351,5,5706,-6.4,797,0,0,3707,-10.76
4,351,6,6503,-6.4,797,0,0,3707,-10.76
4,351,7,7300,-7.8,797,0,0,3707,-10.76
0,352,0,85,-3.64,797,76,76,85,-3.64
3,352,0,85,-6.64,797,0,0,3586,-8.96
3,352,1,1855,-8.26,1070,20,20,3586,-8.96
3,352,2,3586,-8.96,1811,55,55,3586,-8.96
4,352,0,85,-7.64,797,0,0,3707,-11.1
4,352,1,1855,-9.26,1070,0,0,3707,-11.1
4,352,2,3586,-9.96,1811,0,0,3707,-11.1
4,352,3,3707,-11.1,786,73,73,3707,-11.1
4,352,4,5149,-7.88,1157,0,0,3707,-11.1
4,352,5,5706,-6.74,797,0,0,3707,-11.1
4,352,6,6503,-6.74,797,0,0,3707,-11.1
4,352,7,7300,-8.14,797,0,0,3707,-11.1
0,353,0,767,-2.78,797,31,31,767,-2.78
3,353,0,767,-5.78,797,0,0,3587,-8.12
3,353,1,1328,-7.34,1070,11,11,3587,-8.12
3,353,2,3587,-8.12,1811,63,63,3587,-8.12
4,353,0,767,-6.78,797,0,0,4434,-10.24
4,353,1,1328,-8.34,1070,0,0,4434,-10.24
4,353,2,3587,-9.12,1811,0,0,4434,-10.24
4,353,3,4434,-10.24,786,31,31,4434,-10.24
4,353,4,5588,-6.44,1157,0,0,4434,-10.24
4,353,5,6388,-5.88,797,0,0,4434,-10.24
4,353,6,7185,-5.88,797,0,0,4434,-10.24
4,353,7,7982,-7.28,797,0,0,4434,-10.24
0,354,0,792,-7.85,797,5,5,792,-7.85
3,354,0,792,-10.85,797,0,0,1350,-12.41
3,354,1,1350,-12.41,1070,5,5,1350,-12.41
3,354,2,3086,-10.63,1811,0,0,1350,-12.41
4,354,0,792,-11.85,797,0,0,4459,-15.31
4,354,1,1350,-13.41,1070,0,0,4459,-15.31
4,354,2,3086,-11.63,1811,0,0,4459,-15.31
4,354,3,4459,-15.31,786,5,5,4459,-15.31
4,354,4,5616,-11.51,1157,0,0,4459,-15.31
4,354,5,6413,-10.95,797,0,0,4459,-15.31
4,354,6,7210,-10.95,797,0,0,4459,-15.31
4,354,7,8007,-12.35,797,0,0,4459,-15.31
0,355,0,767,-2.44,797,31,31,767,-2.44
3,355,0,767,-5.44,797,0,0,3646,-8.03
3,355,1,1328,-7,1070,0,0,3646,-8.03
3,355,2,3646,-8.03,1811,69,69,3646,-8.03
4,355,0,767,-6.44,797,0,0,4434,-9.9
4,355,1,1328,-8,1070,0,0,4434,-9.9
4,355,2,3646,-9.03,1811,1,1,4434,-9.9
4,355,3,4434,-9.9,786,31,31,4434,-9.9
4,355,4,5588,-6.1,1157,0,0,4434,-9.9
4,355,5,6388,-5.54,797,0,0,4434,-9.9
4,355,6,7185,-5.54,797,0,0,4434,-9.9
4,355,7,7982,-6.94,797,0,0,4434,-9.9
0,356,0,346,-2.9,797,32,32,346,-2.9
3,356,0,346,-5.9,797,0,0,3587,-8.12
3,356,1,1030,-7.46,1070,13,13,3587,-8.12
3,356,2,3587,-8.12,1811,64,64,3587,-8.12
4,356,0,346,-6.9,797,0,0,4028,-10.36
4,356,1,1030,-8.46,1070,0,0,4028,-10.36
4,356,2,3587,-9.12,1811,0,0,4028,-10.36
4,356,3,4028,-10.36,786,32,32,4028,-10.36
4,356,4,4999,-6.56,1157,0,0,4028,-10.36
4,356,5,5967,-6,797,0,0,4028,-10.36
4,356,6,6764,-6,797,0,0,4028,-10.36
4,356,7,7561,-7.4,797,0,0,4028,-10.36
0,357,0,346,-3.89,797,1,1,346,-3.89
3,357,0,346,-6.89,797,0,0,1030,-8.45
3,357,1,1030,-8.45,1070,1,1,1030,-8.45
3,357,2,3646,-8.03,1811,25,25,1030,-8.45
4,357,0,346,-7.89,797,0,0,4028,-11.35
4,357,1,1030,-9.45,1070,0,0,4028,-11.35
4,357,2,3646,-9.03,1811,0,0,4028,-11.35
4,357,3,4028,-11.35,786,1,1,4028,-11.35
4,357,4,4999,-7.55,1157,0,0,4028,-11.35
4,357,5,5967,-6.99,797,0,0,4028,-11.35
4,357,6,6764,-6.99,797,0,0,4028,-11.35
4,357,7,7561,-8.39,797,0,0,4028,-11.35
0,358,0,85,-3.3,797,76,76,85,-3.3
3,358,0,85,-6.3,797,0,0,3586,-8.62
3,358,1,1855,-7.92,1070,20,20,3586,-8.62
3,358,2,3586,-8.62,1811,55,55,3586,-8.62
4,358,0,85,-7.3,797,0,0,3707,-10.76
4,358,1,1855,-8.92,1070,0,0,3707,-10.76
4,358,2,3586,-9.62,1811,0,0,3707,-10.76
4,358,3,3707,-10.76,786,73,73,3707,-10.76
4,358,4,5149,-7.54,1157,0,0,3707,-10.76
4,358,5,5706,-6.4,797,0,0,3707,-10.76
4,358,6,6503,-6.4,797,0,0,3707,-10.76
4,358,7,7300,-7.8,797,0,0,3707,-10.76
0,359,0,85,-2.52,797,39,39,85,-2.52
3,359,0,85,-5.52,797,0,0,3398,-7.25
3,359,1,818,-7.08,1070,34,34,3398,-7.25
3,359,2,3398,-7.25,1811,208,208,3398,-7.25
4,359,0,85,-6.52,797,0,0,3707,-9.98
4,359,1,818,-8.08,1070,0,0,3707,-9.98
4,359,2,3398,-8.25,1811,0,0,3707,-9.98
4,359,3,3707,-9.98,786,37,37,3707,-9.98
4,359,4,5149,-6.76,1157,0,0,3707,-9.98
4,359,5,5706,-5.62,797,0,0,3707,-9.98
4,359,6,6503,-5.62,797,0,0,3707,-9.98
4,359,7,7300,-7.02,797,0,0,3707,-9.98
0,360,0,85,-3.3,797,76,76,85,-3.3
3,360,0,85,-6.3,797,0,0,3586,-8.62
3,360,1,1855,-7.92,1070,20,20,3586,-8.62
3,360,2,3586,-8.62,1811,55,55,3586,-8.62
4,360,0,85,-7.3,797,0,0,3707,-10.76
4,360,1,1855,-8.92,1070,0,0,3707,-10.76
4,360,2,3586,-9.62,1811,0,0,3707,-10.76
4,360,3,3707,-10.76,786,73,73,3707,-10.76
4,360,4,5149,-7.54,1157,0,0,3707,-10.76
4,360,5,5706,-6.4,797,0,0,3707,-10.76
4,360,6,6503,-6.4,797,0,0,3707,-10.76
4,360,7,7300,-7.8,797,0,0,3707,-10.76
0,361,0,85,-2.86,797,39,39,85,-2.86
3,361,0,85,-5.86,797,0,0,3398,-7.47
3,361,1,818,-7.42,1070,35,35,3398,-7.47
3,361,2,3398,-7.47,1811,208,208,3398,-7.47
4,361,0,85,-6.86,797,0,0,3707,-10.32
4,361,1,818,-8.42,1070,0,0,3707,-10.32
4,361,2,3398,-8.47,1811,0,0,3707,-10.32
4,361,3,3707,-10.32,786,37,37,3707,-10.32
4,361,4,5149,-7.1,1157,0,0,3707,-10.32
4,361,5,5706,-5.96,797,0,0,3707,-10.32
4,361,6,6503,-5.96,797,0,0,3707,-10.32
4,361,7,7300,-7.36,797,0,0,3707,-10.32
0,362,0,85,-3.08,797,39,39,85,-3.08
3,362,0,85,-6.08,797,0,0,818,-7.64
3,362,1,818,-7.64,1070,50,50,818,-7.64
3,362,2,3398,-7.62,1811,208,208,818,-7.64
4,362,0,85,-7.08,797,0,0,3707,-10.54
4,362,1,818,-8.64,1070,0,0,3707,-10.54
4,362,2,3398,-8.62,1811,0,0,3707,-10.54
4,362,3,3707,-10.54,786,37,37,3707,-10.54
4,362,4,5149,-7.32,1157,0,0,3707,-10.54
4,362,5,5706,-6.18,797,0,0,3707,-10.54
4,362,6,6503,-6.18,797,0,0,3707,-10.54
4,362,7,7300,-7.58,797,0,0,3707,-10.54
0,363,0,85,-2.1,797,76,76,85,-2.1
3,363,0,85,-5.1,797,0,0,3586,-7.84
3,363,1,1855,-6.72,1070,0,0,3586,-7.84
3,363,2,3586,-7.84,1811,19,19,3586,-7.84
4,363,0,85,-6.1,797,0,0,3707,-9.56
4,363,1,1855,-7.72,1070,0,0,3707,-9.56
4,363,2,3586,-8.84,1811,3,3,3707,-9.56
4,363,3,3707,-9.56,786,73,73,3707,-9.56
4,363,4,5149,-6.34,1157,0,0,3707,-9.56
4,363,5,5706,-5.2,797,0,0,3707,-9.56
4,363,6,6503,-5.2,797,0,0,3707,-9.56
4,363,7,7300,-6.6,797,0,0,3707,-9.56
0,364,0,85,-2.1,797,76,76,85,-2.1
3,364,0,85,-5.1,797,0,0,3586,-7.84
3,364,1,1855,-6.72,1070,0,0,3586,-7.84
3,364,2,3586,-7.84,1811,26,26,3586,-7.84
4,364,0,85,-6.1,797,0,0,3707,-9.56
4,364,1,1855,-7.72,1070,0,0,3707,-9.56
4,364,2,3586,-8.84,1811,5,5,3707,-9.56
4,364,3,3707,-9.56,786,73,73,3707,-9.56
4,364,4,5149,-6.34,1157,0,0,3707,-9.56
4,364,5,5706,-5.2,797,0,0,3707,-9.56
4,364,6,6503,-5.2,797,0,0,3707,-9.56
4,364,7,7300,-6.6,797,0,0,3707,-9.56
0,365,0,547,-5.38,797,1,1,547,-5.38
3,365,0,547,-8.38,797,0,0,1163,-9.94
3,365,1,1163,-9.94,1070,1,1,1163,-9.94
3,365,2,3031,-8.16,1811,0,0,1163,-9.94
4,365,0,547,-9.38,797,0,0,4220,-12.84
4,365,1,1163,-10.94,1070,0,0,4220,-12.84
4,365,2,3031,-9.16,1811,0,0,4220,-12.84
4,365,3,4220,-12.84,786,1,1,4220,-12.84
4,365,4,5295,-9.04,1157,0,0,4220,-12.84
4,365,5,6168,-8.48,797,0,0,4220,-12.84
4,365,6,6965,-8.48,797,0,0,4220,-12.84
4,365,7,7762,-9.88,797,0,0,4220,-12.84
0,366,0,85,-1.76,797,80,76,85,-1.76
3,366,0,85,-4.76,797,0,0,3586,-7.59
3,366,1,1855,-6.38,1070,0,0,3586,-7.59
3,366,2,3586,-7.59,1811,49,49,3586,-7.59
4,366,0,85,-5.76,797,0,0,3707,-9.22
4,366,1,1855,-7.38,1070,0,0,3707,-9.22
4,366,2,3586,-8.59,1811,9,9,3707,-9.22
4,366,3,3707,-9.22,786,77,73,3707,-9.22
4,366,4,5149,-6,1157,0,0,3707,-9.22
4,366,5,5706,-4.86,797,0,0,3707,-9.22
4,366,6,6503,-4.86,797,0,0,3707,-9.22
4,366,7,7300,-6.26,797,0,0,3707,-9.22
0,367,0,85,-3.22,797,76,76,85,-3.22
3,367,0,85,-6.22,797,0,0,3586,-8.54
3,367,1,1855,-7.84,1070,20,20,3586,-8.54
3,367,2,3586,-8.54,1811,55,55,3586,-8.54
4,367,0,85,-7.22,797,0,0,3707,-10.68
4,367,1,1855,-8.84,1070,0,0,3707,-10.68
4,367,2,3586,-9.54,1811,0,0,3707,-10.68
4,367,3,3707,-10.68,786,73,73,3707,-10.68
4,367,4,5149,-7.46,1157,0,0,3707,-10.68
4,367,5,5706,-6.32,797,0,0,3707,-10.68
4,367,6,6503,-6.32,797,0,0,3707,-10.68
4,367,7,7300,-7.72,797,0,0,3707,-10.68
0,368,0,85,-3.22,797,76,76,85,-3.22
3,368,0,85,-6.22,797,0,0,3586,-8.54
3,368,1,1855,-7.84,1070,20,20,3586,-8.54
3,368,2,3586,-8.54,1811,55,55,3586,-8.54
4,368,0,85,-7.22,797,0,0,3707,-10.68
4,368,1,1855,-8.84,1070,0,0,3707,-10.68
4,368,2,3586,-9.54,1811,0,0,3707,-10.68
4,368,3,3707,-10.68,786,73,73,3707,-10.68
4,368,4,5149,-7.46,1157,0,0,3707,-10.68
4,368,5,5706,-6.32,797,0,0,3707,-10.68
4,368,6,6503,-6.32,797,0,0,3707,-10.68
4,368,7,7300,-7.72,797,0,0,3707,-10.68
0,369,0,85,-4.98,797,39,39,85,-4.98
3,369,0,85,-7.98,797,0,0,818,-9.54
3,369,1,818,-9.54,1070,50,50,818,-9.54
3,369,2,3398,-8.62,1811,2,2,818,-9.54
4,369,0,85,-8.98,797,0,0,3707,-12.44
4,369,1,818,-10.54,1070,0,0,3707,-12.44
4,369,2,3398,-9.62,1811,0,0,3707,-12.44
4,369,3,3707,-12.44,786,37,37,3707,-12.44
4,369,4,5149,-9.22,1157,0,0,3707,-12.44
4,369,5,5706,-8.08,797,0,0,3707,-12.44
4,369,6,6503,-8.08,797,0,0,3707,-12.44
4,369,7,7300,-9.48,797,0,0,3707,-12.44
0,370,0,85,-4.98,797,41,39,85,-4.98
3,370,0,85,-7.98,797,0,0,3398,-9.86
3,370,1,818,-9.54,1070,12,12,3398,-9.86
3,370,2,3398,-9.86,1811,158,158,3398,-9.86
4,370,0,85,-8.98,797,0,0,3707,-12.44
4,370,1,818,-10.54,1070,0,0,3707,-12.44
4,370,2,3398,-10.86,1811,0,0,3707,-12.44
4,370,3,3707,-12.44,786,39,37,3707,-12.44
4,370,4,5149,-9.22,1157,0,0,3707,-12.44
4,370,5,5706,-8.08,797,0,0,3707,-12.44
4,370,6,6503,-8.08,797,0,0,3707,-12.44
4,370,7,7300,-9.48,797,0,0,3707,-12.44
0,371,0,85,-4.64,797,43,39,85,-4.64
3,371,0,85,-7.64,797,0,0,3398,-9.61
3,371,1,818,-9.2,1070,5,5,3398,-9.61
3,371,2,3398,-9.61,1811,158,158,3398,-9.61
4,371,0,85,-8.64,797,0,0,3707,-12.1
4,371,1,818,-10.2,1070,0,0,3707,-12.1
4,371,2,3398,-10.61,1811,0,0,3707,-12.1
4,371,3,3707,-12.1,786,41,37,3707,-12.1
4,371,4,5149,-8.88,1157,0,0,3707,-12.1
4,371,5,5706,-7.74,797,0,0,3707,-12.1
4,371,6,6503,-7.74,797,0,0,3707,-12.1
4,371,7,7300,-9.14,797,0,0,3707,-12.1
0,372,0,792,-7.97,797,5,5,792,-7.97
3,372,0,792,-10.97,797,0,0,1350,-12.53
3,372,1,1350,-12.53,1070,5,5,1350,-12.53
3,372,2,3086,-11.22,1811,0,0,1350,-12.53
4,372,0,792,-11.97,797,0,0,4459,-15.43
4,372,1,1350,-13.53,1070,0,0,4459,-15.43
4,372,2,3086,-12.22,1811,0,0,4459,-15.43
4,372,3,4459,-15.43,786,5,5,4459,-15.43
4,372,4,5616,-11.63,1157,0,0,4459,-15.43
4,372,5,6413,-11.07,797,0,0,4459,-15.43
4,372,6,7210,-11.07,797,0,0,4459,-15.43
4,372,7,8007,-12.47,797,0,0,4459,-15.43
0,373,0,346,-3.33,797,5,5,346,-3.33
3,373,0,346,-6.33,797,0,0,3646,-8.15
3,373,1,1030,-7.89,1070,1,1,3646,-8.15
3,373,2,3646,-8.15,1811,69,69,3646,-8.15
4,373,0,346,-7.33,797,0,0,4028,-10.79
4,373,1,1030,-8.89,1070,0,0,4028,-10.79
4,373,2,3646,-9.15,1811,0,0,4028,-10.79
4,373,3,4028,-10.79,786,5,5,4028,-10.79
4,373,4,4999,-6.99,1157,0,0,4028,-10.79
4,373,5,5967,-6.43,797,0,0,4028,-10.79
4,373,6,6764,-6.43,797,0,0,4028,-10.79
4,373,7,7561,-7.83,797,0,0,4028,-10.79
0,374,0,85,-2.1,797,76,76,85,-2.1
3,374,0,85,-5.1,797,0,0,3586,-7.84
3,374,1,1855,-6.72,1070,0,0,3586,-7.84
3,374,2,3586,-7.84,1811,19,19,3586,-7.84
4,374,0,85,-6.1,797,0,0,3707,-9.56
4,374,1,1855,-7.72,1070,0,0,3707,-9.56
4,374,2,3586,-8.84,1811,3,3,3707,-9.56
4,374,3,3707,-9.56,786,73,73,3707,-9.56
4,374,4,5149,-6.34,1157,0,0,3707,-9.56
4,374,5,5706,-5.2,797,0,0,3707,-9.56
4,374,6,6503,-5.2,797,0,0,3707,-9.56
4,374,7,7300,-6.6,797,0,0,3707,-9.56
0,375,0,85,-2.1,797,76,76,85,-2.1
3,375,0,85,-5.1,797,0,0,3586,-7.84
3,375,1,1855,-6.72,1070,0,0,3586,-7.84
3,375,2,3586,-7.84,1811,26,26,3586,-7.84
4,375,0,85,-6.1,797,0,0,3707,-9.56
4,375,1,1855,-7.72,1070,0,0,3707,-9.56
4,375,2,3586,-8.84,1811,5,5,3707,-9.56
4,375,3,3707,-9.56,786,73,73,3707,-9.56
4,375,4,5149,-6.34,1157,0,0,3707,-9.56
4,375,5,5706,-5.2,797,0,0,3707,-9.56
4,375,6,6503,-5.2,797,0,0,3707,-9.56
4,375,7,7300,-6.6,797,0,0,3707,-9.56
0,376,0,85,-2.1,797,78,76,85,-2.1
3,376,0,85,-5.1,797,0,0,3586,-7.84
3,376,1,1855,-6.72,1070,0,0,3586,-7.84
3,376,2,3586,-7.84,1811,49,49,3586,-7.84
4,376,0,85,-6.1,797,0,0,3707,-9.56
4,376,1,1855,-7.72,1070,0,0,3707,-9.56
4,376,2,3586,-8.84,1811,5,5,3707,-9.56
4,376,3,3707,-9.56,786,75,73,3707,-9.56
4,376,4,5149,-6.34,1157,0,0,3707,-9.56
4,376,5,5706,-5.2,797,0,0,3707,-9.56
4,376,6,6503,-5.2,797,0,0,3707,-9.56
4,376,7,7300,-6.6,797,0,0,3707,-9.56
0,377,0,85,-3.22,797,76,76,85,-3.22
3,377,0,85,-6.22,797,0,0,3586,-8.54
3,377,1,1855,-7.84,1070,20,20,3586,-8.54
3,377,2,3586,-8.54,1811,55,55,3586,-8.54
4,377,0,85,-7.22,797,0,0,3707,-10.68
4,377,1,1855,-8.84,1070,0,0,3707,-10.68
4,377,2,3586,-9.54,1811,0,0,3707,-10.68
4,377,3,3707,-10.68,786,73,73,3707,-10.68
4,377,4,5149,-7.46,1157,0,0,3707,-10.68
4,377,5,5706,-6.32,797,0,0,3707,-10.68
4,377,6,6503,-6.32,797,0,0,3707,-10.68
4,377,7,7300,-7.72,797,0,0,3707,-10.68
0,378,0,346,-4.06,797,1,1,346,-4.06
3,378,0,346,-7.06,797,0,0,1030,-8.62
3,378,1,1030,-8.62,1070,1,1,1030,-8.62
3,378,2,3586,-7.84,1811,5,5,1030,-8.62
4,378,0,346,-8.06,797,0,0,4028,-11.52
4,378,1,1030,-9.62,1070,0,0,4028,-11.52
4,378,2,3586,-8.84,1811,0,0,4028,-11.52
4,378,3,4028,-11.52,786,1,1,4028,-11.52
4,378,4,4999,-7.72,1157,0,0,4028,-11.52
4,378,5,5967,-7.16,797,0,0,4028,-11.52
4,378,6,6764,-7.16,797,0,0,4028,-11.52
4,378,7,7561,-8.56,797,0,0,4028,-11.52
0,379,0,346,-5.08,797,1,1,346,-5.08
3,379,0,346,-8.08,797,0,0,1030,-9.64
3,379,1,1030,-9.64,1070,1,1,1030,-9.64
3,379,2,3586,-8.76,1811,3,3,1030,-9.64
4,379,0,346,-9.08,797,0,0,4028,-12.54
4,379,1,1030,-10.64,1070,0,0,4028,-12.54
4,379,2,3586,-9.76,1811,0,0,4028,-12.54
4,379,3,4028,-12.54,786,1,1,4028,-12.54
4,379,4,4999,-8.74,1157,0,0,4028,-12.54
4,379,5,5967,-8.18,797,0,0,4028,-12.54
4,379,6,6764,-8.18,797,0,0,4028,-12.54
4,379,7,7561,-9.58,797,0,0,4028,-12.54
0,380,0,85,-1.32,797,40,39,85,-1.32
3,380,0,85,-4.32,797,0,0,818,-5.88
3,380,1,818,-5.88,1070,51,50,818,-5.88
3,380,2,3398,-4.96,1811,2,2,818,-5.88
4,380,0,85,-5.32,797,0,0,3707,-8.78
4,380,1,818,-6.88,1070,0,0,3707,-8.78
4,380,2,3398,-5.96,1811,0,0,3707,-8.78
4,380,3,3707,-8.78,786,38,37,3707,-8.78
4,380,4,5149,-5.56,1157,0,0,3707,-8.78
4,380,5,5706,-4.42,797,0,0,3707,-8.78
4,380,6,6503,-4.42,797,0,0,3707,-8.78
4,380,7,7300,-5.82,797,0,0,3707,-8.78
0,381,0,85,-1.32,797,41,39,85,-1.32
3,381,0,85,-4.32,797,0,0,3398,-6.2
3,381,1,818,-5.88,1070,12,12,3398,-6.2
3,381,2,3398,-6.2,1811,158,158,3398,-6.2
4,381,0,85,-5.32,797,0,0,3707,-8.78
4,381,1,818,-6.88,1070,0,0,3707,-8.78
4,381,2,3398,-7.2,1811,0,0,3707,-8.78
4,381,3,3707,-8.78,786,39,37,3707,-8.78
4,381,4,5149,-5.56,1157,0,0,3707,-8.78
4,381,5,5706,-4.42,797,0,0,3707,-8.78
4,381,6,6503,-4.42,797,0,0,3707,-8.78
4,381,7,7300,-5.82,797,0,0,3707,-8.78
0,382,0,85,-1.32,797,41,39,85,-1.32
3,382,0,85,-4.32,797,0,0,3398,-6.2
3,382,1,818,-5.88,1070,12,12,3398,-6.2
3,382,2,3398,-6.2,1811,158,158,3398,-6.2
4,382,0,85,-5.32,797,0,0,3707,-8.78
4,382,1,818,-6.88,1070,0,0,3707,-8.78
4,382,2,3398,-7.2,1811,0,0,3707,-8.78
4,382,3,3707,-8.78,786,39,37,3707,-8.78
4,382,4,5149,-5.56,1157,0,0,3707,-8.78
4,382,5,5706,-4.42,797,0,0,3707,-8.78
4,382,6,6503,-4.42,797,0,0,3707,-8.78
4,382,7,7300,-5.82,797,0,0,3707,-8.78
0,383,0,85,-1.66,797,39,39,85,-1.66
3,383,0,85,-4.66,797,0,0,818,-6.22
3,383,1,818,-6.22,1070,50,50,818,-6.22
3,383,2,3398,-5.3,1811,2,2,818,-6.22
4,383,0,85,-5.66,797,0,0,3707,-9.12
4,383,1,818,-7.22,1070,0,0,3707,-9.12
4,383,2,3398,-6.3,1811,0,0,3707,-9.12
4,383,3,3707,-9.12,786,37,37,3707,-9.12
4,383,4,5149,-5.9,1157,0,0,3707,-9.12
4,383,5,5706,-4.76,797,0,0,3707,-9.12
4,383,6,6503,-4.76,797,0,0,3707,-9.12
4,383,7,7300,-6.16,797,0,0,3707,-9.12
0,384,0,85,-1.66,797,41,39,85,-1.66
3,384,0,85,-4.66,797,0,0,3398,-6.54
3,384,1,818,-6.22,1070,12,12,3398,-6.54
3,384,2,3398,-6.54,1811,158,158,3398,-6.54
4,384,0,85,-5.66,797,0,0,3707,-9.12
4,384,1,818,-7.22,1070,0,0,3707,-9.12
4,384,2,3398,-7.54,1811,0,0,3707,-9.12
4,384,3,3707,-9.12,786,39,37,3707,-9.12
4,384,4,5149,-5.9,1157,0,0,3707,-9.12
4,384,5,5706,-4.76,797,0,0,3707,-9.12
4,384,6,6503,-4.76,797,0,0,3707,-9.12
4,384,7,7300,-6.16,797,0,0,3707,-9.12
0,385,0,85,-1.66,797,41,39,85,-1.66
3,385,0,85,-4.66,797,0,0,3398,-6.54
3,385,1,818,-6.22,1070,12,12,3398,-6.54
3,385,2,3398,-6.54,1811,158,158,3398,-6.54
4,385,0,85,-5.66,797,0,0,3707,-9.12
4,385,1,818,-7.22,1070,0,0,3707,-9.12
4,385,2,3398,-7.54,1811,0,0,3707,-9.12
4,385,3,3707,-9.12,786,39,37,3707,-9.12
4,385,4,5149,-5.9,1157,0,0,3707,-9.12
4,385,5,5706,-4.76,797,0,0,3707,-9.12
4,385,6,6503,-4.76,797,0,0,3707,-9.12
4,385,7,7300,-6.16,797,0,0,3707,-9.12
0,386,0,346,-3.12,797,28,28,346,-3.12
3,386,0,346,-6.12,797,0,0,3587,-8.12
3,386,1,1030,-7.68,1070,13,13,3587,-8.12
3,386,2,3587,-8.12,1811,69,69,3587,-8.12
4,386,0,346,-7.12,797,0,0,4028,-10.58
4,386,1,1030,-8.68,1070,0,0,4028,-10.58
4,386,2,3587,-9.12,1811,0,0,4028,-10.58
4,386,3,4028,-10.58,786,28,28,4028,-10.58
4,386,4,4999,-6.78,1157,0,0,4028,-10.58
4,386,5,5967,-6.22,797,0,0,4028,-10.58
4,386,6,6764,-6.22,797,0,0,4028,-10.58
4,386,7,7561,-7.62,797,0,0,4028,-10.58
0,387,0,346,-3.89,797,1,1,346,-3.89
3,387,0,346,-6.89,797,0,0,1030,-8.45
3,387,1,1030,-8.45,1070,1,1,1030,-8.45
3,387,2,3646,-8.03,1811,25,25,1030,-8.45
4,387,0,346,-7.89,797,0,0,4028,-11.35
4,387,1,1030,-9.45,1070,0,0,4028,-11.35
4,387,2,3646,-9.03,1811,0,0,4028,-11.35
4,387,3,4028,-11.35,786,1,1,4028,-11.35
4,387,4,4999,-7.55,1157,0,0,4028,-11.35
4,387,5,5967,-6.99,797,0,0,4028,-11.35
4,387,6,6764,-6.99,797,0,0,4028,-11.35
4,387,7,7561,-8.39,797,0,0,4028,-11.35
0,388,0,767,-2.78,797,31,31,767,-2.78
3,388,0,767,-5.78,797,0,0,3587,-8.12
3,388,1,1328,-7.34,1070,11,11,3587,-8.12
3,388,2,3587,-8.12,1811,64,64,3587,-8.12
4,388,0,767,-6.78,797,0,0,4434,-10.24
4,388,1,1328,-8.34,1070,0,0,4434,-10.24
4,388,2,3587,-9.12,1811,0,0,4434,-10.24
4,388,3,4434,-10.24,786,31,31,4434,-10.24
4,388,4,5588,-6.44,1157,0,0,4434,-10.24
4,388,5,6388,-5.88,797,0,0,4434,-10.24
4,388,6,7185,-5.88,797,0,0,4434,-10.24
4,388,7,7982,-7.28,797,0,0,4434,-10.24
0,389,0,791,-5.88,797,8,8,791,-5.88
3,389,0,791,-8.88,797,0,0,1349,-10.44
3,389,1,1349,-10.44,1070,9,9,1349,-10.44
3,389,2,3085,-9.8,1811,2,2,1349,-10.44
4,389,0,791,-9.88,797,0,0,4458,-13.34
4,389,1,1349,-11.44,1070,0,0,4458,-13.34
4,389,2,3085,-10.8,1811,0,0,4458,-13.34
4,389,3,4458,-13.34,786,8,8,4458,-13.34
4,389,4,5615,-9.54,1157,0,0,4458,-13.34
4,389,5,6412,-8.98,797,0,0,4458,-13.34
4,389,6,7209,-8.98,797,0,0,4458,-13.34
4,389,7,8006,-10.38,797,0,0,4458,-13.34
0,390,0,791,-5.54,797,8,8,791,-5.54
3,390,0,791,-8.54,797,0,0,1349,-10.1
3,390,1,1349,-10.1,1070,9,9,1349,-10.1
3,390,2,3085,-9.55,1811,2,2,1349,-10.1
4,390,0,791,-9.54,797,0,0,4458,-13
4,390,1,1349,-11.1,1070,0,0,4458,-13
4,390,2,3085,-10.55,1811,0,0,4458,-13
4,390,3,4458,-13,786,8,8,4458,-13
4,390,4,5615,-9.2,1157,0,0,4458,-13
4,390,5,6412,-8.64,797,0,0,4458,-13
4,390,6,7209,-8.64,797,0,0,4458,-13
4,390,7,8006,-10.04,797,0,0,4458,-13
0,391,0,767,-2.44,797,31,31,767,-2.44
3,391,0,767,-5.44,797,0,0,3587,-7.78
3,391,1,1328,-7,1070,11,11,3587,-7.78
3,391,2,3587,-7.78,1811,64,64,3587,-7.78
4,391,0,767,-6.44,797,0,0,4434,-9.9
4,391,1,1328,-8,1070,0,0,4434,-9.9
4,391,2,3587,-8.78,1811,0,0,4434,-9.9
4,391,3,4434,-9.9,786,31,31,4434,-9.9
4,391,4,5588,-6.1,1157,0,0,4434,-9.9
4,391,5,6388,-5.54,797,0,0,4434,-9.9
4,391,6,7185,-5.54,797,0,0,4434,-9.9
4,391,7,7982,-6.94,797,0,0,4434,-9.9
0,392,0,791,-5.54,797,8,8,791,-5.54
3,392,0,791,-8.54,797,0,0,1349,-10.1
3,392,1,1349,-10.1,1070,9,9,1349,-10.1
3,392,2,3085,-9.46,1811,2,2,1349,-10.1
4,392,0,791,-9.54,797,0,0,4458,-13
4,392,1,1349,-11.1,1070,0,0,4458,-13
4,392,2,3085,-10.46,1811,0,0,4458,-13
4,392,3,4458,-13,786,8,8,4458,-13
4,392,4,5615,-9.2,1157,0,0,4458,-13
4,392,5,6412,-8.64,797,0,0,4458,-13
4,392,6,7209,-8.64,797,0,0,4458,-13
4,392,7,8006,-10.04,797,0,0,4458,-13
0,393,0,791,-5.2,797,8,8,791,-5.2
3,393,0,791,-8.2,797,0,0,1349,-9.76
3,393,1,1349,-9.76,1070,9,9,1349,-9.76
3,393,2,3085,-9.21,1811,2,2,1349,-9.76
4,393,0,791,-9.2,797,0,0,4458,-12.66
4,393,1,1349,-10.76,1070,0,0,4458,-12.66
4,393,2,3085,-10.21,1811,0,0,4458,-12.66
4,393,3,4458,-12.66,786,8,8,4458,-12.66
4,393,4,5615,-8.86,1157,0,0,4458,-12.66
4,393,5,6412,-8.3,797,0,0,4458,-12.66
4,393,6,7209,-8.3,797,0,0,4458,-12.66
4,393,7,8006,-9.7,797,0,0,4458,-12.66
0,394,0,346,-6.12,797,16,16,346,-6.12
3,394,0,346,-9.12,797,0,0,3586,-11.04
3,394,1,1030,-10.68,1070,1,1,3586,-11.04
3,394,2,3586,-11.04,1811,27,27,3586,-11.04
4,394,0,346,-10.12,797,0,0,4028,-13.58
4,394,1,1030,-11.68,1070,0,0,4028,-13.58
4,394,2,3586,-12.04,1811,0,0,4028,-13.58
4,394,3,4028,-13.58,786,16,16,4028,-13.58
4,394,4,4999,-9.78,1157,0,0,4028,-13.58
4,394,5,5967,-9.22,797,0,0,4028,-13.58
4,394,6,6764,-9.22,797,0,0,4028,-13.58
4,394,7,7561,-10.62,797,0,0,4028,-13.58
0,395,0,346,-3.12,797,28,28,346,-3.12
3,395,0,346,-6.12,797,0,0,3587,-8.12
3,395,1,1030,-7.68,1070,13,13,3587,-8.12
3,395,2,3587,-8.12,1811,65,65,3587,-8.12
4,395,0,346,-7.12,797,0,0,4028,-10.58
4,395,1,1030,-8.68,1070,0,0,4028,-10.58
4,395,2,3587,-9.12,1811,0,0,4028,-10.58
4,395,3,4028,-10.58,786,28,28,4028,-10.58
4,395,4,4999,-6.78,1157,0,0,4028,-10.58
4,395,5,5967,-6.22,797,0,0,4028,-10.58
4,395,6,6764,-6.22,797,0,0,4028,-10.58
4,395,7,7561,-7.62,797,0,0,4028,-10.58
0,396,0,791,-5.88,797,8,8,791,-5.88
3,396,0,791,-8.88,797,0,0,1349,-10.44
3,396,1,1349,-10.44,1070,9,9,1349,-10.44
3,396,2,3085,-9.8,1811,2,2,1349,-10.44
4,396,0,791,-9.88,797,0,0,4458,-13.34
4,396,1,1349,-11.44,1070,0,0,4458,-13.34
4,396,2,3085,-10.8,1811,0,0,4458,-13.34
4,396,3,4458,-13.34,786,8,8,4458,-13.34
4,396,4,5615,-9.54,1157,0,0,4458,-13.34
4,396,5,6412,-8.98,797,0,0,4458,-13.34
4,396,6,7209,-8.98,797,0,0,4458,-13.34
4,396,7,8006,-10.38,797,0,0,4458,-13.34
0,397,0,346,-3.89,797,1,1,346,-3.89
3,397,0,346,-6.89,797,0,0,1030,-8.45
3,397,1,1030,-8.45,1070,1,1,1030,-8.45
3,397,2,3646,-8.03,1811,25,25,1030,-8.45
4,397,0,346,-7.89,797,0,0,4028,-11.35
4,397,1,1030,-9.45,1070,0,0,4028,-11.35
4,397,2,3646,-9.03,1811,0,0,4028,-11.35
4,397,3,4028,-11.35,786,1,1,4028,-11.35
4,397,4,4999,-7.55,1157,0,0,4028,-11.35
4,397,5,5967,-6.99,797,0,0,4028,-11.35
4,397,6,6764,-6.99,797,0,0,4028,-11.35
4,397,7,7561,-8.39,797,0,0,4028,-11.35
0,398,0,85,-3.3,797,76,76,85,-3.3
3,398,0,85,-6.3,797,0,0,3586,-8.62
3,398,1,1855,-7.92,1070,20,20,3586,-8.62
3,398,2,3586,-8.62,1811,55,55,3586,-8.62
4,398,0,85,-7.3,797,0,0,3707,-10.76
4,398,1,1855,-8.92,1070,0,0,3707,-10.76
4,398,2,3586,-9.62,1811,0,0,3707,-10.76
4,398,3,3707,-10.76,786,73,73,3707,-10.76
4,398,4,5149,-7.54,1157,0,0,3707,-10.76
4,398,5,5706,-6.4,797,0,0,3707,-10.76
4,398,6,6503,-6.4,797,0,0,3707,-10.76
4,398,7,7300,-7.8,797,0,0,3707,-10.76
0,399,0,85,-3.3,797,76,76,85,-3.3
3,399,0,85,-6.3,797,0,0,3586,-8.62
3,399,1,1855,-7.92,1070,20,20,3586,-8.62
3,399,2,3586,-8.62,1811,55,55,3586,-8.62
4,399,0,85,-7.3,797,0,0,3707,-10.76
4,399,1,1855,-8.92,1070,0,0,3707,-10.76
4,399,2,3586,-9.62,1811,0,0,3707,-10.76
4,399,3,3707,-10.76,786,73,73,3707,-10.76
4,399,4,5149,-7.54,1157,0,0,3707,-10.76
4,399,5,5706,-6.4,797,0,0,3707,-10.76
4,399,6,6503,-6.4,797,0,0,3707,-10.76
4,399,7,7300,-7.8,797,0,0,3707,-10.76
0,400,0,85,-2.1,797,76,76,85,-2.1
3,400,0,85,-5.1,797,0,0,3586,-7.84
3,400,1,1855,-6.72,1070,0,0,3586,-7.84
3,400,2,3586,-7.84,1811,19,19,3586,-7.84
4,400,0,85,-6.1,797,0,0,3707,-9.56
4,400,1,1855,-7.72,1070,0,0,3707,-9.56
4,400,2,3586,-8.84,1811,3,3,3707,-9.56
4,400,3,3707,-9.56,786,73,73,3707,-9.56
4,400,4,5149,-6.34,1157,0,0,3707,-9.56
4,400,5,5706,-5.2,797,0,0,3707,-9.56
4,400,6,6503,-5.2,797,0,0,3707,-9.56
4,400,7,7300,-6.6,797,0,0,3707,-9.56
0,401,0,85,-2.1,797,76,76,85,-2.1
3,401,0,85,-5.1,797,0,0,3586,-7.84
3,401,1,1855,-6.72,1070,0,0,3586,-7.84
3,401,2,3586,-7.84,1811,26,26,3586,-7.84
4,401,0,85,-6.1,797,0,0,3707,-9.56
4,401,1,1855,-7.72,1070,0,0,3707,-9.56
4,401,2,3586,-8.84,1811,5,5,3707,-9.56
4,401,3,3707,-9.56,786,73,73,3707,-9.56
4,401,4,5149,-6.34,1157,0,0,3707,-9.56
4,401,5,5706,-5.2,797,0,0,3707,-9.56
4,401,6,6503,-5.2,797,0,0,3707,-9.56
4,401,7,7300,-6.6,797,0,0,3707,-9.56
0,402,0,346,-2.82,797,24,24,346,-2.82
3,402,0,346,-5.82,797,0,0,3586,-7.84
3,402,1,1030,-7.38,1070,7,7,3586,-7.84
3,402,2,3586,-7.84,1811,28,28,3586,-7.84
4,402,0,346,-6.82,797,0,0,4028,-10.28
4,402,1,1030,-8.38,1070,0,0,4028,-10.28
4,402,2,3586,-8.84,1811,0,0,4028,-10.28
4,402,3,4028,-10.28,786,24,24,4028,-10.28
4,402,4,4999,-6.48,1157,0,0,4028,-10.28
4,402,5,5967,-5.92,797,0,0,4028,-10.28
4,402,6,6764,-5.92,797,0,0,4028,-10.28
4,402,7,7561,-7.32,797,0,0,4028,-10.28
0,403,0,346,-3.81,797,1,1,346,-3.81
3,403,0,346,-6.81,797,0,0,1030,-8.37
3,403,1,1030,-8.37,1070,1,1,1030,-8.37
3,403,2,3586,-7.59,1811,5,5,1030,-8.37
4,403,0,346,-7.81,797,0,0,4028,-11.27
4,403,1,1030,-9.37,1070,0,0,4028,-11.27
4,403,2,3586,-8.59,1811,0,0,4028,-11.27
4,403,3,4028,-11.27,786,1,1,4028,-11.27
4,403,4,4999,-7.47,1157,0,0,4028,-11.27
4,403,5,5967,-6.91,797,0,0,4028,-11.27
4,403,6,6764,-6.91,797,0,0,4028,-11.27
4,403,7,7561,-8.31,797,0,0,4028,-11.27
0,404,0,85,-3.22,797,76,76,85,-3.22
3,404,0,85,-6.22,797,0,0,3586,-8.54
3,404,1,1855,-7.84,1070,20,20,3586,-8.54
3,404,2,3586,-8.54,1811,55,55,3586,-8.54
4,404,0,85,-7.22,797,0,0,3707,-10.68
4,404,1,1855,-8.84,1070,0,0,3707,-10.68
4,404,2,3586,-9.54,1811,0,0,3707,-10.68
4,404,3,3707,-10.68,786,73,73,3707,-10.68
4,404,4,5149,-7.46,1157,0,0,3707,-10.68
4,404,5,5706,-6.32,797,0,0,3707,-10.68
4,404,6,6503,-6.32,797,0,0,3707,-10.68
4,404,7,7300,-7.72,797,0,0,3707,-10.68
0,405,0,85,-3.22,797,76,76,85,-3.22
3,405,0,85,-6.22,797,0,0,3586,-8.54
3,405,1,1855,-7.84,1070,20,20,3586,-8.54
3,405,2,3586,-8.54,1811,55,55,3586,-8.54
4,405,0,85,-7.22,797,0,0,3707,-10.68
4,405,1,1855,-8.84,1070,0,0,3707,-10.68
4,405,2,3586,-9.54,1811,0,0,3707,-10.68
4,405,3,3707,-10.68,786,73,73,3707,-10.68
4,405,4,5149,-7.46,1157,0,0,3707,-10.68
4,405,5,5706,-6.32,797,0,0,3707,-10.68
4,405,6,6503,-6.32,797,0,0,3707,-10.68
4,405,7,7300,-7.72,797,0,0,3707,-10.68
0,406,0,85,-4.98,797,39,39,85,-4.98
3,406,0,85,-7.98,797,0,0,818,-9.54
3,406,1,818,-9.54,1070,50,50,818,-9.54
3,406,2,3398,-8.62,1811,2,2,818,-9.54
4,406,0,85,-8.98,797,0,0,3707,-12.44
4,406,1,818,-10.54,1070,0,0,3707,-12.44
4,406,2,3398,-9.62,1811,0,0,3707,-12.44
4,406,3,3707,-12.44,786,37,37,3707,-12.44
4,406,4,5149,-9.22,1157,0,0,3707,-12.44
4,406,5,5706,-8.08,797,0,0,3707,-12.44
4,406,6,6503,-8.08,797,0,0,3707,-12.44
4,406,7,7300,-9.48,797,0,0,3707,-12.44
0,407,0,85,-4.98,797,39,39,85,-4.98
3,407,0,85,-7.98,797,0,0,3398,-9.86
3,407,1,818,-9.54,1070,12,12,3398,-9.86
3,407,2,3398,-9.86,1811,49,49,3398,-9.86
4,407,0,85,-8.98,797,0,0,3707,-12.44
4,407,1,818,-10.54,1070,0,0,3707,-12.44
4,407,2,3398,-10.86,1811,0,0,3707,-12.44
4,407,3,3707,-12.44,786,37,37,3707,-12.44
4,407,4,5149,-9.22,1157,0,0,3707,-12.44
4,407,5,5706,-8.08,797,0,0,3707,-12.44
4,407,6,6503,-8.08,797,0,0,3707,-12.44
4,407,7,7300,-9.48,797,0,0,3707,-12.44
0,408,0,85,-4.64,797,43,39,85,-4.64
3,408,0,85,-7.64,797,0,0,3398,-9.61
3,408,1,818,-9.2,1070,5,5,3398,-9.61
3,408,2,3398,-9.61,1811,158,158,3398,-9.61
4,408,0,85,-8.64,797,0,0,3707,-12.1
4,408,1,818,-10.2,1070,0,0,3707,-12.1
4,408,2,3398,-10.61,1811,0,0,3707,-12.1
4,408,3,3707,-12.1,786,41,37,3707,-12.1
4,408,4,5149,-8.88,1157,0,0,3707,-12.1
4,408,5,5706,-7.74,797,0,0,3707,-12.1
4,408,6,6503,-7.74,797,0,0,3707,-12.1
4,408,7,7300,-9.14,797,0,0,3707,-12.1
0,409,0,85,-4.78,797,19,19,85,-4.78
3,409,0,85,-7.78,797,0,0,818,-9.34
3,409,1,818,-9.34,1070,20,20,818,-9.34
3,409,2,2970,-8.06,1811,0,0,818,-9.34
4,409,0,85,-8.78,797,0,0,3707,-12.24
4,409,1,818,-10.34,1070,0,0,3707,-12.24
4,409,2,2970,-9.06,1811,0,0,3707,-12.24
4,409,3,3707,-12.24,786,17,17,3707,-12.24
4,409,4,5149,-10.72,1157,0,0,3707,-12.24
4,409,5,5706,-7.88,797,0,0,3707,-12.24
4,409,6,6503,-7.88,797,0,0,3707,-12.24
4,409,7,7300,-9.28,797,0,0,3707,-12.24
0,410,0,346,-3.33,797,6,6,346,-3.33
3,410,0,346,-6.33,797,0,0,1030,-7.89
3,410,1,1030,-7.89,1070,8,8,1030,-7.89
3,410,2,3587,-7.78,1811,57,57,1030,-7.89
4,410,0,346,-7.33,797,0,0,4028,-10.79
4,410,1,1030,-8.89,1070,0,0,4028,-10.79
4,410,2,3587,-8.78,1811,0,0,4028,-10.79
4,410,3,4028,-10.79,786,6,6,4028,-10.79
4,410,4,4999,-6.99,1157,0,0,4028,-10.79
4,410,5,5967,-6.43,797,0,0,4028,-10.79
4,410,6,6764,-6.43,797,0,0,4028,-10.79
4,410,7,7561,-7.83,797,0,0,4028,-10.79
0,411,0,346,-3.33,797,6,6,346,-3.33
3,411,0,346,-6.33,797,0,0,1030,-7.89
3,411,1,1030,-7.89,1070,8,8,1030,-7.89
3,411,2,3587,-7.78,1811,48,48,1030,-7.89
4,411,0,346,-7.33,797,0,0,4028,-10.79
4,411,1,1030,-8.89,1070,0,0,4028,-10.79
4,411,2,3587,-8.78,1811,0,0,4028,-10.79
4,411,3,4028,-10.79,786,6,6,4028,-10.79
4,411,4,4999,-6.99,1157,0,0,4028,-10.79
4,411,5,5967,-6.43,797,0,0,4028,-10.79
4,411,6,6764,-6.43,797,0,0,4028,-10.79
4,411,7,7561,-7.83,797,0,0,4028,-10.79
0,412,0,85,-2.1,797,76,76,85,-2.1
3,412,0,85,-5.1,797,0,0,3586,-7.84
3,412,1,1855,-6.72,1070,0,0,3586,-7.84
3,412,2,3586,-7.84,1811,19,19,3586,-7.84
4,412,0,85,-6.1,797,0,0,3707,-9.56
4,412,1,1855,-7.72,1070,0,0,3707,-9.56
4,412,2,3586,-8.84,1811,3,3,3707,-9.56
4,412,3,3707,-9.56,786,73,73,3707,-9.56
4,412,4,5149,-6.34,1157,0,0,3707,-9.56
4,412,5,5706,-5.2,797,0,0,3707,-9.56
4,412,6,6503,-5.2,797,0,0,3707,-9.56
4,412,7,7300,-6.6,797,0,0,3707,-9.56
0,413,0,85,-2.1,797,76,76,85,-2.1
3,413,0,85,-5.1,797,0,0,3586,-7.84
3,413,1,1855,-6.72,1070,0,0,3586,-7.84
3,413,2,3586,-7.84,1811,26,26,3586,-7.84
4,413,0,85,-6.1,797,0,0,3707,-9.56
4,413,1,1855,-7.72,1070,0,0,3707,-9.56
4,413,2,3586,-8.84,1811,5,5,3707,-9.56
4,413,3,3707,-9.56,786,73,73,3707,-9.56
4,413,4,5149,-6.34,1157,0,0,3707,-9.56
4,413,5,5706,-5.2,797,0,0,3707,-9.56
4,413,6,6503,-5.2,797,0,0,3707,-9.56
4,413,7,7300,-6.6,797,0,0,3707,-9.56
0,414,0,85,-2.1,797,76,76,85,-2.1
3,414,0,85,-5.1,797,0,0,3586,-7.84
3,414,1,1855,-6.72,1070,0,0,3586,-7.84
3,414,2,3586,-7.84,1811,26,26,3586,-7.84
4,414,0,85,-6.1,797,0,0,3707,-9.56
4,414,1,1855,-7.72,1070,0,0,3707,-9.56
4,414,2,3586,-8.84,1811,5,5,3707,-9.56
4,414,3,3707,-9.56,786,73,73,3707,-9.56
4,414,4,5149,-6.34,1157,0,0,3707,-9.56
4,414,5,5706,-5.2,797,0,0,3707,-9.56
4,414,6,6503,-5.2,797,0,0,3707,-9.56
4,414,7,7300,-6.6,797,0,0,3707,-9.56
0,415,0,85,-3.22,797,76,76,85,-3.22
3,415,0,85,-6.22,797,0,0,3586,-8.54
3,415,1,1855,-7.84,1070,20,20,3586,-8.54
3,415,2,3586,-8.54,1811,55,55,3586,-8.54
4,415,0,85,-7.22,797,0,0,3707,-10.68
4,415,1,1855,-8.84,1070,0,0,3707,-10.68
4,415,2,3586,-9.54,1811,0,0,3707,-10.68
4,415,3,3707,-10.68,786,73,73,3707,-10.68
4,415,4,5149,-7.46,1157,0,0,3707,-10.68
4,415,5,5706,-6.32,797,0,0,3707,-10.68
4,415,6,6503,-6.32,797,0,0,3707,-10.68
4,415,7,7300,-7.72,797,0,0,3707,-10.68
0,416,0,346,-4.06,797,2,2,346,-4.06
3,416,0,346,-7.06,797,0,0,1030,-8.62
3,416,1,1030,-8.62,1070,2,2,1030,-8.62
3,416,2,3646,-8.2,1811,25,25,1030,-8.62
4,416,0,346,-8.06,797,0,0,4028,-11.52
4,416,1,1030,-9.62,1070,0,0,4028,-11.52
4,416,2,3646,-9.2,1811,0,0,4028,-11.52
4,416,3,4028,-11.52,786,2,2,4028,-11.52
4,416,4,4999,-7.72,1157,0,0,4028,-11.52
4,416,5,5967,-7.16,797,0,0,4028,-11.52
4,416,6,6764,-7.16,797,0,0,4028,-11.52
4,416,7,7561,-8.56,797,0,0,4028,-11.52
0,417,0,346,-4.98,797,10,10,346,-4.98
3,417,0,346,-7.98,797,0,0,1030,-9.54
3,417,1,1030,-9.54,1070,13,13,1030,-9.54
3,417,2,3646,-9.12,1811,27,27,1030,-9.54
4,417,0,346,-8.98,797,0,0,4028,-12.44
4,417,1,1030,-10.54,1070,0,0,4028,-12.44
4,417,2,3646,-10.12,1811,0,0,4028,-12.44
4,417,3,4028,-12.44,786,10,10,4028,-12.44
4,417,4,4999,-8.64,1157,0,0,4028,-12.44
4,417,5,5967,-8.08,797,0,0,4028,-12.44
4,417,6,6764,-8.08,797,0,0,4028,-12.44
4,417,7,7561,-9.48,797,0,0,4028,-12.44
0,418,0,85,-1.32,797,39,39,85,-1.32
3,418,0,85,-4.32,797,0,0,818,-5.88
3,418,1,818,-5.88,1070,50,50,818,-5.88
3,418,2,3398,-4.96,1811,2,2,818,-5.88
4,418,0,85,-5.32,797,0,0,3707,-8.78
4,418,1,818,-6.88,1070,0,0,3707,-8.78
4,418,2,3398,-5.96,1811,0,0,3707,-8.78
4,418,3,3707,-8.78,786,37,37,3707,-8.78
4,418,4,5149,-5.56,1157,0,0,3707,-8.78
4,418,5,5706,-4.42,797,0,0,3707,-8.78
4,418,6,6503,-4.42,797,0,0,3707,-8.78
4,418,7,7300,-5.82,797,0,0,3707,-8.78
0,419,0,85,-1.32,797,39,39,85,-1.32
3,419,0,85,-4.32,797,0,0,3398,-6.2
3,419,1,818,-5.88,1070,12,12,3398,-6.2
3,419,2,3398,-6.2,1811,49,49,3398,-6.2
4,419,0,85,-5.32,797,0,0,3707,-8.78
4,419,1,818,-6.88,1070,0,0,3707,-8.78
4,419,2,3398,-7.2,1811,0,0,3707,-8.78
4,419,3,3707,-8.78,786,37,37,3707,-8.78
4,419,4,5149,-5.56,1157,0,0,3707,-8.78
4,419,5,5706,-4.42,797,0,0,3707,-8.78
4,419,6,6503,-4.42,797,0,0,3707,-8.78
4,419,7,7300,-5.82,797,0,0,3707,-8.78
0,420,0,85,-1.32,797,41,39,85,-1.32
3,420,0,85,-4.32,797,0,0,3398,-6.2
3,420,1,818,-5.88,1070,12,12,3398,-6.2
3,420,2,3398,-6.2,1811,158,158,3398,-6.2
4,420,0,85,-5.32,797,0,0,3707,-8.78
4,420,1,818,-6.88,1070,0,0,3707,-8.78
4,420,2,3398,-7.2,1811,0,0,3707,-8.78
4,420,3,3707,-8.78,786,39,37,3707,-8.78
4,420,4,5149,-5.56,1157,0,0,3707,-8.78
4,420,5,5706,-4.42,797,0,0,3707,-8.78
4,420,6,6503,-4.42,797,0,0,3707,-8.78
4,420,7,7300,-5.82,797,0,0,3707,-8.78
0,421,0,85,-4.1,797,19,19,85,-4.1
3,421,0,85,-7.1,797,0,0,818,-8.66
3,421,1,818,-8.66,1070,20,20,818,-8.66
3,421,2,2970,-7.38,1811,0,0,818,-8.66
4,421,0,85,-8.1,797,0,0,3707,-11.56
4,421,1,818,-9.66,1070,0,0,3707,-11.56
4,421,2,2970,-8.38,1811,0,0,3707,-11.56
4,421,3,3707,-11.56,786,17,17,3707,-11.56
4,421,4,5149,-10.28,1157,0,0,3707,-11.56
4,421,5,5706,-7.2,797,0,0,3707,-11.56
4,421,6,6503,-7.2,797,0,0,3707,-11.56
4,421,7,7300,-8.6,797,0,0,3707,-11.56
0,422,0,85,-2.1,797,76,76,85,-2.1
3,422,0,85,-5.1,797,0,0,3586,-7.84
3,422,1,1855,-6.72,1070,0,0,3586,-7.84
3,422,2,3586,-7.84,1811,26,26,3586,-7.84
4,422,0,85,-6.1,797,0,0,3707,-9.56
4,422,1,1855,-7.72,1070,0,0,3707,-9.56
4,422,2,3586,-8.84,1811,5,5,3707,-9.56
4,422,3,3707,-9.56,786,73,73,3707,-9.56
4,422,4,5149,-6.34,1157,0,0,3707,-9.56
4,422,5,5706,-5.2,797,0,0,3707,-9.56
4,422,6,6503,-5.2,797,0,0,3707,-9.56
4,422,7,7300,-6.6,797,0,0,3707,-9.56
0,423,0,85,-1.66,797,39,39,85,-1.66
3,423,0,85,-4.66,797,0,0,818,-6.22
3,423,1,818,-6.22,1070,50,50,818,-6.22
3,423,2,3398,-5.3,1811,2,2,818,-6.22
4,423,0,85,-5.66,797,0,0,3707,-9.12
4,423,1,818,-7.22,1070,0,0,3707,-9.12
4,423,2,3398,-6.3,1811,0,0,3707,-9.12
4,423,3,3707,-9.12,786,37,37,3707,-9.12
4,423,4,5149,-5.9,1157,0,0,3707,-9.12
4,423,5,5706,-4.76,797,0,0,3707,-9.12
4,423,6,6503,-4.76,797,0,0,3707,-9.12
4,423,7,7300,-6.16,797,0,0,3707,-9.12
0,424,0,85,-1.66,797,39,39,85,-1.66
3,424,0,85,-4.66,797,0,0,3398,-6.54
3,424,1,818,-6.22,1070,12,12,3398,-6.54
3,424,2,3398,-6.54,1811,49,49,3398,-6.54
4,424,0,85,-5.66,797,0,0,3707,-9.12
4,424,1,818,-7.22,1070,0,0,3707,-9.12
4,424,2,3398,-7.54,1811,0,0,3707,-9.12
4,424,3,3707,-9.12,786,37,37,3707,-9.12
4,424,4,5149,-5.9,1157,0,0,3707,-9.12
4,424,5,5706,-4.76,797,0,0,3707,-9.12
4,424,6,6503,-4.76,797,0,0,3707,-9.12
4,424,7,7300,-6.16,797,0,0,3707,-9.12
0,425,0,85,-1.66,797,41,39,85,-1.66
3,425,0,85,-4.66,797,0,0,3398,-6.54
3,425,1,818,-6.22,1070,12,12,3398,-6.54
3,425,2,3398,-6.54,1811,158,158,3398,-6.54
4,425,0,85,-5.66,797,0,0,3707,-9.12
4,425,1,818,-7.22,1070,0,0,3707,-9.12
4,425,2,3398,-7.54,1811,0,0,3707,-9.12
4,425,3,3707,-9.12,786,39,37,3707,-9.12
4,425,4,5149,-5.9,1157,0,0,3707,-9.12
4,425,5,5706,-4.76,797,0,0,3707,-9.12
4,425,6,6503,-4.76,797,0,0,3707,-9.12
4,425,7,7300,-6.16,797,0,0,3707,-9.12
0,426,0,85,-0.66,797,19,19,85,-0.66
3,426,0,85,-3.66,797,0,0,818,-5.22
3,426,1,818,-5.22,1070,20,20,818,-5.22
3,426,2,2970,-3.94,1811,0,0,818,-5.22
4,426,0,85,-4.66,797,0,0,3707,-8.12
4,426,1,818,-6.22,1070,0,0,3707,-8.12
4,426,2,2970,-4.94,1811,0,0,3707,-8.12
4,426,3,3707,-8.12,786,17,17,3707,-8.12
4,426,4,5149,-7.34,1157,1,1,3707,-8.12
4,426,5,5706,-3.76,797,0,0,3707,-8.12
4,426,6,6503,-3.76,797,0,0,3707,-8.12
4,426,7,7300,-5.16,797,0,0,3707,-8.12
0,427,0,85,-1.22,797,19,19,85,-1.22
3,427,0,85,-4.22,797,0,0,818,-5.78
3,427,1,818,-5.78,1070,20,20,818,-5.78
3,427,2,2970,-4.5,1811,0,0,818,-5.78
4,427,0,85,-5.22,797,0,0,3707,-8.68
4,427,1,818,-6.78,1070,0,0,3707,-8.68
4,427,2,2970,-5.5,1811,0,0,3707,-8.68
4,427,3,3707,-8.68,786,17,17,3707,-8.68
4,427,4,5149,-7.71,1157,1,1,3707,-8.68
4,427,5,5706,-4.32,797,0,0,3707,-8.68
4,427,6,6503,-4.32,797,0,0,3707,-8.68
4,427,7,7300,-5.72,797,0,0,3707,-8.68
0,428,0,85,-3.22,797,3,3,85,-3.22
3,428,0,85,-6.22,797,0,0,818,-7.78
3,428,1,818,-7.78,1070,3,3,818,-7.78
3,428,2,3586,-7.24,1811,5,5,818,-7.78
4,428,0,85,-7.22,797,0,0,3707,-10.68
4,428,1,818,-8.78,1070,0,0,3707,-10.68
4,428,2,3586,-8.24,1811,0,0,3707,-10.68
4,428,3,3707,-10.68,786,3,3,3707,-10.68
4,428,4,5149,-7.46,1157,0,0,3707,-10.68
4,428,5,5706,-6.32,797,0,0,3707,-10.68
4,428,6,6503,-6.32,797,0,0,3707,-10.68
4,428,7,7300,-7.72,797,0,0,3707,-10.68
0,429,0,85,-2.98,797,3,3,85,-2.98
3,429,0,85,-5.98,797,0,0,818,-7.54
3,429,1,818,-7.54,1070,3,3,818,-7.54
3,429,2,3586,-7.24,1811,24,24,818,-7.54
4,429,0,85,-6.98,797,0,0,3707,-10.44
4,429,1,818,-8.54,1070,0,0,3707,-10.44
4,429,2,3586,-8.24,1811,0,0,3707,-10.44
4,429,3,3707,-10.44,786,3,3,3707,-10.44
4,429,4,5149,-7.22,1157,0,0,3707,-10.44
4,429,5,5706,-6.08,797,0,0,3707,-10.44
4,429,6,6503,-6.08,797,0,0,3707,-10.44
4,429,7,7300,-7.48,797,0,0,3707,-10.44
0,430,0,85,-2.88,797,3,3,85,-2.88
3,430,0,85,-5.88,797,0,0,818,-7.44
3,430,1,818,-7.44,1070,3,3,818,-7.44
3,430,2,3586,-6.99,1811,21,21,818,-7.44
4,430,0,85,-6.88,797,0,0,3707,-10.34
4,430,1,818,-8.44,1070,0,0,3707,-10.34
4,430,2,3586,-7.99,1811,0,0,3707,-10.34
4,430,3,3707,-10.34,786,3,3,3707,-10.34
4,430,4,5149,-7.12,1157,0,0,3707,-10.34
4,430,5,5706,-5.98,797,0,0,3707,-10.34
4,430,6,6503,-5.98,797,0,0,3707,-10.34
4,430,7,7300,-7.38,797,0,0,3707,-10.34
0,431,0,85,-3.22,797,3,3,85,-3.22
3,431,0,85,-6.22,797,0,0,818,-7.78
3,431,1,818,-7.78,1070,3,3,818,-7.78
3,431,2,3586,-7.24,1811,3,3,818,-7.78
4,431,0,85,-7.22,797,0,0,3707,-10.68
4,431,1,818,-8.78,1070,0,0,3707,-10.68
4,431,2,3586,-8.24,1811,0,0,3707,-10.68
4,431,3,3707,-10.68,786,3,3,3707,-10.68
4,431,4,5149,-7.46,1157,0,0,3707,-10.68
4,431,5,5706,-6.32,797,0,0,3707,-10.68
4,431,6,6503,-6.32,797,0,0,3707,-10.68
4,431,7,7300,-7.72,797,0,0,3707,-10.68
0,432,0,85,-3.1,797,3,3,85,-3.1
3,432,0,85,-6.1,797,0,0,818,-7.66
3,432,1,818,-7.66,1070,3,3,818,-7.66
3,432,2,3586,-7.24,1811,10,10,818,-7.66
4,432,0,85,-7.1,797,0,0,3707,-10.56
4,432,1,818,-8.66,1070,0,0,3707,-10.56
4,432,2,3586,-8.24,1811,0,0,3707,-10.56
4,432,3,3707,-10.56,786,3,3,3707,-10.56
4,432,4,5149,-7.34,1157,0,0,3707,-10.56
4,432,5,5706,-6.2,797,0,0,3707,-10.56
4,432,6,6503,-6.2,797,0,0,3707,-10.56
4,432,7,7300,-7.6,797,0,0,3707,-10.56
0,433,0,85,-2.98,797,3,3,85,-2.98
3,433,0,85,-5.98,797,0,0,818,-7.54
3,433,1,818,-7.54,1070,3,3,818,-7.54
3,433,2,3586,-7.24,1811,24,24,818,-7.54
4,433,0,85,-6.98,797,0,0,3707,-10.44
4,433,1,818,-8.54,1070,0,0,3707,-10.44
4,433,2,3586,-8.24,1811,0,0,3707,-10.44
4,433,3,3707,-10.44,786,3,3,3707,-10.44
4,433,4,5149,-7.22,1157,0,0,3707,-10.44
4,433,5,5706,-6.08,797,0,0,3707,-10.44
4,433,6,6503,-6.08,797,0,0,3707,-10.44
4,433,7,7300,-7.48,797,0,0,3707,-10.44
0,434,0,85,-2.76,797,3,3,85,-2.76
3,434,0,85,-5.76,797,0,0,818,-7.32
3,434,1,818,-7.32,1070,3,3,818,-7.32
3,434,2,3586,-6.99,1811,24,24,818,-7.32
4,434,0,85,-6.76,797,0,0,3707,-10.22
4,434,1,818,-8.32,1070,0,0,3707,-10.22
4,434,2,3586,-7.99,1811,0,0,3707,-10.22
4,434,3,3707,-10.22,786,3,3,3707,-10.22
4,434,4,5149,-7,1157,0,0,3707,-10.22
4,434,5,5706,-5.86,797,0,0,3707,-10.22
4,434,6,6503,-5.86,797,0,0,3707,-10.22
4,434,7,7300,-7.26,797,0,0,3707,-10.22
0,435,0,85,-4.1,797,3,3,85,-4.1
3,435,0,85,-7.1,797,0,0,818,-8.66
3,435,1,818,-8.66,1070,3,3,818,-8.66
3,435,2,3586,-7.94,1811,5,5,818,-8.66
4,435,0,85,-8.1,797,0,0,3707,-11.56
4,435,1,818,-9.66,1070,0,0,3707,-11.56
4,435,2,3586,-8.94,1811,0,0,3707,-11.56
4,435,3,3707,-11.56,786,3,3,3707,-11.56
4,435,4,5149,-8.34,1157,0,0,3707,-11.56
4,435,5,5706,-7.2,797,0,0,3707,-11.56
4,435,6,6503,-7.2,797,0,0,3707,-11.56
4,435,7,7300,-8.6,797,0,0,3707,-11.56
0,436,0,85,-4.22,797,3,3,85,-4.22
3,436,0,85,-7.22,797,0,0,818,-8.78
3,436,1,818,-8.78,1070,3,3,818,-8.78
3,436,2,3586,-7.94,1811,3,3,818,-8.78
4,436,0,85,-8.22,797,0,0,3707,-11.68
4,436,1,818,-9.78,1070,0,0,3707,-11.68
4,436,2,3586,-8.94,1811,0,0,3707,-11.68
4,436,3,3707,-11.68,786,3,3,3707,-11.68
4,436,4,5149,-8.46,1157,0,0,3707,-11.68
4,436,5,5706,-7.32,797,0,0,3707,-11.68
4,436,6,6503,-7.32,797,0,0,3707,-11.68
4,436,7,7300,-8.72,797,0,0,3707,-11.68
0,437,0,85,-3.1,797,3,3,85,-3.1
3,437,0,85,-6.1,797,0,0,818,-7.66
3,437,1,818,-7.66,1070,3,3,818,-7.66
3,437,2,3586,-7.24,1811,6,6,818,-7.66
4,437,0,85,-7.1,797,0,0,3707,-10.56
4,437,1,818,-8.66,1070,0,0,3707,-10.56
4,437,2,3586,-8.24,1811,0,0,3707,-10.56
4,437,3,3707,-10.56,786,3,3,3707,-10.56
4,437,4,5149,-7.34,1157,0,0,3707,-10.56
4,437,5,5706,-6.2,797,0,0,3707,-10.56
4,437,6,6503,-6.2,797,0,0,3707,-10.56
4,437,7,7300,-7.6,797,0,0,3707,-10.56
0,438,0,85,-2.98,797,3,3,85,-2.98
3,438,0,85,-5.98,797,0,0,818,-7.54
3,438,1,818,-7.54,1070,3,3,818,-7.54
3,438,2,3586,-7.24,1811,13,13,818,-7.54
4,438,0,85,-6.98,797,0,0,3707,-10.44
4,438,1,818,-8.54,1070,0,0,3707,-10.44
4,438,2,3586,-8.24,1811,0,0,3707,-10.44
4,438,3,3707,-10.44,786,3,3,3707,-10.44
4,438,4,5149,-7.22,1157,0,0,3707,-10.44
4,438,5,5706,-6.08,797,0,0,3707,-10.44
4,438,6,6503,-6.08,797,0,0,3707,-10.44
4,438,7,7300,-7.48,797,0,0,3707,-10.44
0,439,0,767,-3.46,797,16,16,767,-3.46
3,439,0,767,-6.46,797,0,0,1328,-8.02
3,439,1,1328,-8.02,1070,19,19,1328,-8.02
3,439,2,3646,-7.6,1811,25,25,1328,-8.02
4,439,0,767,-7.46,797,0,0,4434,-10.92
4,439,1,1328,-9.02,1070,0,0,4434,-10.92
4,439,2,3646,-8.6,1811,0,0,4434,-10.92
4,439,3,4434,-10.92,786,16,16,4434,-10.92
4,439,4,5588,-7.12,1157,0,0,4434,-10.92
4,439,5,6388,-6.57,797,0,0,4434,-10.92
4,439,6,7185,-6.57,797,0,0,4434,-10.92
4,439,7,7982,-7.96,797,0,0,4434,-10.92
0,440,0,85,-2.64,797,3,3,85,-2.64
3,440,0,85,-5.64,797,0,0,818,-7.2
3,440,1,818,-7.2,1070,3,3,818,-7.2
3,440,2,3586,-6.99,1811,34,34,818,-7.2
4,440,0,85,-6.64,797,0,0,3707,-10.1
4,440,1,818,-8.2,1070,0,0,3707,-10.1
4,440,2,3586,-7.99,1811,0,0,3707,-10.1
4,440,3,3707,-10.1,786,3,3,3707,-10.1
4,440,4,5149,-6.88,1157,0,0,3707,-10.1
4,440,5,5706,-5.74,797,0,0,3707,-10.1
4,440,6,6503,-5.74,797,0,0,3707,-10.1
4,440,7,7300,-7.14,797,0,0,3707,-10.1
0,441,0,85,-6.44,797,3,3,85,-6.44
3,441,0,85,-9.44,797,0,0,818,-11
3,441,1,818,-11,1070,3,3,818,-11
3,441,2,3586,-10.7,1811,13,13,818,-11
4,441,0,85,-10.44,797,0,0,3707,-13.9
4,441,1,818,-12,1070,0,0,3707,-13.9
4,441,2,3586,-11.7,1811,0,0,3707,-13.9
4,441,3,3707,-13.9,786,3,3,3707,-13.9
4,441,4,5149,-10.68,1157,0,0,3707,-13.9
4,441,5,5706,-9.54,797,0,0,3707,-13.9
4,441,6,6503,-9.54,797,0,0,3707,-13.9
4,441,7,7300,-10.94,797,0,0,3707,-13.9
0,442,0,85,-3.22,797,3,3,85,-3.22
3,442,0,85,-6.22,797,0,0,818,-7.78
3,442,1,818,-7.78,1070,3,3,818,-7.78
3,442,2,3586,-7.24,1811,3,3,818,-7.78
4,442,0,85,-7.22,797,0,0,3707,-10.68
4,442,1,818,-8.78,1070,0,0,3707,-10.68
4,442,2,3586,-8.24,1811,0,0,3707,-10.68
4,442,3,3707,-10.68,786,3,3,3707,-10.68
4,442,4,5149,-7.46,1157,0,0,3707,-10.68
4,442,5,5706,-6.32,797,0,0,3707,-10.68
4,442,6,6503,-6.32,797,0,0,3707,-10.68
4,442,7,7300,-7.72,797,0,0,3707,-10.68
0,443,0,85,-3.1,797,3,3,85,-3.1
3,443,0,85,-6.1,797,0,0,818,-7.66
3,443,1,818,-7.66,1070,3,3,818,-7.66
3,443,2,3586,-7.24,1811,10,10,818,-7.66
4,443,0,85,-7.1,797,0,0,3707,-10.56
4,443,1,818,-8.66,1070,0,0,3707,-10.56
4,443,2,3586,-8.24,1811,0,0,3707,-10.56
4,443,3,3707,-10.56,786,3,3,3707,-10.56
4,443,4,5149,-7.34,1157,0,0,3707,-10.56
4,443,5,5706,-6.2,797,0,0,3707,-10.56
4,443,6,6503,-6.2,797,0,0,3707,-10.56
4,443,7,7300,-7.6,797,0,0,3707,-10.56
0,444,0,85,-2.88,797,3,3,85,-2.88
3,444,0,85,-5.88,797,0,0,818,-7.44
3,444,1,818,-7.44,1070,3,3,818,-7.44
3,444,2,3586,-6.99,1811,21,21,818,-7.44
4,444,0,85,-6.88,797,0,0,3707,-10.34
4,444,1,818,-8.44,1070,0,0,3707,-10.34
4,444,2,3586,-7.99,1811,0,0,3707,-10.34
4,444,3,3707,-10.34,786,3,3,3707,-10.34
4,444,4,5149,-7.12,1157,0,0,3707,-10.34
4,444,5,5706,-5.98,797,0,0,3707,-10.34
4,444,6,6503,-5.98,797,0,0,3707,-10.34
4,444,7,7300,-7.38,797,0,0,3707,-10.34
0,445,0,85,-4.1,797,3,3,85,-4.1
3,445,0,85,-7.1,797,0,0,818,-8.66
3,445,1,818,-8.66,1070,3,3,818,-8.66
3,445,2,3586,-7.94,1811,5,5,818,-8.66
4,445,0,85,-8.1,797,0,0,3707,-11.56
4,445,1,818,-9.66,1070,0,0,3707,-11.56
4,445,2,3586,-8.94,1811,0,0,3707,-11.56
4,445,3,3707,-11.56,786,3,3,3707,-11.56
4,445,4,5149,-8.34,1157,0,0,3707,-11.56
4,445,5,5706,-7.2,797,0,0,3707,-11.56
4,445,6,6503,-7.2,797,0,0,3707,-11.56
4,445,7,7300,-8.6,797,0,0,3707,-11.56
0,446,0,85,-4.34,797,3,3,85,-4.34
3,446,0,85,-7.34,797,0,0,818,-8.9
3,446,1,818,-8.9,1070,3,3,818,-8.9
3,446,2,3586,-7.94,1811,1,1,818,-8.9
4,446,0,85,-8.34,797,0,0,3707,-11.8
4,446,1,818,-9.9,1070,0,0,3707,-11.8
4,446,2,3586,-8.94,1811,0,0,3707,-11.8
4,446,3,3707,-11.8,786,3,3,3707,-11.8
4,446,4,5149,-8.58,1157,0,0,3707,-11.8
4,446,5,5706,-7.44,797,0,0,3707,-11.8
4,446,6,6503,-7.44,797,0,0,3707,-11.8
4,446,7,7300,-8.84,797,0,0,3707,-11.8
0,447,0,85,-2.98,797,3,3,85,-2.98
3,447,0,85,-5.98,797,0,0,818,-7.54
3,447,1,818,-7.54,1070,3,3,818,-7.54
3,447,2,3586,-7.24,1811,9,9,818,-7.54
4,447,0,85,-6.98,797,0,0,3707,-10.44
4,447,1,818,-8.54,1070,0,0,3707,-10.44
4,447,2,3586,-8.24,1811,0,0,3707,-10.44
4,447,3,3707,-10.44,786,3,3,3707,-10.44
4,447,4,5149,-7.22,1157,0,0,3707,-10.44
4,447,5,5706,-6.08,797,0,0,3707,-10.44
4,447,6,6503,-6.08,797,0,0,3707,-10.44
4,447,7,7300,-7.48,797,0,0,3707,-10.44
0,448,0,85,-2.98,797,3,3,85,-2.98
3,448,0,85,-5.98,797,0,0,818,-7.54
3,448,1,818,-7.54,1070,3,3,818,-7.54
3,448,2,3586,-7.24,1811,13,13,818,-7.54
4,448,0,85,-6.98,797,0,0,3707,-10.44
4,448,1,818,-8.54,1070,0,0,3707,-10.44
4,448,2,3586,-8.24,1811,0,0,3707,-10.44
4,448,3,3707,-10.44,786,3,3,3707,-10.44
4,448,4,5149,-7.22,1157,0,0,3707,-10.44
4,448,5,5706,-6.08,797,0,0,3707,-10.44
4,448,6,6503,-6.08,797,0,0,3707,-10.44
4,448,7,7300,-7.48,797,0,0,3707,-10.44
0,449,0,767,-3.46,797,16,16,767,-3.46
3,449,0,767,-6.46,797,0,0,1328,-8.02
3,449,1,1328,-8.02,1070,19,19,1328,-8.02
3,449,2,3646,-7.6,1811,25,25,1328,-8.02
4,449,0,767,-7.46,797,0,0,4434,-10.92
4,449,1,1328,-9.02,1070,0,0,4434,-10.92
4,449,2,3646,-8.6,1811,0,0,4434,-10.92
4,449,3,4434,-10.92,786,16,16,4434,-10.92
4,449,4,5588,-7.12,1157,0,0,4434,-10.92
4,449,5,6388,-6.57,797,0,0,4434,-10.92
4,449,6,7185,-6.57,797,0,0,4434,-10.92
4,449,7,7982,-7.96,797,0,0,4434,-10.92
0,450,0,547,-4.21,797,1,1,547,-4.21
3,450,0,547,-7.21,797,0,0,1163,-8.77
3,450,1,1163,-8.77,1070,1,1,1163,-8.77
3,450,2,3031,-7.56,1811,0,0,1163,-8.77
4,450,0,547,-8.21,797,0,0,4220,-11.67
4,450,1,1163,-9.77,1070,0,0,4220,-11.67
4,450,2,3031,-8.56,1811,0,0,4220,-11.67
4,450,3,4220,-11.67,786,1,1,4220,-11.67
4,450,4,5295,-7.87,1157,0,0,4220,-11.67
4,450,5,6168,-7.31,797,0,0,4220,-11.67
4,450,6,6965,-7.31,797,0,0,4220,-11.67
4,450,7,7762,-8.71,797,0,0,4220,-11.67
0,451,0,547,-4.53,797,1,1,547,-4.53
3,451,0,547,-7.53,797,0,0,1163,-9.09
3,451,1,1163,-9.09,1070,1,1,1163,-9.09
3,451,2,3031,-7.31,1811,0,0,1163,-9.09
4,451,0,547,-8.53,797,0,0,4220,-11.99
4,451,1,1163,-10.09,1070,0,0,4220,-11.99
4,451,2,3031,-8.31,1811,0,0,4220,-11.99
4,451,3,4220,-11.99,786,1,1,4220,-11.99
4,451,4,5295,-8.19,1157,0,0,4220,-11.99
4,451,5,6168,-7.63,797,0,0,4220,-11.99
4,451,6,6965,-7.63,797,0,0,4220,-11.99
4,451,7,7762,-9.03,797,0,0,4220,-11.99
0,452,0,85,-4.1,797,3,3,85,-4.1
3,452,0,85,-7.1,797,0,0,818,-8.66
3,452,1,818,-8.66,1070,3,3,818,-8.66
3,452,2,3586,-7.94,1811,5,5,818,-8.66
4,452,0,85,-8.1,797,0,0,3707,-11.56
4,452,1,818,-9.66,1070,0,0,3707,-11.56
4,452,2,3586,-8.94,1811,0,0,3707,-11.56
4,452,3,3707,-11.56,786,3,3,3707,-11.56
4,452,4,5149,-8.34,1157,0,0,3707,-11.56
4,452,5,5706,-7.2,797,0,0,3707,-11.56
4,452,6,6503,-7.2,797,0,0,3707,-11.56
4,452,7,7300,-8.6,797,0,0,3707,-11.56
0,453,0,85,-3.7,797,3,3,85,-3.7
3,453,0,85,-6.7,797,0,0,818,-8.26
3,453,1,818,-8.26,1070,3,3,818,-8.26
3,453,2,3398,-6.94,1811,0,0,818,-8.26
4,453,0,85,-7.7,797,0,0,3707,-11.16
4,453,1,818,-9.26,1070,0,0,3707,-11.16
4,453,2,3398,-7.94,1811,0,0,3707,-11.16
4,453,3,3707,-11.16,786,3,3,3707,-11.16
4,453,4,5149,-7.94,1157,0,0,3707,-11.16
4,453,5,5706,-6.8,797,0,0,3707,-11.16
4,453,6,6503,-6.8,797,0,0,3707,-11.16
4,453,7,7300,-8.2,797,0,0,3707,-11.16
0,454,0,85,-4.1,797,3,3,85,-4.1
3,454,0,85,-7.1,797,0,0,818,-8.66
3,454,1,818,-8.66,1070,3,3,818,-8.66
3,454,2,3586,-7.94,1811,5,5,818,-8.66
4,454,0,85,-8.1,797,0,0,3707,-11.56
4,454,1,818,-9.66,1070,0,0,3707,-11.56
4,454,2,3586,-8.94,1811,0,0,3707,-11.56
4,454,3,3707,-11.56,786,3,3,3707,-11.56
4,454,4,5149,-8.34,1157,0,0,3707,-11.56
4,454,5,5706,-7.2,797,0,0,3707,-11.56
4,454,6,6503,-7.2,797,0,0,3707,-11.56
4,454,7,7300,-8.6,797,0,0,3707,-11.56
0,455,0,85,-3.66,797,3,3,85,-3.66
3,455,0,85,-6.66,797,0,0,818,-8.22
3,455,1,818,-8.22,1070,3,3,818,-8.22
3,455,2,3398,-6.79,1811,0,0,818,-8.22
4,455,0,85,-7.66,797,0,0,3707,-11.12
4,455,1,818,-9.22,1070,0,0,3707,-11.12
4,455,2,3398,-7.79,1811,0,0,3707,-11.12
4,455,3,3707,-11.12,786,3,3,3707,-11.12
4,455,4,5149,-7.9,1157,0,0,3707,-11.12
4,455,5,5706,-6.76,797,0,0,3707,-11.12
4,455,6,6503,-6.76,797,0,0,3707,-11.12
4,455,7,7300,-8.16,797,0,0,3707,-11.12
0,456,0,85,-3.88,797,3,3,85,-3.88
3,456,0,85,-6.88,797,0,0,818,-8.44
3,456,1,818,-8.44,1070,3,3,818,-8.44
3,456,2,3398,-6.94,1811,0,0,818,-8.44
4,456,0,85,-7.88,797,0,0,3707,-11.34
4,456,1,818,-9.44,1070,0,0,3707,-11.34
4,456,2,3398,-7.94,1811,0,0,3707,-11.34
4,456,3,3707,-11.34,786,3,3,3707,-11.34
4,456,4,5149,-8.12,1157,0,0,3707,-11.34
4,456,5,5706,-6.98,797,0,0,3707,-11.34
4,456,6,6503,-6.98,797,0,0,3707,-11.34
4,456,7,7300,-8.38,797,0,0,3707,-11.34
0,457,0,85,-6.16,797,3,3,85,-6.16
3,457,0,85,-9.16,797,0,0,818,-10.72
3,457,1,818,-10.72,1070,3,3,818,-10.72
3,457,2,1919,-8.82,1811,0,0,818,-10.72
4,457,0,85,-10.16,797,0,0,3707,-13.62
4,457,1,818,-11.72,1070,0,0,3707,-13.62
4,457,2,1919,-9.82,1811,0,0,3707,-13.62
4,457,3,3707,-13.62,786,3,3,3707,-13.62
4,457,4,5149,-10.4,1157,0,0,3707,-13.62
4,457,5,5706,-9.26,797,0,0,3707,-13.62
4,457,6,6503,-9.26,797,0,0,3707,-13.62
4,457,7,7300,-10.66,797,0,0,3707,-13.62
0,458,0,85,-6.16,797,3,3,85,-6.16
3,458,0,85,-9.16,797,0,0,818,-10.72
3,458,1,818,-10.72,1070,3,3,818,-10.72
3,458,2,3398,-9.74,1811,2,2,818,-10.72
4,458,0,85,-10.16,797,0,0,3707,-13.62
4,458,1,818,-11.72,1070,0,0,3707,-13.62
4,458,2,3398,-10.74,1811,0,0,3707,-13.62
4,458,3,3707,-13.62,786,3,3,3707,-13.62
4,458,4,5149,-10.4,1157,0,0,3707,-13.62
4,458,5,5706,-9.26,797,0,0,3707,-13.62
4,458,6,6503,-9.26,797,0,0,3707,-13.62
4,458,7,7300,-10.66,797,0,0,3707,-13.62
0,459,0,85,-6.16,797,4,4,85,-6.16
3,459,0,85,-9.16,797,0,0,818,-10.72
3,459,1,818,-10.72,1070,5,5,818,-10.72
3,459,2,3400,-9.94,1811,3,3,818,-10.72
4,459,0,85,-10.16,797,0,0,3707,-13.62
4,459,1,818,-11.72,1070,0,0,3707,-13.62
4,459,2,3400,-10.94,1811,0,0,3707,-13.62
4,459,3,3707,-13.62,786,4,4,3707,-13.62
4,459,4,5149,-10.4,1157,0,0,3707,-13.62
4,459,5,5706,-9.26,797,0,0,3707,-13.62
4,459,6,6503,-9.26,797,0,0,3707,-13.62
4,459,7,7300,-10.66,797,0,0,3707,-13.62
0,460,0,85,-5.82,797,3,3,85,-5.82
3,460,0,85,-8.82,797,0,0,818,-10.38
3,460,1,818,-10.38,1070,3,3,818,-10.38
3,460,2,3398,-9.49,1811,9,9,818,-10.38
4,460,0,85,-9.82,797,0,0,3707,-13.28
4,460,1,818,-11.38,1070,0,0,3707,-13.28
4,460,2,3398,-10.49,1811,0,0,3707,-13.28
4,460,3,3707,-13.28,786,3,3,3707,-13.28
4,460,4,5149,-10.06,1157,0,0,3707,-13.28
4,460,5,5706,-8.92,797,0,0,3707,-13.28
4,460,6,6503,-8.92,797,0,0,3707,-13.28
4,460,7,7300,-10.32,797,0,0,3707,-13.28
0,461,0,85,-5.96,797,3,3,85,-5.96
3,461,0,85,-8.96,797,0,0,818,-10.52
3,461,1,818,-10.52,1070,3,3,818,-10.52
3,461,2,1919,-8.62,1811,0,0,818,-10.52
4,461,0,85,-9.96,797,0,0,3707,-13.42
4,461,1,818,-11.52,1070,0,0,3707,-13.42
4,461,2,1919,-9.62,1811,0,0,3707,-13.42
4,461,3,3707,-13.42,786,3,3,3707,-13.42
4,461,4,5149,-10.4,1157,0,0,3707,-13.42
4,461,5,5706,-9.06,797,0,0,3707,-13.42
4,461,6,6503,-9.06,797,0,0,3707,-13.42
4,461,7,7300,-10.46,797,0,0,3707,-13.42
0,462,0,85,-2.88,797,3,3,85,-2.88
3,462,0,85,-5.88,797,0,0,818,-7.44
3,462,1,818,-7.44,1070,3,3,818,-7.44
3,462,2,3586,-6.9,1811,3,3,818,-7.44
4,462,0,85,-6.88,797,0,0,3707,-10.34
4,462,1,818,-8.44,1070,0,0,3707,-10.34
4,462,2,3586,-7.9,1811,0,0,3707,-10.34
4,462,3,3707,-10.34,786,3,3,3707,-10.34
4,462,4,5149,-7.12,1157,0,0,3707,-10.34
4,462,5,5706,-5.98,797,0,0,3707,-10.34
4,462,6,6503,-5.98,797,0,0,3707,-10.34
4,462,7,7300,-7.38,797,0,0,3707,-10.34
0,463,0,85,-2.88,797,3,3,85,-2.88
3,463,0,85,-5.88,797,0,0,818,-7.44
3,463,1,818,-7.44,1070,3,3,818,-7.44
3,463,2,3586,-6.9,1811,5,5,818,-7.44
4,463,0,85,-6.88,797,0,0,3707,-10.34
4,463,1,818,-8.44,1070,0,0,3707,-10.34
4,463,2,3586,-7.9,1811,0,0,3707,-10.34
4,463,3,3707,-10.34,786,3,3,3707,-10.34
4,463,4,5149,-7.12,1157,0,0,3707,-10.34
4,463,5,5706,-5.98,797,0,0,3707,-10.34
4,463,6,6503,-5.98,797,0,0,3707,-10.34
4,463,7,7300,-7.38,797,0,0,3707,-10.34
0,464,0,547,-4.44,797,1,1,547,-4.44
3,464,0,547,-7.44,797,0,0,1163,-9
3,464,1,1163,-9,1070,1,1,1163,-9
3,464,2,3031,-7.22,1811,0,0,1163,-9
4,464,0,547,-8.44,797,0,0,4220,-11.9
4,464,1,1163,-10,1070,0,0,4220,-11.9
4,464,2,3031,-8.22,1811,0,0,4220,-11.9
4,464,3,4220,-11.9,786,1,1,4220,-11.9
4,464,4,5295,-8.1,1157,0,0,4220,-11.9
4,464,5,6168,-7.54,797,0,0,4220,-11.9
4,464,6,6965,-7.54,797,0,0,4220,-11.9
4,464,7,7762,-8.94,797,0,0,4220,-11.9
0,465,0,85,-2.9,797,3,3,85,-2.9
3,465,0,85,-5.9,797,0,0,818,-7.46
3,465,1,818,-7.46,1070,3,3,818,-7.46
3,465,2,3586,-7.16,1811,9,9,818,-7.46
4,465,0,85,-6.9,797,0,0,3707,-10.36
4,465,1,818,-8.46,1070,0,0,3707,-10.36
4,465,2,3586,-8.16,1811,0,0,3707,-10.36
4,465,3,3707,-10.36,786,3,3,3707,-10.36
4,465,4,5149,-7.14,1157,0,0,3707,-10.36
4,465,5,5706,-6,797,0,0,3707,-10.36
4,465,6,6503,-6,797,0,0,3707,-10.36
4,465,7,7300,-7.4,797,0,0,3707,-10.36
0,466,0,85,-2.9,797,3,3,85,-2.9
3,466,0,85,-5.9,797,0,0,818,-7.46
3,466,1,818,-7.46,1070,3,3,818,-7.46
3,466,2,3586,-7.16,1811,13,13,818,-7.46
4,466,0,85,-6.9,797,0,0,3707,-10.36
4,466,1,818,-8.46,1070,0,0,3707,-10.36
4,466,2,3586,-8.16,1811,0,0,3707,-10.36
4,466,3,3707,-10.36,786,3,3,3707,-10.36
4,466,4,5149,-7.14,1157,0,0,3707,-10.36
4,466,5,5706,-6,797,0,0,3707,-10.36
4,466,6,6503,-6,797,0,0,3707,-10.36
4,466,7,7300,-7.4,797,0,0,3707,-10.36
0,467,0,85,-2.9,797,3,3,85,-2.9
3,467,0,85,-5.9,797,0,0,818,-7.46
3,467,1,818,-7.46,1070,3,3,818,-7.46
3,467,2,3586,-7.16,1811,13,13,818,-7.46
4,467,0,85,-6.9,797,0,0,3707,-10.36
4,467,1,818,-8.46,1070,0,0,3707,-10.36
4,467,2,3586,-8.16,1811,0,0,3707,-10.36
4,467,3,3707,-10.36,786,3,3,3707,-10.36
4,467,4,5149,-7.14,1157,0,0,3707,-10.36
4,467,5,5706,-6,797,0,0,3707,-10.36
4,467,6,6503,-6,797,0,0,3707,-10.36
4,467,7,7300,-7.4,797,0,0,3707,-10.36
0,468,0,85,-2.9,797,3,3,85,-2.9
3,468,0,85,-5.9,797,0,0,818,-7.46
3,468,1,818,-7.46,1070,3,3,818,-7.46
3,468,2,3586,-7.16,1811,9,9,818,-7.46
4,468,0,85,-6.9,797,0,0,3707,-10.36
4,468,1,818,-8.46,1070,0,0,3707,-10.36
4,468,2,3586,-8.16,1811,0,0,3707,-10.36
4,468,3,3707,-10.36,786,3,3,3707,-10.36
4,468,4,5149,-7.14,1157,0,0,3707,-10.36
4,468,5,5706,-6,797,0,0,3707,-10.36
4,468,6,6503,-6,797,0,0,3707,-10.36
4,468,7,7300,-7.4,797,0,0,3707,-10.36
0,469,0,547,-4.7,797,1,1,547,-4.7
3,469,0,547,-7.7,797,0,0,1163,-9.26
3,469,1,1163,-9.26,1070,1,1,1163,-9.26
3,469,2,3031,-7.48,1811,0,0,1163,-9.26
4,469,0,547,-8.7,797,0,0,4220,-12.16
4,469,1,1163,-10.26,1070,0,0,4220,-12.16
4,469,2,3031,-8.48,1811,0,0,4220,-12.16
4,469,3,4220,-12.16,786,1,1,4220,-12.16
4,469,4,5295,-8.36,1157,0,0,4220,-12.16
4,469,5,6168,-7.8,797,0,0,4220,-12.16
4,469,6,6965,-7.8,797,0,0,4220,-12.16
4,469,7,7762,-9.2,797,0,0,4220,-12.16
0,470,0,547,-5.62,797,1,1,547,-5.62
3,470,0,547,-8.62,797,0,0,1163,-10.18
3,470,1,1163,-10.18,1070,1,1,1163,-10.18
3,470,2,3031,-8.4,1811,0,0,1163,-10.18
4,470,0,547,-9.62,797,0,0,4220,-13.08
4,470,1,1163,-11.18,1070,0,0,4220,-13.08
4,470,2,3031,-9.4,1811,0,0,4220,-13.08
4,470,3,4220,-13.08,786,1,1,4220,-13.08
4,470,4,5295,-9.28,1157,0,0,4220,-13.08
4,470,5,6168,-8.72,797,0,0,4220,-13.08
4,470,6,6965,-8.72,797,0,0,4220,-13.08
4,470,7,7762,-10.12,797,0,0,4220,-13.08
0,471,0,85,-2.5,797,3,3,85,-2.5
3,471,0,85,-5.5,797,0,0,818,-7.06
3,471,1,818,-7.06,1070,3,3,818,-7.06
3,471,2,1919,-5.16,1811,0,0,818,-7.06
4,471,0,85,-6.5,797,0,0,3707,-9.96
4,471,1,818,-8.06,1070,0,0,3707,-9.96
4,471,2,1919,-6.16,1811,0,0,3707,-9.96
4,471,3,3707,-9.96,786,3,3,3707,-9.96
4,471,4,5149,-6.74,1157,0,0,3707,-9.96
4,471,5,5706,-5.6,797,0,0,3707,-9.96
4,471,6,6503,-5.6,797,0,0,3707,-9.96
4,471,7,7300,-7,797,0,0,3707,-9.96
0,472,0,85,-2.5,797,3,3,85,-2.5
3,472,0,85,-5.5,797,0,0,818,-7.06
3,472,1,818,-7.06,1070,3,3,818,-7.06
3,472,2,3398,-6.08,1811,2,2,818,-7.06
4,472,0,85,-6.5,797,0,0,3707,-9.96
4,472,1,818,-8.06,1070,0,0,3707,-9.96
4,472,2,3398,-7.08,1811,0,0,3707,-9.96
4,472,3,3707,-9.96,786,3,3,3707,-9.96
4,472,4,5149,-6.74,1157,0,0,3707,-9.96
4,472,5,5706,-5.6,797,0,0,3707,-9.96
4,472,6,6503,-5.6,797,0,0,3707,-9.96
4,472,7,7300,-7,797,0,0,3707,-9.96
0,473,0,85,-2.5,797,3,3,85,-2.5
3,473,0,85,-5.5,797,0,0,818,-7.06
3,473,1,818,-7.06,1070,3,3,818,-7.06
3,473,2,3398,-6.08,1811,2,2,818,-7.06
4,473,0,85,-6.5,797,0,0,3707,-9.96
4,473,1,818,-8.06,1070,0,0,3707,-9.96
4,473,2,3398,-7.08,1811,0,0,3707,-9.96
4,473,3,3707,-9.96,786,3,3,3707,-9.96
4,473,4,5149,-6.74,1157,0,0,3707,-9.96
4,473,5,5706,-5.6,797,0,0,3707,-9.96
4,473,6,6503,-5.6,797,0,0,3707,-9.96
4,473,7,7300,-7,797,0,0,3707,-9.96
0,474,0,85,-2.5,797,3,3,85,-2.5
3,474,0,85,-5.5,797,0,0,818,-7.06
3,474,1,818,-7.06,1070,3,3,818,-7.06
3,474,2,3398,-6.08,1811,2,2,818,-7.06
4,474,0,85,-6.5,797,0,0,3707,-9.96
4,474,1,818,-8.06,1070,0,0,3707,-9.96
4,474,2,3398,-7.08,1811,0,0,3707,-9.96
4,474,3,3707,-9.96,786,3,3,3707,-9.96
4,474,4,5149,-6.74,1157,0,0,3707,-9.96
4,474,5,5706,-5.6,797,0,0,3707,-9.96
4,474,6,6503,-5.6,797,0,0,3707,-9.96
4,474,7,7300,-7,797,0,0,3707,-9.96
0,475,0,85,-5.28,797,3,3,85,-5.28
3,475,0,85,-8.28,797,0,0,818,-9.84
3,475,1,818,-9.84,1070,3,3,818,-9.84
3,475,2,1919,-7.94,1811,0,0,818,-9.84
4,475,0,85,-9.28,797,0,0,3707,-12.74
4,475,1,818,-10.84,1070,0,0,3707,-12.74
4,475,2,1919,-8.94,1811,0,0,3707,-12.74
4,475,3,3707,-12.74,786,3,3,3707,-12.74
4,475,4,5149,-9.96,1157,0,0,3707,-12.74
4,475,5,5706,-8.38,797,0,0,3707,-12.74
4,475,6,6503,-8.38,797,0,0,3707,-12.74
4,475,7,7300,-9.78,797,0,0,3707,-12.74
0,476,0,85,-3.14,797,3,3,85,-3.14
3,476,0,85,-6.14,797,0,0,818,-7.7
3,476,1,818,-7.7,1070,3,3,818,-7.7
3,476,2,3586,-7.16,1811,5,5,818,-7.7
4,476,0,85,-7.14,797,0,0,3707,-10.6
4,476,1,818,-8.7,1070,0,0,3707,-10.6
4,476,2,3586,-8.16,1811,0,0,3707,-10.6
4,476,3,3707,-10.6,786,3,3,3707,-10.6
4,476,4,5149,-7.38,1157,0,0,3707,-10.6
4,476,5,5706,-6.24,797,0,0,3707,-10.6
4,476,6,6503,-6.24,797,0,0,3707,-10.6
4,476,7,7300,-7.64,797,0,0,3707,-10.6
0,477,0,85,-2.46,797,3,3,85,-2.46
3,477,0,85,-5.46,797,0,0,818,-7.02
3,477,1,818,-7.02,1070,3,3,818,-7.02
3,477,2,1919,-5.12,1811,0,0,818,-7.02
4,477,0,85,-6.46,797,0,0,3707,-9.92
4,477,1,818,-8.02,1070,0,0,3707,-9.92
4,477,2,1919,-6.12,1811,0,0,3707,-9.92
4,477,3,3707,-9.92,786,3,3,3707,-9.92
4,477,4,5149,-6.7,1157,0,0,3707,-9.92
4,477,5,5706,-5.56,797,0,0,3707,-9.92
4,477,6,6503,-5.56,797,0,0,3707,-9.92
4,477,7,7300,-6.96,797,0,0,3707,-9.92
0,478,0,85,-2.46,797,3,3,85,-2.46
3,478,0,85,-5.46,797,0,0,818,-7.02
3,478,1,818,-7.02,1070,3,3,818,-7.02
3,478,2,3398,-5.86,1811,0,0,818,-7.02
4,478,0,85,-6.46,797,0,0,3707,-9.92
4,478,1,818,-8.02,1070,0,0,3707,-9.92
4,478,2,3398,-6.86,1811,0,0,3707,-9.92
4,478,3,3707,-9.92,786,3,3,3707,-9.92
4,478,4,5149,-6.7,1157,0,0,3707,-9.92
4,478,5,5706,-5.56,797,0,0,3707,-9.92
4,478,6,6503,-5.56,797,0,0,3707,-9.92
4,478,7,7300,-6.96,797,0,0,3707,-9.92
0,479,0,85,-2.46,797,3,3,85,-2.46
3,479,0,85,-5.46,797,0,0,818,-7.02
3,479,1,818,-7.02,1070,3,3,818,-7.02
3,479,2,3398,-5.86,1811,0,0,818,-7.02
4,479,0,85,-6.46,797,0,0,3707,-9.92
4,479,1,818,-8.02,1070,0,0,3707,-9.92
4,479,2,3398,-6.86,1811,0,0,3707,-9.92
4,479,3,3707,-9.92,786,3,3,3707,-9.92
4,479,4,5149,-6.7,1157,0,0,3707,-9.92
4,479,5,5706,-5.56,797,0,0,3707,-9.92
4,479,6,6503,-5.56,797,0,0,3707,-9.92
4,479,7,7300,-6.96,797,0,0,3707,-9.92
0,480,0,85,-2.46,797,3,3,85,-2.46
3,480,0,85,-5.46,797,0,0,818,-7.02
3,480,1,818,-7.02,1070,3,3,818,-7.02
3,480,2,3398,-5.86,1811,0,0,818,-7.02
4,480,0,85,-6.46,797,0,0,3707,-9.92
4,480,1,818,-8.02,1070,0,0,3707,-9.92
4,480,2,3398,-6.86,1811,0,0,3707,-9.92
4,480,3,3707,-9.92,786,3,3,3707,-9.92
4,480,4,5149,-6.7,1157,0,0,3707,-9.92
4,480,5,5706,-5.56,797,0,0,3707,-9.92
4,480,6,6503,-5.56,797,0,0,3707,-9.92
4,480,7,7300,-6.96,797,0,0,3707,-9.92
0,481,0,85,-1.84,797,3,3,85,-1.84
3,481,0,85,-4.84,797,0,0,818,-6.4
3,481,1,818,-6.4,1070,3,3,818,-6.4
3,481,2,1919,-4.5,1811,0,0,818,-6.4
4,481,0,85,-5.84,797,0,0,3707,-9.3
4,481,1,818,-7.4,1070,0,0,3707,-9.3
4,481,2,1919,-5.5,1811,0,0,3707,-9.3
4,481,3,3707,-9.3,786,3,3,3707,-9.3
4,481,4,5149,-7.03,1157,0,0,3707,-9.3
4,481,5,5706,-4.94,797,0,0,3707,-9.3
4,481,6,6503,-4.94,797,0,0,3707,-9.3
4,481,7,7300,-6.34,797,0,0,3707,-9.3
0,482,0,85,-2.02,797,3,3,85,-2.02
3,482,0,85,-5.02,797,0,0,818,-6.58
3,482,1,818,-6.58,1070,3,3,818,-6.58
3,482,2,1919,-4.68,1811,0,0,818,-6.58
4,482,0,85,-6.02,797,0,0,3707,-9.48
4,482,1,818,-7.58,1070,0,0,3707,-9.48
4,482,2,1919,-5.68,1811,0,0,3707,-9.48
4,482,3,3707,-9.48,786,3,3,3707,-9.48
4,482,4,5149,-7.03,1157,0,0,3707,-9.48
4,482,5,5706,-5.12,797,0,0,3707,-9.48
4,482,6,6503,-5.12,797,0,0,3707,-9.48
4,482,7,7300,-6.52,797,0,0,3707,-9.48
0,483,0,85,-4.6,797,14,14,85,-4.6
3,483,0,85,-7.6,797,0,0,818,-9.16
3,483,1,818,-9.16,1070,12,12,818,-9.16
3,483,2,3398,-7.96,1811,0,0,818,-9.16
4,483,0,85,-8.6,797,0,0,3707,-12.06
4,483,1,818,-10.16,1070,0,0,3707,-12.06
4,483,2,3398,-8.96,1811,0,0,3707,-12.06
4,483,3,3707,-12.06,786,12,12,3707,-12.06
4,483,4,5149,-8.84,1157,0,0,3707,-12.06
4,483,5,5706,-7.7,797,0,0,3707,-12.06
4,483,6,6503,-7.7,797,0,0,3707,-12.06
4,483,7,7300,-9.1,797,0,0,3707,-12.06
0,484,0,85,-4.6,797,14,14,85,-4.6
3,484,0,85,-7.6,797,0,0,818,-9.16
3,484,1,818,-9.16,1070,12,12,818,-9.16
3,484,2,1919,-7.26,1811,0,0,818,-9.16
4,484,0,85,-8.6,797,0,0,3707,-12.06
4,484,1,818,-10.16,1070,0,0,3707,-12.06
4,484,2,1919,-8.26,1811,0,0,3707,-12.06
4,484,3,3707,-12.06,786,12,12,3707,-12.06
4,484,4,5149,-8.84,1157,0,0,3707,-12.06
4,484,5,5706,-7.7,797,0,0,3707,-12.06
4,484,6,6503,-7.7,797,0,0,3707,-12.06
4,484,7,7300,-9.1,797,0,0,3707,-12.06
0,485,0,85,-4.48,797,14,14,85,-4.48
3,485,0,85,-7.48,797,0,0,818,-9.04
3,485,1,818,-9.04,1070,12,12,818,-9.04
3,485,2,3398,-7.96,1811,0,0,818,-9.04
4,485,0,85,-8.48,797,0,0,3707,-11.94
4,485,1,818,-10.04,1070,0,0,3707,-11.94
4,485,2,3398,-8.96,1811,0,0,3707,-11.94
4,485,3,3707,-11.94,786,12,12,3707,-11.94
4,485,4,5149,-8.72,1157,0,0,3707,-11.94
4,485,5,5706,-7.58,797,0,0,3707,-11.94
4,485,6,6503,-7.58,797,0,0,3707,-11.94
4,485,7,7300,-8.98,797,0,0,3707,-11.94
0,486,0,85,-4.36,797,14,14,85,-4.36
3,486,0,85,-7.36,797,0,0,818,-8.92
3,486,1,818,-8.92,1070,12,12,818,-8.92
3,486,2,3398,-7.96,1811,2,2,818,-8.92
4,486,0,85,-8.36,797,0,0,3707,-11.82
4,486,1,818,-9.92,1070,0,0,3707,-11.82
4,486,2,3398,-8.96,1811,0,0,3707,-11.82
4,486,3,3707,-11.82,786,12,12,3707,-11.82
4,486,4,5149,-8.6,1157,0,0,3707,-11.82
4,486,5,5706,-7.46,797,0,0,3707,-11.82
4,486,6,6503,-7.46,797,0,0,3707,-11.82
4,486,7,7300,-8.86,797,0,0,3707,-11.82
0,487,0,85,-4.14,797,14,14,85,-4.14
3,487,0,85,-7.14,797,0,0,818,-8.7
3,487,1,818,-8.7,1070,12,12,818,-8.7
3,487,2,3398,-7.71,1811,2,2,818,-8.7
4,487,0,85,-8.14,797,0,0,3707,-11.6
4,487,1,818,-9.7,1070,0,0,3707,-11.6
4,487,2,3398,-8.71,1811,0,0,3707,-11.6
4,487,3,3707,-11.6,786,12,12,3707,-11.6
4,487,4,5149,-8.38,1157,0,0,3707,-11.6
4,487,5,5706,-7.24,797,0,0,3707,-11.6
4,487,6,6503,-7.24,797,0,0,3707,-11.6
4,487,7,7300,-8.64,797,0,0,3707,-11.6
0,488,0,85,-4.36,797,14,14,85,-4.36
3,488,0,85,-7.36,797,0,0,818,-8.92
3,488,1,818,-8.92,1070,12,12,818,-8.92
3,488,2,3398,-7.96,1811,2,2,818,-8.92
4,488,0,85,-8.36,797,0,0,3707,-11.82
4,488,1,818,-9.92,1070,0,0,3707,-11.82
4,488,2,3398,-8.96,1811,0,0,3707,-11.82
4,488,3,3707,-11.82,786,12,12,3707,-11.82
4,488,4,5149,-8.6,1157,0,0,3707,-11.82
4,488,5,5706,-7.46,797,0,0,3707,-11.82
4,488,6,6503,-7.46,797,0,0,3707,-11.82
4,488,7,7300,-8.86,797,0,0,3707,-11.82
0,489,0,85,-4.6,797,14,14,85,-4.6
3,489,0,85,-7.6,797,0,0,818,-9.16
3,489,1,818,-9.16,1070,12,12,818,-9.16
3,489,2,1919,-7.26,1811,0,0,818,-9.16
4,489,0,85,-8.6,797,0,0,3707,-12.06
4,489,1,818,-10.16,1070,0,0,3707,-12.06
4,489,2,1919,-8.26,1811,0,0,3707,-12.06
4,489,3,3707,-12.06,786,12,12,3707,-12.06
4,489,4,5149,-8.84,1157,0,0,3707,-12.06
4,489,5,5706,-7.7,797,0,0,3707,-12.06
4,489,6,6503,-7.7,797,0,0,3707,-12.06
4,489,7,7300,-9.1,797,0,0,3707,-12.06
0,490,0,85,-4.26,797,14,14,85,-4.26
3,490,0,85,-7.26,797,0,0,818,-8.82
3,490,1,818,-8.82,1070,12,12,818,-8.82
3,490,2,3398,-7.71,1811,0,0,818,-8.82
4,490,0,85,-8.26,797,0,0,3707,-11.72
4,490,1,818,-9.82,1070,0,0,3707,-11.72
4,490,2,3398,-8.71,1811,0,0,3707,-11.72
4,490,3,3707,-11.72,786,12,12,3707,-11.72
4,490,4,5149,-8.5,1157,0,0,3707,-11.72
4,490,5,5706,-7.36,797,0,0,3707,-11.72
4,490,6,6503,-7.36,797,0,0,3707,-11.72
4,490,7,7300,-8.76,797,0,0,3707,-11.72
0,491,0,85,-4.36,797,14,14,85,-4.36
3,491,0,85,-7.36,797,0,0,818,-8.92
3,491,1,818,-8.92,1070,12,12,818,-8.92
3,491,2,1919,-7.02,1811,0,0,818,-8.92
4,491,0,85,-8.36,797,0,0,3707,-11.82
4,491,1,818,-9.92,1070,0,0,3707,-11.82
4,491,2,1919,-8.02,1811,0,0,3707,-11.82
4,491,3,3707,-11.82,786,12,12,3707,-11.82
4,491,4,5149,-8.6,1157,0,0,3707,-11.82
4,491,5,5706,-7.46,797,0,0,3707,-11.82
4,491,6,6503,-7.46,797,0,0,3707,-11.82
4,491,7,7300,-8.86,797,0,0,3707,-11.82
0,492,0,85,-4.36,797,14,14,85,-4.36
3,492,0,85,-7.36,797,0,0,818,-8.92
3,492,1,818,-8.92,1070,12,12,818,-8.92
3,492,2,3398,-7.96,1811,2,2,818,-8.92
4,492,0,85,-8.36,797,0,0,3707,-11.82
4,492,1,818,-9.92,1070,0,0,3707,-11.82
4,492,2,3398,-8.96,1811,0,0,3707,-11.82
4,492,3,3707,-11.82,786,12,12,3707,-11.82
4,492,4,5149,-8.6,1157,0,0,3707,-11.82
4,492,5,5706,-7.46,797,0,0,3707,-11.82
4,492,6,6503,-7.46,797,0,0,3707,-11.82
4,492,7,7300,-8.86,797,0,0,3707,-11.82
0,493,0,85,-4.36,797,14,14,85,-4.36
3,493,0,85,-7.36,797,0,0,818,-8.92
3,493,1,818,-8.92,1070,12,12,818,-8.92
3,493,2,3398,-7.96,1811,2,2,818,-8.92
4,493,0,85,-8.36,797,0,0,3707,-11.82
4,493,1,818,-9.92,1070,0,0,3707,-11.82
4,493,2,3398,-8.96,1811,0,0,3707,-11.82
4,493,3,3707,-11.82,786,12,12,3707,-11.82
4,493,4,5149,-8.6,1157,0,0,3707,-11.82
4,493,5,5706,-7.46,797,0,0,3707,-11.82
4,493,6,6503,-7.46,797,0,0,3707,-11.82
4,493,7,7300,-8.86,797,0,0,3707,-11.82
0,494,0,85,-4.02,797,14,14,85,-4.02
3,494,0,85,-7.02,797,0,0,818,-8.58
3,494,1,818,-8.58,1070,12,12,818,-8.58
3,494,2,3398,-7.71,1811,9,9,818,-8.58
4,494,0,85,-8.02,797,0,0,3707,-11.48
4,494,1,818,-9.58,1070,0,0,3707,-11.48
4,494,2,3398,-8.71,1811,0,0,3707,-11.48
4,494,3,3707,-11.48,786,12,12,3707,-11.48
4,494,4,5149,-8.26,1157,0,0,3707,-11.48
4,494,5,5706,-7.12,797,0,0,3707,-11.48
4,494,6,6503,-7.12,797,0,0,3707,-11.48
4,494,7,7300,-8.52,797,0,0,3707,-11.48
0,495,0,85,-5.48,797,14,14,85,-5.48
3,495,0,85,-8.48,797,0,0,818,-10.04
3,495,1,818,-10.04,1070,12,12,818,-10.04
3,495,2,3398,-8.66,1811,0,0,818,-10.04
4,495,0,85,-9.48,797,0,0,3707,-12.94
4,495,1,818,-11.04,1070,0,0,3707,-12.94
4,495,2,3398,-9.66,1811,0,0,3707,-12.94
4,495,3,3707,-12.94,786,12,12,3707,-12.94
4,495,4,5149,-9.72,1157,0,0,3707,-12.94
4,495,5,5706,-8.58,797,0,0,3707,-12.94
4,495,6,6503,-8.58,797,0,0,3707,-12.94
4,495,7,7300,-9.98,797,0,0,3707,-12.94
0,496,0,85,-5.48,797,14,14,85,-5.48
3,496,0,85,-8.48,797,0,0,818,-10.04
3,496,1,818,-10.04,1070,12,12,818,-10.04
3,496,2,3398,-8.66,1811,0,0,818,-10.04
4,496,0,85,-9.48,797,0,0,3707,-12.94
4,496,1,818,-11.04,1070,0,0,3707,-12.94
4,496,2,3398,-9.66,1811,0,0,3707,-12.94
4,496,3,3707,-12.94,786,12,12,3707,-12.94
4,496,4,5149,-9.72,1157,0,0,3707,-12.94
4,496,5,5706,-8.58,797,0,0,3707,-12.94
4,496,6,6503,-8.58,797,0,0,3707,-12.94
4,496,7,7300,-9.98,797,0,0,3707,-12.94
0,497,0,85,-4.65,797,14,14,85,-4.65
3,497,0,85,-7.64,797,0,0,818,-9.2
3,497,1,818,-9.2,1070,12,12,818,-9.2
3,497,2,1919,-7.31,1811,0,0,818,-9.2
4,497,0,85,-8.64,797,0,0,3707,-12.1
4,497,1,818,-10.2,1070,0,0,3707,-12.1
4,497,2,1919,-8.3,1811,0,0,3707,-12.1
4,497,3,3707,-12.1,786,12,12,3707,-12.1
4,497,4,5149,-8.88,1157,0,0,3707,-12.1
4,497,5,5706,-7.74,797,0,0,3707,-12.1
4,497,6,6503,-7.74,797,0,0,3707,-12.1
4,497,7,7300,-9.14,797,0,0,3707,-12.1
0,498,0,85,-4.65,797,14,14,85,-4.65
3,498,0,85,-7.64,797,0,0,818,-9.2
3,498,1,818,-9.2,1070,12,12,818,-9.2
3,498,2,3398,-8.44,1811,4,4,818,-9.2
4,498,0,85,-8.64,797,0,0,3707,-12.1
4,498,1,818,-10.2,1070,0,0,3707,-12.1
4,498,2,3398,-9.44,1811,0,0,3707,-12.1
4,498,3,3707,-12.1,786,12,12,3707,-12.1
4,498,4,5149,-8.88,1157,0,0,3707,-12.1
4,498,5,5706,-7.74,797,0,0,3707,-12.1
4,498,6,6503,-7.74,797,0,0,3707,-12.1
4,498,7,7300,-9.14,797,0,0,3707,-12.1
0,499,0,85,-4.65,797,15,15,85,-4.65
3,499,0,85,-7.64,797,0,0,818,-9.2
3,499,1,818,-9.2,1070,14,14,818,-9.2
3,499,2,3400,-8.64,1811,13,13,818,-9.2
4,499,0,85,-8.64,797,0,0,3707,-12.1
4,499,1,818,-10.2,1070,0,0,3707,-12.1
4,499,2,3400,-9.64,1811,0,0,3707,-12.1
4,499,3,3707,-12.1,786,13,13,3707,-12.1
4,499,4,5149,-8.88,1157,0,0,3707,-12.1
4,499,5,5706,-7.74,797,0,0,3707,-12.1
4,499,6,6503,-7.74,797,0,0,3707,-12.1
4,499,7,7300,-9.14,797,0,0,3707,-12.1
0,500,0,85,-4.31,797,14,14,85,-4.31
3,500,0,85,-7.31,797,0,0,818,-8.86
3,500,1,818,-8.86,1070,12,12,818,-8.86
3,500,2,3398,-8.19,1811,19,19,818,-8.86
4,500,0,85,-8.3,797,0,0,3707,-11.76
4,500,1,818,-9.86,1070,0,0,3707,-11.76
4,500,2,3398,-9.19,1811,0,0,3707,-11.76
4,500,3,3707,-11.76,786,12,12,3707,-11.76
4,500,4,5149,-8.54,1157,0,0,3707,-11.76
4,500,5,5706,-7.4,797,0,0,3707,-11.76
4,500,6,6503,-7.4,797,0,0,3707,-11.76
4,500,7,7300,-8.8,797,0,0,3707,-11.76
0,501,0,85,-4.26,797,14,14,85,-4.26
3,501,0,85,-7.26,797,0,0,818,-8.82
3,501,1,818,-8.82,1070,12,12,818,-8.82
3,501,2,3398,-7.62,1811,0,0,818,-8.82
4,501,0,85,-8.26,797,0,0,3707,-11.72
4,501,1,818,-9.82,1070,0,0,3707,-11.72
4,501,2,3398,-8.62,1811,0,0,3707,-11.72
4,501,3,3707,-11.72,786,12,12,3707,-11.72
4,501,4,5149,-8.5,1157,0,0,3707,-11.72
4,501,5,5706,-7.36,797,0,0,3707,-11.72
4,501,6,6503,-7.36,797,0,0,3707,-11.72
4,501,7,7300,-8.76,797,0,0,3707,-11.72
0,502,0,85,-4.28,797,14,14,85,-4.28
3,502,0,85,-7.28,797,0,0,818,-8.84
3,502,1,818,-8.84,1070,12,12,818,-8.84
3,502,2,1919,-6.94,1811,0,0,818,-8.84
4,502,0,85,-8.28,797,0,0,3707,-11.74
4,502,1,818,-9.84,1070,0,0,3707,-11.74
4,502,2,1919,-7.94,1811,0,0,3707,-11.74
4,502,3,3707,-11.74,786,12,12,3707,-11.74
4,502,4,5149,-8.52,1157,0,0,3707,-11.74
4,502,5,5706,-7.38,797,0,0,3707,-11.74
4,502,6,6503,-7.38,797,0,0,3707,-11.74
4,502,7,7300,-8.78,797,0,0,3707,-11.74
0,503,0,85,-4.28,797,14,14,85,-4.28
3,503,0,85,-7.28,797,0,0,818,-8.84
3,503,1,818,-8.84,1070,12,12,818,-8.84
3,503,2,3398,-7.88,1811,2,2,818,-8.84
4,503,0,85,-8.28,797,0,0,3707,-11.74
4,503,1,818,-9.84,1070,0,0,3707,-11.74
4,503,2,3398,-8.88,1811,0,0,3707,-11.74
4,503,3,3707,-11.74,786,12,12,3707,-11.74
4,503,4,5149,-8.52,1157,0,0,3707,-11.74
4,503,5,5706,-7.38,797,0,0,3707,-11.74
4,503,6,6503,-7.38,797,0,0,3707,-11.74
4,503,7,7300,-8.78,797,0,0,3707,-11.74
0,504,0,85,-4.28,797,14,14,85,-4.28
3,504,0,85,-7.28,797,0,0,818,-8.84
3,504,1,818,-8.84,1070,12,12,818,-8.84
3,504,2,3398,-7.88,1811,2,2,818,-8.84
4,504,0,85,-8.28,797,0,0,3707,-11.74
4,504,1,818,-9.84,1070,0,0,3707,-11.74
4,504,2,3398,-8.88,1811,0,0,3707,-11.74
4,504,3,3707,-11.74,786,12,12,3707,-11.74
4,504,4,5149,-8.52,1157,0,0,3707,-11.74
4,504,5,5706,-7.38,797,0,0,3707,-11.74
4,504,6,6503,-7.38,797,0,0,3707,-11.74
4,504,7,7300,-8.78,797,0,0,3707,-11.74
0,505,0,85,-4.28,797,14,14,85,-4.28
3,505,0,85,-7.28,797,0,0,818,-8.84
3,505,1,818,-8.84,1070,12,12,818,-8.84
3,505,2,3398,-7.88,1811,2,2,818,-8.84
4,505,0,85,-8.28,797,0,0,3707,-11.74
4,505,1,818,-9.84,1070,0,0,3707,-11.74
4,505,2,3398,-8.88,1811,0,0,3707,-11.74
4,505,3,3707,-11.74,786,12,12,3707,-11.74
4,505,4,5149,-8.52,1157,0,0,3707,-11.74
4,505,5,5706,-7.38,797,0,0,3707,-11.74
4,505,6,6503,-7.38,797,0,0,3707,-11.74
4,505,7,7300,-8.78,797,0,0,3707,-11.74
0,506,0,85,-3.86,797,14,14,85,-3.86
3,506,0,85,-6.86,797,0,0,818,-8.42
3,506,1,818,-8.42,1070,12,12,818,-8.42
3,506,2,3398,-7.66,1811,4,4,818,-8.42
4,506,0,85,-7.86,797,0,0,3707,-11.32
4,506,1,818,-9.42,1070,0,0,3707,-11.32
4,506,2,3398,-8.66,1811,0,0,3707,-11.32
4,506,3,3707,-11.32,786,12,12,3707,-11.32
4,506,4,5149,-8.1,1157,0,0,3707,-11.32
4,506,5,5706,-6.96,797,0,0,3707,-11.32
4,506,6,6503,-6.96,797,0,0,3707,-11.32
4,506,7,7300,-8.36,797,0,0,3707,-11.32
0,507,0,85,-3.84,797,14,14,85,-3.84
3,507,0,85,-6.84,797,0,0,818,-8.4
3,507,1,818,-8.4,1070,12,12,818,-8.4
3,507,2,3398,-7.44,1811,2,2,818,-8.4
4,507,0,85,-7.84,797,0,0,3707,-11.3
4,507,1,818,-9.4,1070,0,0,3707,-11.3
4,507,2,3398,-8.44,1811,0,0,3707,-11.3
4,507,3,3707,-11.3,786,12,12,3707,-11.3
4,507,4,5149,-8.08,1157,0,0,3707,-11.3
4,507,5,5706,-6.94,797,0,0,3707,-11.3
4,507,6,6503,-6.94,797,0,0,3707,-11.3
4,507,7,7300,-8.34,797,0,0,3707,-11.3
0,508,0,454,-3.93,797,58,58,454,-3.93
3,508,0,454,-6.93,797,0,0,1088,-8.49
3,508,1,1088,-8.49,1070,62,62,1088,-8.49
3,508,2,2893,-6.59,1811,0,0,1088,-8.49
4,508,0,454,-7.93,797,0,0,4105,-11.39
4,508,1,1088,-9.49,1070,0,0,4105,-11.39
4,508,2,2893,-7.59,1811,0,0,4105,-11.39
4,508,3,4105,-11.39,786,50,50,4105,-11.39
4,508,4,5147,-7.95,1157,0,0,4105,-11.39
4,508,5,6075,-7.03,797,0,0,4105,-11.39
4,508,6,6503,-7.57,797,0,0,4105,-11.39
4,508,7,7669,-8.43,797,0,0,4105,-11.39
0,509,0,454,-3.93,797,58,58,454,-3.93
3,509,0,454,-6.93,797,0,0,1088,-8.49
3,509,1,1088,-8.49,1070,62,62,1088,-8.49
3,509,2,2893,-6.59,1811,0,0,1088,-8.49
4,509,0,454,-7.93,797,0,0,4105,-11.39
4,509,1,1088,-9.49,1070,0,0,4105,-11.39
4,509,2,2893,-7.59,1811,0,0,4105,-11.39
4,509,3,4105,-11.39,786,50,50,4105,-11.39
4,509,4,5147,-7.95,1157,0,0,4105,-11.39
4,509,5,6075,-7.03,797,0,0,4105,-11.39
4,509,6,6503,-7.57,797,0,0,4105,-11.39
4,509,7,7669,-8.43,797,0,0,4105,-11.39
0,510,0,454,-3.81,797,58,58,454,-3.81
3,510,0,454,-6.81,797,0,0,1088,-8.37
3,510,1,1088,-8.37,1070,62,62,1088,-8.37
3,510,2,2893,-6.47,1811,0,0,1088,-8.37
4,510,0,454,-7.81,797,0,0,4105,-11.27
4,510,1,1088,-9.37,1070,0,0,4105,-11.27
4,510,2,2893,-7.47,1811,0,0,4105,-11.27
4,510,3,4105,-11.27,786,50,50,4105,-11.27
4,510,4,5147,-7.83,1157,0,0,4105,-11.27
4,510,5,6075,-6.91,797,0,0,4105,-11.27
4,510,6,6503,-7.45,797,0,0,4105,-11.27
4,510,7,7669,-8.31,797,0,0,4105,-11.27
0,511,0,454,-3.69,797,58,58,454,-3.69
3,511,0,454,-6.69,797,0,0,1088,-8.25
3,511,1,1088,-8.25,1070,62,62,1088,-8.25
3,511,2,2970,-7.4,1811,1,1,1088,-8.25
4,511,0,454,-7.69,797,0,0,4105,-11.15
4,511,1,1088,-9.25,1070,0,0,4105,-11.15
4,511,2,2970,-8.4,1811,0,0,4105,-11.15
4,511,3,4105,-11.15,786,50,50,4105,-11.15
4,511,4,5147,-7.71,1157,0,0,4105,-11.15
4,511,5,6075,-6.79,797,0,0,4105,-11.15
4,511,6,6503,-7.33,797,0,0,4105,-11.15
4,511,7,7669,-8.19,797,0,0,4105,-11.15
0,512,0,454,-3.47,797,58,58,454,-3.47
3,512,0,454,-6.47,797,0,0,1088,-8.03
3,512,1,1088,-8.03,1070,62,62,1088,-8.03
3,512,2,2970,-7.15,1811,1,1,1088,-8.03
4,512,0,454,-7.47,797,0,0,4105,-10.93
4,512,1,1088,-9.03,1070,0,0,4105,-10.93
4,512,2,2970,-8.15,1811,0,0,4105,-10.93
4,512,3,4105,-10.93,786,50,50,4105,-10.93
4,512,4,5147,-7.49,1157,0,0,4105,-10.93
4,512,5,6075,-6.57,797,0,0,4105,-10.93
4,512,6,6503,-7.11,797,0,0,4105,-10.93
4,512,7,7669,-7.97,797,0,0,4105,-10.93
0,513,0,454,-3.69,797,58,58,454,-3.69
3,513,0,454,-6.69,797,0,0,1088,-8.25
3,513,1,1088,-8.25,1070,62,62,1088,-8.25
3,513,2,2893,-6.35,1811,0,0,1088,-8.25
4,513,0,454,-7.69,797,0,0,4105,-11.15
4,513,1,1088,-9.25,1070,0,0,4105,-11.15
4,513,2,2893,-7.35,1811,0,0,4105,-11.15
4,513,3,4105,-11.15,786,50,50,4105,-11.15
4,513,4,5147,-7.71,1157,0,0,4105,-11.15
4,513,5,6075,-6.79,797,0,0,4105,-11.15
4,513,6,6503,-7.33,797,0,0,4105,-11.15
4,513,7,7669,-8.19,797,0,0,4105,-11.15
0,514,0,454,-3.93,797,58,58,454,-3.93
3,514,0,454,-6.93,797,0,0,1088,-8.49
3,514,1,1088,-8.49,1070,62,62,1088,-8.49
3,514,2,2893,-6.59,1811,0,0,1088,-8.49
4,514,0,454,-7.93,797,0,0,4105,-11.39
4,514,1,1088,-9.49,1070,0,0,4105,-11.39
4,514,2,2893,-7.59,1811,0,0,4105,-11.39
4,514,3,4105,-11.39,786,50,50,4105,-11.39
4,514,4,5147,-7.95,1157,0,0,4105,-11.39
4,514,5,6075,-7.03,797,0,0,4105,-11.39
4,514,6,6503,-7.57,797,0,0,4105,-11.39
4,514,7,7669,-8.43,797,0,0,4105,-11.39
0,515,0,454,-3.59,797,58,58,454,-3.59
3,515,0,454,-6.59,797,0,0,1088,-8.15
3,515,1,1088,-8.15,1070,62,62,1088,-8.15
3,515,2,2970,-7.15,1811,1,1,1088,-8.15
4,515,0,454,-7.59,797,0,0,4105,-11.05
4,515,1,1088,-9.15,1070,0,0,4105,-11.05
4,515,2,2970,-8.15,1811,0,0,4105,-11.05
4,515,3,4105,-11.05,786,50,50,4105,-11.05
4,515,4,5147,-7.61,1157,0,0,4105,-11.05
4,515,5,6075,-6.69,797,0,0,4105,-11.05
4,515,6,6503,-7.23,797,0,0,4105,-11.05
4,515,7,7669,-8.09,797,0,0,4105,-11.05
0,516,0,454,-3.69,797,58,58,454,-3.69
3,516,0,454,-6.69,797,0,0,1088,-8.25
3,516,1,1088,-8.25,1070,62,62,1088,-8.25
3,516,2,2893,-6.35,1811,0,0,1088,-8.25
4,516,0,454,-7.69,797,0,0,4105,-11.15
4,516,1,1088,-9.25,1070,0,0,4105,-11.15
4,516,2,2893,-7.35,1811,0,0,4105,-11.15
4,516,3,4105,-11.15,786,50,50,4105,-11.15
4,516,4,5147,-7.71,1157,0,0,4105,-11.15
4,516,5,6075,-6.79,797,0,0,4105,-11.15
4,516,6,6503,-7.33,797,0,0,4105,-11.15
4,516,7,7669,-8.19,797,0,0,4105,-11.15
0,517,0,454,-3.69,797,58,58,454,-3.69
3,517,0,454,-6.69,797,0,0,1088,-8.25
3,517,1,1088,-8.25,1070,62,62,1088,-8.25
3,517,2,2893,-6.35,1811,0,0,1088,-8.25
4,517,0,454,-7.69,797,0,0,4105,-11.15
4,517,1,1088,-9.25,1070,0,0,4105,-11.15
4,517,2,2893,-7.35,1811,0,0,4105,-11.15
4,517,3,4105,-11.15,786,50,50,4105,-11.15
4,517,4,5147,-7.71,1157,0,0,4105,-11.15
4,517,5,6075,-6.79,797,0,0,4105,-11.15
4,517,6,6503,-7.33,797,0,0,4105,-11.15
4,517,7,7669,-8.19,797,0,0,4105,-11.15
0,518,0,454,-3.69,797,58,58,454,-3.69
3,518,0,454,-6.69,797,0,0,1088,-8.25
3,518,1,1088,-8.25,1070,62,62,1088,-8.25
3,518,2,2893,-6.35,1811,0,0,1088,-8.25
4,518,0,454,-7.69,797,0,0,4105,-11.15
4,518,1,1088,-9.25,1070,0,0,4105,-11.15
4,518,2,2893,-7.35,1811,0,0,4105,-11.15
4,518,3,4105,-11.15,786,50,50,4105,-11.15
4,518,4,5147,-7.71,1157,0,0,4105,-11.15
4,518,5,6075,-6.79,797,0,0,4105,-11.15
4,518,6,6503,-7.33,797,0,0,4105,-11.15
4,518,7,7669,-8.19,797,0,0,4105,-11.15
0,519,0,454,-3.35,797,58,58,454,-3.35
3,519,0,454,-6.35,797,0,0,1088,-7.91
3,519,1,1088,-7.91,1070,62,62,1088,-7.91
3,519,2,2970,-7.15,1811,34,34,1088,-7.91
4,519,0,454,-7.35,797,0,0,4105,-10.81
4,519,1,1088,-8.91,1070,0,0,4105,-10.81
4,519,2,2970,-8.15,1811,0,0,4105,-10.81
4,519,3,4105,-10.81,786,50,50,4105,-10.81
4,519,4,5147,-7.37,1157,0,0,4105,-10.81
4,519,5,6075,-6.45,797,0,0,4105,-10.81
4,519,6,6503,-6.99,797,0,0,4105,-10.81
4,519,7,7669,-7.85,797,0,0,4105,-10.81
0,520,0,454,-4.81,797,58,58,454,-4.81
3,520,0,454,-7.81,797,0,0,1088,-9.37
3,520,1,1088,-9.37,1070,62,62,1088,-9.37
3,520,2,2970,-8.1,1811,0,0,1088,-9.37
4,520,0,454,-8.81,797,0,0,4105,-12.27
4,520,1,1088,-10.37,1070,0,0,4105,-12.27
4,520,2,2970,-9.1,1811,0,0,4105,-12.27
4,520,3,4105,-12.27,786,50,50,4105,-12.27
4,520,4,5147,-8.83,1157,0,0,4105,-12.27
4,520,5,6075,-7.91,797,0,0,4105,-12.27
4,520,6,6503,-8.45,797,0,0,4105,-12.27
4,520,7,7669,-9.31,797,0,0,4105,-12.27
0,521,0,454,-4.81,797,58,58,454,-4.81
3,521,0,454,-7.81,797,0,0,1088,-9.37
3,521,1,1088,-9.37,1070,62,62,1088,-9.37
3,521,2,2970,-8.1,1811,0,0,1088,-9.37
4,521,0,454,-8.81,797,0,0,4105,-12.27
4,521,1,1088,-10.37,1070,0,0,4105,-12.27
4,521,2,2970,-9.1,1811,0,0,4105,-12.27
4,521,3,4105,-12.27,786,50,50,4105,-12.27
4,521,4,5147,-8.83,1157,0,0,4105,-12.27
4,521,5,6075,-7.91,797,0,0,4105,-12.27
4,521,6,6503,-8.45,797,0,0,4105,-12.27
4,521,7,7669,-9.31,797,0,0,4105,-12.27
0,522,0,454,-3.97,797,58,58,454,-3.97
3,522,0,454,-6.97,797,0,0,1088,-8.53
3,522,1,1088,-8.53,1070,62,62,1088,-8.53
3,522,2,2893,-6.64,1811,0,0,1088,-8.53
4,522,0,454,-7.97,797,0,0,4105,-11.43
4,522,1,1088,-9.53,1070,0,0,4105,-11.43
4,522,2,2893,-7.64,1811,0,0,4105,-11.43
4,522,3,4105,-11.43,786,50,50,4105,-11.43
4,522,4,5147,-7.99,1157,0,0,4105,-11.43
4,522,5,6075,-7.07,797,0,0,4105,-11.43
4,522,6,6503,-7.61,797,0,0,4105,-11.43
4,522,7,7669,-8.47,797,0,0,4105,-11.43
0,523,0,454,-3.97,797,58,58,454,-3.97
3,523,0,454,-6.97,797,0,0,1088,-8.53
3,523,1,1088,-8.53,1070,62,62,1088,-8.53
3,523,2,2893,-6.64,1811,0,0,1088,-8.53
4,523,0,454,-7.97,797,0,0,4105,-11.43
4,523,1,1088,-9.53,1070,0,0,4105,-11.43
4,523,2,2893,-7.64,1811,0,0,4105,-11.43
4,523,3,4105,-11.43,786,50,50,4105,-11.43
4,523,4,5147,-7.99,1157,0,0,4105,-11.43
4,523,5,6075,-7.07,797,0,0,4105,-11.43
4,523,6,6503,-7.61,797,0,0,4105,-11.43
4,523,7,7669,-8.47,797,0,0,4105,-11.43
0,524,0,454,-3.97,797,58,58,454,-3.97
3,524,0,454,-6.97,797,0,0,1088,-8.53
3,524,1,1088,-8.53,1070,62,62,1088,-8.53
3,524,2,2970,-7.88,1811,40,40,1088,-8.53
4,524,0,454,-7.97,797,0,0,4105,-11.43
4,524,1,1088,-9.53,1070,0,0,4105,-11.43
4,524,2,2970,-8.88,1811,0,0,4105,-11.43
4,524,3,4105,-11.43,786,50,50,4105,-11.43
4,524,4,5147,-7.99,1157,0,0,4105,-11.43
4,524,5,6075,-7.07,797,0,0,4105,-11.43
4,524,6,6503,-7.61,797,0,0,4105,-11.43
4,524,7,7669,-8.47,797,0,0,4105,-11.43
0,525,0,454,-3.63,797,58,58,454,-3.63
3,525,0,454,-6.64,797,0,0,1088,-8.19
3,525,1,1088,-8.19,1070,62,62,1088,-8.19
3,525,2,2970,-7.63,1811,54,54,1088,-8.19
4,525,0,454,-7.64,797,0,0,4105,-11.09
4,525,1,1088,-9.19,1070,0,0,4105,-11.09
4,525,2,2970,-8.63,1811,0,0,4105,-11.09
4,525,3,4105,-11.09,786,50,50,4105,-11.09
4,525,4,5147,-7.65,1157,0,0,4105,-11.09
4,525,5,6075,-6.73,797,0,0,4105,-11.09
4,525,6,6503,-7.27,797,0,0,4105,-11.09
4,525,7,7669,-8.13,797,0,0,4105,-11.09
0,526,0,85,-7.52,797,19,19,85,-7.52
3,526,0,85,-10.52,797,0,0,818,-12.08
3,526,1,818,-12.08,1070,19,19,818,-12.08
3,526,2,1919,-10.18,1811,0,0,818,-12.08
4,526,0,85,-11.52,797,0,0,3707,-14.99
4,526,1,818,-13.08,1070,0,0,3707,-14.99
4,526,2,1919,-11.18,1811,0,0,3707,-14.99
4,526,3,3707,-14.99,786,17,17,3707,-14.99
4,526,4,5149,-11.76,1157,0,0,3707,-14.99
4,526,5,5706,-10.62,797,0,0,3707,-14.99
4,526,6,6503,-10.62,797,0,0,3707,-14.99
4,526,7,7300,-12.02,797,0,0,3707,-14.99
0,527,0,454,-3.59,797,58,58,454,-3.59
3,527,0,454,-6.59,797,0,0,1088,-8.15
3,527,1,1088,-8.15,1070,62,62,1088,-8.15
3,527,2,2893,-6.25,1811,0,0,1088,-8.15
4,527,0,454,-7.59,797,0,0,4105,-11.05
4,527,1,1088,-9.15,1070,0,0,4105,-11.05
4,527,2,2893,-7.25,1811,0,0,4105,-11.05
4,527,3,4105,-11.05,786,50,50,4105,-11.05
4,527,4,5147,-7.61,1157,0,0,4105,-11.05
4,527,5,6075,-6.69,797,0,0,4105,-11.05
4,527,6,6503,-7.23,797,0,0,4105,-11.05
4,527,7,7669,-8.09,797,0,0,4105,-11.05
0,528,0,454,-3.61,797,58,58,454,-3.61
3,528,0,454,-6.61,797,0,0,1088,-8.17
3,528,1,1088,-8.17,1070,62,62,1088,-8.17
3,528,2,2893,-6.27,1811,0,0,1088,-8.17
4,528,0,454,-7.61,797,0,0,4105,-11.07
4,528,1,1088,-9.17,1070,0,0,4105,-11.07
4,528,2,2893,-7.27,1811,0,0,4105,-11.07
4,528,3,4105,-11.07,786,50,50,4105,-11.07
4,528,4,5147,-7.63,1157,0,0,4105,-11.07
4,528,5,6075,-6.71,797,0,0,4105,-11.07
4,528,6,6503,-7.25,797,0,0,4105,-11.07
4,528,7,7669,-8.11,797,0,0,4105,-11.07
0,529,0,454,-3.61,797,58,58,454,-3.61
3,529,0,454,-6.61,797,0,0,1088,-8.17
3,529,1,1088,-8.17,1070,62,62,1088,-8.17
3,529,2,2893,-6.27,1811,0,0,1088,-8.17
4,529,0,454,-7.61,797,0,0,4105,-11.07
4,529,1,1088,-9.17,1070,0,0,4105,-11.07
4,529,2,2893,-7.27,1811,0,0,4105,-11.07
4,529,3,4105,-11.07,786,50,50,4105,-11.07
4,529,4,5147,-7.63,1157,0,0,4105,-11.07
4,529,5,6075,-6.71,797,0,0,4105,-11.07
4,529,6,6503,-7.25,797,0,0,4105,-11.07
4,529,7,7669,-8.11,797,0,0,4105,-11.07
0,530,0,454,-3.61,797,58,58,454,-3.61
3,530,0,454,-6.61,797,0,0,1088,-8.17
3,530,1,1088,-8.17,1070,62,62,1088,-8.17
3,530,2,2970,-7.32,1811,1,1,1088,-8.17
4,530,0,454,-7.61,797,0,0,4105,-11.07
4,530,1,1088,-9.17,1070,0,0,4105,-11.07
4,530,2,2970,-8.32,1811,0,0,4105,-11.07
4,530,3,4105,-11.07,786,50,50,4105,-11.07
4,530,4,5147,-7.63,1157,0,0,4105,-11.07
4,530,5,6075,-6.71,797,0,0,4105,-11.07
4,530,6,6503,-7.25,797,0,0,4105,-11.07
4,530,7,7669,-8.11,797,0,0,4105,-11.07
0,531,0,454,-3.61,797,58,58,454,-3.61
3,531,0,454,-6.61,797,0,0,1088,-8.17
3,531,1,1088,-8.17,1070,62,62,1088,-8.17
3,531,2,2970,-7.32,1811,1,1,1088,-8.17
4,531,0,454,-7.61,797,0,0,4105,-11.07
4,531,1,1088,-9.17,1070,0,0,4105,-11.07
4,531,2,2970,-8.32,1811,0,0,4105,-11.07
4,531,3,4105,-11.07,786,50,50,4105,-11.07
4,531,4,5147,-7.63,1157,0,0,4105,-11.07
4,531,5,6075,-6.71,797,0,0,4105,-11.07
4,531,6,6503,-7.25,797,0,0,4105,-11.07
4,531,7,7669,-8.11,797,0,0,4105,-11.07
0,532,0,454,-3.19,797,58,58,454,-3.19
3,532,0,454,-6.19,797,0,0,1088,-7.75
3,532,1,1088,-7.75,1070,62,62,1088,-7.75
3,532,2,2893,-5.85,1811,0,0,1088,-7.75
4,532,0,454,-7.19,797,0,0,4105,-10.65
4,532,1,1088,-8.75,1070,0,0,4105,-10.65
4,532,2,2893,-6.85,1811,0,0,4105,-10.65
4,532,3,4105,-10.65,786,50,50,4105,-10.65
4,532,4,5147,-7.21,1157,0,0,4105,-10.65
4,532,5,6075,-6.29,797,0,0,4105,-10.65
4,532,6,6503,-6.83,797,0,0,4105,-10.65
4,532,7,7669,-7.69,797,0,0,4105,-10.65
0,533,0,454,-3.17,797,58,58,454,-3.17
3,533,0,454,-6.17,797,0,0,1088,-7.73
3,533,1,1088,-7.73,1070,62,62,1088,-7.73
3,533,2,2893,-5.83,1811,0,0,1088,-7.73
4,533,0,454,-7.17,797,0,0,4105,-10.63
4,533,1,1088,-8.73,1070,0,0,4105,-10.63
4,533,2,2893,-6.83,1811,0,0,4105,-10.63
4,533,3,4105,-10.63,786,50,50,4105,-10.63
4,533,4,5147,-7.19,1157,0,0,4105,-10.63
4,533,5,6075,-6.27,797,0,0,4105,-10.63
4,533,6,6503,-6.81,797,0,0,4105,-10.63
4,533,7,7669,-7.67,797,0,0,4105,-10.63
0,534,0,12,-2.9,797,86,86,12,-2.9
3,534,0,12,-5.9,797,0,0,809,-7.46
3,534,1,809,-7.46,1070,90,90,809,-7.46
3,534,2,3595,-5.64,1811,0,0,809,-7.46
4,534,0,12,-6.9,797,0,0,3698,-10.36
4,534,1,809,-8.46,1070,0,0,3698,-10.36
4,534,2,3595,-6.64,1811,0,0,3698,-10.36
4,534,3,3698,-10.36,786,86,86,3698,-10.36
4,534,4,4515,-7.16,1157,0,0,3698,-10.36
4,534,5,5633,-6,797,0,0,3698,-10.36
4,534,6,6503,-7.32,797,0,0,3698,-10.36
4,534,7,7227,-7.4,797,0,0,3698,-10.36
0,535,0,12,-2.78,797,86,86,12,-2.78
3,535,0,12,-5.78,797,0,0,809,-7.34
3,535,1,809,-7.34,1070,90,90,809,-7.34
3,535,2,3595,-5.64,1811,0,0,809,-7.34
4,535,0,12,-6.78,797,0,0,3698,-10.24
4,535,1,809,-8.34,1070,0,0,3698,-10.24
4,535,2,3595,-6.64,1811,0,0,3698,-10.24
4,535,3,3698,-10.24,786,86,86,3698,-10.24
4,535,4,4515,-7.04,1157,0,0,3698,-10.24
4,535,5,5633,-5.88,797,0,0,3698,-10.24
4,535,6,6503,-7.2,797,0,0,3698,-10.24
4,535,7,7227,-7.28,797,0,0,3698,-10.24
0,536,0,12,-2.78,797,86,86,12,-2.78
3,536,0,12,-5.78,797,0,0,809,-7.34
3,536,1,809,-7.34,1070,90,90,809,-7.34
3,536,2,3595,-5.64,1811,0,0,809,-7.34
4,536,0,12,-6.78,797,0,0,3698,-10.24
4,536,1,809,-8.34,1070,0,0,3698,-10.24
4,536,2,3595,-6.64,1811,0,0,3698,-10.24
4,536,3,3698,-10.24,786,86,86,3698,-10.24
4,536,4,4515,-7.04,1157,0,0,3698,-10.24
4,536,5,5633,-5.88,797,0,0,3698,-10.24
4,536,6,6503,-7.2,797,0,0,3698,-10.24
4,536,7,7227,-7.28,797,0,0,3698,-10.24
0,537,0,12,-2.44,797,87,86,12,-2.44
3,537,0,12,-5.44,797,0,0,809,-7
3,537,1,809,-7,1070,91,90,809,-7
3,537,2,3595,-5.39,1811,0,0,809,-7
4,537,0,12,-6.44,797,0,0,3698,-9.9
4,537,1,809,-8,1070,0,0,3698,-9.9
4,537,2,3595,-6.39,1811,0,0,3698,-9.9
4,537,3,3698,-9.9,786,87,86,3698,-9.9
4,537,4,4515,-6.7,1157,0,0,3698,-9.9
4,537,5,5633,-5.54,797,0,0,3698,-9.9
4,537,6,6503,-6.86,797,0,0,3698,-9.9
4,537,7,7227,-6.94,797,0,0,3698,-9.9
0,538,0,12,-3.07,797,86,86,12,-3.07
3,538,0,12,-6.06,797,0,0,809,-7.62
3,538,1,809,-7.62,1070,90,90,809,-7.62
3,538,2,3595,-6.12,1811,0,0,809,-7.62
4,538,0,12,-7.06,797,0,0,3698,-10.52
4,538,1,809,-8.62,1070,0,0,3698,-10.52
4,538,2,3595,-7.12,1811,0,0,3698,-10.52
4,538,3,3698,-10.52,786,86,86,3698,-10.52
4,538,4,4515,-7.32,1157,0,0,3698,-10.52
4,538,5,5633,-6.16,797,0,0,3698,-10.52
4,538,6,6503,-7.48,797,0,0,3698,-10.52
4,538,7,7227,-7.56,797,0,0,3698,-10.52
0,539,0,12,-2.7,797,86,86,12,-2.7
3,539,0,12,-5.7,797,0,0,809,-7.26
3,539,1,809,-7.26,1070,90,90,809,-7.26
3,539,2,3595,-5.56,1811,0,0,809,-7.26
4,539,0,12,-6.7,797,0,0,3698,-10.16
4,539,1,809,-8.26,1070,0,0,3698,-10.16
4,539,2,3595,-6.56,1811,0,0,3698,-10.16
4,539,3,3698,-10.16,786,86,86,3698,-10.16
4,539,4,4515,-6.96,1157,0,0,3698,-10.16
4,539,5,5633,-5.8,797,0,0,3698,-10.16
4,539,6,6503,-7.12,797,0,0,3698,-10.16
4,539,7,7227,-7.2,797,0,0,3698,-10.16
0,540,0,32,-0.67,797,47,47,32,-0.67
3,540,0,32,-3.67,797,0,0,798,-5.23
3,540,1,798,-5.23,1070,22,22,798,-5.23
3,540,2,3595,-3.42,1811,0,0,798,-5.23
4,540,0,32,-4.67,797,0,0,3683,-8.13
4,540,1,798,-6.23,1070,0,0,3683,-8.13
4,540,2,3595,-4.42,1811,0,0,3683,-8.13
4,540,3,3683,-8.13,786,30,30,3683,-8.13
4,540,4,4508,-4.69,1157,0,0,3683,-8.13
4,540,5,5653,-3.77,797,0,0,3683,-8.13
4,540,6,6503,-5.53,797,0,0,3683,-8.13
4,540,7,7247,-5.17,797,0,0,3683,-8.13
0,541,0,32,-0.55,797,47,47,32,-0.55
3,541,0,32,-3.55,797,0,0,798,-5.11
3,541,1,798,-5.11,1070,22,22,798,-5.11
3,541,2,3595,-3.42,1811,0,0,798,-5.11
4,541,0,32,-4.55,797,0,0,3683,-8.01
4,541,1,798,-6.11,1070,0,0,3683,-8.01
4,541,2,3595,-4.42,1811,0,0,3683,-8.01
4,541,3,3683,-8.01,786,30,30,3683,-8.01
4,541,4,4508,-4.57,1157,0,0,3683,-8.01
4,541,5,5653,-3.65,797,0,0,3683,-8.01
4,541,6,6503,-5.41,797,0,0,3683,-8.01
4,541,7,7247,-5.05,797,0,0,3683,-8.01
0,542,0,32,-0.55,797,47,47,32,-0.55
3,542,0,32,-3.55,797,0,0,798,-5.11
3,542,1,798,-5.11,1070,22,22,798,-5.11
3,542,2,3595,-3.42,1811,0,0,798,-5.11
4,542,0,32,-4.55,797,0,0,3683,-8.01
4,542,1,798,-6.11,1070,0,0,3683,-8.01
4,542,2,3595,-4.42,1811,0,0,3683,-8.01
4,542,3,3683,-8.01,786,30,30,3683,-8.01
4,542,4,4508,-4.57,1157,0,0,3683,-8.01
4,542,5,5653,-3.65,797,0,0,3683,-8.01
4,542,6,6503,-5.41,797,0,0,3683,-8.01
4,542,7,7247,-5.05,797,0,0,3683,-8.01
0,543,0,32,-0.21,797,49,47,32,-0.21
3,543,0,32,-3.21,797,0,0,798,-4.77
3,543,1,798,-4.77,1070,24,22,798,-4.77
3,543,2,3595,-3.17,1811,0,0,798,-4.77
4,543,0,32,-4.21,797,0,0,3683,-7.67
4,543,1,798,-5.77,1070,0,0,3683,-7.67
4,543,2,3595,-4.17,1811,0,0,3683,-7.67
4,543,3,3683,-7.67,786,32,30,3683,-7.67
4,543,4,4508,-4.23,1157,0,0,3683,-7.67
4,543,5,5653,-3.31,797,0,0,3683,-7.67
4,543,6,6503,-5.07,797,0,0,3683,-7.67
4,543,7,7247,-4.71,797,0,0,3683,-7.67
0,544,0,32,-0.83,797,47,47,32,-0.83
3,544,0,32,-3.83,797,0,0,798,-5.39
3,544,1,798,-5.39,1070,22,22,798,-5.39
3,544,2,3595,-3.9,1811,0,0,798,-5.39
4,544,0,32,-4.83,797,0,0,3683,-8.29
4,544,1,798,-6.39,1070,0,0,3683,-8.29
4,544,2,3595,-4.9,1811,0,0,3683,-8.29
4,544,3,3683,-8.29,786,30,30,3683,-8.29
4,544,4,4508,-4.85,1157,0,0,3683,-8.29
4,544,5,5653,-3.93,797,0,0,3683,-8.29
4,544,6,6503,-5.69,797,0,0,3683,-8.29
4,544,7,7247,-5.33,797,0,0,3683,-8.29
0,545,0,32,-0.47,797,47,47,32,-0.47
3,545,0,32,-3.47,797,0,0,798,-5.03
3,545,1,798,-5.03,1070,22,22,798,-5.03
3,545,2,3595,-3.34,1811,0,0,798,-5.03
4,545,0,32,-4.47,797,0,0,3683,-7.93
4,545,1,798,-6.03,1070,0,0,3683,-7.93
4,545,2,3595,-4.34,1811,0,0,3683,-7.93
4,545,3,3683,-7.93,786,30,30,3683,-7.93
4,545,4,4508,-4.49,1157,0,0,3683,-7.93
4,545,5,5653,-3.57,797,0,0,3683,-7.93
4,545,6,6503,-5.33,797,0,0,3683,-7.93
4,545,7,7247,-4.97,797,0,0,3683,-7.93
0,546,0,19,-0.18,797,11,11,19,-0.18
3,546,0,19,-3.18,797,0,0,820,-4.74
3,546,1,820,-4.74,1070,2,2,820,-4.74
3,546,2,3595,-2.98,1811,0,0,820,-4.74
4,546,0,19,-4.18,797,0,0,3682,-7.64
4,546,1,820,-5.74,1070,0,0,3682,-7.64
4,546,2,3595,-3.98,1811,0,0,3682,-7.64
4,546,3,3682,-7.64,786,3,3,3682,-7.64
4,546,4,4474,-3.84,1157,0,0,3682,-7.64
4,546,5,5640,-3.28,797,0,0,3682,-7.64
4,546,6,6434,-4.46,797,0,0,3682,-7.64
4,546,7,7234,-4.68,797,0,0,3682,-7.64
0,547,0,792,1.95,797,58,0,792,1.95
3,547,0,792,-1.05,797,0,0,1350,-2.61
3,547,1,1350,-2.61,1070,82,0,1350,-2.61
3,547,2,3086,-2.15,1811,10,0,1350,-2.61
4,547,0,792,-2.05,797,0,0,4459,-5.51
4,547,1,1350,-3.61,1070,0,0,4459,-5.51
4,547,2,3086,-3.15,1811,0,0,4459,-5.51
4,547,3,4459,-5.51,786,60,0,4459,-5.51
4,547,4,5616,-1.71,1157,0,0,4459,-5.51
4,547,5,5624,0.2,797,0,0,4459,-5.51
4,547,6,6503,-1.91,797,0,0,4459,-5.51
4,547,7,8007,-2.55,797,0,0,4459,-5.51
0,548,0,791,-5.88,797,8,8,791,-5.88
3,548,0,791,-8.88,797,0,0,1349,-10.44
3,548,1,1349,-10.44,1070,9,9,1349,-10.44
3,548,2,3085,-9.8,1811,2,2,1349,-10.44
4,548,0,791,-9.88,797,0,0,4458,-13.34
4,548,1,1349,-11.44,1070,0,0,4458,-13.34
4,548,2,3085,-10.8,1811,0,0,4458,-13.34
4,548,3,4458,-13.34,786,8,8,4458,-13.34
4,548,4,5615,-9.54,1157,0,0,4458,-13.34
4,548,5,6412,-8.98,797,0,0,4458,-13.34
4,548,6,7209,-8.98,797,0,0,4458,-13.34
4,548,7,8006,-10.38,797,0,0,4458,-13.34
0,549,0,791,-5.54,797,8,8,791,-5.54
3,549,0,791,-8.54,797,0,0,1349,-10.1
3,549,1,1349,-10.1,1070,9,9,1349,-10.1
3,549,2,3085,-9.55,1811,2,2,1349,-10.1
4,549,0,791,-9.54,797,0,0,4458,-13
4,549,1,1349,-11.1,1070,0,0,4458,-13
4,549,2,3085,-10.55,1811,0,0,4458,-13
4,549,3,4458,-13,786,8,8,4458,-13
4,549,4,5615,-9.2,1157,0,0,4458,-13
4,549,5,6412,-8.64,797,0,0,4458,-13
4,549,6,7209,-8.64,797,0,0,4458,-13
4,549,7,8006,-10.04,797,0,0,4458,-13
0,550,0,767,-2.44,797,31,31,767,-2.44
3,550,0,767,-5.44,797,0,0,3587,-7.78
3,550,1,1328,-7,1070,11,11,3587,-7.78
3,550,2,3587,-7.78,1811,68,68,3587,-7.78
4,550,0,767,-6.44,797,0,0,4434,-9.9
4,550,1,1328,-8,1070,0,0,4434,-9.9
4,550,2,3587,-8.78,1811,0,0,4434,-9.9
4,550,3,4434,-9.9,786,31,31,4434,-9.9
4,550,4,5588,-6.1,1157,0,0,4434,-9.9
4,550,5,6388,-5.54,797,0,0,4434,-9.9
4,550,6,7185,-5.54,797,0,0,4434,-9.9
4,550,7,7982,-6.94,797,0,0,4434,-9.9
0,551,0,791,-6.22,797,8,8,791,-6.22
3,551,0,791,-9.22,797,0,0,1349,-10.78
3,551,1,1349,-10.78,1070,9,9,1349,-10.78
3,551,2,3085,-10.14,1811,2,2,1349,-10.78
4,551,0,791,-10.22,797,0,0,4458,-13.68
4,551,1,1349,-11.78,1070,0,0,4458,-13.68
4,551,2,3085,-11.14,1811,0,0,4458,-13.68
4,551,3,4458,-13.68,786,8,8,4458,-13.68
4,551,4,5615,-9.88,1157,0,0,4458,-13.68
4,551,5,6412,-9.32,797,0,0,4458,-13.68
4,551,6,7209,-9.32,797,0,0,4458,-13.68
4,551,7,8006,-10.72,797,0,0,4458,-13.68
0,552,0,345,-2.45,797,32,32,345,-2.45
3,552,0,345,-5.44,797,0,0,3587,-7.78
3,552,1,1029,-7.01,1070,12,12,3587,-7.78
3,552,2,3587,-7.78,1811,64,64,3587,-7.78
4,552,0,345,-6.44,797,0,0,4027,-9.91
4,552,1,1029,-8.01,1070,0,0,4027,-9.91
4,552,2,3587,-8.78,1811,0,0,4027,-9.91
4,552,3,4027,-9.91,786,32,32,4027,-9.91
4,552,4,4998,-6.1,1157,0,0,4027,-9.91
4,552,5,5966,-5.55,797,0,0,4027,-9.91
4,552,6,6763,-5.55,797,0,0,4027,-9.91
4,552,7,7560,-6.94,797,0,0,4027,-9.91
0,553,0,345,-2.45,797,32,32,345,-2.45
3,553,0,345,-5.44,797,0,0,3587,-7.78
3,553,1,1029,-7.01,1070,12,12,3587,-7.78
3,553,2,3587,-7.78,1811,48,48,3587,-7.78
4,553,0,345,-6.44,797,0,0,4027,-9.91
4,553,1,1029,-8.01,1070,0,0,4027,-9.91
4,553,2,3587,-8.78,1811,0,0,4027,-9.91
4,553,3,4027,-9.91,786,32,32,4027,-9.91
4,553,4,4998,-6.1,1157,0,0,4027,-9.91
4,553,5,5966,-5.55,797,0,0,4027,-9.91
4,553,6,6763,-5.55,797,0,0,4027,-9.91
4,553,7,7560,-6.94,797,0,0,4027,-9.91
0,554,0,345,-4.5,797,9,9,345,-4.5
3,554,0,345,-7.5,797,0,0,1029,-9.06
3,554,1,1029,-9.06,1070,12,12,1029,-9.06
3,554,2,3646,-8.86,1811,31,31,1029,-9.06
4,554,0,345,-8.5,797,0,0,4027,-11.96
4,554,1,1029,-10.06,1070,0,0,4027,-11.96
4,554,2,3646,-9.86,1811,0,0,4027,-11.96
4,554,3,4027,-11.96,786,9,9,4027,-11.96
4,554,4,4998,-8.16,1157,0,0,4027,-11.96
4,554,5,5966,-7.6,797,0,0,4027,-11.96
4,554,6,6763,-7.6,797,0,0,4027,-11.96
4,554,7,7560,-9,797,0,0,4027,-11.96
0,555,0,346,-4.72,797,10,10,346,-4.72
3,555,0,346,-7.72,797,0,0,1030,-9.28
3,555,1,1030,-9.28,1070,13,13,1030,-9.28
3,555,2,3646,-8.86,1811,27,27,1030,-9.28
4,555,0,346,-8.72,797,0,0,4028,-12.18
4,555,1,1030,-10.28,1070,0,0,4028,-12.18
4,555,2,3646,-9.86,1811,0,0,4028,-12.18
4,555,3,4028,-12.18,786,10,10,4028,-12.18
4,555,4,4999,-8.38,1157,0,0,4028,-12.18
4,555,5,5967,-7.82,797,0,0,4028,-12.18
4,555,6,6764,-7.82,797,0,0,4028,-12.18
4,555,7,7561,-9.22,797,0,0,4028,-12.18
0,556,0,85,-1.76,797,76,76,85,-1.76
3,556,0,85,-4.76,797,0,0,3586,-7.5
3,556,1,1855,-6.38,1070,0,0,3586,-7.5
3,556,2,3586,-7.5,1811,19,19,3586,-7.5
4,556,0,85,-5.76,797,0,0,3707,-9.22
4,556,1,1855,-7.38,1070,0,0,3707,-9.22
4,556,2,3586,-8.5,1811,3,3,3707,-9.22
4,556,3,3707,-9.22,786,73,73,3707,-9.22
4,556,4,5149,-6,1157,0,0,3707,-9.22
4,556,5,5706,-4.86,797,0,0,3707,-9.22
4,556,6,6503,-4.86,797,0,0,3707,-9.22
4,556,7,7300,-6.26,797,0,0,3707,-9.22
0,557,0,85,-1.76,797,76,76,85,-1.76
3,557,0,85,-4.76,797,0,0,3586,-7.5
3,557,1,1855,-6.38,1070,0,0,3586,-7.5
3,557,2,3586,-7.5,1811,26,26,3586,-7.5
4,557,0,85,-5.76,797,0,0,3707,-9.22
4,557,1,1855,-7.38,1070,0,0,3707,-9.22
4,557,2,3586,-8.5,1811,5,5,3707,-9.22
4,557,3,3707,-9.22,786,73,73,3707,-9.22
4,557,4,5149,-6,1157,0,0,3707,-9.22
4,557,5,5706,-4.86,797,0,0,3707,-9.22
4,557,6,6503,-4.86,797,0,0,3707,-9.22
4,557,7,7300,-6.26,797,0,0,3707,-9.22
0,558,0,344,-2.48,797,23,23,344,-2.48
3,558,0,344,-5.48,797,0,0,3586,-7.5
3,558,1,1028,-7.04,1070,6,6,3586,-7.5
3,558,2,3586,-7.5,1811,50,50,3586,-7.5
4,558,0,344,-6.48,797,0,0,4026,-9.94
4,558,1,1028,-8.04,1070,0,0,4026,-9.94
4,558,2,3586,-8.5,1811,0,0,4026,-9.94
4,558,3,4026,-9.94,786,23,23,4026,-9.94
4,558,4,4997,-6.14,1157,0,0,4026,-9.94
4,558,5,5965,-5.59,797,0,0,4026,-9.94
4,558,6,6762,-5.59,797,0,0,4026,-9.94
4,558,7,7559,-6.98,797,0,0,4026,-9.94
0,559,0,85,-4.64,797,39,39,85,-4.64
3,559,0,85,-7.64,797,0,0,3398,-9.52
3,559,1,818,-9.2,1070,12,12,3398,-9.52
3,559,2,3398,-9.52,1811,49,49,3398,-9.52
4,559,0,85,-8.64,797,0,0,3707,-12.1
4,559,1,818,-10.2,1070,0,0,3707,-12.1
4,559,2,3398,-10.52,1811,0,0,3707,-12.1
4,559,3,3707,-12.1,786,37,37,3707,-12.1
4,559,4,5149,-8.88,1157,0,0,3707,-12.1
4,559,5,5706,-7.74,797,0,0,3707,-12.1
4,559,6,6503,-7.74,797,0,0,3707,-12.1
4,559,7,7300,-9.14,797,0,0,3707,-12.1
0,560,0,85,-2.1,797,76,76,85,-2.1
3,560,0,85,-5.1,797,0,0,3586,-7.84
3,560,1,1855,-6.72,1070,0,0,3586,-7.84
3,560,2,3586,-7.84,1811,19,19,3586,-7.84
4,560,0,85,-6.1,797,0,0,3707,-9.56
4,560,1,1855,-7.72,1070,0,0,3707,-9.56
4,560,2,3586,-8.84,1811,3,3,3707,-9.56
4,560,3,3707,-9.56,786,73,73,3707,-9.56
4,560,4,5149,-6.34,1157,0,0,3707,-9.56
4,560,5,5706,-5.2,797,0,0,3707,-9.56
4,560,6,6503,-5.2,797,0,0,3707,-9.56
4,560,7,7300,-6.6,797,0,0,3707,-9.56
0,561,0,85,-2.1,797,76,76,85,-2.1
3,561,0,85,-5.1,797,0,0,3586,-7.84
3,561,1,1855,-6.72,1070,0,0,3586,-7.84
3,561,2,3586,-7.84,1811,26,26,3586,-7.84
4,561,0,85,-6.1,797,0,0,3707,-9.56
4,561,1,1855,-7.72,1070,0,0,3707,-9.56
4,561,2,3586,-8.84,1811,5,5,3707,-9.56
4,561,3,3707,-9.56,786,73,73,3707,-9.56
4,561,4,5149,-6.34,1157,0,0,3707,-9.56
4,561,5,5706,-5.2,797,0,0,3707,-9.56
4,561,6,6503,-5.2,797,0,0,3707,-9.56
4,561,7,7300,-6.6,797,0,0,3707,-9.56
0,562,0,345,-3.16,797,11,11,345,-3.16
3,562,0,345,-6.16,797,0,0,3646,-8.2
3,562,1,1029,-7.72,1070,7,7,3646,-8.2
3,562,2,3646,-8.2,1811,69,69,3646,-8.2
4,562,0,345,-7.16,797,0,0,4027,-10.62
4,562,1,1029,-8.72,1070,0,0,4027,-10.62
4,562,2,3646,-9.2,1811,0,0,4027,-10.62
4,562,3,4027,-10.62,786,11,11,4027,-10.62
4,562,4,4998,-6.82,1157,0,0,4027,-10.62
4,562,5,5966,-6.26,797,0,0,4027,-10.62
4,562,6,6763,-6.26,797,0,0,4027,-10.62
4,562,7,7560,-7.66,797,0,0,4027,-10.62
0,563,0,85,-1.32,797,39,39,85,-1.32
3,563,0,85,-4.32,797,0,0,3398,-6.2
3,563,1,818,-5.88,1070,12,12,3398,-6.2
3,563,2,3398,-6.2,1811,49,49,3398,-6.2
4,563,0,85,-5.32,797,0,0,3707,-8.78
4,563,1,818,-6.88,1070,0,0,3707,-8.78
4,563,2,3398,-7.2,1811,0,0,3707,-8.78
4,563,3,3707,-8.78,786,37,37,3707,-8.78
4,563,4,5149,-5.56,1157,0,0,3707,-8.78
4,563,5,5706,-4.42,797,0,0,3707,-8.78
4,563,6,6503,-4.42,797,0,0,3707,-8.78
4,563,7,7300,-5.82,797,0,0,3707,-8.78
0,564,0,85,-1.66,797,39,39,85,-1.66
3,564,0,85,-4.66,797,0,0,3398,-6.54
3,564,1,818,-6.22,1070,12,12,3398,-6.54
3,564,2,3398,-6.54,1811,49,49,3398,-6.54
4,564,0,85,-5.66,797,0,0,3707,-9.12
4,564,1,818,-7.22,1070,0,0,3707,-9.12
4,564,2,3398,-7.54,1811,0,0,3707,-9.12
4,564,3,3707,-9.12,786,37,37,3707,-9.12
4,564,4,5149,-5.9,1157,0,0,3707,-9.12
4,564,5,5706,-4.76,797,0,0,3707,-9.12
4,564,6,6503,-4.76,797,0,0,3707,-9.12
4,564,7,7300,-6.16,797,0,0,3707,-9.12
0,565,0,85,-3.22,797,3,3,85,-3.22
3,565,0,85,-6.22,797,0,0,818,-7.78
3,565,1,818,-7.78,1070,3,3,818,-7.78
3,565,2,3586,-7.24,1811,5,5,818,-7.78
4,565,0,85,-7.22,797,0,0,3707,-10.68
4,565,1,818,-8.78,1070,0,0,3707,-10.68
4,565,2,3586,-8.24,1811,0,0,3707,-10.68
4,565,3,3707,-10.68,786,3,3,3707,-10.68
4,565,4,5149,-7.46,1157,0,0,3707,-10.68
4,565,5,5706,-6.32,797,0,0,3707,-10.68
4,565,6,6503,-6.32,797,0,0,3707,-10.68
4,565,7,7300,-7.72,797,0,0,3707,-10.68
0,566,0,346,-3.46,797,3,3,346,-3.46
3,566,0,346,-6.46,797,0,0,1030,-8.02
3,566,1,1030,-8.02,1070,3,3,1030,-8.02
3,566,2,3586,-7.24,1811,5,5,1030,-8.02
4,566,0,346,-7.46,797,0,0,4028,-10.92
4,566,1,1030,-9.02,1070,0,0,4028,-10.92
4,566,2,3586,-8.24,1811,0,0,4028,-10.92
4,566,3,4028,-10.92,786,3,3,4028,-10.92
4,566,4,5149,-7.34,1157,0,0,4028,-10.92
4,566,5,5967,-6.56,797,0,0,4028,-10.92
4,566,6,6764,-6.56,797,0,0,4028,-10.92
4,566,7,7561,-7.96,797,0,0,4028,-10.92
0,567,0,85,-3.22,797,3,3,85,-3.22
3,567,0,85,-6.22,797,0,0,818,-7.78
3,567,1,818,-7.78,1070,3,3,818,-7.78
3,567,2,3586,-7.24,1811,3,3,818,-7.78
4,567,0,85,-7.22,797,0,0,3707,-10.68
4,567,1,818,-8.78,1070,0,0,3707,-10.68
4,567,2,3586,-8.24,1811,0,0,3707,-10.68
4,567,3,3707,-10.68,786,3,3,3707,-10.68
4,567,4,5149,-7.46,1157,0,0,3707,-10.68
4,567,5,5706,-6.32,797,0,0,3707,-10.68
4,567,6,6503,-6.32,797,0,0,3707,-10.68
4,567,7,7300,-7.72,797,0,0,3707,-10.68
0,568,0,85,-3.1,797,3,3,85,-3.1
3,568,0,85,-6.1,797,0,0,818,-7.66
3,568,1,818,-7.66,1070,3,3,818,-7.66
3,568,2,3586,-7.24,1811,10,10,818,-7.66
4,568,0,85,-7.1,797,0,0,3707,-10.56
4,568,1,818,-8.66,1070,0,0,3707,-10.56
4,568,2,3586,-8.24,1811,0,0,3707,-10.56
4,568,3,3707,-10.56,786,3,3,3707,-10.56
4,568,4,5149,-7.34,1157,0,0,3707,-10.56
4,568,5,5706,-6.2,797,0,0,3707,-10.56
4,568,6,6503,-6.2,797,0,0,3707,-10.56
4,568,7,7300,-7.6,797,0,0,3707,-10.56
0,569,0,85,-2.98,797,3,3,85,-2.98
3,569,0,85,-5.98,797,0,0,818,-7.54
3,569,1,818,-7.54,1070,3,3,818,-7.54
3,569,2,3586,-7.24,1811,24,24,818,-7.54
4,569,0,85,-6.98,797,0,0,3707,-10.44
4,569,1,818,-8.54,1070,0,0,3707,-10.44
4,569,2,3586,-8.24,1811,0,0,3707,-10.44
4,569,3,3707,-10.44,786,3,3,3707,-10.44
4,569,4,5149,-7.22,1157,0,0,3707,-10.44
4,569,5,5706,-6.08,797,0,0,3707,-10.44
4,569,6,6503,-6.08,797,0,0,3707,-10.44
4,569,7,7300,-7.48,797,0,0,3707,-10.44
0,570,0,346,-3.46,797,3,3,346,-3.46
3,570,0,346,-6.46,797,0,0,1030,-8.02
3,570,1,1030,-8.02,1070,3,3,1030,-8.02
3,570,2,3586,-7.24,1811,5,5,1030,-8.02
4,570,0,346,-7.46,797,0,0,4028,-10.92
4,570,1,1030,-9.02,1070,0,0,4028,-10.92
4,570,2,3586,-8.24,1811,0,0,4028,-10.92
4,570,3,4028,-10.92,786,3,3,4028,-10.92
4,570,4,5149,-7.22,1157,0,0,4028,-10.92
4,570,5,5967,-6.56,797,0,0,4028,-10.92
4,570,6,6764,-6.56,797,0,0,4028,-10.92
4,570,7,7561,-7.96,797,0,0,4028,-10.92
0,571,0,85,-2.88,797,3,3,85,-2.88
3,571,0,85,-5.88,797,0,0,818,-7.44
3,571,1,818,-7.44,1070,3,3,818,-7.44
3,571,2,3586,-6.9,1811,3,3,818,-7.44
4,571,0,85,-6.88,797,0,0,3707,-10.34
4,571,1,818,-8.44,1070,0,0,3707,-10.34
4,571,2,3586,-7.9,1811,0,0,3707,-10.34
4,571,3,3707,-10.34,786,3,3,3707,-10.34
4,571,4,5149,-7.12,1157,0,0,3707,-10.34
4,571,5,5706,-5.98,797,0,0,3707,-10.34
4,571,6,6503,-5.98,797,0,0,3707,-10.34
4,571,7,7300,-7.38,797,0,0,3707,-10.34
0,572,0,85,-2.76,797,3,3,85,-2.76
3,572,0,85,-5.76,797,0,0,818,-7.32
3,572,1,818,-7.32,1070,3,3,818,-7.32
3,572,2,3586,-6.9,1811,10,10,818,-7.32
4,572,0,85,-6.76,797,0,0,3707,-10.22
4,572,1,818,-8.32,1070,0,0,3707,-10.22
4,572,2,3586,-7.9,1811,0,0,3707,-10.22
4,572,3,3707,-10.22,786,3,3,3707,-10.22
4,572,4,5149,-7,1157,0,0,3707,-10.22
4,572,5,5706,-5.86,797,0,0,3707,-10.22
4,572,6,6503,-5.86,797,0,0,3707,-10.22
4,572,7,7300,-7.26,797,0,0,3707,-10.22
0,573,0,85,-2.64,797,3,3,85,-2.64
3,573,0,85,-5.64,797,0,0,818,-7.2
3,573,1,818,-7.2,1070,3,3,818,-7.2
3,573,2,3586,-6.9,1811,24,24,818,-7.2
4,573,0,85,-6.64,797,0,0,3707,-10.1
4,573,1,818,-8.2,1070,0,0,3707,-10.1
4,573,2,3586,-7.9,1811,0,0,3707,-10.1
4,573,3,3707,-10.1,786,3,3,3707,-10.1
4,573,4,5149,-6.88,1157,0,0,3707,-10.1
4,573,5,5706,-5.74,797,0,0,3707,-10.1
4,573,6,6503,-5.74,797,0,0,3707,-10.1
4,573,7,7300,-7.14,797,0,0,3707,-10.1
0,574,0,346,-3.12,797,3,3,346,-3.12
3,574,0,346,-6.12,797,0,0,1030,-7.68
3,574,1,1030,-7.68,1070,3,3,1030,-7.68
3,574,2,3586,-6.9,1811,5,5,1030,-7.68
4,574,0,346,-7.12,797,0,0,4028,-10.58
4,574,1,1030,-8.68,1070,0,0,4028,-10.58
4,574,2,3586,-7.9,1811,0,0,4028,-10.58
4,574,3,4028,-10.58,786,3,3,4028,-10.58
4,574,4,5149,-6.88,1157,0,0,4028,-10.58
4,574,5,5967,-6.22,797,0,0,4028,-10.58
4,574,6,6764,-6.22,797,0,0,4028,-10.58
4,574,7,7561,-7.62,797,0,0,4028,-10.58
0,575,0,85,-6.22,797,3,3,85,-6.22
3,575,0,85,-9.22,797,0,0,818,-10.78
3,575,1,818,-10.78,1070,3,3,818,-10.78
3,575,2,3586,-10.36,1811,10,10,818,-10.78
4,575,0,85,-10.22,797,0,0,3707,-13.68
4,575,1,818,-11.78,1070,0,0,3707,-13.68
4,575,2,3586,-11.36,1811,0,0,3707,-13.68
4,575,3,3707,-13.68,786,3,3,3707,-13.68
4,575,4,5149,-10.46,1157,0,0,3707,-13.68
4,575,5,5706,-9.32,797,0,0,3707,-13.68
4,575,6,6503,-9.32,797,0,0,3707,-13.68
4,575,7,7300,-10.72,797,0,0,3707,-13.68
0,576,0,85,-3.22,797,3,3,85,-3.22
3,576,0,85,-6.22,797,0,0,818,-7.78
3,576,1,818,-7.78,1070,3,3,818,-7.78
3,576,2,3586,-7.24,1811,3,3,818,-7.78
4,576,0,85,-7.22,797,0,0,3707,-10.68
4,576,1,818,-8.78,1070,0,0,3707,-10.68
4,576,2,3586,-8.24,1811,0,0,3707,-10.68
4,576,3,3707,-10.68,786,3,3,3707,-10.68
4,576,4,5149,-7.46,1157,0,0,3707,-10.68
4,576,5,5706,-6.32,797,0,0,3707,-10.68
4,576,6,6503,-6.32,797,0,0,3707,-10.68
4,576,7,7300,-7.72,797,0,0,3707,-10.68
0,577,0,85,-3.1,797,3,3,85,-3.1
3,577,0,85,-6.1,797,0,0,818,-7.66
3,577,1,818,-7.66,1070,3,3,818,-7.66
3,577,2,3586,-7.24,1811,10,10,818,-7.66
4,577,0,85,-7.1,797,0,0,3707,-10.56
4,577,1,818,-8.66,1070,0,0,3707,-10.56
4,577,2,3586,-8.24,1811,0,0,3707,-10.56
4,577,3,3707,-10.56,786,3,3,3707,-10.56
4,577,4,5149,-7.34,1157,0,0,3707,-10.56
4,577,5,5706,-6.2,797,0,0,3707,-10.56
4,577,6,6503,-6.2,797,0,0,3707,-10.56
4,577,7,7300,-7.6,797,0,0,3707,-10.56
0,578,0,346,-3.46,797,3,3,346,-3.46
3,578,0,346,-6.46,797,0,0,1030,-8.02
3,578,1,1030,-8.02,1070,3,3,1030,-8.02
3,578,2,3586,-7.24,1811,5,5,1030,-8.02
4,578,0,346,-7.46,797,0,0,4028,-10.92
4,578,1,1030,-9.02,1070,0,0,4028,-10.92
4,578,2,3586,-8.24,1811,0,0,4028,-10.92
4,578,3,4028,-10.92,786,3,3,4028,-10.92
4,578,4,5149,-7.34,1157,0,0,4028,-10.92
4,578,5,5967,-6.56,797,0,0,4028,-10.92
4,578,6,6764,-6.56,797,0,0,4028,-10.92
4,578,7,7561,-7.96,797,0,0,4028,-10.92
0,579,0,85,-4.56,797,4,4,85,-4.56
3,579,0,85,-7.56,797,0,0,818,-9.12
3,579,1,818,-9.12,1070,4,4,818,-9.12
3,579,2,3586,-8.16,1811,1,1,818,-9.12
4,579,0,85,-8.56,797,0,0,3707,-12.02
4,579,1,818,-10.12,1070,0,0,3707,-12.02
4,579,2,3586,-9.16,1811,0,0,3707,-12.02
4,579,3,3707,-12.02,786,4,4,3707,-12.02
4,579,4,5149,-8.8,1157,0,0,3707,-12.02
4,579,5,5706,-7.66,797,0,0,3707,-12.02
4,579,6,6503,-7.66,797,0,0,3707,-12.02
4,579,7,7300,-9.06,797,0,0,3707,-12.02
0,580,0,85,-2.98,797,3,3,85,-2.98
3,580,0,85,-5.98,797,0,0,818,-7.54
3,580,1,818,-7.54,1070,3,3,818,-7.54
3,580,2,3586,-7.24,1811,9,9,818,-7.54
4,580,0,85,-6.98,797,0,0,3707,-10.44
4,580,1,818,-8.54,1070,0,0,3707,-10.44
4,580,2,3586,-8.24,1811,0,0,3707,-10.44
4,580,3,3707,-10.44,786,3,3,3707,-10.44
4,580,4,5149,-7.22,1157,0,0,3707,-10.44
4,580,5,5706,-6.08,797,0,0,3707,-10.44
4,580,6,6503,-6.08,797,0,0,3707,-10.44
4,580,7,7300,-7.48,797,0,0,3707,-10.44
0,581,0,85,-2.98,797,3,3,85,-2.98
3,581,0,85,-5.98,797,0,0,818,-7.54
3,581,1,818,-7.54,1070,3,3,818,-7.54
3,581,2,3586,-7.24,1811,13,13,818,-7.54
4,581,0,85,-6.98,797,0,0,3707,-10.44
4,581,1,818,-8.54,1070,0,0,3707,-10.44
4,581,2,3586,-8.24,1811,0,0,3707,-10.44
4,581,3,3707,-10.44,786,3,3,3707,-10.44
4,581,4,5149,-7.22,1157,0,0,3707,-10.44
4,581,5,5706,-6.08,797,0,0,3707,-10.44
4,581,6,6503,-6.08,797,0,0,3707,-10.44
4,581,7,7300,-7.48,797,0,0,3707,-10.44
0,582,0,85,-2.98,797,3,3,85,-2.98
3,582,0,85,-5.98,797,0,0,818,-7.54
3,582,1,818,-7.54,1070,3,3,818,-7.54
3,582,2,3586,-7.24,1811,13,13,818,-7.54
4,582,0,85,-6.98,797,0,0,3707,-10.44
4,582,1,818,-8.54,1070,0,0,3707,-10.44
4,582,2,3586,-8.24,1811,0,0,3707,-10.44
4,582,3,3707,-10.44,786,3,3,3707,-10.44
4,582,4,5149,-7.22,1157,0,0,3707,-10.44
4,582,5,5706,-6.08,797,0,0,3707,-10.44
4,582,6,6503,-6.08,797,0,0,3707,-10.44
4,582,7,7300,-7.48,797,0,0,3707,-10.44
0,583,0,346,-3.46,797,17,17,346,-3.46
3,583,0,346,-6.46,797,0,0,1030,-8.02
3,583,1,1030,-8.02,1070,20,20,1030,-8.02
3,583,2,3646,-7.6,1811,25,25,1030,-8.02
4,583,0,346,-7.46,797,0,0,4028,-10.92
4,583,1,1030,-9.02,1070,0,0,4028,-10.92
4,583,2,3646,-8.6,1811,0,0,4028,-10.92
4,583,3,4028,-10.92,786,17,17,4028,-10.92
4,583,4,4999,-7.12,1157,0,0,4028,-10.92
4,583,5,6388,-6.57,797,0,0,4028,-10.92
4,583,6,7185,-6.57,797,0,0,4028,-10.92
4,583,7,7561,-7.96,797,0,0,4028,-10.92
0,584,0,767,-4.92,797,17,17,767,-4.92
3,584,0,767,-7.92,797,0,0,1328,-9.48
3,584,1,1328,-9.48,1070,20,20,1328,-9.48
3,584,2,3646,-8.52,1811,1,1,1328,-9.48
4,584,0,767,-8.92,797,0,0,4434,-12.38
4,584,1,1328,-10.48,1070,0,0,4434,-12.38
4,584,2,3646,-9.52,1811,0,0,4434,-12.38
4,584,3,4434,-12.38,786,17,17,4434,-12.38
4,584,4,5588,-8.58,1157,0,0,4434,-12.38
4,584,5,6388,-8.02,797,0,0,4434,-12.38
4,584,6,7185,-8.02,797,0,0,4434,-12.38
4,584,7,7982,-9.42,797,0,0,4434,-12.38
0,585,0,85,-2.9,797,3,3,85,-2.9
3,585,0,85,-5.9,797,0,0,818,-7.46
3,585,1,818,-7.46,1070,3,3,818,-7.46
3,585,2,3586,-7.16,1811,9,9,818,-7.46
4,585,0,85,-6.9,797,0,0,3707,-10.36
4,585,1,818,-8.46,1070,0,0,3707,-10.36
4,585,2,3586,-8.16,1811,0,0,3707,-10.36
4,585,3,3707,-10.36,786,3,3,3707,-10.36
4,585,4,5149,-7.14,1157,0,0,3707,-10.36
4,585,5,5706,-6,797,0,0,3707,-10.36
4,585,6,6503,-6,797,0,0,3707,-10.36
4,585,7,7300,-7.4,797,0,0,3707,-10.36
0,586,0,85,-2.9,797,3,3,85,-2.9
3,586,0,85,-5.9,797,0,0,818,-7.46
3,586,1,818,-7.46,1070,3,3,818,-7.46
3,586,2,3586,-7.16,1811,13,13,818,-7.46
4,586,0,85,-6.9,797,0,0,3707,-10.36
4,586,1,818,-8.46,1070,0,0,3707,-10.36
4,586,2,3586,-8.16,1811,0,0,3707,-10.36
4,586,3,3707,-10.36,786,3,3,3707,-10.36
4,586,4,5149,-7.14,1157,0,0,3707,-10.36
4,586,5,5706,-6,797,0,0,3707,-10.36
4,586,6,6503,-6,797,0,0,3707,-10.36
4,586,7,7300,-7.4,797,0,0,3707,-10.36
0,587,0,85,-2.9,797,3,3,85,-2.9
3,587,0,85,-5.9,797,0,0,818,-7.46
3,587,1,818,-7.46,1070,3,3,818,-7.46
3,587,2,3586,-7.16,1811,13,13,818,-7.46
4,587,0,85,-6.9,797,0,0,3707,-10.36
4,587,1,818,-8.46,1070,0,0,3707,-10.36
4,587,2,3586,-8.16,1811,0,0,3707,-10.36
4,587,3,3707,-10.36,786,3,3,3707,-10.36
4,587,4,5149,-7.14,1157,0,0,3707,-10.36
4,587,5,5706,-6,797,0,0,3707,-10.36
4,587,6,6503,-6,797,0,0,3707,-10.36
4,587,7,7300,-7.4,797,0,0,3707,-10.36
0,588,0,85,-2.9,797,3,3,85,-2.9
3,588,0,85,-5.9,797,0,0,818,-7.46
3,588,1,818,-7.46,1070,3,3,818,-7.46
3,588,2,3586,-7.16,1811,9,9,818,-7.46
4,588,0,85,-6.9,797,0,0,3707,-10.36
4,588,1,818,-8.46,1070,0,0,3707,-10.36
4,588,2,3586,-8.16,1811,0,0,3707,-10.36
4,588,3,3707,-10.36,786,3,3,3707,-10.36
4,588,4,5149,-7.14,1157,0,0,3707,-10.36
4,588,5,5706,-6,797,0,0,3707,-10.36
4,588,6,6503,-6,797,0,0,3707,-10.36
4,588,7,7300,-7.4,797,0,0,3707,-10.36
0,589,0,346,-3.38,797,3,3,346,-3.38
3,589,0,346,-6.38,797,0,0,1030,-7.94
3,589,1,1030,-7.94,1070,3,3,1030,-7.94
3,589,2,3586,-7.16,1811,5,5,1030,-7.94
4,589,0,346,-7.38,797,0,0,4028,-10.84
4,589,1,1030,-8.94,1070,0,0,4028,-10.84
4,589,2,3586,-8.16,1811,0,0,4028,-10.84
4,589,3,4028,-10.84,786,3,3,4028,-10.84
4,589,4,4999,-7.04,1157,0,0,4028,-10.84
4,589,5,5967,-6.48,797,0,0,4028,-10.84
4,589,6,6764,-6.48,797,0,0,4028,-10.84
4,589,7,7561,-7.88,797,0,0,4028,-10.84
0,590,0,346,-4.3,797,6,6,346,-4.3
3,590,0,346,-7.3,797,0,0,1030,-8.86
3,590,1,1030,-8.86,1070,6,6,1030,-8.86
3,590,2,3586,-8.08,1811,5,5,1030,-8.86
4,590,0,346,-8.3,797,0,0,4028,-11.76
4,590,1,1030,-9.86,1070,0,0,4028,-11.76
4,590,2,3586,-9.08,1811,0,0,4028,-11.76
4,590,3,4028,-11.76,786,6,6,4028,-11.76
4,590,4,5149,-8.48,1157,0,0,4028,-11.76
4,590,5,5967,-7.4,797,0,0,4028,-11.76
4,590,6,6764,-7.4,797,0,0,4028,-11.76
4,590,7,7561,-8.8,797,0,0,4028,-11.76
0,591,0,85,-5.78,797,3,3,85,-5.78
3,591,0,85,-8.78,797,0,0,818,-10.34
3,591,1,818,-10.34,1070,3,3,818,-10.34
3,591,2,1919,-8.44,1811,0,0,818,-10.34
4,591,0,85,-9.78,797,0,0,3707,-13.24
4,591,1,818,-11.34,1070,0,0,3707,-13.24
4,591,2,1919,-9.44,1811,0,0,3707,-13.24
4,591,3,3707,-13.24,786,3,3,3707,-13.24
4,591,4,5149,-10.02,1157,0,0,3707,-13.24
4,591,5,5706,-8.88,797,0,0,3707,-13.24
4,591,6,6503,-8.88,797,0,0,3707,-13.24
4,591,7,7300,-10.28,797,0,0,3707,-13.24
0,592,0,85,-5.78,797,3,3,85,-5.78
3,592,0,85,-8.78,797,0,0,818,-10.34
3,592,1,818,-10.34,1070,3,3,818,-10.34
3,592,2,3398,-9.18,1811,0,0,818,-10.34
4,592,0,85,-9.78,797,0,0,3707,-13.24
4,592,1,818,-11.34,1070,0,0,3707,-13.24
4,592,2,3398,-10.18,1811,0,0,3707,-13.24
4,592,3,3707,-13.24,786,3,3,3707,-13.24
4,592,4,5149,-10.02,1157,0,0,3707,-13.24
4,592,5,5706,-8.88,797,0,0,3707,-13.24
4,592,6,6503,-8.88,797,0,0,3707,-13.24
4,592,7,7300,-10.28,797,0,0,3707,-13.24
0,593,0,85,-5.78,797,3,3,85,-5.78
3,593,0,85,-8.78,797,0,0,818,-10.34
3,593,1,818,-10.34,1070,3,3,818,-10.34
3,593,2,3398,-9.18,1811,0,0,818,-10.34
4,593,0,85,-9.78,797,0,0,3707,-13.24
4,593,1,818,-11.34,1070,0,0,3707,-13.24
4,593,2,3398,-10.18,1811,0,0,3707,-13.24
4,593,3,3707,-13.24,786,3,3,3707,-13.24
4,593,4,5149,-10.02,1157,0,0,3707,-13.24
4,593,5,5706,-8.88,797,0,0,3707,-13.24
4,593,6,6503,-8.88,797,0,0,3707,-13.24
4,593,7,7300,-10.28,797,0,0,3707,-13.24
0,594,0,85,-5.66,797,3,3,85,-5.66
3,594,0,85,-8.66,797,0,0,818,-10.22
3,594,1,818,-10.22,1070,3,3,818,-10.22
3,594,2,3398,-9.18,1811,0,0,818,-10.22
4,594,0,85,-9.66,797,0,0,3707,-13.12
4,594,1,818,-11.22,1070,0,0,3707,-13.12
4,594,2,3398,-10.18,1811,0,0,3707,-13.12
4,594,3,3707,-13.12,786,3,3,3707,-13.12
4,594,4,5149,-9.9,1157,0,0,3707,-13.12
4,594,5,5706,-8.76,797,0,0,3707,-13.12
4,594,6,6503,-8.76,797,0,0,3707,-13.12
4,594,7,7300,-10.16,797,0,0,3707,-13.12
0,595,0,85,-5.58,797,3,3,85,-5.58
3,595,0,85,-8.58,797,0,0,818,-10.14
3,595,1,818,-10.14,1070,3,3,818,-10.14
3,595,2,1919,-8.24,1811,0,0,818,-10.14
4,595,0,85,-9.58,797,0,0,3707,-13.04
4,595,1,818,-11.14,1070,0,0,3707,-13.04
4,595,2,1919,-9.24,1811,0,0,3707,-13.04
4,595,3,3707,-13.04,786,3,3,3707,-13.04
4,595,4,5149,-10.04,1157,0,0,3707,-13.04
4,595,5,5706,-8.68,797,0,0,3707,-13.04
4,595,6,6503,-8.68,797,0,0,3707,-13.04
4,595,7,7300,-10.08,797,0,0,3707,-13.04
0,596,0,85,-3.1,797,4,4,85,-3.1
3,596,0,85,-6.1,797,0,0,818,-7.66
3,596,1,818,-7.66,1070,4,4,818,-7.66
3,596,2,3586,-7.24,1811,6,6,818,-7.66
4,596,0,85,-7.1,797,0,0,3707,-10.56
4,596,1,818,-8.66,1070,0,0,3707,-10.56
4,596,2,3586,-8.24,1811,0,0,3707,-10.56
4,596,3,3707,-10.56,786,4,4,3707,-10.56
4,596,4,5149,-7.34,1157,0,0,3707,-10.56
4,596,5,5706,-6.2,797,0,0,3707,-10.56
4,596,6,6503,-6.2,797,0,0,3707,-10.56
4,596,7,7300,-7.6,797,0,0,3707,-10.56
0,597,0,85,-3.1,797,4,4,85,-3.1
3,597,0,85,-6.1,797,0,0,818,-7.66
3,597,1,818,-7.66,1070,4,4,818,-7.66
3,597,2,3586,-7.24,1811,10,10,818,-7.66
4,597,0,85,-7.1,797,0,0,3707,-10.56
4,597,1,818,-8.66,1070,0,0,3707,-10.56
4,597,2,3586,-8.24,1811,0,0,3707,-10.56
4,597,3,3707,-10.56,786,4,4,3707,-10.56
4,597,4,5149,-7.34,1157,0,0,3707,-10.56
4,597,5,5706,-6.2,797,0,0,3707,-10.56
4,597,6,6503,-6.2,797,0,0,3707,-10.56
4,597,7,7300,-7.6,797,0,0,3707,-10.56
0,598,0,767,-3.46,797,17,17,767,-3.46
3,598,0,767,-6.46,797,0,0,1328,-8.02
3,598,1,1328,-8.02,1070,20,20,1328,-8.02
3,598,2,3646,-7.6,1811,25,25,1328,-8.02
4,598,0,767,-7.46,797,0,0,4434,-10.92
4,598,1,1328,-9.02,1070,0,0,4434,-10.92
4,598,2,3646,-8.6,1811,0,0,4434,-10.92
4,598,3,4434,-10.92,786,17,17,4434,-10.92
4,598,4,5588,-7.12,1157,0,0,4434,-10.92
4,598,5,6388,-6.57,797,0,0,4434,-10.92
4,598,6,7185,-6.57,797,0,0,4434,-10.92
4,598,7,7982,-7.96,797,0,0,4434,-10.92
0,599,0,85,-2.5,797,3,3,85,-2.5
3,599,0,85,-5.5,797,0,0,818,-7.06
3,599,1,818,-7.06,1070,3,3,818,-7.06
3,599,2,1919,-5.16,1811,0,0,818,-7.06
4,599,0,85,-6.5,797,0,0,3707,-9.96
4,599,1,818,-8.06,1070,0,0,3707,-9.96
4,599,2,1919,-6.16,1811,0,0,3707,-9.96
4,599,3,3707,-9.96,786,3,3,3707,-9.96
4,599,4,5149,-6.74,1157,0,0,3707,-9.96
4,599,5,5706,-5.6,797,0,0,3707,-9.96
4,599,6,6503,-5.6,797,0,0,3707,-9.96
4,599,7,7300,-7,797,0,0,3707,-9.96
0,600,0,85,-2.5,797,3,3,85,-2.5
3,600,0,85,-5.5,797,0,0,818,-7.06
3,600,1,818,-7.06,1070,3,3,818,-7.06
3,600,2,3398,-6.08,1811,2,2,818,-7.06
4,600,0,85,-6.5,797,0,0,3707,-9.96
4,600,1,818,-8.06,1070,0,0,3707,-9.96
4,600,2,3398,-7.08,1811,0,0,3707,-9.96
4,600,3,3707,-9.96,786,3,3,3707,-9.96
4,600,4,5149,-6.74,1157,0,0,3707,-9.96
4,600,5,5706,-5.6,797,0,0,3707,-9.96
4,600,6,6503,-5.6,797,0,0,3707,-9.96
4,600,7,7300,-7,797,0,0,3707,-9.96
0,601,0,85,-2.5,797,3,3,85,-2.5
3,601,0,85,-5.5,797,0,0,818,-7.06
3,601,1,818,-7.06,1070,3,3,818,-7.06
3,601,2,3398,-6.08,1811,2,2,818,-7.06
4,601,0,85,-6.5,797,0,0,3707,-9.96
4,601,1,818,-8.06,1070,0,0,3707,-9.96
4,601,2,3398,-7.08,1811,0,0,3707,-9.96
4,601,3,3707,-9.96,786,3,3,3707,-9.96
4,601,4,5149,-6.74,1157,0,0,3707,-9.96
4,601,5,5706,-5.6,797,0,0,3707,-9.96
4,601,6,6503,-5.6,797,0,0,3707,-9.96
4,601,7,7300,-7,797,0,0,3707,-9.96
0,602,0,346,-3.16,797,3,3,346,-3.16
3,602,0,346,-6.16,797,0,0,1030,-7.72
3,602,1,1030,-7.72,1070,3,3,1030,-7.72
3,602,2,2996,-6.16,1811,0,0,1030,-7.72
4,602,0,346,-7.16,797,0,0,4028,-10.62
4,602,1,1030,-8.72,1070,0,0,4028,-10.62
4,602,2,2996,-7.16,1811,0,0,4028,-10.62
4,602,3,4028,-10.62,786,3,3,4028,-10.62
4,602,4,4999,-6.82,1157,0,0,4028,-10.62
4,602,5,5967,-6.26,797,0,0,4028,-10.62
4,602,6,6764,-6.26,797,0,0,4028,-10.62
4,602,7,7561,-7.66,797,0,0,4028,-10.62
0,603,0,85,-5.28,797,3,3,85,-5.28
3,603,0,85,-8.28,797,0,0,818,-9.84
3,603,1,818,-9.84,1070,3,3,818,-9.84
3,603,2,1919,-7.94,1811,0,0,818,-9.84
4,603,0,85,-9.28,797,0,0,3707,-12.74
4,603,1,818,-10.84,1070,0,0,3707,-12.74
4,603,2,1919,-8.94,1811,0,0,3707,-12.74
4,603,3,3707,-12.74,786,3,3,3707,-12.74
4,603,4,5149,-9.96,1157,0,0,3707,-12.74
4,603,5,5706,-8.38,797,0,0,3707,-12.74
4,603,6,6503,-8.38,797,0,0,3707,-12.74
4,603,7,7300,-9.78,797,0,0,3707,-12.74
0,604,0,85,-3.36,797,4,4,85,-3.36
3,604,0,85,-6.36,797,0,0,818,-7.92
3,604,1,818,-7.92,1070,4,4,818,-7.92
3,604,2,3586,-7.5,1811,10,10,818,-7.92
4,604,0,85,-7.36,797,0,0,3707,-10.82
4,604,1,818,-8.92,1070,0,0,3707,-10.82
4,604,2,3586,-8.5,1811,0,0,3707,-10.82
4,604,3,3707,-10.82,786,4,4,3707,-10.82
4,604,4,5149,-7.6,1157,0,0,3707,-10.82
4,604,5,5706,-6.46,797,0,0,3707,-10.82
4,604,6,6503,-6.46,797,0,0,3707,-10.82
4,604,7,7300,-7.86,797,0,0,3707,-10.82
0,605,0,85,-2.84,797,3,3,85,-2.84
3,605,0,85,-5.84,797,0,0,818,-7.4
3,605,1,818,-7.4,1070,3,3,818,-7.4
3,605,2,1919,-5.5,1811,0,0,818,-7.4
4,605,0,85,-6.84,797,0,0,3707,-10.3
4,605,1,818,-8.4,1070,0,0,3707,-10.3
4,605,2,1919,-6.5,1811,0,0,3707,-10.3
4,605,3,3707,-10.3,786,3,3,3707,-10.3
4,605,4,5149,-7.08,1157,0,0,3707,-10.3
4,605,5,5706,-5.94,797,0,0,3707,-10.3
4,605,6,6503,-5.94,797,0,0,3707,-10.3
4,605,7,7300,-7.34,797,0,0,3707,-10.3
0,606,0,85,-2.84,797,3,3,85,-2.84
3,606,0,85,-5.84,797,0,0,818,-7.4
3,606,1,818,-7.4,1070,3,3,818,-7.4
3,606,2,3398,-6.42,1811,2,2,818,-7.4
4,606,0,85,-6.84,797,0,0,3707,-10.3
4,606,1,818,-8.4,1070,0,0,3707,-10.3
4,606,2,3398,-7.42,1811,0,0,3707,-10.3
4,606,3,3707,-10.3,786,3,3,3707,-10.3
4,606,4,5149,-7.08,1157,0,0,3707,-10.3
4,606,5,5706,-5.94,797,0,0,3707,-10.3
4,606,6,6503,-5.94,797,0,0,3707,-10.3
4,606,7,7300,-7.34,797,0,0,3707,-10.3
0,607,0,85,-2.84,797,3,3,85,-2.84
3,607,0,85,-5.84,797,0,0,818,-7.4
3,607,1,818,-7.4,1070,3,3,818,-7.4
3,607,2,3398,-6.42,1811,2,2,818,-7.4
4,607,0,85,-6.84,797,0,0,3707,-10.3
4,607,1,818,-8.4,1070,0,0,3707,-10.3
4,607,2,3398,-7.42,1811,0,0,3707,-10.3
4,607,3,3707,-10.3,786,3,3,3707,-10.3
4,607,4,5149,-7.08,1157,0,0,3707,-10.3
4,607,5,5706,-5.94,797,0,0,3707,-10.3
4,607,6,6503,-5.94,797,0,0,3707,-10.3
4,607,7,7300,-7.34,797,0,0,3707,-10.3
0,608,0,85,-2.84,797,3,3,85,-2.84
3,608,0,85,-5.84,797,0,0,818,-7.4
3,608,1,818,-7.4,1070,3,3,818,-7.4
3,608,2,3398,-6.42,1811,2,2,818,-7.4
4,608,0,85,-6.84,797,0,0,3707,-10.3
4,608,1,818,-8.4,1070,0,0,3707,-10.3
4,608,2,3398,-7.42,1811,0,0,3707,-10.3
4,608,3,3707,-10.3,786,3,3,3707,-10.3
4,608,4,5149,-7.08,1157,0,0,3707,-10.3
4,608,5,5706,-5.94,797,0,0,3707,-10.3
4,608,6,6503,-5.94,797,0,0,3707,-10.3
4,608,7,7300,-7.34,797,0,0,3707,-10.3
0,609,0,85,-1.84,797,3,3,85,-1.84
3,609,0,85,-4.84,797,0,0,818,-6.4
3,609,1,818,-6.4,1070,3,3,818,-6.4
3,609,2,1919,-4.5,1811,0,0,818,-6.4
4,609,0,85,-5.84,797,0,0,3707,-9.3
4,609,1,818,-7.4,1070,0,0,3707,-9.3
4,609,2,1919,-5.5,1811,0,0,3707,-9.3
4,609,3,3707,-9.3,786,3,3,3707,-9.3
4,609,4,5149,-7.03,1157,0,0,3707,-9.3
4,609,5,5706,-4.94,797,0,0,3707,-9.3
4,609,6,6503,-4.94,797,0,0,3707,-9.3
4,609,7,7300,-6.34,797,0,0,3707,-9.3
0,610,0,85,-2.4,797,3,3,85,-2.4
3,610,0,85,-5.4,797,0,0,818,-6.96
3,610,1,818,-6.96,1070,3,3,818,-6.96
3,610,2,1919,-5.06,1811,0,0,818,-6.96
4,610,0,85,-6.4,797,0,0,3707,-9.86
4,610,1,818,-7.96,1070,0,0,3707,-9.86
4,610,2,1919,-6.06,1811,0,0,3707,-9.86
4,610,3,3707,-9.86,786,3,3,3707,-9.86
4,610,4,5149,-7.39,1157,0,0,3707,-9.86
4,610,5,5706,-5.5,797,0,0,3707,-9.86
4,610,6,6503,-5.5,797,0,0,3707,-9.86
4,610,7,7300,-6.9,797,0,0,3707,-9.86
0,611,0,85,-2.72,797,14,14,85,-2.72
3,611,0,85,-5.72,797,0,0,818,-7.27
3,611,1,818,-7.27,1070,12,12,818,-7.27
3,611,2,3398,-5.6,1811,0,0,818,-7.27
4,611,0,85,-6.72,797,0,0,3707,-10.18
4,611,1,818,-8.27,1070,0,0,3707,-10.18
4,611,2,3398,-6.6,1811,0,0,3707,-10.18
4,611,3,3707,-10.18,786,12,12,3707,-10.18
4,611,4,5149,-6.95,1157,0,0,3707,-10.18
4,611,5,5706,-5.81,797,0,0,3707,-10.18
4,611,6,6503,-5.81,797,0,0,3707,-10.18
4,611,7,7300,-7.22,797,0,0,3707,-10.18
0,612,0,85,-2.72,797,14,14,85,-2.72
3,612,0,85,-5.72,797,0,0,818,-7.27
3,612,1,818,-7.27,1070,12,12,818,-7.27
3,612,2,1919,-5.38,1811,0,0,818,-7.27
4,612,0,85,-6.72,797,0,0,3707,-10.18
4,612,1,818,-8.27,1070,0,0,3707,-10.18
4,612,2,1919,-6.38,1811,0,0,3707,-10.18
4,612,3,3707,-10.18,786,12,12,3707,-10.18
4,612,4,5149,-6.95,1157,0,0,3707,-10.18
4,612,5,5706,-5.81,797,0,0,3707,-10.18
4,612,6,6503,-5.81,797,0,0,3707,-10.18
4,612,7,7300,-7.22,797,0,0,3707,-10.18
0,613,0,85,-2.6,797,14,14,85,-2.6
3,613,0,85,-5.6,797,0,0,818,-7.16
3,613,1,818,-7.16,1070,12,12,818,-7.16
3,613,2,3398,-5.6,1811,0,0,818,-7.16
4,613,0,85,-6.6,797,0,0,3707,-10.06
4,613,1,818,-8.16,1070,0,0,3707,-10.06
4,613,2,3398,-6.6,1811,0,0,3707,-10.06
4,613,3,3707,-10.06,786,12,12,3707,-10.06
4,613,4,5149,-6.84,1157,0,0,3707,-10.06
4,613,5,5706,-5.7,797,0,0,3707,-10.06
4,613,6,6503,-5.7,797,0,0,3707,-10.06
4,613,7,7300,-7.1,797,0,0,3707,-10.06
0,614,0,85,-2.48,797,14,14,85,-2.48
3,614,0,85,-5.48,797,0,0,818,-7.04
3,614,1,818,-7.04,1070,12,12,818,-7.04
3,614,2,3398,-5.6,1811,0,0,818,-7.04
4,614,0,85,-6.48,797,0,0,3707,-9.94
4,614,1,818,-8.04,1070,0,0,3707,-9.94
4,614,2,3398,-6.6,1811,0,0,3707,-9.94
4,614,3,3707,-9.94,786,12,12,3707,-9.94
4,614,4,5149,-6.72,1157,0,0,3707,-9.94
4,614,5,5706,-5.58,797,0,0,3707,-9.94
4,614,6,6503,-5.58,797,0,0,3707,-9.94
4,614,7,7300,-6.98,797,0,0,3707,-9.94
0,615,0,85,-2.48,797,14,14,85,-2.48
3,615,0,85,-5.48,797,0,0,818,-7.04
3,615,1,818,-7.04,1070,12,12,818,-7.04
3,615,2,3398,-5.6,1811,0,0,818,-7.04
4,615,0,85,-6.48,797,0,0,3707,-9.94
4,615,1,818,-8.04,1070,0,0,3707,-9.94
4,615,2,3398,-6.6,1811,0,0,3707,-9.94
4,615,3,3707,-9.94,786,12,12,3707,-9.94
4,615,4,5149,-6.72,1157,0,0,3707,-9.94
4,615,5,5706,-5.58,797,0,0,3707,-9.94
4,615,6,6503,-5.58,797,0,0,3707,-9.94
4,615,7,7300,-6.98,797,0,0,3707,-9.94
0,616,0,85,-2.48,797,14,14,85,-2.48
3,616,0,85,-5.48,797,0,0,818,-7.04
3,616,1,818,-7.04,1070,12,12,818,-7.04
3,616,2,3398,-5.6,1811,0,0,818,-7.04
4,616,0,85,-6.48,797,0,0,3707,-9.94
4,616,1,818,-8.04,1070,0,0,3707,-9.94
4,616,2,3398,-6.6,1811,0,0,3707,-9.94
4,616,3,3707,-9.94,786,12,12,3707,-9.94
4,616,4,5149,-6.72,1157,0,0,3707,-9.94
4,616,5,5706,-5.58,797,0,0,3707,-9.94
4,616,6,6503,-5.58,797,0,0,3707,-9.94
4,616,7,7300,-6.98,797,0,0,3707,-9.94
0,617,0,85,-2.72,797,14,14,85,-2.72
3,617,0,85,-5.72,797,0,0,818,-7.27
3,617,1,818,-7.27,1070,12,12,818,-7.27
3,617,2,1919,-5.38,1811,0,0,818,-7.27
4,617,0,85,-6.72,797,0,0,3707,-10.18
4,617,1,818,-8.27,1070,0,0,3707,-10.18
4,617,2,1919,-6.38,1811,0,0,3707,-10.18
4,617,3,3707,-10.18,786,12,12,3707,-10.18
4,617,4,5149,-6.95,1157,0,0,3707,-10.18
4,617,5,5706,-5.81,797,0,0,3707,-10.18
4,617,6,6503,-5.81,797,0,0,3707,-10.18
4,617,7,7300,-7.22,797,0,0,3707,-10.18
0,618,0,85,-2.6,797,14,14,85,-2.6
3,618,0,85,-5.6,797,0,0,818,-7.16
3,618,1,818,-7.16,1070,12,12,818,-7.16
3,618,2,3398,-5.6,1811,0,0,818,-7.16
4,618,0,85,-6.6,797,0,0,3707,-10.06
4,618,1,818,-8.16,1070,0,0,3707,-10.06
4,618,2,3398,-6.6,1811,0,0,3707,-10.06
4,618,3,3707,-10.06,786,12,12,3707,-10.06
4,618,4,5149,-6.84,1157,0,0,3707,-10.06
4,618,5,5706,-5.7,797,0,0,3707,-10.06
4,618,6,6503,-5.7,797,0,0,3707,-10.06
4,618,7,7300,-7.1,797,0,0,3707,-10.06
0,619,0,85,-2.48,797,14,14,85,-2.48
3,619,0,85,-5.48,797,0,0,818,-7.04
3,619,1,818,-7.04,1070,12,12,818,-7.04
3,619,2,1919,-5.14,1811,0,0,818,-7.04
4,619,0,85,-6.48,797,0,0,3707,-9.94
4,619,1,818,-8.04,1070,0,0,3707,-9.94
4,619,2,1919,-6.14,1811,0,0,3707,-9.94
4,619,3,3707,-9.94,786,12,12,3707,-9.94
4,619,4,5149,-6.72,1157,0,0,3707,-9.94
4,619,5,5706,-5.58,797,0,0,3707,-9.94
4,619,6,6503,-5.58,797,0,0,3707,-9.94
4,619,7,7300,-6.98,797,0,0,3707,-9.94
0,620,0,85,-2.48,797,14,14,85,-2.48
3,620,0,85,-5.48,797,0,0,818,-7.04
3,620,1,818,-7.04,1070,12,12,818,-7.04
3,620,2,3398,-5.6,1811,0,0,818,-7.04
4,620,0,85,-6.48,797,0,0,3707,-9.94
4,620,1,818,-8.04,1070,0,0,3707,-9.94
4,620,2,3398,-6.6,1811,0,0,3707,-9.94
4,620,3,3707,-9.94,786,12,12,3707,-9.94
4,620,4,5149,-6.72,1157,0,0,3707,-9.94
4,620,5,5706,-5.58,797,0,0,3707,-9.94
4,620,6,6503,-5.58,797,0,0,3707,-9.94
4,620,7,7300,-6.98,797,0,0,3707,-9.94
0,621,0,85,-2.48,797,14,14,85,-2.48
3,621,0,85,-5.48,797,0,0,818,-7.04
3,621,1,818,-7.04,1070,12,12,818,-7.04
3,621,2,3398,-5.6,1811,0,0,818,-7.04
4,621,0,85,-6.48,797,0,0,3707,-9.94
4,621,1,818,-8.04,1070,0,0,3707,-9.94
4,621,2,3398,-6.6,1811,0,0,3707,-9.94
4,621,3,3707,-9.94,786,12,12,3707,-9.94
4,621,4,5149,-6.72,1157,0,0,3707,-9.94
4,621,5,5706,-5.58,797,0,0,3707,-9.94
4,621,6,6503,-5.58,797,0,0,3707,-9.94
4,621,7,7300,-6.98,797,0,0,3707,-9.94
0,622,0,85,-2.36,797,14,14,85,-2.36
3,622,0,85,-5.36,797,0,0,818,-6.92
3,622,1,818,-6.92,1070,12,12,818,-6.92
3,622,2,3398,-5.6,1811,0,0,818,-6.92
4,622,0,85,-6.36,797,0,0,3707,-9.82
4,622,1,818,-7.92,1070,0,0,3707,-9.82
4,622,2,3398,-6.6,1811,0,0,3707,-9.82
4,622,3,3707,-9.82,786,12,12,3707,-9.82
4,622,4,5149,-6.6,1157,0,0,3707,-9.82
4,622,5,5706,-5.46,797,0,0,3707,-9.82
4,622,6,6503,-5.46,797,0,0,3707,-9.82
4,622,7,7300,-6.86,797,0,0,3707,-9.82
0,623,0,85,-3.96,797,14,14,85,-3.96
3,623,0,85,-6.96,797,0,0,818,-8.52
3,623,1,818,-8.52,1070,12,12,818,-8.52
3,623,2,3398,-6.69,1811,0,0,818,-8.52
4,623,0,85,-7.96,797,0,0,3707,-11.42
4,623,1,818,-9.52,1070,0,0,3707,-11.42
4,623,2,3398,-7.69,1811,0,0,3707,-11.42
4,623,3,3707,-11.42,786,12,12,3707,-11.42
4,623,4,5149,-8.2,1157,0,0,3707,-11.42
4,623,5,5706,-7.06,797,0,0,3707,-11.42
4,623,6,6503,-7.06,797,0,0,3707,-11.42
4,623,7,7300,-8.46,797,0,0,3707,-11.42
0,624,0,85,-3.82,797,14,14,85,-3.82
3,624,0,85,-6.82,797,0,0,818,-8.38
3,624,1,818,-8.38,1070,12,12,818,-8.38
3,624,2,3398,-6.52,1811,0,0,818,-8.38
4,624,0,85,-7.82,797,0,0,3707,-11.28
4,624,1,818,-9.38,1070,0,0,3707,-11.28
4,624,2,3398,-7.52,1811,0,0,3707,-11.28
4,624,3,3707,-11.28,786,12,12,3707,-11.28
4,624,4,5149,-8.06,1157,0,0,3707,-11.28
4,624,5,5706,-6.92,797,0,0,3707,-11.28
4,624,6,6503,-6.92,797,0,0,3707,-11.28
4,624,7,7300,-8.32,797,0,0,3707,-11.28
0,625,0,85,-2.76,797,14,14,85,-2.76
3,625,0,85,-5.76,797,0,0,818,-7.32
3,625,1,818,-7.32,1070,12,12,818,-7.32
3,625,2,1919,-5.42,1811,0,0,818,-7.32
4,625,0,85,-6.76,797,0,0,3707,-10.22
4,625,1,818,-8.32,1070,0,0,3707,-10.22
4,625,2,1919,-6.42,1811,0,0,3707,-10.22
4,625,3,3707,-10.22,786,12,12,3707,-10.22
4,625,4,5149,-7,1157,0,0,3707,-10.22
4,625,5,5706,-5.86,797,0,0,3707,-10.22
4,625,6,6503,-5.86,797,0,0,3707,-10.22
4,625,7,7300,-7.26,797,0,0,3707,-10.22
0,626,0,85,-2.76,797,14,14,85,-2.76
3,626,0,85,-5.76,797,0,0,818,-7.32
3,626,1,818,-7.32,1070,12,12,818,-7.32
3,626,2,3398,-6.08,1811,0,0,818,-7.32
4,626,0,85,-6.76,797,0,0,3707,-10.22
4,626,1,818,-8.32,1070,0,0,3707,-10.22
4,626,2,3398,-7.08,1811,0,0,3707,-10.22
4,626,3,3707,-10.22,786,12,12,3707,-10.22
4,626,4,5149,-7,1157,0,0,3707,-10.22
4,626,5,5706,-5.86,797,0,0,3707,-10.22
4,626,6,6503,-5.86,797,0,0,3707,-10.22
4,626,7,7300,-7.26,797,0,0,3707,-10.22
0,627,0,85,-2.76,797,14,14,85,-2.76
3,627,0,85,-5.76,797,0,0,818,-7.32
3,627,1,818,-7.32,1070,12,12,818,-7.32
3,627,2,3398,-6.08,1811,0,0,818,-7.32
4,627,0,85,-6.76,797,0,0,3707,-10.22
4,627,1,818,-8.32,1070,0,0,3707,-10.22
4,627,2,3398,-7.08,1811,0,0,3707,-10.22
4,627,3,3707,-10.22,786,12,12,3707,-10.22
4,627,4,5149,-7,1157,0,0,3707,-10.22
4,627,5,5706,-5.86,797,0,0,3707,-10.22
4,627,6,6503,-5.86,797,0,0,3707,-10.22
4,627,7,7300,-7.26,797,0,0,3707,-10.22
0,628,0,85,-2.64,797,14,14,85,-2.64
3,628,0,85,-5.64,797,0,0,818,-7.2
3,628,1,818,-7.2,1070,12,12,818,-7.2
3,628,2,3398,-6.08,1811,0,0,818,-7.2
4,628,0,85,-6.64,797,0,0,3707,-10.1
4,628,1,818,-8.2,1070,0,0,3707,-10.1
4,628,2,3398,-7.08,1811,0,0,3707,-10.1
4,628,3,3707,-10.1,786,12,12,3707,-10.1
4,628,4,5149,-6.88,1157,0,0,3707,-10.1
4,628,5,5706,-5.74,797,0,0,3707,-10.1
4,628,6,6503,-5.74,797,0,0,3707,-10.1
4,628,7,7300,-7.14,797,0,0,3707,-10.1
0,629,0,85,-5.64,797,14,14,85,-5.64
3,629,0,85,-8.64,797,0,0,818,-10.2
3,629,1,818,-10.2,1070,12,12,818,-10.2
3,629,2,3398,-8.96,1811,0,0,818,-10.2
4,629,0,85,-9.64,797,0,0,3707,-13.1
4,629,1,818,-11.2,1070,0,0,3707,-13.1
4,629,2,3398,-9.96,1811,0,0,3707,-13.1
4,629,3,3707,-13.1,786,12,12,3707,-13.1
4,629,4,5149,-9.88,1157,0,0,3707,-13.1
4,629,5,5706,-8.74,797,0,0,3707,-13.1
4,629,6,6503,-8.74,797,0,0,3707,-13.1
4,629,7,7300,-10.14,797,0,0,3707,-13.1
0,630,0,85,-2.6,797,14,14,85,-2.6
3,630,0,85,-5.6,797,0,0,818,-7.16
3,630,1,818,-7.16,1070,12,12,818,-7.16
3,630,2,3398,-5.6,1811,0,0,818,-7.16
4,630,0,85,-6.6,797,0,0,3707,-10.06
4,630,1,818,-8.16,1070,0,0,3707,-10.06
4,630,2,3398,-6.6,1811,0,0,3707,-10.06
4,630,3,3707,-10.06,786,12,12,3707,-10.06
4,630,4,5149,-6.84,1157,0,0,3707,-10.06
4,630,5,5706,-5.7,797,0,0,3707,-10.06
4,630,6,6503,-5.7,797,0,0,3707,-10.06
4,630,7,7300,-7.1,797,0,0,3707,-10.06
0,631,0,85,-2.76,797,14,14,85,-2.76
3,631,0,85,-5.76,797,0,0,818,-7.32
3,631,1,818,-7.32,1070,12,12,818,-7.32
3,631,2,1919,-5.42,1811,0,0,818,-7.32
4,631,0,85,-6.76,797,0,0,3707,-10.22
4,631,1,818,-8.32,1070,0,0,3707,-10.22
4,631,2,1919,-6.42,1811,0,0,3707,-10.22
4,631,3,3707,-10.22,786,12,12,3707,-10.22
4,631,4,5149,-7,1157,0,0,3707,-10.22
4,631,5,5706,-5.86,797,0,0,3707,-10.22
4,631,6,6503,-5.86,797,0,0,3707,-10.22
4,631,7,7300,-7.26,797,0,0,3707,-10.22
0,632,0,85,-2.76,797,14,14,85,-2.76
3,632,0,85,-5.76,797,0,0,818,-7.32
3,632,1,818,-7.32,1070,12,12,818,-7.32
3,632,2,3398,-6.08,1811,0,0,818,-7.32
4,632,0,85,-6.76,797,0,0,3707,-10.22
4,632,1,818,-8.32,1070,0,0,3707,-10.22
4,632,2,3398,-7.08,1811,0,0,3707,-10.22
4,632,3,3707,-10.22,786,12,12,3707,-10.22
4,632,4,5149,-7,1157,0,0,3707,-10.22
4,632,5,5706,-5.86,797,0,0,3707,-10.22
4,632,6,6503,-5.86,797,0,0,3707,-10.22
4,632,7,7300,-7.26,797,0,0,3707,-10.22
0,633,0,85,-2.76,797,14,14,85,-2.76
3,633,0,85,-5.76,797,0,0,818,-7.32
3,633,1,818,-7.32,1070,12,12,818,-7.32
3,633,2,3398,-6.08,1811,0,0,818,-7.32
4,633,0,85,-6.76,797,0,0,3707,-10.22
4,633,1,818,-8.32,1070,0,0,3707,-10.22
4,633,2,3398,-7.08,1811,0,0,3707,-10.22
4,633,3,3707,-10.22,786,12,12,3707,-10.22
4,633,4,5149,-7,1157,0,0,3707,-10.22
4,633,5,5706,-5.86,797,0,0,3707,-10.22
4,633,6,6503,-5.86,797,0,0,3707,-10.22
4,633,7,7300,-7.26,797,0,0,3707,-10.22
0,634,0,346,-3.16,797,7,7,346,-3.16
3,634,0,346,-6.16,797,0,0,1030,-7.72
3,634,1,1030,-7.72,1070,7,7,1030,-7.72
3,634,2,2996,-6.16,1811,0,0,1030,-7.72
4,634,0,346,-7.16,797,0,0,4028,-10.62
4,634,1,1030,-8.72,1070,0,0,4028,-10.62
4,634,2,2996,-7.16,1811,0,0,4028,-10.62
4,634,3,4028,-10.62,786,7,7,4028,-10.62
4,634,4,5149,-7,1157,0,0,4028,-10.62
4,634,5,5967,-6.26,797,0,0,4028,-10.62
4,634,6,6764,-6.26,797,0,0,4028,-10.62
4,634,7,7561,-7.66,797,0,0,4028,-10.62
0,635,0,85,-2.32,797,14,14,85,-2.32
3,635,0,85,-5.32,797,0,0,818,-6.88
3,635,1,818,-6.88,1070,12,12,818,-6.88
3,635,2,3398,-5.64,1811,0,0,818,-6.88
4,635,0,85,-6.32,797,0,0,3707,-9.78
4,635,1,818,-7.88,1070,0,0,3707,-9.78
4,635,2,3398,-6.64,1811,0,0,3707,-9.78
4,635,3,3707,-9.78,786,12,12,3707,-9.78
4,635,4,5149,-6.56,1157,0,0,3707,-9.78
4,635,5,5706,-5.42,797,0,0,3707,-9.78
4,635,6,6503,-5.42,797,0,0,3707,-9.78
4,635,7,7300,-6.82,797,0,0,3707,-9.78
0,636,0,454,-3.49,797,58,58,454,-3.49
3,636,0,454,-6.49,797,0,0,1088,-8.05
3,636,1,1088,-8.05,1070,62,62,1088,-8.05
3,636,2,2893,-6.15,1811,0,0,1088,-8.05
4,636,0,454,-7.49,797,0,0,4105,-10.95
4,636,1,1088,-9.05,1070,0,0,4105,-10.95
4,636,2,2893,-7.15,1811,0,0,4105,-10.95
4,636,3,4105,-10.95,786,50,50,4105,-10.95
4,636,4,5147,-7.51,1157,0,0,4105,-10.95
4,636,5,6075,-6.59,797,0,0,4105,-10.95
4,636,6,6503,-7.13,797,0,0,4105,-10.95
4,636,7,7669,-7.99,797,0,0,4105,-10.95
0,637,0,454,-3.49,797,58,58,454,-3.49
3,637,0,454,-6.49,797,0,0,1088,-8.05
3,637,1,1088,-8.05,1070,62,62,1088,-8.05
3,637,2,2893,-6.15,1811,0,0,1088,-8.05
4,637,0,454,-7.49,797,0,0,4105,-10.95
4,637,1,1088,-9.05,1070,0,0,4105,-10.95
4,637,2,2893,-7.15,1811,0,0,4105,-10.95
4,637,3,4105,-10.95,786,50,50,4105,-10.95
4,637,4,5147,-7.51,1157,0,0,4105,-10.95
4,637,5,6075,-6.59,797,0,0,4105,-10.95
4,637,6,6503,-7.13,797,0,0,4105,-10.95
4,637,7,7669,-7.99,797,0,0,4105,-10.95
0,638,0,454,-3.37,797,58,58,454,-3.37
3,638,0,454,-6.37,797,0,0,1088,-7.93
3,638,1,1088,-7.93,1070,62,62,1088,-7.93
3,638,2,2893,-6.03,1811,0,0,1088,-7.93
4,638,0,454,-7.37,797,0,0,4105,-10.83
4,638,1,1088,-8.93,1070,0,0,4105,-10.83
4,638,2,2893,-7.03,1811,0,0,4105,-10.83
4,638,3,4105,-10.83,786,50,50,4105,-10.83
4,638,4,5147,-7.39,1157,0,0,4105,-10.83
4,638,5,6075,-6.47,797,0,0,4105,-10.83
4,638,6,6503,-7.01,797,0,0,4105,-10.83
4,638,7,7669,-7.87,797,0,0,4105,-10.83
0,639,0,454,-3.25,797,58,58,454,-3.25
3,639,0,454,-6.25,797,0,0,1088,-7.81
3,639,1,1088,-7.81,1070,62,62,1088,-7.81
3,639,2,2970,-6.72,1811,0,0,1088,-7.81
4,639,0,454,-7.25,797,0,0,4105,-10.71
4,639,1,1088,-8.81,1070,0,0,4105,-10.71
4,639,2,2970,-7.72,1811,0,0,4105,-10.71
4,639,3,4105,-10.71,786,50,50,4105,-10.71
4,639,4,5147,-7.27,1157,0,0,4105,-10.71
4,639,5,6075,-6.35,797,0,0,4105,-10.71
4,639,6,6503,-6.89,797,0,0,4105,-10.71
4,639,7,7669,-7.75,797,0,0,4105,-10.71
0,640,0,454,-3.25,797,58,58,454,-3.25
3,640,0,454,-6.25,797,0,0,1088,-7.81
3,640,1,1088,-7.81,1070,62,62,1088,-7.81
3,640,2,2970,-6.72,1811,0,0,1088,-7.81
4,640,0,454,-7.25,797,0,0,4105,-10.71
4,640,1,1088,-8.81,1070,0,0,4105,-10.71
4,640,2,2970,-7.72,1811,0,0,4105,-10.71
4,640,3,4105,-10.71,786,50,50,4105,-10.71
4,640,4,5147,-7.27,1157,0,0,4105,-10.71
4,640,5,6075,-6.35,797,0,0,4105,-10.71
4,640,6,6503,-6.89,797,0,0,4105,-10.71
4,640,7,7669,-7.75,797,0,0,4105,-10.71
0,641,0,454,-3.25,797,58,58,454,-3.25
3,641,0,454,-6.25,797,0,0,1088,-7.81
3,641,1,1088,-7.81,1070,62,62,1088,-7.81
3,641,2,2893,-5.91,1811,0,0,1088,-7.81
4,641,0,454,-7.25,797,0,0,4105,-10.71
4,641,1,1088,-8.81,1070,0,0,4105,-10.71
4,641,2,2893,-6.91,1811,0,0,4105,-10.71
4,641,3,4105,-10.71,786,50,50,4105,-10.71
4,641,4,5147,-7.27,1157,0,0,4105,-10.71
4,641,5,6075,-6.35,797,0,0,4105,-10.71
4,641,6,6503,-6.89,797,0,0,4105,-10.71
4,641,7,7669,-7.75,797,0,0,4105,-10.71
0,642,0,454,-3.49,797,58,58,454,-3.49
3,642,0,454,-6.49,797,0,0,1088,-8.05
3,642,1,1088,-8.05,1070,62,62,1088,-8.05
3,642,2,2893,-6.15,1811,0,0,1088,-8.05
4,642,0,454,-7.49,797,0,0,4105,-10.95
4,642,1,1088,-9.05,1070,0,0,4105,-10.95
4,642,2,2893,-7.15,1811,0,0,4105,-10.95
4,642,3,4105,-10.95,786,50,50,4105,-10.95
4,642,4,5147,-7.51,1157,0,0,4105,-10.95
4,642,5,6075,-6.59,797,0,0,4105,-10.95
4,642,6,6503,-7.13,797,0,0,4105,-10.95
4,642,7,7669,-7.99,797,0,0,4105,-10.95
0,643,0,454,-3.37,797,58,58,454,-3.37
3,643,0,454,-6.37,797,0,0,1088,-7.93
3,643,1,1088,-7.93,1070,62,62,1088,-7.93
3,643,2,2970,-6.72,1811,0,0,1088,-7.93
4,643,0,454,-7.37,797,0,0,4105,-10.83
4,643,1,1088,-8.93,1070,0,0,4105,-10.83
4,643,2,2970,-7.72,1811,0,0,4105,-10.83
4,643,3,4105,-10.83,786,50,50,4105,-10.83
4,643,4,5147,-7.39,1157,0,0,4105,-10.83
4,643,5,6075,-6.47,797,0,0,4105,-10.83
4,643,6,6503,-7.01,797,0,0,4105,-10.83
4,643,7,7669,-7.87,797,0,0,4105,-10.83
0,644,0,454,-3.25,797,58,58,454,-3.25
3,644,0,454,-6.25,797,0,0,1088,-7.81
3,644,1,1088,-7.81,1070,62,62,1088,-7.81
3,644,2,2893,-5.91,1811,0,0,1088,-7.81
4,644,0,454,-7.25,797,0,0,4105,-10.71
4,644,1,1088,-8.81,1070,0,0,4105,-10.71
4,644,2,2893,-6.91,1811,0,0,4105,-10.71
4,644,3,4105,-10.71,786,50,50,4105,-10.71
4,644,4,5147,-7.27,1157,0,0,4105,-10.71
4,644,5,6075,-6.35,797,0,0,4105,-10.71
4,644,6,6503,-6.89,797,0,0,4105,-10.71
4,644,7,7669,-7.75,797,0,0,4105,-10.71
0,645,0,454,-3.25,797,58,58,454,-3.25
3,645,0,454,-6.25,797,0,0,1088,-7.81
3,645,1,1088,-7.81,1070,62,62,1088,-7.81
3,645,2,2893,-5.91,1811,0,0,1088,-7.81
4,645,0,454,-7.25,797,0,0,4105,-10.71
4,645,1,1088,-8.81,1070,0,0,4105,-10.71
4,645,2,2893,-6.91,1811,0,0,4105,-10.71
4,645,3,4105,-10.71,786,50,50,4105,-10.71
4,645,4,5147,-7.27,1157,0,0,4105,-10.71
4,645,5,6075,-6.35,797,0,0,4105,-10.71
4,645,6,6503,-6.89,797,0,0,4105,-10.71
4,645,7,7669,-7.75,797,0,0,4105,-10.71
0,646,0,454,-3.25,797,58,58,454,-3.25
3,646,0,454,-6.25,797,0,0,1088,-7.81
3,646,1,1088,-7.81,1070,62,62,1088,-7.81
3,646,2,2893,-5.91,1811,0,0,1088,-7.81
4,646,0,454,-7.25,797,0,0,4105,-10.71
4,646,1,1088,-8.81,1070,0,0,4105,-10.71
4,646,2,2893,-6.91,1811,0,0,4105,-10.71
4,646,3,4105,-10.71,786,50,50,4105,-10.71
4,646,4,5147,-7.27,1157,0,0,4105,-10.71
4,646,5,6075,-6.35,797,0,0,4105,-10.71
4,646,6,6503,-6.89,797,0,0,4105,-10.71
4,646,7,7669,-7.75,797,0,0,4105,-10.71
0,647,0,454,-3.13,797,58,58,454,-3.13
3,647,0,454,-6.13,797,0,0,1088,-7.69
3,647,1,1088,-7.69,1070,62,62,1088,-7.69
3,647,2,2970,-6.72,1811,1,1,1088,-7.69
4,647,0,454,-7.13,797,0,0,4105,-10.59
4,647,1,1088,-8.69,1070,0,0,4105,-10.59
4,647,2,2970,-7.72,1811,0,0,4105,-10.59
4,647,3,4105,-10.59,786,50,50,4105,-10.59
4,647,4,5147,-7.15,1157,0,0,4105,-10.59
4,647,5,6075,-6.23,797,0,0,4105,-10.59
4,647,6,6503,-6.77,797,0,0,4105,-10.59
4,647,7,7669,-7.63,797,0,0,4105,-10.59
0,648,0,454,-4.73,797,58,58,454,-4.73
3,648,0,454,-7.73,797,0,0,1088,-9.29
3,648,1,1088,-9.29,1070,62,62,1088,-9.29
3,648,2,2970,-7.81,1811,0,0,1088,-9.29
4,648,0,454,-8.73,797,0,0,4105,-12.19
4,648,1,1088,-10.29,1070,0,0,4105,-12.19
4,648,2,2970,-8.81,1811,0,0,4105,-12.19
4,648,3,4105,-12.19,786,50,50,4105,-12.19
4,648,4,5147,-8.75,1157,0,0,4105,-12.19
4,648,5,6075,-7.83,797,0,0,4105,-12.19
4,648,6,6503,-8.37,797,0,0,4105,-12.19
4,648,7,7669,-9.23,797,0,0,4105,-12.19
0,649,0,454,-4.59,797,58,58,454,-4.59
3,649,0,454,-7.59,797,0,0,1088,-9.15
3,649,1,1088,-9.15,1070,62,62,1088,-9.15
3,649,2,2970,-7.64,1811,0,0,1088,-9.15
4,649,0,454,-8.59,797,0,0,4105,-12.05
4,649,1,1088,-10.15,1070,0,0,4105,-12.05
4,649,2,2970,-8.64,1811,0,0,4105,-12.05
4,649,3,4105,-12.05,786,50,50,4105,-12.05
4,649,4,5147,-8.61,1157,0,0,4105,-12.05
4,649,5,6075,-7.69,797,0,0,4105,-12.05
4,649,6,6503,-8.23,797,0,0,4105,-12.05
4,649,7,7669,-9.09,797,0,0,4105,-12.05
0,650,0,454,-3.53,797,58,58,454,-3.53
3,650,0,454,-6.53,797,0,0,1088,-8.09
3,650,1,1088,-8.09,1070,62,62,1088,-8.09
3,650,2,2893,-6.19,1811,0,0,1088,-8.09
4,650,0,454,-7.53,797,0,0,4105,-10.99
4,650,1,1088,-9.09,1070,0,0,4105,-10.99
4,650,2,2893,-7.19,1811,0,0,4105,-10.99
4,650,3,4105,-10.99,786,50,50,4105,-10.99
4,650,4,5147,-7.55,1157,0,0,4105,-10.99
4,650,5,6075,-6.63,797,0,0,4105,-10.99
4,650,6,6503,-7.17,797,0,0,4105,-10.99
4,650,7,7669,-8.03,797,0,0,4105,-10.99
0,651,0,454,-3.53,797,58,58,454,-3.53
3,651,0,454,-6.53,797,0,0,1088,-8.09
3,651,1,1088,-8.09,1070,62,62,1088,-8.09
3,651,2,2893,-6.19,1811,0,0,1088,-8.09
4,651,0,454,-7.53,797,0,0,4105,-10.99
4,651,1,1088,-9.09,1070,0,0,4105,-10.99
4,651,2,2893,-7.19,1811,0,0,4105,-10.99
4,651,3,4105,-10.99,786,50,50,4105,-10.99
4,651,4,5147,-7.55,1157,0,0,4105,-10.99
4,651,5,6075,-6.63,797,0,0,4105,-10.99
4,651,6,6503,-7.17,797,0,0,4105,-10.99
4,651,7,7669,-8.03,797,0,0,4105,-10.99
0,652,0,454,-3.53,797,58,58,454,-3.53
3,652,0,454,-6.53,797,0,0,1088,-8.09
3,652,1,1088,-8.09,1070,62,62,1088,-8.09
3,652,2,2970,-7.2,1811,1,1,1088,-8.09
4,652,0,454,-7.53,797,0,0,4105,-10.99
4,652,1,1088,-9.09,1070,0,0,4105,-10.99
4,652,2,2970,-8.2,1811,0,0,4105,-10.99
4,652,3,4105,-10.99,786,50,50,4105,-10.99
4,652,4,5147,-7.55,1157,0,0,4105,-10.99
4,652,5,6075,-6.63,797,0,0,4105,-10.99
4,652,6,6503,-7.17,797,0,0,4105,-10.99
4,652,7,7669,-8.03,797,0,0,4105,-10.99
0,653,0,454,-3.41,797,58,58,454,-3.41
3,653,0,454,-6.41,797,0,0,1088,-7.97
3,653,1,1088,-7.97,1070,62,62,1088,-7.97
3,653,2,2970,-7.2,1811,34,34,1088,-7.97
4,653,0,454,-7.41,797,0,0,4105,-10.87
4,653,1,1088,-8.97,1070,0,0,4105,-10.87
4,653,2,2970,-8.2,1811,0,0,4105,-10.87
4,653,3,4105,-10.87,786,50,50,4105,-10.87
4,653,4,5147,-7.43,1157,0,0,4105,-10.87
4,653,5,6075,-6.51,797,0,0,4105,-10.87
4,653,6,6503,-7.05,797,0,0,4105,-10.87
4,653,7,7669,-7.91,797,0,0,4105,-10.87
0,654,0,85,-7.08,797,19,19,85,-7.08
3,654,0,85,-10.08,797,0,0,818,-11.64
3,654,1,818,-11.64,1070,19,19,818,-11.64
3,654,2,1919,-9.74,1811,0,0,818,-11.64
4,654,0,85,-11.08,797,0,0,3707,-14.54
4,654,1,818,-12.64,1070,0,0,3707,-14.54
4,654,2,1919,-10.74,1811,0,0,3707,-14.54
4,654,3,3707,-14.54,786,17,17,3707,-14.54
4,654,4,5149,-11.32,1157,0,0,3707,-14.54
4,654,5,5706,-10.18,797,0,0,3707,-14.54
4,654,6,6503,-10.18,797,0,0,3707,-14.54
4,654,7,7300,-11.58,797,0,0,3707,-14.54
0,655,0,454,-3.37,797,58,58,454,-3.37
3,655,0,454,-6.37,797,0,0,1088,-7.93
3,655,1,1088,-7.93,1070,62,62,1088,-7.93
3,655,2,2893,-6.03,1811,0,0,1088,-7.93
4,655,0,454,-7.37,797,0,0,4105,-10.83
4,655,1,1088,-8.93,1070,0,0,4105,-10.83
4,655,2,2893,-7.03,1811,0,0,4105,-10.83
4,655,3,4105,-10.83,786,50,50,4105,-10.83
4,655,4,5147,-7.39,1157,0,0,4105,-10.83
4,655,5,6075,-6.47,797,0,0,4105,-10.83
4,655,6,6503,-7.01,797,0,0,4105,-10.83
4,655,7,7669,-7.87,797,0,0,4105,-10.83
0,656,0,454,-3.53,797,58,58,454,-3.53
3,656,0,454,-6.53,797,0,0,1088,-8.09
3,656,1,1088,-8.09,1070,62,62,1088,-8.09
3,656,2,2893,-6.19,1811,0,0,1088,-8.09
4,656,0,454,-7.53,797,0,0,4105,-10.99
4,656,1,1088,-9.09,1070,0,0,4105,-10.99
4,656,2,2893,-7.19,1811,0,0,4105,-10.99
4,656,3,4105,-10.99,786,50,50,4105,-10.99
4,656,4,5147,-7.55,1157,0,0,4105,-10.99
4,656,5,6075,-6.63,797,0,0,4105,-10.99
4,656,6,6503,-7.17,797,0,0,4105,-10.99
4,656,7,7669,-8.03,797,0,0,4105,-10.99
0,657,0,454,-3.53,797,58,58,454,-3.53
3,657,0,454,-6.53,797,0,0,1088,-8.09
3,657,1,1088,-8.09,1070,62,62,1088,-8.09
3,657,2,2893,-6.19,1811,0,0,1088,-8.09
4,657,0,454,-7.53,797,0,0,4105,-10.99
4,657,1,1088,-9.09,1070,0,0,4105,-10.99
4,657,2,2893,-7.19,1811,0,0,4105,-10.99
4,657,3,4105,-10.99,786,50,50,4105,-10.99
4,657,4,5147,-7.55,1157,0,0,4105,-10.99
4,657,5,6075,-6.63,797,0,0,4105,-10.99
4,657,6,6503,-7.17,797,0,0,4105,-10.99
4,657,7,7669,-8.03,797,0,0,4105,-10.99
0,658,0,454,-3.53,797,58,58,454,-3.53
3,658,0,454,-6.53,797,0,0,1088,-8.09
3,658,1,1088,-8.09,1070,62,62,1088,-8.09
3,658,2,2970,-7.2,1811,1,1,1088,-8.09
4,658,0,454,-7.53,797,0,0,4105,-10.99
4,658,1,1088,-9.09,1070,0,0,4105,-10.99
4,658,2,2970,-8.2,1811,0,0,4105,-10.99
4,658,3,4105,-10.99,786,50,50,4105,-10.99
4,658,4,5147,-7.55,1157,0,0,4105,-10.99
4,658,5,6075,-6.63,797,0,0,4105,-10.99
4,658,6,6503,-7.17,797,0,0,4105,-10.99
4,658,7,7669,-8.03,797,0,0,4105,-10.99
0,659,0,454,-3.53,797,58,58,454,-3.53
3,659,0,454,-6.53,797,0,0,1088,-8.09
3,659,1,1088,-8.09,1070,62,62,1088,-8.09
3,659,2,2970,-7.2,1811,1,1,1088,-8.09
4,659,0,454,-7.53,797,0,0,4105,-10.99
4,659,1,1088,-9.09,1070,0,0,4105,-10.99
4,659,2,2970,-8.2,1811,0,0,4105,-10.99
4,659,3,4105,-10.99,786,50,50,4105,-10.99
4,659,4,5147,-7.55,1157,0,0,4105,-10.99
4,659,5,6075,-6.63,797,0,0,4105,-10.99
4,659,6,6503,-7.17,797,0,0,4105,-10.99
4,659,7,7669,-8.03,797,0,0,4105,-10.99
0,660,0,454,-3.26,797,58,58,454,-3.26
3,660,0,454,-6.26,797,0,0,1088,-7.82
3,660,1,1088,-7.82,1070,62,62,1088,-7.82
3,660,2,2893,-5.92,1811,0,0,1088,-7.82
4,660,0,454,-7.26,797,0,0,4105,-10.72
4,660,1,1088,-8.82,1070,0,0,4105,-10.72
4,660,2,2893,-6.92,1811,0,0,4105,-10.72
4,660,3,4105,-10.72,786,50,50,4105,-10.72
4,660,4,5147,-7.28,1157,0,0,4105,-10.72
4,660,5,6075,-6.36,797,0,0,4105,-10.72
4,660,6,6503,-6.9,797,0,0,4105,-10.72
4,660,7,7669,-7.76,797,0,0,4105,-10.72
0,661,0,454,-3.09,797,58,58,454,-3.09
3,661,0,454,-6.09,797,0,0,1088,-7.65
3,661,1,1088,-7.65,1070,62,62,1088,-7.65
3,661,2,2893,-5.75,1811,0,0,1088,-7.65
4,661,0,454,-7.09,797,0,0,4105,-10.55
4,661,1,1088,-8.65,1070,0,0,4105,-10.55
4,661,2,2893,-6.75,1811,0,0,4105,-10.55
4,661,3,4105,-10.55,786,50,50,4105,-10.55
4,661,4,5147,-7.11,1157,0,0,4105,-10.55
4,661,5,6075,-6.19,797,0,0,4105,-10.55
4,661,6,6503,-6.73,797,0,0,4105,-10.55
4,661,7,7669,-7.59,797,0,0,4105,-10.55
0,662,0,12,-2.39,797,86,86,12,-2.39
3,662,0,12,-5.39,797,0,0,809,-6.95
3,662,1,809,-6.95,1070,90,90,809,-6.95
3,662,2,1910,-5.05,1811,0,0,809,-6.95
4,662,0,12,-6.39,797,0,0,3698,-9.85
4,662,1,809,-7.95,1070,0,0,3698,-9.85
4,662,2,1910,-6.05,1811,0,0,3698,-9.85
4,662,3,3698,-9.85,786,86,86,3698,-9.85
4,662,4,4515,-6.65,1157,0,0,3698,-9.85
4,662,5,5633,-5.49,797,0,0,3698,-9.85
4,662,6,6503,-6.81,797,0,0,3698,-9.85
4,662,7,7227,-6.89,797,0,0,3698,-9.85
0,663,0,12,-2.27,797,86,86,12,-2.27
3,663,0,12,-5.27,797,0,0,809,-6.83
3,663,1,809,-6.83,1070,90,90,809,-6.83
3,663,2,1910,-4.93,1811,0,0,809,-6.83
4,663,0,12,-6.27,797,0,0,3698,-9.73
4,663,1,809,-7.83,1070,0,0,3698,-9.73
4,663,2,1910,-5.93,1811,0,0,3698,-9.73
4,663,3,3698,-9.73,786,86,86,3698,-9.73
4,663,4,4515,-6.53,1157,0,0,3698,-9.73
4,663,5,5633,-5.37,797,0,0,3698,-9.73
4,663,6,6503,-6.69,797,0,0,3698,-9.73
4,663,7,7227,-6.77,797,0,0,3698,-9.73
0,664,0,12,-2.27,797,86,86,12,-2.27
3,664,0,12,-5.27,797,0,0,809,-6.83
3,664,1,809,-6.83,1070,90,90,809,-6.83
3,664,2,1910,-4.93,1811,0,0,809,-6.83
4,664,0,12,-6.27,797,0,0,3698,-9.73
4,664,1,809,-7.83,1070,0,0,3698,-9.73
4,664,2,1910,-5.93,1811,0,0,3698,-9.73
4,664,3,3698,-9.73,786,86,86,3698,-9.73
4,664,4,4515,-6.53,1157,0,0,3698,-9.73
4,664,5,5633,-5.37,797,0,0,3698,-9.73
4,664,6,6503,-6.69,797,0,0,3698,-9.73
4,664,7,7227,-6.77,797,0,0,3698,-9.73
0,665,0,12,-2.16,797,86,86,12,-2.16
3,665,0,12,-5.16,797,0,0,809,-6.71
3,665,1,809,-6.71,1070,90,90,809,-6.71
3,665,2,3595,-4.86,1811,0,0,809,-6.71
4,665,0,12,-6.16,797,0,0,3698,-9.61
4,665,1,809,-7.71,1070,0,0,3698,-9.61
4,665,2,3595,-5.86,1811,0,0,3698,-9.61
4,665,3,3698,-9.61,786,86,86,3698,-9.61
4,665,4,4515,-6.41,1157,0,0,3698,-9.61
4,665,5,5633,-5.26,797,0,0,3698,-9.61
4,665,6,6503,-6.57,797,0,0,3698,-9.61
4,665,7,7227,-6.66,797,0,0,3698,-9.61
0,666,0,12,-2.56,797,86,86,12,-2.56
3,666,0,12,-5.56,797,0,0,809,-7.12
3,666,1,809,-7.12,1070,90,90,809,-7.12
3,666,2,3595,-5.34,1811,0,0,809,-7.12
4,666,0,12,-6.56,797,0,0,3698,-10.02
4,666,1,809,-8.12,1070,0,0,3698,-10.02
4,666,2,3595,-6.34,1811,0,0,3698,-10.02
4,666,3,3698,-10.02,786,86,86,3698,-10.02
4,666,4,4515,-6.82,1157,0,0,3698,-10.02
4,666,5,5633,-5.66,797,0,0,3698,-10.02
4,666,6,6503,-6.98,797,0,0,3698,-10.02
4,666,7,7227,-7.06,797,0,0,3698,-10.02
0,667,0,12,-2.56,797,86,86,12,-2.56
3,667,0,12,-5.56,797,0,0,809,-7.12
3,667,1,809,-7.12,1070,90,90,809,-7.12
3,667,2,3595,-5.34,1811,0,0,809,-7.12
4,667,0,12,-6.56,797,0,0,3698,-10.02
4,667,1,809,-8.12,1070,0,0,3698,-10.02
4,667,2,3595,-6.34,1811,0,0,3698,-10.02
4,667,3,3698,-10.02,786,86,86,3698,-10.02
4,667,4,4515,-6.82,1157,0,0,3698,-10.02
4,667,5,5633,-5.66,797,0,0,3698,-10.02
4,667,6,6503,-6.98,797,0,0,3698,-10.02
4,667,7,7227,-7.06,797,0,0,3698,-10.02
0,668,0,32,-1.76,797,47,47,32,-1.76
3,668,0,32,-4.76,797,0,0,798,-6.32
3,668,1,798,-6.32,1070,22,22,798,-6.32
3,668,2,3595,-4.56,1811,0,0,798,-6.32
4,668,0,32,-5.76,797,0,0,3683,-9.22
4,668,1,798,-7.32,1070,0,0,3683,-9.22
4,668,2,3595,-5.56,1811,0,0,3683,-9.22
4,668,3,3683,-9.22,786,30,30,3683,-9.22
4,668,4,4543,-5.76,1157,0,0,3683,-9.22
4,668,5,5653,-4.86,797,0,0,3683,-9.22
4,668,6,6503,-6.62,797,0,0,3683,-9.22
4,668,7,7247,-6.26,797,0,0,3683,-9.22
0,669,0,32,-1.64,797,47,47,32,-1.64
3,669,0,32,-4.64,797,0,0,798,-6.2
3,669,1,798,-6.2,1070,22,22,798,-6.2
3,669,2,3595,-4.56,1811,0,0,798,-6.2
4,669,0,32,-5.64,797,0,0,3683,-9.1
4,669,1,798,-7.2,1070,0,0,3683,-9.1
4,669,2,3595,-5.56,1811,0,0,3683,-9.1
4,669,3,3683,-9.1,786,30,30,3683,-9.1
4,669,4,4543,-5.64,1157,0,0,3683,-9.1
4,669,5,5653,-4.74,797,0,0,3683,-9.1
4,669,6,6503,-6.5,797,0,0,3683,-9.1
4,669,7,7247,-6.14,797,0,0,3683,-9.1
0,670,0,32,-1.64,797,47,47,32,-1.64
3,670,0,32,-4.64,797,0,0,798,-6.2
3,670,1,798,-6.2,1070,22,22,798,-6.2
3,670,2,3595,-4.56,1811,0,0,798,-6.2
4,670,0,32,-5.64,797,0,0,3683,-9.1
4,670,1,798,-7.2,1070,0,0,3683,-9.1
4,670,2,3595,-5.56,1811,0,0,3683,-9.1
4,670,3,3683,-9.1,786,30,30,3683,-9.1
4,670,4,4543,-5.64,1157,0,0,3683,-9.1
4,670,5,5653,-4.74,797,0,0,3683,-9.1
4,670,6,6503,-6.5,797,0,0,3683,-9.1
4,670,7,7247,-6.14,797,0,0,3683,-9.1
0,671,0,32,-1.52,797,50,47,32,-1.52
3,671,0,32,-4.52,797,0,0,798,-6.08
3,671,1,798,-6.08,1070,25,22,798,-6.08
3,671,2,3595,-4.56,1811,0,0,798,-6.08
4,671,0,32,-5.52,797,0,0,3683,-8.98
4,671,1,798,-7.08,1070,0,0,3683,-8.98
4,671,2,3595,-5.56,1811,0,0,3683,-8.98
4,671,3,3683,-8.98,786,33,30,3683,-8.98
4,671,4,4543,-5.52,1157,0,0,3683,-8.98
4,671,5,5653,-4.62,797,0,0,3683,-8.98
4,671,6,6503,-6.38,797,0,0,3683,-8.98
4,671,7,7247,-6.02,797,0,0,3683,-8.98
0,672,0,32,-1.92,797,47,47,32,-1.92
3,672,0,32,-4.92,797,0,0,798,-6.48
3,672,1,798,-6.48,1070,22,22,798,-6.48
3,672,2,3595,-5.04,1811,0,0,798,-6.48
4,672,0,32,-5.92,797,0,0,3683,-9.38
4,672,1,798,-7.48,1070,0,0,3683,-9.38
4,672,2,3595,-6.04,1811,0,0,3683,-9.38
4,672,3,3683,-9.38,786,30,30,3683,-9.38
4,672,4,4543,-5.92,1157,0,0,3683,-9.38
4,672,5,5653,-5.02,797,0,0,3683,-9.38
4,672,6,6503,-6.78,797,0,0,3683,-9.38
4,672,7,7247,-6.42,797,0,0,3683,-9.38
0,673,0,32,-1.92,797,47,47,32,-1.92
3,673,0,32,-4.92,797,0,0,798,-6.48
3,673,1,798,-6.48,1070,22,22,798,-6.48
3,673,2,3595,-5.04,1811,0,0,798,-6.48
4,673,0,32,-5.92,797,0,0,3683,-9.38
4,673,1,798,-7.48,1070,0,0,3683,-9.38
4,673,2,3595,-6.04,1811,0,0,3683,-9.38
4,673,3,3683,-9.38,786,30,30,3683,-9.38
4,673,4,4543,-5.92,1157,0,0,3683,-9.38
4,673,5,5653,-5.02,797,0,0,3683,-9.38
4,673,6,6503,-6.78,797,0,0,3683,-9.38
4,673,7,7247,-6.42,797,0,0,3683,-9.38
0,674,0,19,0.38,797,11,11,19,0.38
3,674,0,19,-2.62,797,0,0,820,-4.18
3,674,1,820,-4.18,1070,2,2,820,-4.18
3,674,2,1876,-2.28,1811,0,0,820,-4.18
4,674,0,19,-3.62,797,0,0,3682,-7.08
4,674,1,820,-5.18,1070,0,0,3682,-7.08
4,674,2,1876,-3.28,1811,0,0,3682,-7.08
4,674,3,3682,-7.08,786,3,3,3682,-7.08
4,674,4,4474,-3.28,1157,0,0,3682,-7.08
4,674,5,5640,-2.72,797,0,0,3682,-7.08
4,674,6,6434,-3.9,797,0,0,3682,-7.08
4,674,7,7234,-4.12,797,0,0,3682,-7.08
0,675,0,792,2.65,796,55,0,792,2.65
3,675,0,792,-0.35,796,0,0,1350,-1.91
3,675,1,1350,-1.91,1069,75,0,1350,-1.91
3,675,2,3086,-1.22,1809,6,0,1350,-1.91
4,675,0,792,-1.35,796,0,0,4459,-4.81
4,675,1,1350,-2.91,1069,0,0,4459,-4.81
4,675,2,3086,-2.22,1809,0,0,4459,-4.81
4,675,3,4459,-4.81,785,56,0,4459,-4.81
4,675,4,5616,-1.01,1156,0,0,4459,-4.81
4,675,5,5624,1.28,796,0,0,4459,-4.81
4,675,6,6503,-1.21,796,0,0,4459,-4.81
4,675,7,8007,-1.85,796,0,0,4459,-4.81
0,676,0,85,-3.32,797,3,3,85,-3.32
3,676,0,85,-6.32,797,0,0,818,-7.88
3,676,1,818,-7.88,1070,3,3,818,-7.88
3,676,2,3586,-7.58,1811,13,13,818,-7.88
4,676,0,85,-7.32,797,0,0,3707,-10.78
4,676,1,818,-8.88,1070,0,0,3707,-10.78
4,676,2,3586,-8.58,1811,0,0,3707,-10.78
4,676,3,3707,-10.78,786,3,3,3707,-10.78
4,676,4,5149,-7.56,1157,0,0,3707,-10.78
4,676,5,5706,-6.42,797,0,0,3707,-10.78
4,676,6,6503,-6.42,797,0,0,3707,-10.78
4,676,7,7300,-7.82,797,0,0,3707,-10.78
0,677,0,85,-2.98,797,3,3,85,-2.98
3,677,0,85,-5.98,797,0,0,818,-7.54
3,677,1,818,-7.54,1070,3,3,818,-7.54
3,677,2,3586,-7.24,1811,13,13,818,-7.54
4,677,0,85,-6.98,797,0,0,3707,-10.44
4,677,1,818,-8.54,1070,0,0,3707,-10.44
4,677,2,3586,-8.24,1811,0,0,3707,-10.44
4,677,3,3707,-10.44,786,3,3,3707,-10.44
4,677,4,5149,-7.22,1157,0,0,3707,-10.44
4,677,5,5706,-6.08,797,0,0,3707,-10.44
4,677,6,6503,-6.08,797,0,0,3707,-10.44
4,677,7,7300,-7.48,797,0,0,3707,-10.44
0,678,0,85,-3.66,797,3,3,85,-3.66
3,678,0,85,-6.66,797,0,0,818,-8.22
3,678,1,818,-8.22,1070,3,3,818,-8.22
3,678,2,3586,-7.92,1811,9,9,818,-8.22
4,678,0,85,-7.66,797,0,0,3707,-11.12
4,678,1,818,-9.22,1070,0,0,3707,-11.12
4,678,2,3586,-8.92,1811,0,0,3707,-11.12
4,678,3,3707,-11.12,786,3,3,3707,-11.12
4,678,4,5149,-7.9,1157,0,0,3707,-11.12
4,678,5,5706,-6.76,797,0,0,3707,-11.12
4,678,6,6503,-6.76,797,0,0,3707,-11.12
4,678,7,7300,-8.16,797,0,0,3707,-11.12
0,679,0,773,-4.89,797,27,27,773,-4.89
3,679,0,773,-7.89,797,0,0,1333,-9.44
3,679,1,1333,-9.44,1070,33,33,1333,-9.44
3,679,2,3670,-8.94,1811,9,9,1333,-9.44
4,679,0,773,-8.88,797,0,0,4440,-12.34
4,679,1,1333,-10.44,1070,0,0,4440,-12.34
4,679,2,3670,-9.94,1811,0,0,4440,-12.34
4,679,3,4440,-12.34,786,27,27,4440,-12.34
4,679,4,5595,-8.54,1157,0,0,4440,-12.34
4,679,5,6394,-7.99,797,0,0,4440,-12.34
4,679,6,7191,-7.99,797,0,0,4440,-12.34
4,679,7,7988,-9.38,797,0,0,4440,-12.34
0,680,0,85,-2.98,797,3,3,85,-2.98
3,680,0,85,-5.98,797,0,0,818,-7.54
3,680,1,818,-7.54,1070,3,3,818,-7.54
3,680,2,3586,-7.24,1811,9,9,818,-7.54
4,680,0,85,-6.98,797,0,0,3707,-10.44
4,680,1,818,-8.54,1070,0,0,3707,-10.44
4,680,2,3586,-8.24,1811,0,0,3707,-10.44
4,680,3,3707,-10.44,786,3,3,3707,-10.44
4,680,4,5149,-7.22,1157,0,0,3707,-10.44
4,680,5,5706,-6.08,797,0,0,3707,-10.44
4,680,6,6503,-6.08,797,0,0,3707,-10.44
4,680,7,7300,-7.48,797,0,0,3707,-10.44
0,681,0,85,-2.98,797,3,3,85,-2.98
3,681,0,85,-5.98,797,0,0,818,-7.54
3,681,1,818,-7.54,1070,3,3,818,-7.54
3,681,2,3586,-7.24,1811,13,13,818,-7.54
4,681,0,85,-6.98,797,0,0,3707,-10.44
4,681,1,818,-8.54,1070,0,0,3707,-10.44
4,681,2,3586,-8.24,1811,0,0,3707,-10.44
4,681,3,3707,-10.44,786,3,3,3707,-10.44
4,681,4,5149,-7.22,1157,0,0,3707,-10.44
4,681,5,5706,-6.08,797,0,0,3707,-10.44
4,681,6,6503,-6.08,797,0,0,3707,-10.44
4,681,7,7300,-7.48,797,0,0,3707,-10.44
0,682,0,767,-3.46,797,16,16,767,-3.46
3,682,0,767,-6.46,797,0,0,1328,-8.02
3,682,1,1328,-8.02,1070,19,19,1328,-8.02
3,682,2,3646,-7.6,1811,25,25,1328,-8.02
4,682,0,767,-7.46,797,0,0,4434,-10.92
4,682,1,1328,-9.02,1070,0,0,4434,-10.92
4,682,2,3646,-8.6,1811,0,0,4434,-10.92
4,682,3,4434,-10.92,786,16,16,4434,-10.92
4,682,4,5588,-7.12,1157,0,0,4434,-10.92
4,682,5,6388,-6.57,797,0,0,4434,-10.92
4,682,6,7185,-6.57,797,0,0,4434,-10.92
4,682,7,7982,-7.96,797,0,0,4434,-10.92
0,683,0,767,-4.92,797,16,16,767,-4.92
3,683,0,767,-7.92,797,0,0,1328,-9.48
3,683,1,1328,-9.48,1070,19,19,1328,-9.48
3,683,2,3646,-8.52,1811,1,1,1328,-9.48
4,683,0,767,-8.92,797,0,0,4434,-12.38
4,683,1,1328,-10.48,1070,0,0,4434,-12.38
4,683,2,3646,-9.52,1811,0,0,4434,-12.38
4,683,3,4434,-12.38,786,16,16,4434,-12.38
4,683,4,5588,-8.58,1157,0,0,4434,-12.38
4,683,5,6388,-8.02,797,0,0,4434,-12.38
4,683,6,7185,-8.02,797,0,0,4434,-12.38
4,683,7,7982,-9.42,797,0,0,4434,-12.38
0,684,0,85,-2.9,797,3,3,85,-2.9
3,684,0,85,-5.9,797,0,0,818,-7.46
3,684,1,818,-7.46,1070,3,3,818,-7.46
3,684,2,3586,-7.16,1811,9,9,818,-7.46
4,684,0,85,-6.9,797,0,0,3707,-10.36
4,684,1,818,-8.46,1070,0,0,3707,-10.36
4,684,2,3586,-8.16,1811,0,0,3707,-10.36
4,684,3,3707,-10.36,786,3,3,3707,-10.36
4,684,4,5149,-7.14,1157,0,0,3707,-10.36
4,684,5,5706,-6,797,0,0,3707,-10.36
4,684,6,6503,-6,797,0,0,3707,-10.36
4,684,7,7300,-7.4,797,0,0,3707,-10.36
0,685,0,85,-2.9,797,3,3,85,-2.9
3,685,0,85,-5.9,797,0,0,818,-7.46
3,685,1,818,-7.46,1070,3,3,818,-7.46
3,685,2,3586,-7.16,1811,13,13,818,-7.46
4,685,0,85,-6.9,797,0,0,3707,-10.36
4,685,1,818,-8.46,1070,0,0,3707,-10.36
4,685,2,3586,-8.16,1811,0,0,3707,-10.36
4,685,3,3707,-10.36,786,3,3,3707,-10.36
4,685,4,5149,-7.14,1157,0,0,3707,-10.36
4,685,5,5706,-6,797,0,0,3707,-10.36
4,685,6,6503,-6,797,0,0,3707,-10.36
4,685,7,7300,-7.4,797,0,0,3707,-10.36
0,686,0,85,-2.9,797,3,3,85,-2.9
3,686,0,85,-5.9,797,0,0,818,-7.46
3,686,1,818,-7.46,1070,3,3,818,-7.46
3,686,2,3586,-7.16,1811,24,24,818,-7.46
4,686,0,85,-6.9,797,0,0,3707,-10.36
4,686,1,818,-8.46,1070,0,0,3707,-10.36
4,686,2,3586,-8.16,1811,0,0,3707,-10.36
4,686,3,3707,-10.36,786,3,3,3707,-10.36
4,686,4,5149,-7.14,1157,0,0,3707,-10.36
4,686,5,5706,-6,797,0,0,3707,-10.36
4,686,6,6503,-6,797,0,0,3707,-10.36
4,686,7,7300,-7.4,797,0,0,3707,-10.36
0,687,0,85,-2.78,797,3,3,85,-2.78
3,687,0,85,-5.78,797,0,0,818,-7.34
3,687,1,818,-7.34,1070,3,3,818,-7.34
3,687,2,3586,-7.16,1811,34,34,818,-7.34
4,687,0,85,-6.78,797,0,0,3707,-10.24
4,687,1,818,-8.34,1070,0,0,3707,-10.24
4,687,2,3586,-8.16,1811,0,0,3707,-10.24
4,687,3,3707,-10.24,786,3,3,3707,-10.24
4,687,4,5149,-7.02,1157,0,0,3707,-10.24
4,687,5,5706,-5.88,797,0,0,3707,-10.24
4,687,6,6503,-5.88,797,0,0,3707,-10.24
4,687,7,7300,-7.28,797,0,0,3707,-10.24
0,688,0,85,-5.78,797,3,3,85,-5.78
3,688,0,85,-8.78,797,0,0,818,-10.34
3,688,1,818,-10.34,1070,3,3,818,-10.34
3,688,2,3398,-9.18,1811,0,0,818,-10.34
4,688,0,85,-9.78,797,0,0,3707,-13.24
4,688,1,818,-11.34,1070,0,0,3707,-13.24
4,688,2,3398,-10.18,1811,0,0,3707,-13.24
4,688,3,3707,-13.24,786,3,3,3707,-13.24
4,688,4,5149,-10.02,1157,0,0,3707,-13.24
4,688,5,5706,-8.88,797,0,0,3707,-13.24
4,688,6,6503,-8.88,797,0,0,3707,-13.24
4,688,7,7300,-10.28,797,0,0,3707,-13.24
0,689,0,773,-4.89,797,27,27,773,-4.89
3,689,0,773,-7.89,797,0,0,1333,-9.44
3,689,1,1333,-9.44,1070,33,33,1333,-9.44
3,689,2,3081,-8.8,1811,3,3,1333,-9.44
4,689,0,773,-8.88,797,0,0,4440,-12.34
4,689,1,1333,-10.44,1070,0,0,4440,-12.34
4,689,2,3081,-9.8,1811,0,0,4440,-12.34
4,689,3,4440,-12.34,786,27,27,4440,-12.34
4,689,4,5595,-8.54,1157,0,0,4440,-12.34
4,689,5,6394,-7.99,797,0,0,4440,-12.34
4,689,6,7191,-7.99,797,0,0,4440,-12.34
4,689,7,7988,-9.38,797,0,0,4440,-12.34
0,690,0,85,-3.12,797,3,3,85,-3.12
3,690,0,85,-6.12,797,0,0,818,-7.68
3,690,1,818,-7.68,1070,3,3,818,-7.68
3,690,2,3586,-7.5,1811,16,16,818,-7.68
4,690,0,85,-7.12,797,0,0,3707,-10.58
4,690,1,818,-8.68,1070,0,0,3707,-10.58
4,690,2,3586,-8.5,1811,0,0,3707,-10.58
4,690,3,3707,-10.58,786,3,3,3707,-10.58
4,690,4,5149,-7.36,1157,0,0,3707,-10.58
4,690,5,5706,-6.22,797,0,0,3707,-10.58
4,690,6,6503,-6.22,797,0,0,3707,-10.58
4,690,7,7300,-7.62,797,0,0,3707,-10.58
0,691,0,85,-3.12,797,3,3,85,-3.12
3,691,0,85,-6.12,797,0,0,818,-7.68
3,691,1,818,-7.68,1070,3,3,818,-7.68
3,691,2,3586,-7.5,1811,20,20,818,-7.68
4,691,0,85,-7.12,797,0,0,3707,-10.58
4,691,1,818,-8.68,1070,0,0,3707,-10.58
4,691,2,3586,-8.5,1811,0,0,3707,-10.58
4,691,3,3707,-10.58,786,3,3,3707,-10.58
4,691,4,5149,-7.36,1157,0,0,3707,-10.58
4,691,5,5706,-6.22,797,0,0,3707,-10.58
4,691,6,6503,-6.22,797,0,0,3707,-10.58
4,691,7,7300,-7.62,797,0,0,3707,-10.58
0,692,0,767,-3.72,797,16,16,767,-3.72
3,692,0,767,-6.72,797,0,0,1328,-8.28
3,692,1,1328,-8.28,1070,19,19,1328,-8.28
3,692,2,3646,-7.86,1811,25,25,1328,-8.28
4,692,0,767,-7.72,797,0,0,4434,-11.18
4,692,1,1328,-9.28,1070,0,0,4434,-11.18
4,692,2,3646,-8.86,1811,0,0,4434,-11.18
4,692,3,4434,-11.18,786,16,16,4434,-11.18
4,692,4,5588,-7.38,1157,0,0,4434,-11.18
4,692,5,6388,-6.83,797,0,0,4434,-11.18
4,692,6,7185,-6.83,797,0,0,4434,-11.18
4,692,7,7982,-8.22,797,0,0,4434,-11.18
0,693,0,85,-2.34,797,3,3,85,-2.34
3,693,0,85,-5.34,797,0,0,818,-6.9
3,693,1,818,-6.9,1070,3,3,818,-6.9
3,693,2,3398,-5.86,1811,0,0,818,-6.9
4,693,0,85,-6.35,797,0,0,3707,-9.81
4,693,1,818,-7.9,1070,0,0,3707,-9.81
4,693,2,3398,-6.86,1811,0,0,3707,-9.81
4,693,3,3707,-9.81,786,3,3,3707,-9.81
4,693,4,5149,-6.58,1157,0,0,3707,-9.81
4,693,5,5706,-5.44,797,0,0,3707,-9.81
4,693,6,6503,-5.44,797,0,0,3707,-9.81
4,693,7,7300,-6.85,797,0,0,3707,-9.81
0,694,0,85,-2.84,797,3,3,85,-2.84
3,694,0,85,-5.84,797,0,0,818,-7.4
3,694,1,818,-7.4,1070,3,3,818,-7.4
3,694,2,3398,-6.42,1811,2,2,818,-7.4
4,694,0,85,-6.84,797,0,0,3707,-10.3
4,694,1,818,-8.4,1070,0,0,3707,-10.3
4,694,2,3398,-7.42,1811,0,0,3707,-10.3
4,694,3,3707,-10.3,786,3,3,3707,-10.3
4,694,4,5149,-7.08,1157,0,0,3707,-10.3
4,694,5,5706,-5.94,797,0,0,3707,-10.3
4,694,6,6503,-5.94,797,0,0,3707,-10.3
4,694,7,7300,-7.34,797,0,0,3707,-10.3
0,695,0,85,-2.82,797,14,14,85,-2.82
3,695,0,85,-5.82,797,0,0,818,-7.38
3,695,1,818,-7.38,1070,12,12,818,-7.38
3,695,2,3398,-5.94,1811,0,0,818,-7.38
4,695,0,85,-6.82,797,0,0,3707,-10.28
4,695,1,818,-8.38,1070,0,0,3707,-10.28
4,695,2,3398,-6.94,1811,0,0,3707,-10.28
4,695,3,3707,-10.28,786,12,12,3707,-10.28
4,695,4,5149,-7.06,1157,0,0,3707,-10.28
4,695,5,5706,-5.92,797,0,0,3707,-10.28
4,695,6,6503,-5.92,797,0,0,3707,-10.28
4,695,7,7300,-7.32,797,0,0,3707,-10.28
0,696,0,85,-2.48,797,14,14,85,-2.48
3,696,0,85,-5.48,797,0,0,818,-7.04
3,696,1,818,-7.04,1070,12,12,818,-7.04
3,696,2,3398,-5.6,1811,0,0,818,-7.04
4,696,0,85,-6.48,797,0,0,3707,-9.94
4,696,1,818,-8.04,1070,0,0,3707,-9.94
4,696,2,3398,-6.6,1811,0,0,3707,-9.94
4,696,3,3707,-9.94,786,12,12,3707,-9.94
4,696,4,5149,-6.72,1157,0,0,3707,-9.94
4,696,5,5706,-5.58,797,0,0,3707,-9.94
4,696,6,6503,-5.58,797,0,0,3707,-9.94
4,696,7,7300,-6.98,797,0,0,3707,-9.94
0,697,0,85,-2.94,797,14,14,85,-2.94
3,697,0,85,-5.94,797,0,0,818,-7.5
3,697,1,818,-7.5,1070,12,12,818,-7.5
3,697,2,1919,-5.6,1811,0,0,818,-7.5
4,697,0,85,-6.94,797,0,0,3707,-10.4
4,697,1,818,-8.5,1070,0,0,3707,-10.4
4,697,2,1919,-6.6,1811,0,0,3707,-10.4
4,697,3,3707,-10.4,786,12,12,3707,-10.4
4,697,4,5149,-7.18,1157,0,0,3707,-10.4
4,697,5,5706,-6.04,797,0,0,3707,-10.4
4,697,6,6503,-6.04,797,0,0,3707,-10.4
4,697,7,7300,-7.44,797,0,0,3707,-10.4
0,698,0,85,-2.82,797,14,14,85,-2.82
3,698,0,85,-5.82,797,0,0,818,-7.38
3,698,1,818,-7.38,1070,12,12,818,-7.38
3,698,2,3398,-5.94,1811,0,0,818,-7.38
4,698,0,85,-6.82,797,0,0,3707,-10.28
4,698,1,818,-8.38,1070,0,0,3707,-10.28
4,698,2,3398,-6.94,1811,0,0,3707,-10.28
4,698,3,3707,-10.28,786,12,12,3707,-10.28
4,698,4,5149,-7.06,1157,0,0,3707,-10.28
4,698,5,5706,-5.92,797,0,0,3707,-10.28
4,698,6,6503,-5.92,797,0,0,3707,-10.28
4,698,7,7300,-7.32,797,0,0,3707,-10.28
0,699,0,85,-2.7,797,14,14,85,-2.7
3,699,0,85,-5.7,797,0,0,818,-7.26
3,699,1,818,-7.26,1070,12,12,818,-7.26
3,699,2,1919,-5.36,1811,0,0,818,-7.26
4,699,0,85,-6.7,797,0,0,3707,-10.16
4,699,1,818,-8.26,1070,0,0,3707,-10.16
4,699,2,1919,-6.36,1811,0,0,3707,-10.16
4,699,3,3707,-10.16,786,12,12,3707,-10.16
4,699,4,5149,-6.94,1157,0,0,3707,-10.16
4,699,5,5706,-5.8,797,0,0,3707,-10.16
4,699,6,6503,-5.8,797,0,0,3707,-10.16
4,699,7,7300,-7.2,797,0,0,3707,-10.16
0,700,0,85,-2.7,797,14,14,85,-2.7
3,700,0,85,-5.7,797,0,0,818,-7.26
3,700,1,818,-7.26,1070,12,12,818,-7.26
3,700,2,3398,-5.94,1811,0,0,818,-7.26
4,700,0,85,-6.7,797,0,0,3707,-10.16
4,700,1,818,-8.26,1070,0,0,3707,-10.16
4,700,2,3398,-6.94,1811,0,0,3707,-10.16
4,700,3,3707,-10.16,786,12,12,3707,-10.16
4,700,4,5149,-6.94,1157,0,0,3707,-10.16
4,700,5,5706,-5.8,797,0,0,3707,-10.16
4,700,6,6503,-5.8,797,0,0,3707,-10.16
4,700,7,7300,-7.2,797,0,0,3707,-10.16
0,701,0,85,-2.58,797,14,14,85,-2.58
3,701,0,85,-5.58,797,0,0,818,-7.14
3,701,1,818,-7.14,1070,12,12,818,-7.14
3,701,2,3398,-5.94,1811,0,0,818,-7.14
4,701,0,85,-6.58,797,0,0,3707,-10.04
4,701,1,818,-8.14,1070,0,0,3707,-10.04
4,701,2,3398,-6.94,1811,0,0,3707,-10.04
4,701,3,3707,-10.04,786,12,12,3707,-10.04
4,701,4,5149,-6.82,1157,0,0,3707,-10.04
4,701,5,5706,-5.68,797,0,0,3707,-10.04
4,701,6,6503,-5.68,797,0,0,3707,-10.04
4,701,7,7300,-7.08,797,0,0,3707,-10.04
0,702,0,85,-2.62,797,14,14,85,-2.62
3,702,0,85,-5.62,797,0,0,818,-7.18
3,702,1,818,-7.18,1070,12,12,818,-7.18
3,702,2,1919,-5.28,1811,0,0,818,-7.18
4,702,0,85,-6.62,797,0,0,3707,-10.08
4,702,1,818,-8.18,1070,0,0,3707,-10.08
4,702,2,1919,-6.28,1811,0,0,3707,-10.08
4,702,3,3707,-10.08,786,12,12,3707,-10.08
4,702,4,5149,-6.86,1157,0,0,3707,-10.08
4,702,5,5706,-5.72,797,0,0,3707,-10.08
4,702,6,6503,-5.72,797,0,0,3707,-10.08
4,702,7,7300,-7.12,797,0,0,3707,-10.08
0,703,0,85,-2.62,797,14,14,85,-2.62
3,703,0,85,-5.62,797,0,0,818,-7.18
3,703,1,818,-7.18,1070,12,12,818,-7.18
3,703,2,3398,-5.86,1811,0,0,818,-7.18
4,703,0,85,-6.62,797,0,0,3707,-10.08
4,703,1,818,-8.18,1070,0,0,3707,-10.08
4,703,2,3398,-6.86,1811,0,0,3707,-10.08
4,703,3,3707,-10.08,786,12,12,3707,-10.08
4,703,4,5149,-6.86,1157,0,0,3707,-10.08
4,703,5,5706,-5.72,797,0,0,3707,-10.08
4,703,6,6503,-5.72,797,0,0,3707,-10.08
4,703,7,7300,-7.12,797,0,0,3707,-10.08
0,704,0,85,-2.62,797,14,14,85,-2.62
3,704,0,85,-5.62,797,0,0,818,-7.18
3,704,1,818,-7.18,1070,12,12,818,-7.18
3,704,2,3398,-5.86,1811,0,0,818,-7.18
4,704,0,85,-6.62,797,0,0,3707,-10.08
4,704,1,818,-8.18,1070,0,0,3707,-10.08
4,704,2,3398,-6.86,1811,0,0,3707,-10.08
4,704,3,3707,-10.08,786,12,12,3707,-10.08
4,704,4,5149,-6.86,1157,0,0,3707,-10.08
4,704,5,5706,-5.72,797,0,0,3707,-10.08
4,704,6,6503,-5.72,797,0,0,3707,-10.08
4,704,7,7300,-7.12,797,0,0,3707,-10.08
0,705,0,85,-2.5,797,14,14,85,-2.5
3,705,0,85,-5.5,797,0,0,818,-7.06
3,705,1,818,-7.06,1070,12,12,818,-7.06
3,705,2,3398,-5.86,1811,0,0,818,-7.06
4,705,0,85,-6.5,797,0,0,3707,-9.96
4,705,1,818,-8.06,1070,0,0,3707,-9.96
4,705,2,3398,-6.86,1811,0,0,3707,-9.96
4,705,3,3707,-9.96,786,12,12,3707,-9.96
4,705,4,5149,-6.74,1157,0,0,3707,-9.96
4,705,5,5706,-5.6,797,0,0,3707,-9.96
4,705,6,6503,-5.6,797,0,0,3707,-9.96
4,705,7,7300,-7,797,0,0,3707,-9.96
0,706,0,85,-5.5,797,14,14,85,-5.5
3,706,0,85,-8.5,797,0,0,818,-10.06
3,706,1,818,-10.06,1070,12,12,818,-10.06
3,706,2,3398,-8.74,1811,0,0,818,-10.06
4,706,0,85,-9.5,797,0,0,3707,-12.96
4,706,1,818,-11.06,1070,0,0,3707,-12.96
4,706,2,3398,-9.74,1811,0,0,3707,-12.96
4,706,3,3707,-12.96,786,12,12,3707,-12.96
4,706,4,5149,-9.74,1157,0,0,3707,-12.96
4,706,5,5706,-8.6,797,0,0,3707,-12.96
4,706,6,6503,-8.6,797,0,0,3707,-12.96
4,706,7,7300,-10,797,0,0,3707,-12.96
0,707,0,85,-2.82,797,14,14,85,-2.82
3,707,0,85,-5.82,797,0,0,818,-7.38
3,707,1,818,-7.38,1070,12,12,818,-7.38
3,707,2,3398,-5.94,1811,0,0,818,-7.38
4,707,0,85,-6.82,797,0,0,3707,-10.28
4,707,1,818,-8.38,1070,0,0,3707,-10.28
4,707,2,3398,-6.94,1811,0,0,3707,-10.28
4,707,3,3707,-10.28,786,12,12,3707,-10.28
4,707,4,5149,-7.06,1157,0,0,3707,-10.28
4,707,5,5706,-5.92,797,0,0,3707,-10.28
4,707,6,6503,-5.92,797,0,0,3707,-10.28
4,707,7,7300,-7.32,797,0,0,3707,-10.28
0,708,0,85,-2.98,797,14,14,85,-2.98
3,708,0,85,-5.98,797,0,0,818,-7.54
3,708,1,818,-7.54,1070,12,12,818,-7.54
3,708,2,3398,-6.42,1811,0,0,818,-7.54
4,708,0,85,-6.98,797,0,0,3707,-10.44
4,708,1,818,-8.54,1070,0,0,3707,-10.44
4,708,2,3398,-7.42,1811,0,0,3707,-10.44
4,708,3,3707,-10.44,786,12,12,3707,-10.44
4,708,4,5149,-7.22,1157,0,0,3707,-10.44
4,708,5,5706,-6.08,797,0,0,3707,-10.44
4,708,6,6503,-6.08,797,0,0,3707,-10.44
4,708,7,7300,-7.48,797,0,0,3707,-10.44
0,709,0,85,-2.2,797,14,14,85,-2.2
3,709,0,85,-5.2,797,0,0,818,-6.76
3,709,1,818,-6.76,1070,12,12,818,-6.76
3,709,2,3398,-5.64,1811,0,0,818,-6.76
4,709,0,85,-6.2,797,0,0,3707,-9.66
4,709,1,818,-7.76,1070,0,0,3707,-9.66
4,709,2,3398,-6.64,1811,0,0,3707,-9.66
4,709,3,3707,-9.66,786,12,12,3707,-9.66
4,709,4,5149,-6.44,1157,0,0,3707,-9.66
4,709,5,5706,-5.3,797,0,0,3707,-9.66
4,709,6,6503,-5.3,797,0,0,3707,-9.66
4,709,7,7300,-6.7,797,0,0,3707,-9.66
0,710,0,454,-1.75,797,58,58,454,-1.75
3,710,0,454,-4.75,797,0,0,1088,-6.31
3,710,1,1088,-6.31,1070,62,62,1088,-6.31
3,710,2,2893,-4.41,1811,0,0,1088,-6.31
4,710,0,454,-5.75,797,0,0,4105,-9.21
4,710,1,1088,-7.31,1070,0,0,4105,-9.21
4,710,2,2893,-5.41,1811,0,0,4105,-9.21
4,710,3,4105,-9.21,786,50,50,4105,-9.21
4,710,4,5147,-5.77,1157,0,0,4105,-9.21
4,710,5,6075,-4.85,797,0,0,4105,-9.21
4,710,6,6503,-5.39,797,0,0,4105,-9.21
4,710,7,7669,-6.25,797,0,0,4105,-9.21
0,711,0,454,-1.75,797,58,58,454,-1.75
3,711,0,454,-4.75,797,0,0,1088,-6.31
3,711,1,1088,-6.31,1070,62,62,1088,-6.31
3,711,2,2893,-4.41,1811,0,0,1088,-6.31
4,711,0,454,-5.75,797,0,0,4105,-9.21
4,711,1,1088,-7.31,1070,0,0,4105,-9.21
4,711,2,2893,-5.41,1811,0,0,4105,-9.21
4,711,3,4105,-9.21,786,50,50,4105,-9.21
4,711,4,5147,-5.77,1157,0,0,4105,-9.21
4,711,5,6075,-4.85,797,0,0,4105,-9.21
4,711,6,6503,-5.39,797,0,0,4105,-9.21
4,711,7,7669,-6.25,797,0,0,4105,-9.21
0,712,0,454,-1.63,797,58,58,454,-1.63
3,712,0,454,-4.63,797,0,0,1088,-6.19
3,712,1,1088,-6.19,1070,62,62,1088,-6.19
3,712,2,2893,-4.29,1811,0,0,1088,-6.19
4,712,0,454,-5.63,797,0,0,4105,-9.09
4,712,1,1088,-7.19,1070,0,0,4105,-9.09
4,712,2,2893,-5.29,1811,0,0,4105,-9.09
4,712,3,4105,-9.09,786,50,50,4105,-9.09
4,712,4,5147,-5.65,1157,0,0,4105,-9.09
4,712,5,6075,-4.73,797,0,0,4105,-9.09
4,712,6,6503,-5.27,797,0,0,4105,-9.09
4,712,7,7669,-6.13,797,0,0,4105,-9.09
0,713,0,454,-1.51,797,58,58,454,-1.51
3,713,0,454,-4.51,797,0,0,1088,-6.07
3,713,1,1088,-6.07,1070,62,62,1088,-6.07
3,713,2,2970,-4.58,1811,0,0,1088,-6.07
4,713,0,454,-5.51,797,0,0,4105,-8.97
4,713,1,1088,-7.07,1070,0,0,4105,-8.97
4,713,2,2970,-5.58,1811,0,0,4105,-8.97
4,713,3,4105,-8.97,786,50,50,4105,-8.97
4,713,4,5147,-5.53,1157,0,0,4105,-8.97
4,713,5,6075,-4.61,797,0,0,4105,-8.97
4,713,6,6503,-5.15,797,0,0,4105,-8.97
4,713,7,7669,-6.01,797,0,0,4105,-8.97
0,714,0,454,-1.51,797,58,58,454,-1.51
3,714,0,454,-4.51,797,0,0,1088,-6.07
3,714,1,1088,-6.07,1070,62,62,1088,-6.07
3,714,2,2970,-4.58,1811,0,0,1088,-6.07
4,714,0,454,-5.51,797,0,0,4105,-8.97
4,714,1,1088,-7.07,1070,0,0,4105,-8.97
4,714,2,2970,-5.58,1811,0,0,4105,-8.97
4,714,3,4105,-8.97,786,50,50,4105,-8.97
4,714,4,5147,-5.53,1157,0,0,4105,-8.97
4,714,5,6075,-4.61,797,0,0,4105,-8.97
4,714,6,6503,-5.15,797,0,0,4105,-8.97
4,714,7,7669,-6.01,797,0,0,4105,-8.97
0,715,0,454,-1.51,797,58,58,454,-1.51
3,715,0,454,-4.51,797,0,0,1088,-6.07
3,715,1,1088,-6.07,1070,62,62,1088,-6.07
3,715,2,2893,-4.17,1811,0,0,1088,-6.07
4,715,0,454,-5.51,797,0,0,4105,-8.97
4,715,1,1088,-7.07,1070,0,0,4105,-8.97
4,715,2,2893,-5.17,1811,0,0,4105,-8.97
4,715,3,4105,-8.97,786,50,50,4105,-8.97
4,715,4,5147,-5.53,1157,0,0,4105,-8.97
4,715,5,6075,-4.61,797,0,0,4105,-8.97
4,715,6,6503,-5.15,797,0,0,4105,-8.97
4,715,7,7669,-6.01,797,0,0,4105,-8.97
0,716,0,454,-1.75,797,58,58,454,-1.75
3,716,0,454,-4.75,797,0,0,1088,-6.31
3,716,1,1088,-6.31,1070,62,62,1088,-6.31
3,716,2,2893,-4.41,1811,0,0,1088,-6.31
4,716,0,454,-5.75,797,0,0,4105,-9.21
4,716,1,1088,-7.31,1070,0,0,4105,-9.21
4,716,2,2893,-5.41,1811,0,0,4105,-9.21
4,716,3,4105,-9.21,786,50,50,4105,-9.21
4,716,4,5147,-5.77,1157,0,0,4105,-9.21
4,716,5,6075,-4.85,797,0,0,4105,-9.21
4,716,6,6503,-5.39,797,0,0,4105,-9.21
4,716,7,7669,-6.25,797,0,0,4105,-9.21
0,717,0,454,-1.63,797,58,58,454,-1.63
3,717,0,454,-4.63,797,0,0,1088,-6.19
3,717,1,1088,-6.19,1070,62,62,1088,-6.19
3,717,2,2970,-4.58,1811,0,0,1088,-6.19
4,717,0,454,-5.63,797,0,0,4105,-9.09
4,717,1,1088,-7.19,1070,0,0,4105,-9.09
4,717,2,2970,-5.58,1811,0,0,4105,-9.09
4,717,3,4105,-9.09,786,50,50,4105,-9.09
4,717,4,5147,-5.65,1157,0,0,4105,-9.09
4,717,5,6075,-4.73,797,0,0,4105,-9.09
4,717,6,6503,-5.27,797,0,0,4105,-9.09
4,717,7,7669,-6.13,797,0,0,4105,-9.09
0,718,0,454,-1.51,797,58,58,454,-1.51
3,718,0,454,-4.51,797,0,0,1088,-6.07
3,718,1,1088,-6.07,1070,62,62,1088,-6.07
3,718,2,2893,-4.17,1811,0,0,1088,-6.07
4,718,0,454,-5.51,797,0,0,4105,-8.97
4,718,1,1088,-7.07,1070,0,0,4105,-8.97
4,718,2,2893,-5.17,1811,0,0,4105,-8.97
4,718,3,4105,-8.97,786,50,50,4105,-8.97
4,718,4,5147,-5.53,1157,0,0,4105,-8.97
4,718,5,6075,-4.61,797,0,0,4105,-8.97
4,718,6,6503,-5.15,797,0,0,4105,-8.97
4,718,7,7669,-6.01,797,0,0,4105,-8.97
0,719,0,454,-1.51,797,58,58,454,-1.51
3,719,0,454,-4.51,797,0,0,1088,-6.07
3,719,1,1088,-6.07,1070,62,62,1088,-6.07
3,719,2,2893,-4.17,1811,0,0,1088,-6.07
4,719,0,454,-5.51,797,0,0,4105,-8.97
4,719,1,1088,-7.07,1070,0,0,4105,-8.97
4,719,2,2893,-5.17,1811,0,0,4105,-8.97
4,719,3,4105,-8.97,786,50,50,4105,-8.97
4,719,4,5147,-5.53,1157,0,0,4105,-8.97
4,719,5,6075,-4.61,797,0,0,4105,-8.97
4,719,6,6503,-5.15,797,0,0,4105,-8.97
4,719,7,7669,-6.01,797,0,0,4105,-8.97
0,720,0,454,-1.51,797,58,58,454,-1.51
3,720,0,454,-4.51,797,0,0,1088,-6.07
3,720,1,1088,-6.07,1070,62,62,1088,-6.07
3,720,2,2893,-4.17,1811,0,0,1088,-6.07
4,720,0,454,-5.51,797,0,0,4105,-8.97
4,720,1,1088,-7.07,1070,0,0,4105,-8.97
4,720,2,2893,-5.17,1811,0,0,4105,-8.97
4,720,3,4105,-8.97,786,50,50,4105,-8.97
4,720,4,5147,-5.53,1157,0,0,4105,-8.97
4,720,5,6075,-4.61,797,0,0,4105,-8.97
4,720,6,6503,-5.15,797,0,0,4105,-8.97
4,720,7,7669,-6.01,797,0,0,4105,-8.97
0,721,0,454,-1.39,797,58,58,454,-1.39
3,721,0,454,-4.39,797,0,0,1088,-5.95
3,721,1,1088,-5.95,1070,62,62,1088,-5.95
3,721,2,2970,-4.58,1811,0,0,1088,-5.95
4,721,0,454,-5.39,797,0,0,4105,-8.85
4,721,1,1088,-6.95,1070,0,0,4105,-8.85
4,721,2,2970,-5.58,1811,0,0,4105,-8.85
4,721,3,4105,-8.85,786,50,50,4105,-8.85
4,721,4,5147,-5.41,1157,0,0,4105,-8.85
4,721,5,6075,-4.49,797,0,0,4105,-8.85
4,721,6,6503,-5.03,797,0,0,4105,-8.85
4,721,7,7669,-5.89,797,0,0,4105,-8.85
0,722,0,454,-2.99,797,58,58,454,-2.99
3,722,0,454,-5.99,797,0,0,1088,-7.55
3,722,1,1088,-7.55,1070,62,62,1088,-7.55
3,722,2,2970,-5.67,1811,0,0,1088,-7.55
4,722,0,454,-6.99,797,0,0,4105,-10.45
4,722,1,1088,-8.55,1070,0,0,4105,-10.45
4,722,2,2970,-6.67,1811,0,0,4105,-10.45
4,722,3,4105,-10.45,786,50,50,4105,-10.45
4,722,4,5147,-7.01,1157,0,0,4105,-10.45
4,722,5,6075,-6.09,797,0,0,4105,-10.45
4,722,6,6503,-6.63,797,0,0,4105,-10.45
4,722,7,7669,-7.49,797,0,0,4105,-10.45
0,723,0,454,-2.99,797,58,58,454,-2.99
3,723,0,454,-5.99,797,0,0,1088,-7.55
3,723,1,1088,-7.55,1070,62,62,1088,-7.55
3,723,2,2970,-5.67,1811,0,0,1088,-7.55
4,723,0,454,-6.99,797,0,0,4105,-10.45
4,723,1,1088,-8.55,1070,0,0,4105,-10.45
4,723,2,2970,-6.67,1811,0,0,4105,-10.45
4,723,3,4105,-10.45,786,50,50,4105,-10.45
4,723,4,5147,-7.01,1157,0,0,4105,-10.45
4,723,5,6075,-6.09,797,0,0,4105,-10.45
4,723,6,6503,-6.63,797,0,0,4105,-10.45
4,723,7,7669,-7.49,797,0,0,4105,-10.45
0,724,0,454,-1.79,797,58,58,454,-1.79
3,724,0,454,-4.79,797,0,0,1088,-6.35
3,724,1,1088,-6.35,1070,62,62,1088,-6.35
3,724,2,2893,-4.45,1811,0,0,1088,-6.35
4,724,0,454,-5.79,797,0,0,4105,-9.25
4,724,1,1088,-7.35,1070,0,0,4105,-9.25
4,724,2,2893,-5.45,1811,0,0,4105,-9.25
4,724,3,4105,-9.25,786,50,50,4105,-9.25
4,724,4,5147,-5.81,1157,0,0,4105,-9.25
4,724,5,6075,-4.89,797,0,0,4105,-9.25
4,724,6,6503,-5.43,797,0,0,4105,-9.25
4,724,7,7669,-6.29,797,0,0,4105,-9.25
0,725,0,454,-1.79,797,58,58,454,-1.79
3,725,0,454,-4.79,797,0,0,1088,-6.35
3,725,1,1088,-6.35,1070,62,62,1088,-6.35
3,725,2,2893,-4.45,1811,0,0,1088,-6.35
4,725,0,454,-5.79,797,0,0,4105,-9.25
4,725,1,1088,-7.35,1070,0,0,4105,-9.25
4,725,2,2893,-5.45,1811,0,0,4105,-9.25
4,725,3,4105,-9.25,786,50,50,4105,-9.25
4,725,4,5147,-5.81,1157,0,0,4105,-9.25
4,725,5,6075,-4.89,797,0,0,4105,-9.25
4,725,6,6503,-5.43,797,0,0,4105,-9.25
4,725,7,7669,-6.29,797,0,0,4105,-9.25
0,726,0,454,-1.79,797,58,58,454,-1.79
3,726,0,454,-4.79,797,0,0,1088,-6.35
3,726,1,1088,-6.35,1070,62,62,1088,-6.35
3,726,2,2970,-5.06,1811,0,0,1088,-6.35
4,726,0,454,-5.79,797,0,0,4105,-9.25
4,726,1,1088,-7.35,1070,0,0,4105,-9.25
4,726,2,2970,-6.06,1811,0,0,4105,-9.25
4,726,3,4105,-9.25,786,50,50,4105,-9.25
4,726,4,5147,-5.81,1157,0,0,4105,-9.25
4,726,5,6075,-4.89,797,0,0,4105,-9.25
4,726,6,6503,-5.43,797,0,0,4105,-9.25
4,726,7,7669,-6.29,797,0,0,4105,-9.25
0,727,0,454,-1.67,797,58,58,454,-1.67
3,727,0,454,-4.67,797,0,0,1088,-6.23
3,727,1,1088,-6.23,1070,62,62,1088,-6.23
3,727,2,2970,-5.06,1811,0,0,1088,-6.23
4,727,0,454,-5.67,797,0,0,4105,-9.13
4,727,1,1088,-7.23,1070,0,0,4105,-9.13
4,727,2,2970,-6.06,1811,0,0,4105,-9.13
4,727,3,4105,-9.13,786,50,50,4105,-9.13
4,727,4,5147,-5.69,1157,0,0,4105,-9.13
4,727,5,6075,-4.77,797,0,0,4105,-9.13
4,727,6,6503,-5.31,797,0,0,4105,-9.13
4,727,7,7669,-6.17,797,0,0,4105,-9.13
0,728,0,454,-4.67,797,58,58,454,-4.67
3,728,0,454,-7.67,797,0,0,1088,-9.23
3,728,1,1088,-9.23,1070,62,62,1088,-9.23
3,728,2,2893,-7.33,1811,0,0,1088,-9.23
4,728,0,454,-8.67,797,0,0,4105,-12.13
4,728,1,1088,-10.23,1070,0,0,4105,-12.13
4,728,2,2893,-8.33,1811,0,0,4105,-12.13
4,728,3,4105,-12.13,786,50,50,4105,-12.13
4,728,4,5147,-8.69,1157,0,0,4105,-12.13
4,728,5,6075,-7.77,797,0,0,4105,-12.13
4,728,6,6503,-8.31,797,0,0,4105,-12.13
4,728,7,7669,-9.17,797,0,0,4105,-12.13
0,729,0,454,-1.63,797,58,58,454,-1.63
3,729,0,454,-4.63,797,0,0,1088,-6.19
3,729,1,1088,-6.19,1070,62,62,1088,-6.19
3,729,2,2893,-4.29,1811,0,0,1088,-6.19
4,729,0,454,-5.63,797,0,0,4105,-9.09
4,729,1,1088,-7.19,1070,0,0,4105,-9.09
4,729,2,2893,-5.29,1811,0,0,4105,-9.09
4,729,3,4105,-9.09,786,50,50,4105,-9.09
4,729,4,5147,-5.65,1157,0,0,4105,-9.09
4,729,5,6075,-4.73,797,0,0,4105,-9.09
4,729,6,6503,-5.27,797,0,0,4105,-9.09
4,729,7,7669,-6.13,797,0,0,4105,-9.09
0,730,0,454,-1.79,797,58,58,454,-1.79
3,730,0,454,-4.79,797,0,0,1088,-6.35
3,730,1,1088,-6.35,1070,62,62,1088,-6.35
3,730,2,2893,-4.45,1811,0,0,1088,-6.35
4,730,0,454,-5.79,797,0,0,4105,-9.25
4,730,1,1088,-7.35,1070,0,0,4105,-9.25
4,730,2,2893,-5.45,1811,0,0,4105,-9.25
4,730,3,4105,-9.25,786,50,50,4105,-9.25
4,730,4,5147,-5.81,1157,0,0,4105,-9.25
4,730,5,6075,-4.89,797,0,0,4105,-9.25
4,730,6,6503,-5.43,797,0,0,4105,-9.25
4,730,7,7669,-6.29,797,0,0,4105,-9.25
0,731,0,454,-1.79,797,58,58,454,-1.79
3,731,0,454,-4.79,797,0,0,1088,-6.35
3,731,1,1088,-6.35,1070,62,62,1088,-6.35
3,731,2,2893,-4.45,1811,0,0,1088,-6.35
4,731,0,454,-5.79,797,0,0,4105,-9.25
4,731,1,1088,-7.35,1070,0,0,4105,-9.25
4,731,2,2893,-5.45,1811,0,0,4105,-9.25
4,731,3,4105,-9.25,786,50,50,4105,-9.25
4,731,4,5147,-5.81,1157,0,0,4105,-9.25
4,731,5,6075,-4.89,797,0,0,4105,-9.25
4,731,6,6503,-5.43,797,0,0,4105,-9.25
4,731,7,7669,-6.29,797,0,0,4105,-9.25
0,732,0,454,-1.79,797,58,58,454,-1.79
3,732,0,454,-4.79,797,0,0,1088,-6.35
3,732,1,1088,-6.35,1070,62,62,1088,-6.35
3,732,2,2970,-5.06,1811,0,0,1088,-6.35
4,732,0,454,-5.79,797,0,0,4105,-9.25
4,732,1,1088,-7.35,1070,0,0,4105,-9.25
4,732,2,2970,-6.06,1811,0,0,4105,-9.25
4,732,3,4105,-9.25,786,50,50,4105,-9.25
4,732,4,5147,-5.81,1157,0,0,4105,-9.25
4,732,5,6075,-4.89,797,0,0,4105,-9.25
4,732,6,6503,-5.43,797,0,0,4105,-9.25
4,732,7,7669,-6.29,797,0,0,4105,-9.25
0,733,0,454,-1.79,797,58,58,454,-1.79
3,733,0,454,-4.79,797,0,0,1088,-6.35
3,733,1,1088,-6.35,1070,62,62,1088,-6.35
3,733,2,2970,-5.06,1811,0,0,1088,-6.35
4,733,0,454,-5.79,797,0,0,4105,-9.25
4,733,1,1088,-7.35,1070,0,0,4105,-9.25
4,733,2,2970,-6.06,1811,0,0,4105,-9.25
4,733,3,4105,-9.25,786,50,50,4105,-9.25
4,733,4,5147,-5.81,1157,0,0,4105,-9.25
4,733,5,6075,-4.89,797,0,0,4105,-9.25
4,733,6,6503,-5.43,797,0,0,4105,-9.25
4,733,7,7669,-6.29,797,0,0,4105,-9.25
0,734,0,454,-1.52,797,58,58,454,-1.52
3,734,0,454,-4.52,797,0,0,1088,-6.08
3,734,1,1088,-6.08,1070,62,62,1088,-6.08
3,734,2,2893,-4.18,1811,0,0,1088,-6.08
4,734,0,454,-5.52,797,0,0,4105,-8.98
4,734,1,1088,-7.08,1070,0,0,4105,-8.98
4,734,2,2893,-5.18,1811,0,0,4105,-8.98
4,734,3,4105,-8.98,786,50,50,4105,-8.98
4,734,4,5147,-5.54,1157,0,0,4105,-8.98
4,734,5,6075,-4.62,797,0,0,4105,-8.98
4,734,6,6503,-5.16,797,0,0,4105,-8.98
4,734,7,7669,-6.02,797,0,0,4105,-8.98
0,735,0,454,-1.64,797,58,58,454,-1.64
3,735,0,454,-4.64,797,0,0,1088,-6.2
3,735,1,1088,-6.2,1070,62,62,1088,-6.2
3,735,2,2893,-4.3,1811,0,0,1088,-6.2
4,735,0,454,-5.64,797,0,0,4105,-9.1
4,735,1,1088,-7.2,1070,0,0,4105,-9.1
4,735,2,2893,-5.3,1811,0,0,4105,-9.1
4,735,3,4105,-9.1,786,50,50,4105,-9.1
4,735,4,5147,-5.66,1157,0,0,4105,-9.1
4,735,5,6075,-4.74,797,0,0,4105,-9.1
4,735,6,6503,-5.28,797,0,0,4105,-9.1
4,735,7,7669,-6.14,797,0,0,4105,-9.1
0,736,0,12,-0.51,797,86,86,12,-0.51
3,736,0,12,-3.51,797,0,0,809,-5.07
3,736,1,809,-5.07,1070,90,90,809,-5.07
3,736,2,1910,-3.17,1811,0,0,809,-5.07
4,736,0,12,-4.51,797,0,0,3698,-7.97
4,736,1,809,-6.07,1070,0,0,3698,-7.97
4,736,2,1910,-4.17,1811,0,0,3698,-7.97
4,736,3,3698,-7.97,786,86,86,3698,-7.97
4,736,4,4515,-4.77,1157,0,0,3698,-7.97
4,736,5,5633,-3.61,797,0,0,3698,-7.97
4,736,6,6503,-4.93,797,0,0,3698,-7.97
4,736,7,7227,-5.01,797,0,0,3698,-7.97
0,737,0,12,-0.39,797,86,86,12,-0.39
3,737,0,12,-3.39,797,0,0,809,-4.95
3,737,1,809,-4.95,1070,90,90,809,-4.95
3,737,2,1910,-3.05,1811,0,0,809,-4.95
4,737,0,12,-4.39,797,0,0,3698,-7.85
4,737,1,809,-5.95,1070,0,0,3698,-7.85
4,737,2,1910,-4.05,1811,0,0,3698,-7.85
4,737,3,3698,-7.85,786,86,86,3698,-7.85
4,737,4,4515,-4.65,1157,0,0,3698,-7.85
4,737,5,5633,-3.49,797,0,0,3698,-7.85
4,737,6,6503,-4.81,797,0,0,3698,-7.85
4,737,7,7227,-4.89,797,0,0,3698,-7.85
0,738,0,12,-0.39,797,86,86,12,-0.39
3,738,0,12,-3.39,797,0,0,809,-4.95
3,738,1,809,-4.95,1070,90,90,809,-4.95
3,738,2,1910,-3.05,1811,0,0,809,-4.95
4,738,0,12,-4.39,797,0,0,3698,-7.85
4,738,1,809,-5.95,1070,0,0,3698,-7.85
4,738,2,1910,-4.05,1811,0,0,3698,-7.85
4,738,3,3698,-7.85,786,86,86,3698,-7.85
4,738,4,4515,-4.65,1157,0,0,3698,-7.85
4,738,5,5633,-3.49,797,0,0,3698,-7.85
4,738,6,6503,-4.81,797,0,0,3698,-7.85
4,738,7,7227,-4.89,797,0,0,3698,-7.85
0,739,0,12,-0.27,797,86,86,12,-0.27
3,739,0,12,-3.27,797,0,0,809,-4.83
3,739,1,809,-4.83,1070,90,90,809,-4.83
3,739,2,1910,-2.93,1811,0,0,809,-4.83
4,739,0,12,-4.27,797,0,0,3698,-7.73
4,739,1,809,-5.83,1070,0,0,3698,-7.73
4,739,2,1910,-3.93,1811,0,0,3698,-7.73
4,739,3,3698,-7.73,786,86,86,3698,-7.73
4,739,4,4515,-4.53,1157,0,0,3698,-7.73
4,739,5,5633,-3.37,797,0,0,3698,-7.73
4,739,6,6503,-4.69,797,0,0,3698,-7.73
4,739,7,7227,-4.77,797,0,0,3698,-7.73
0,740,0,12,-0.67,797,86,86,12,-0.67
3,740,0,12,-3.67,797,0,0,809,-5.23
3,740,1,809,-5.23,1070,90,90,809,-5.23
3,740,2,1910,-3.33,1811,0,0,809,-5.23
4,740,0,12,-4.67,797,0,0,3698,-8.13
4,740,1,809,-6.23,1070,0,0,3698,-8.13
4,740,2,1910,-4.33,1811,0,0,3698,-8.13
4,740,3,3698,-8.13,786,86,86,3698,-8.13
4,740,4,4515,-4.93,1157,0,0,3698,-8.13
4,740,5,5633,-3.77,797,0,0,3698,-8.13
4,740,6,6503,-5.09,797,0,0,3698,-8.13
4,740,7,7227,-5.17,797,0,0,3698,-8.13
0,741,0,12,-0.67,797,86,86,12,-0.67
3,741,0,12,-3.67,797,0,0,809,-5.23
3,741,1,809,-5.23,1070,90,90,809,-5.23
3,741,2,1910,-3.33,1811,0,0,809,-5.23
4,741,0,12,-4.67,797,0,0,3698,-8.13
4,741,1,809,-6.23,1070,0,0,3698,-8.13
4,741,2,1910,-4.33,1811,0,0,3698,-8.13
4,741,3,3698,-8.13,786,86,86,3698,-8.13
4,741,4,4515,-4.93,1157,0,0,3698,-8.13
4,741,5,5633,-3.77,797,0,0,3698,-8.13
4,741,6,6503,-5.09,797,0,0,3698,-8.13
4,741,7,7227,-5.17,797,0,0,3698,-8.13
0,742,0,32,0.27,797,47,47,32,0.27
3,742,0,32,-2.73,797,0,0,798,-4.29
3,742,1,798,-4.29,1070,22,22,798,-4.29
3,742,2,1877,-2.39,1811,0,0,798,-4.29
4,742,0,32,-3.73,797,0,0,3683,-7.19
4,742,1,798,-5.29,1070,0,0,3683,-7.19
4,742,2,1877,-3.39,1811,0,0,3683,-7.19
4,742,3,3683,-7.19,786,30,30,3683,-7.19
4,742,4,4543,-3.73,1157,0,0,3683,-7.19
4,742,5,5653,-2.83,797,0,0,3683,-7.19
4,742,6,6503,-4.59,797,0,0,3683,-7.19
4,742,7,7247,-4.23,797,0,0,3683,-7.19
0,743,0,32,0.39,797,47,47,32,0.39
3,743,0,32,-2.61,797,0,0,798,-4.17
3,743,1,798,-4.17,1070,22,22,798,-4.17
3,743,2,1877,-2.27,1811,0,0,798,-4.17
4,743,0,32,-3.61,797,0,0,3683,-7.07
4,743,1,798,-5.17,1070,0,0,3683,-7.07
4,743,2,1877,-3.27,1811,0,0,3683,-7.07
4,743,3,3683,-7.07,786,30,30,3683,-7.07
4,743,4,4543,-3.61,1157,0,0,3683,-7.07
4,743,5,5653,-2.71,797,0,0,3683,-7.07
4,743,6,6503,-4.47,797,0,0,3683,-7.07
4,743,7,7247,-4.11,797,0,0,3683,-7.07
0,744,0,32,0.39,797,47,47,32,0.39
3,744,0,32,-2.61,797,0,0,798,-4.17
3,744,1,798,-4.17,1070,22,22,798,-4.17
3,744,2,1877,-2.27,1811,0,0,798,-4.17
4,744,0,32,-3.61,797,0,0,3683,-7.07
4,744,1,798,-5.17,1070,0,0,3683,-7.07
4,744,2,1877,-3.27,1811,0,0,3683,-7.07
4,744,3,3683,-7.07,786,30,30,3683,-7.07
4,744,4,4543,-3.61,1157,0,0,3683,-7.07
4,744,5,5653,-2.71,797,0,0,3683,-7.07
4,744,6,6503,-4.47,797,0,0,3683,-7.07
4,744,7,7247,-4.11,797,0,0,3683,-7.07
0,745,0,32,0.51,797,47,47,32,0.51
3,745,0,32,-2.49,797,0,0,798,-4.05
3,745,1,798,-4.05,1070,22,22,798,-4.05
3,745,2,1877,-2.15,1811,0,0,798,-4.05
4,745,0,32,-3.49,797,0,0,3683,-6.95
4,745,1,798,-5.05,1070,0,0,3683,-6.95
4,745,2,1877,-3.15,1811,0,0,3683,-6.95
4,745,3,3683,-6.95,786,30,30,3683,-6.95
4,745,4,4543,-3.49,1157,0,0,3683,-6.95
4,745,5,5653,-2.59,797,0,0,3683,-6.95
4,745,6,6503,-4.35,797,0,0,3683,-6.95
4,745,7,7247,-3.99,797,0,0,3683,-6.95
0,746,0,32,0.1,797,47,47,32,0.1
3,746,0,32,-2.9,797,0,0,798,-4.46
3,746,1,798,-4.46,1070,22,22,798,-4.46
3,746,2,1877,-2.56,1811,0,0,798,-4.46
4,746,0,32,-3.9,797,0,0,3683,-7.36
4,746,1,798,-5.46,1070,0,0,3683,-7.36
4,746,2,1877,-3.56,1811,0,0,3683,-7.36
4,746,3,3683,-7.36,786,30,30,3683,-7.36
4,746,4,4543,-3.9,1157,0,0,3683,-7.36
4,746,5,5653,-3,797,0,0,3683,-7.36
4,746,6,6503,-4.76,797,0,0,3683,-7.36
4,746,7,7247,-4.4,797,0,0,3683,-7.36
0,747,0,32,0.1,797,47,47,32,0.1
3,747,0,32,-2.9,797,0,0,798,-4.46
3,747,1,798,-4.46,1070,22,22,798,-4.46
3,747,2,1877,-2.56,1811,0,0,798,-4.46
4,747,0,32,-3.9,797,0,0,3683,-7.36
4,747,1,798,-5.46,1070,0,0,3683,-7.36
4,747,2,1877,-3.56,1811,0,0,3683,-7.36
4,747,3,3683,-7.36,786,30,30,3683,-7.36
4,747,4,4543,-3.9,1157,0,0,3683,-7.36
4,747,5,5653,-3,797,0,0,3683,-7.36
4,747,6,6503,-4.76,797,0,0,3683,-7.36
4,747,7,7247,-4.4,797,0,0,3683,-7.36
0,748,0,19,0.81,797,11,11,19,0.81
3,748,0,19,-2.19,797,0,0,820,-3.75
3,748,1,820,-3.75,1070,2,2,820,-3.75
3,748,2,1876,-1.85,1811,0,0,820,-3.75
4,748,0,19,-3.19,797,0,0,3682,-6.65
4,748,1,820,-4.75,1070,0,0,3682,-6.65
4,748,2,1876,-2.85,1811,0,0,3682,-6.65
4,748,3,3682,-6.65,786,3,3,3682,-6.65
4,748,4,4474,-2.85,1157,0,0,3682,-6.65
4,748,5,5640,-2.29,797,0,0,3682,-6.65
4,748,6,6434,-3.47,797,0,0,3682,-6.65
4,748,7,7234,-3.69,797,0,0,3682,-6.65
0,749,0,792,3.07,796,54,0,792,3.07
3,749,0,792,0.07,796,0,0,1350,-1.49
3,749,1,1350,-1.49,1069,72,0,1350,-1.49
3,749,2,3086,-0.81,1808,5,0,1350,-1.49
4,749,0,792,-0.93,796,0,0,4459,-4.39
4,749,1,1350,-2.49,1069,0,0,4459,-4.39
4,749,2,3086,-1.81,1808,0,0,4459,-4.39
4,749,3,4459,-4.39,785,55,0,4459,-4.39
4,749,4,5616,-0.59,1156,0,0,4459,-4.39
4,749,5,5624,1.92,796,0,0,4459,-4.39
4,749,6,6503,-0.79,796,0,0,4459,-4.39
4,749,7,8007,-1.43,796,0,0,4459,-4.39
0,750,0,85,-2.84,797,14,14,85,-2.84
3,750,0,85,-5.84,797,0,0,818,-7.4
3,750,1,818,-7.4,1070,12,12,818,-7.4
3,750,2,3398,-6.16,1811,0,0,818,-7.4
4,750,0,85,-6.84,797,0,0,3707,-10.3
4,750,1,818,-8.4,1070,0,0,3707,-10.3
4,750,2,3398,-7.16,1811,0,0,3707,-10.3
4,750,3,3707,-10.3,786,12,12,3707,-10.3
4,750,4,5149,-7.08,1157,0,0,3707,-10.3
4,750,5,5706,-5.94,797,0,0,3707,-10.3
4,750,6,6503,-5.94,797,0,0,3707,-10.3
4,750,7,7300,-7.34,797,0,0,3707,-10.3
0,751,0,85,-2.76,797,14,14,85,-2.76
3,751,0,85,-5.76,797,0,0,818,-7.32
3,751,1,818,-7.32,1070,12,12,818,-7.32
3,751,2,3398,-6.08,1811,0,0,818,-7.32
4,751,0,85,-6.76,797,0,0,3707,-10.22
4,751,1,818,-8.32,1070,0,0,3707,-10.22
4,751,2,3398,-7.08,1811,0,0,3707,-10.22
4,751,3,3707,-10.22,786,12,12,3707,-10.22
4,751,4,5149,-7,1157,0,0,3707,-10.22
4,751,5,5706,-5.86,797,0,0,3707,-10.22
4,751,6,6503,-5.86,797,0,0,3707,-10.22
4,751,7,7300,-7.26,797,0,0,3707,-10.22
0,752,0,454,-1.99,797,58,58,454,-1.99
3,752,0,454,-4.99,797,0,0,1088,-6.55
3,752,1,1088,-6.55,1070,62,62,1088,-6.55
3,752,2,2893,-4.65,1811,0,0,1088,-6.55
4,752,0,454,-5.99,797,0,0,4105,-9.45
4,752,1,1088,-7.55,1070,0,0,4105,-9.45
4,752,2,2893,-5.65,1811,0,0,4105,-9.45
4,752,3,4105,-9.45,786,50,50,4105,-9.45
4,752,4,5147,-6.01,1157,0,0,4105,-9.45
4,752,5,6075,-5.09,797,0,0,4105,-9.45
4,752,6,6503,-5.63,797,0,0,4105,-9.45
4,752,7,7669,-6.49,797,0,0,4105,-9.45
0,753,0,454,-1.65,797,58,58,454,-1.65
3,753,0,454,-4.65,797,0,0,1088,-6.21
3,753,1,1088,-6.21,1070,62,62,1088,-6.21
3,753,2,2893,-4.31,1811,0,0,1088,-6.21
4,753,0,454,-5.65,797,0,0,4105,-9.11
4,753,1,1088,-7.21,1070,0,0,4105,-9.11
4,753,2,2893,-5.31,1811,0,0,4105,-9.11
4,753,3,4105,-9.11,786,50,50,4105,-9.11
4,753,4,5147,-5.67,1157,0,0,4105,-9.11
4,753,5,6075,-4.75,797,0,0,4105,-9.11
4,753,6,6503,-5.29,797,0,0,4105,-9.11
4,753,7,7669,-6.15,797,0,0,4105,-9.11
0,754,0,454,-2.11,797,58,58,454,-2.11
3,754,0,454,-5.11,797,0,0,1088,-6.67
3,754,1,1088,-6.67,1070,62,62,1088,-6.67
3,754,2,2893,-4.77,1811,0,0,1088,-6.67
4,754,0,454,-6.11,797,0,0,4105,-9.57
4,754,1,1088,-7.67,1070,0,0,4105,-9.57
4,754,2,2893,-5.77,1811,0,0,4105,-9.57
4,754,3,4105,-9.57,786,50,50,4105,-9.57
4,754,4,5147,-6.13,1157,0,0,4105,-9.57
4,754,5,6075,-5.21,797,0,0,4105,-9.57
4,754,6,6503,-5.75,797,0,0,4105,-9.57
4,754,7,7669,-6.61,797,0,0,4105,-9.57
0,755,0,454,-1.99,797,58,58,454,-1.99
3,755,0,454,-4.99,797,0,0,1088,-6.55
3,755,1,1088,-6.55,1070,62,62,1088,-6.55
3,755,2,2970,-5.14,1811,0,0,1088,-6.55
4,755,0,454,-5.99,797,0,0,4105,-9.45
4,755,1,1088,-7.55,1070,0,0,4105,-9.45
4,755,2,2970,-6.14,1811,0,0,4105,-9.45
4,755,3,4105,-9.45,786,50,50,4105,-9.45
4,755,4,5147,-6.01,1157,0,0,4105,-9.45
4,755,5,6075,-5.09,797,0,0,4105,-9.45
4,755,6,6503,-5.63,797,0,0,4105,-9.45
4,755,7,7669,-6.49,797,0,0,4105,-9.45
0,756,0,454,-1.87,797,58,58,454,-1.87
3,756,0,454,-4.87,797,0,0,1088,-6.43
3,756,1,1088,-6.43,1070,62,62,1088,-6.43
3,756,2,2893,-4.53,1811,0,0,1088,-6.43
4,756,0,454,-5.87,797,0,0,4105,-9.33
4,756,1,1088,-7.43,1070,0,0,4105,-9.33
4,756,2,2893,-5.53,1811,0,0,4105,-9.33
4,756,3,4105,-9.33,786,50,50,4105,-9.33
4,756,4,5147,-5.89,1157,0,0,4105,-9.33
4,756,5,6075,-4.97,797,0,0,4105,-9.33
4,756,6,6503,-5.51,797,0,0,4105,-9.33
4,756,7,7669,-6.37,797,0,0,4105,-9.33
0,757,0,454,-1.87,797,58,58,454,-1.87
3,757,0,454,-4.87,797,0,0,1088,-6.43
3,757,1,1088,-6.43,1070,62,62,1088,-6.43
3,757,2,2893,-4.53,1811,0,0,1088,-6.43
4,757,0,454,-5.87,797,0,0,4105,-9.33
4,757,1,1088,-7.43,1070,0,0,4105,-9.33
4,757,2,2893,-5.53,1811,0,0,4105,-9.33
4,757,3,4105,-9.33,786,50,50,4105,-9.33
4,757,4,5147,-5.89,1157,0,0,4105,-9.33
4,757,5,6075,-4.97,797,0,0,4105,-9.33
4,757,6,6503,-5.51,797,0,0,4105,-9.33
4,757,7,7669,-6.37,797,0,0,4105,-9.33
0,758,0,454,-1.75,797,58,58,454,-1.75
3,758,0,454,-4.75,797,0,0,1088,-6.31
3,758,1,1088,-6.31,1070,62,62,1088,-6.31
3,758,2,2970,-5.14,1811,0,0,1088,-6.31
4,758,0,454,-5.75,797,0,0,4105,-9.21
4,758,1,1088,-7.31,1070,0,0,4105,-9.21
4,758,2,2970,-6.14,1811,0,0,4105,-9.21
4,758,3,4105,-9.21,786,50,50,4105,-9.21
4,758,4,5147,-5.77,1157,0,0,4105,-9.21
4,758,5,6075,-4.85,797,0,0,4105,-9.21
4,758,6,6503,-5.39,797,0,0,4105,-9.21
4,758,7,7669,-6.25,797,0,0,4105,-9.21
0,759,0,454,-1.79,797,58,58,454,-1.79
3,759,0,454,-4.79,797,0,0,1088,-6.35
3,759,1,1088,-6.35,1070,62,62,1088,-6.35
3,759,2,2893,-4.45,1811,0,0,1088,-6.35
4,759,0,454,-5.79,797,0,0,4105,-9.25
4,759,1,1088,-7.35,1070,0,0,4105,-9.25
4,759,2,2893,-5.45,1811,0,0,4105,-9.25
4,759,3,4105,-9.25,786,50,50,4105,-9.25
4,759,4,5147,-5.81,1157,0,0,4105,-9.25
4,759,5,6075,-4.89,797,0,0,4105,-9.25
4,759,6,6503,-5.43,797,0,0,4105,-9.25
4,759,7,7669,-6.29,797,0,0,4105,-9.25
0,760,0,454,-1.79,797,58,58,454,-1.79
3,760,0,454,-4.79,797,0,0,1088,-6.35
3,760,1,1088,-6.35,1070,62,62,1088,-6.35
3,760,2,2893,-4.45,1811,0,0,1088,-6.35
4,760,0,454,-5.79,797,0,0,4105,-9.25
4,760,1,1088,-7.35,1070,0,0,4105,-9.25
4,760,2,2893,-5.45,1811,0,0,4105,-9.25
4,760,3,4105,-9.25,786,50,50,4105,-9.25
4,760,4,5147,-5.81,1157,0,0,4105,-9.25
4,760,5,6075,-4.89,797,0,0,4105,-9.25
4,760,6,6503,-5.43,797,0,0,4105,-9.25
4,760,7,7669,-6.29,797,0,0,4105,-9.25
0,761,0,454,-1.79,797,58,58,454,-1.79
3,761,0,454,-4.79,797,0,0,1088,-6.35
3,761,1,1088,-6.35,1070,62,62,1088,-6.35
3,761,2,2970,-5.06,1811,0,0,1088,-6.35
4,761,0,454,-5.79,797,0,0,4105,-9.25
4,761,1,1088,-7.35,1070,0,0,4105,-9.25
4,761,2,2970,-6.06,1811,0,0,4105,-9.25
4,761,3,4105,-9.25,786,50,50,4105,-9.25
4,761,4,5147,-5.81,1157,0,0,4105,-9.25
4,761,5,6075,-4.89,797,0,0,4105,-9.25
4,761,6,6503,-5.43,797,0,0,4105,-9.25
4,761,7,7669,-6.29,797,0,0,4105,-9.25
0,762,0,454,-1.67,797,58,58,454,-1.67
3,762,0,454,-4.67,797,0,0,1088,-6.23
3,762,1,1088,-6.23,1070,62,62,1088,-6.23
3,762,2,2970,-5.06,1811,0,0,1088,-6.23
4,762,0,454,-5.67,797,0,0,4105,-9.13
4,762,1,1088,-7.23,1070,0,0,4105,-9.13
4,762,2,2970,-6.06,1811,0,0,4105,-9.13
4,762,3,4105,-9.13,786,50,50,4105,-9.13
4,762,4,5147,-5.69,1157,0,0,4105,-9.13
4,762,5,6075,-4.77,797,0,0,4105,-9.13
4,762,6,6503,-5.31,797,0,0,4105,-9.13
4,762,7,7669,-6.17,797,0,0,4105,-9.13
0,763,0,454,-4.67,797,58,58,454,-4.67
3,763,0,454,-7.67,797,0,0,1088,-9.23
3,763,1,1088,-9.23,1070,62,62,1088,-9.23
3,763,2,2893,-7.33,1811,0,0,1088,-9.23
4,763,0,454,-8.67,797,0,0,4105,-12.13
4,763,1,1088,-10.23,1070,0,0,4105,-12.13
4,763,2,2893,-8.33,1811,0,0,4105,-12.13
4,763,3,4105,-12.13,786,50,50,4105,-12.13
4,763,4,5147,-8.69,1157,0,0,4105,-12.13
4,763,5,6075,-7.77,797,0,0,4105,-12.13
4,763,6,6503,-8.31,797,0,0,4105,-12.13
4,763,7,7669,-9.17,797,0,0,4105,-12.13
0,764,0,454,-1.99,797,58,58,454,-1.99
3,764,0,454,-4.99,797,0,0,1088,-6.55
3,764,1,1088,-6.55,1070,62,62,1088,-6.55
3,764,2,2893,-4.65,1811,0,0,1088,-6.55
4,764,0,454,-5.99,797,0,0,4105,-9.45
4,764,1,1088,-7.55,1070,0,0,4105,-9.45
4,764,2,2893,-5.65,1811,0,0,4105,-9.45
4,764,3,4105,-9.45,786,50,50,4105,-9.45
4,764,4,5147,-6.01,1157,0,0,4105,-9.45
4,764,5,6075,-5.09,797,0,0,4105,-9.45
4,764,6,6503,-5.63,797,0,0,4105,-9.45
4,764,7,7669,-6.49,797,0,0,4105,-9.45
0,765,0,454,-2.16,797,58,58,454,-2.16
3,765,0,454,-5.16,797,0,0,1088,-6.72
3,765,1,1088,-6.72,1070,62,62,1088,-6.72
3,765,2,2893,-4.82,1811,0,0,1088,-6.72
4,765,0,454,-6.16,797,0,0,4105,-9.62
4,765,1,1088,-7.72,1070,0,0,4105,-9.62
4,765,2,2893,-5.82,1811,0,0,4105,-9.62
4,765,3,4105,-9.62,786,50,50,4105,-9.62
4,765,4,5147,-6.18,1157,0,0,4105,-9.62
4,765,5,6075,-5.26,797,0,0,4105,-9.62
4,765,6,6503,-5.8,797,0,0,4105,-9.62
4,765,7,7669,-6.66,797,0,0,4105,-9.62
0,766,0,454,-1.38,797,58,58,454,-1.38
3,766,0,454,-4.38,797,0,0,1088,-5.94
3,766,1,1088,-5.94,1070,62,62,1088,-5.94
3,766,2,2893,-4.04,1811,0,0,1088,-5.94
4,766,0,454,-5.38,797,0,0,4105,-8.84
4,766,1,1088,-6.94,1070,0,0,4105,-8.84
4,766,2,2893,-5.04,1811,0,0,4105,-8.84
4,766,3,4105,-8.84,786,50,50,4105,-8.84
4,766,4,5147,-5.4,1157,0,0,4105,-8.84
4,766,5,6075,-4.48,797,0,0,4105,-8.84
4,766,6,6503,-5.02,797,0,0,4105,-8.84
4,766,7,7669,-5.88,797,0,0,4105,-8.84
0,767,0,12,-0.42,797,86,86,12,-0.42
3,767,0,12,-3.42,797,0,0,809,-4.98
3,767,1,809,-4.98,1070,90,90,809,-4.98
3,767,2,1910,-3.08,1811,0,0,809,-4.98
4,767,0,12,-4.42,797,0,0,3698,-7.88
4,767,1,809,-5.98,1070,0,0,3698,-7.88
4,767,2,1910,-4.08,1811,0,0,3698,-7.88
4,767,3,3698,-7.88,786,86,86,3698,-7.88
4,767,4,4515,-4.68,1157,0,0,3698,-7.88
4,767,5,5633,-3.52,797,0,0,3698,-7.88
4,767,6,6503,-4.84,797,0,0,3698,-7.88
4,767,7,7227,-4.92,797,0,0,3698,-7.88
0,768,0,12,-0.3,797,86,86,12,-0.3
3,768,0,12,-3.3,797,0,0,809,-4.86
3,768,1,809,-4.86,1070,90,90,809,-4.86
3,768,2,1910,-2.96,1811,0,0,809,-4.86
4,768,0,12,-4.3,797,0,0,3698,-7.76
4,768,1,809,-5.86,1070,0,0,3698,-7.76
4,768,2,1910,-3.96,1811,0,0,3698,-7.76
4,768,3,3698,-7.76,786,86,86,3698,-7.76
4,768,4,4515,-4.56,1157,0,0,3698,-7.76
4,768,5,5633,-3.4,797,0,0,3698,-7.76
4,768,6,6503,-4.72,797,0,0,3698,-7.76
4,768,7,7227,-4.8,797,0,0,3698,-7.76
0,769,0,12,-0.3,797,86,86,12,-0.3
3,769,0,12,-3.3,797,0,0,809,-4.86
3,769,1,809,-4.86,1070,90,90,809,-4.86
3,769,2,1910,-2.96,1811,0,0,809,-4.86
4,769,0,12,-4.3,797,0,0,3698,-7.76
4,769,1,809,-5.86,1070,0,0,3698,-7.76
4,769,2,1910,-3.96,1811,0,0,3698,-7.76
4,769,3,3698,-7.76,786,86,86,3698,-7.76
4,769,4,4515,-4.56,1157,0,0,3698,-7.76
4,769,5,5633,-3.4,797,0,0,3698,-7.76
4,769,6,6503,-4.72,797,0,0,3698,-7.76
4,769,7,7227,-4.8,797,0,0,3698,-7.76
0,770,0,12,-0.18,797,86,86,12,-0.18
3,770,0,12,-3.18,797,0,0,809,-4.74
3,770,1,809,-4.74,1070,90,90,809,-4.74
3,770,2,1910,-2.84,1811,0,0,809,-4.74
4,770,0,12,-4.18,797,0,0,3698,-7.64
4,770,1,809,-5.74,1070,0,0,3698,-7.64
4,770,2,1910,-3.84,1811,0,0,3698,-7.64
4,770,3,3698,-7.64,786,86,86,3698,-7.64
4,770,4,4515,-4.44,1157,0,0,3698,-7.64
4,770,5,5633,-3.28,797,0,0,3698,-7.64
4,770,6,6503,-4.6,797,0,0,3698,-7.64
4,770,7,7227,-4.68,797,0,0,3698,-7.64
0,771,0,12,-0.58,797,86,86,12,-0.58
3,771,0,12,-3.58,797,0,0,809,-5.14
3,771,1,809,-5.14,1070,90,90,809,-5.14
3,771,2,1910,-3.24,1811,0,0,809,-5.14
4,771,0,12,-4.58,797,0,0,3698,-8.04
4,771,1,809,-6.14,1070,0,0,3698,-8.04
4,771,2,1910,-4.24,1811,0,0,3698,-8.04
4,771,3,3698,-8.04,786,86,86,3698,-8.04
4,771,4,4515,-4.84,1157,0,0,3698,-8.04
4,771,5,5633,-3.68,797,0,0,3698,-8.04
4,771,6,6503,-5,797,0,0,3698,-8.04
4,771,7,7227,-5.08,797,0,0,3698,-8.04
0,772,0,12,-0.58,797,86,86,12,-0.58
3,772,0,12,-3.58,797,0,0,809,-5.14
3,772,1,809,-5.14,1070,90,90,809,-5.14
3,772,2,1910,-3.24,1811,0,0,809,-5.14
4,772,0,12,-4.58,797,0,0,3698,-8.04
4,772,1,809,-6.14,1070,0,0,3698,-8.04
4,772,2,1910,-4.24,1811,0,0,3698,-8.04
4,772,3,3698,-8.04,786,86,86,3698,-8.04
4,772,4,4515,-4.84,1157,0,0,3698,-8.04
4,772,5,5633,-3.68,797,0,0,3698,-8.04
4,772,6,6503,-5,797,0,0,3698,-8.04
4,772,7,7227,-5.08,797,0,0,3698,-8.04
0,773,0,32,0.5,797,47,47,32,0.5
3,773,0,32,-2.5,797,0,0,798,-4.06
3,773,1,798,-4.06,1070,22,22,798,-4.06
3,773,2,1877,-2.16,1811,0,0,798,-4.06
4,773,0,32,-3.5,797,0,0,3683,-6.96
4,773,1,798,-5.06,1070,0,0,3683,-6.96
4,773,2,1877,-3.16,1811,0,0,3683,-6.96
4,773,3,3683,-6.96,786,30,30,3683,-6.96
4,773,4,4543,-3.5,1157,0,0,3683,-6.96
4,773,5,5653,-2.6,797,0,0,3683,-6.96
4,773,6,6503,-4.36,797,0,0,3683,-6.96
4,773,7,7247,-4,797,0,0,3683,-6.96
0,774,0,32,0.62,797,47,47,32,0.62
3,774,0,32,-2.38,797,0,0,798,-3.94
3,774,1,798,-3.94,1070,22,22,798,-3.94
3,774,2,1877,-2.04,1811,0,0,798,-3.94
4,774,0,32,-3.38,797,0,0,3683,-6.84
4,774,1,798,-4.94,1070,0,0,3683,-6.84
4,774,2,1877,-3.04,1811,0,0,3683,-6.84
4,774,3,3683,-6.84,786,30,30,3683,-6.84
4,774,4,4543,-3.38,1157,0,0,3683,-6.84
4,774,5,5653,-2.48,797,0,0,3683,-6.84
4,774,6,6503,-4.24,797,0,0,3683,-6.84
4,774,7,7247,-3.88,797,0,0,3683,-6.84
0,775,0,32,0.62,797,47,47,32,0.62
3,775,0,32,-2.38,797,0,0,798,-3.94
3,775,1,798,-3.94,1070,22,22,798,-3.94
3,775,2,1877,-2.04,1811,0,0,798,-3.94
4,775,0,32,-3.38,797,0,0,3683,-6.84
4,775,1,798,-4.94,1070,0,0,3683,-6.84
4,775,2,1877,-3.04,1811,0,0,3683,-6.84
4,775,3,3683,-6.84,786,30,30,3683,-6.84
4,775,4,4543,-3.38,1157,0,0,3683,-6.84
4,775,5,5653,-2.48,797,0,0,3683,-6.84
4,775,6,6503,-4.24,797,0,0,3683,-6.84
4,775,7,7247,-3.88,797,0,0,3683,-6.84
0,776,0,32,0.74,797,47,47,32,0.74
3,776,0,32,-2.26,797,0,0,798,-3.82
3,776,1,798,-3.82,1070,22,22,798,-3.82
3,776,2,1877,-1.92,1811,0,0,798,-3.82
4,776,0,32,-3.26,797,0,0,3683,-6.72
4,776,1,798,-4.82,1070,0,0,3683,-6.72
4,776,2,1877,-2.92,1811,0,0,3683,-6.72
4,776,3,3683,-6.72,786,30,30,3683,-6.72
4,776,4,4543,-3.26,1157,0,0,3683,-6.72
4,776,5,5653,-2.36,797,0,0,3683,-6.72
4,776,6,6503,-4.12,797,0,0,3683,-6.72
4,776,7,7247,-3.76,797,0,0,3683,-6.72
0,777,0,32,0.34,797,47,47,32,0.34
3,777,0,32,-2.66,797,0,0,798,-4.22
3,777,1,798,-4.22,1070,22,22,798,-4.22
3,777,2,1877,-2.32,1811,0,0,798,-4.22
4,777,0,32,-3.66,797,0,0,3683,-7.12
4,777,1,798,-5.22,1070,0,0,3683,-7.12
4,777,2,1877,-3.32,1811,0,0,3683,-7.12
4,777,3,3683,-7.12,786,30,30,3683,-7.12
4,777,4,4543,-3.66,1157,0,0,3683,-7.12
4,777,5,5653,-2.76,797,0,0,3683,-7.12
4,777,6,6503,-4.52,797,0,0,3683,-7.12
4,777,7,7247,-4.16,797,0,0,3683,-7.12
0,778,0,32,0.34,797,47,47,32,0.34
3,778,0,32,-2.66,797,0,0,798,-4.22
3,778,1,798,-4.22,1070,22,22,798,-4.22
3,778,2,1877,-2.32,1811,0,0,798,-4.22
4,778,0,32,-3.66,797,0,0,3683,-7.12
4,778,1,798,-5.22,1070,0,0,3683,-7.12
4,778,2,1877,-3.32,1811,0,0,3683,-7.12
4,778,3,3683,-7.12,786,30,30,3683,-7.12
4,778,4,4543,-3.66,1157,0,0,3683,-7.12
4,778,5,5653,-2.76,797,0,0,3683,-7.12
4,778,6,6503,-4.52,797,0,0,3683,-7.12
4,778,7,7247,-4.16,797,0,0,3683,-7.12
0,779,0,19,1.26,797,11,11,19,1.26
3,779,0,19,-1.74,797,0,0,820,-3.3
3,779,1,820,-3.3,1070,2,2,820,-3.3
3,779,2,1876,-1.4,1811,0,0,820,-3.3
4,779,0,19,-2.74,797,0,0,3682,-6.2
4,779,1,820,-4.3,1070,0,0,3682,-6.2
4,779,2,1876,-2.4,1811,0,0,3682,-6.2
4,779,3,3682,-6.2,786,3,3,3682,-6.2
4,779,4,4474,-2.4,1157,0,0,3682,-6.2
4,779,5,5640,-1.84,797,0,0,3682,-6.2
4,779,6,6434,-3.02,797,0,0,3682,-6.2
4,779,7,7234,-3.24,797,0,0,3682,-6.2
0,780,0,796,3.56,796,54,0,796,3.56
3,780,0,796,0.56,796,0,0,1354,-1
3,780,1,1354,-1,1069,73,0,1354,-1
3,780,2,3087,-0.32,1808,5,0,1354,-1
4,780,0,796,-0.44,796,0,0,4463,-3.9
4,780,1,1354,-2,1069,0,0,4463,-3.9
4,780,2,3087,-1.32,1808,0,0,4463,-3.9
4,780,3,4463,-3.9,785,55,0,4463,-3.9
4,780,4,5620,-0.1,1156,0,0,4463,-3.9
4,780,5,5624,2.6,796,0,0,4463,-3.9
4,780,6,6503,-0.35,796,0,0,4463,-3.9
4,780,7,8011,-0.94,796,0,0,4463,-3.9
0,781,0,454,-2.16,797,59,59,454,-2.16
3,781,0,454,-5.16,797,0,0,1088,-6.72
3,781,1,1088,-6.72,1070,63,63,1088,-6.72
3,781,2,2893,-4.82,1811,0,0,1088,-6.72
4,781,0,454,-6.16,797,0,0,4105,-9.62
4,781,1,1088,-7.72,1070,0,0,4105,-9.62
4,781,2,2893,-5.82,1811,0,0,4105,-9.62
4,781,3,4105,-9.62,786,51,51,4105,-9.62
4,781,4,5147,-6.18,1157,0,0,4105,-9.62
4,781,5,6075,-5.26,797,0,0,4105,-9.62
4,781,6,6503,-5.8,797,0,0,4105,-9.62
4,781,7,7669,-6.66,797,0,0,4105,-9.62
0,782,0,454,-2.08,797,59,59,454,-2.08
3,782,0,454,-5.08,797,0,0,1088,-6.64
3,782,1,1088,-6.64,1070,63,63,1088,-6.64
3,782,2,2893,-4.74,1811,0,0,1088,-6.64
4,782,0,454,-6.08,797,0,0,4105,-9.54
4,782,1,1088,-7.64,1070,0,0,4105,-9.54
4,782,2,2893,-5.74,1811,0,0,4105,-9.54
4,782,3,4105,-9.54,786,51,51,4105,-9.54
4,782,4,5147,-6.1,1157,0,0,4105,-9.54
4,782,5,6075,-5.18,797,0,0,4105,-9.54
4,782,6,6503,-5.72,797,0,0,4105,-9.54
4,782,7,7669,-6.58,797,0,0,4105,-9.54
0,783,0,12,-0.81,797,86,86,12,-0.81
3,783,0,12,-3.81,797,0,0,809,-5.37
3,783,1,809,-5.37,1070,90,90,809,-5.37
3,783,2,1910,-3.47,1811,0,0,809,-5.37
4,783,0,12,-4.81,797,0,0,3698,-8.27
4,783,1,809,-6.37,1070,0,0,3698,-8.27
4,783,2,1910,-4.47,1811,0,0,3698,-8.27
4,783,3,3698,-8.27,786,86,86,3698,-8.27
4,783,4,4515,-5.07,1157,0,0,3698,-8.27
4,783,5,5633,-3.91,797,0,0,3698,-8.27
4,783,6,6503,-5.23,797,0,0,3698,-8.27
4,783,7,7227,-5.31,797,0,0,3698,-8.27
0,784,0,12,-0.73,797,86,86,12,-0.73
3,784,0,12,-3.73,797,0,0,809,-5.29
3,784,1,809,-5.29,1070,90,90,809,-5.29
3,784,2,1910,-3.39,1811,0,0,809,-5.29
4,784,0,12,-4.73,797,0,0,3698,-8.19
4,784,1,809,-6.29,1070,0,0,3698,-8.19
4,784,2,1910,-4.39,1811,0,0,3698,-8.19
4,784,3,3698,-8.19,786,86,86,3698,-8.19
4,784,4,4515,-4.99,1157,0,0,3698,-8.19
4,784,5,5633,-3.83,797,0,0,3698,-8.19
4,784,6,6503,-5.15,797,0,0,3698,-8.19
4,784,7,7227,-5.23,797,0,0,3698,-8.19
0,785,0,32,0.45,797,47,47,32,0.45
3,785,0,32,-2.55,797,0,0,798,-4.11
3,785,1,798,-4.11,1070,22,22,798,-4.11
3,785,2,1877,-2.21,1811,0,0,798,-4.11
4,785,0,32,-3.55,797,0,0,3683,-7.01
4,785,1,798,-5.11,1070,0,0,3683,-7.01
4,785,2,1877,-3.21,1811,0,0,3683,-7.01
4,785,3,3683,-7.01,786,30,30,3683,-7.01
4,785,4,4543,-3.55,1157,0,0,3683,-7.01
4,785,5,5653,-2.65,797,0,0,3683,-7.01
4,785,6,6503,-4.41,797,0,0,3683,-7.01
4,785,7,7247,-4.05,797,0,0,3683,-7.01
0,786,0,32,0.57,797,47,47,32,0.57
3,786,0,32,-2.43,797,0,0,798,-3.99
3,786,1,798,-3.99,1070,22,22,798,-3.99
3,786,2,1877,-2.09,1811,0,0,798,-3.99
4,786,0,32,-3.43,797,0,0,3683,-6.89
4,786,1,798,-4.99,1070,0,0,3683,-6.89
4,786,2,1877,-3.09,1811,0,0,3683,-6.89
4,786,3,3683,-6.89,786,30,30,3683,-6.89
4,786,4,4543,-3.43,1157,0,0,3683,-6.89
4,786,5,5653,-2.53,797,0,0,3683,-6.89
4,786,6,6503,-4.29,797,0,0,3683,-6.89
4,786,7,7247,-3.93,797,0,0,3683,-6.89
0,787,0,32,0.57,797,47,47,32,0.57
3,787,0,32,-2.43,797,0,0,798,-3.99
3,787,1,798,-3.99,1070,22,22,798,-3.99
3,787,2,1877,-2.09,1811,0,0,798,-3.99
4,787,0,32,-3.43,797,0,0,3683,-6.89
4,787,1,798,-4.99,1070,0,0,3683,-6.89
4,787,2,1877,-3.09,1811,0,0,3683,-6.89
4,787,3,3683,-6.89,786,30,30,3683,-6.89
4,787,4,4543,-3.43,1157,0,0,3683,-6.89
4,787,5,5653,-2.53,797,0,0,3683,-6.89
4,787,6,6503,-4.29,797,0,0,3683,-6.89
4,787,7,7247,-3.93,797,0,0,3683,-6.89
0,788,0,32,0.69,797,47,47,32,0.69
3,788,0,32,-2.31,797,0,0,798,-3.87
3,788,1,798,-3.87,1070,22,22,798,-3.87
3,788,2,1877,-1.97,1811,0,0,798,-3.87
4,788,0,32,-3.31,797,0,0,3683,-6.77
4,788,1,798,-4.87,1070,0,0,3683,-6.77
4,788,2,1877,-2.97,1811,0,0,3683,-6.77
4,788,3,3683,-6.77,786,30,30,3683,-6.77
4,788,4,4543,-3.31,1157,0,0,3683,-6.77
4,788,5,5653,-2.41,797,0,0,3683,-6.77
4,788,6,6503,-4.17,797,0,0,3683,-6.77
4,788,7,7247,-3.81,797,0,0,3683,-6.77
0,789,0,32,0.29,797,47,47,32,0.29
3,789,0,32,-2.71,797,0,0,798,-4.27
3,789,1,798,-4.27,1070,22,22,798,-4.27
3,789,2,1877,-2.37,1811,0,0,798,-4.27
4,789,0,32,-3.71,797,0,0,3683,-7.17
4,789,1,798,-5.27,1070,0,0,3683,-7.17
4,789,2,1877,-3.37,1811,0,0,3683,-7.17
4,789,3,3683,-7.17,786,30,30,3683,-7.17
4,789,4,4543,-3.71,1157,0,0,3683,-7.17
4,789,5,5653,-2.81,797,0,0,3683,-7.17
4,789,6,6503,-4.57,797,0,0,3683,-7.17
4,789,7,7247,-4.21,797,0,0,3683,-7.17
0,790,0,32,0.29,797,47,47,32,0.29
3,790,0,32,-2.71,797,0,0,798,-4.27
3,790,1,798,-4.27,1070,22,22,798,-4.27
3,790,2,1877,-2.37,1811,0,0,798,-4.27
4,790,0,32,-3.71,797,0,0,3683,-7.17
4,790,1,798,-5.27,1070,0,0,3683,-7.17
4,790,2,1877,-3.37,1811,0,0,3683,-7.17
4,790,3,3683,-7.17,786,30,30,3683,-7.17
4,790,4,4543,-3.71,1157,0,0,3683,-7.17
4,790,5,5653,-2.81,797,0,0,3683,-7.17
4,790,6,6503,-4.57,797,0,0,3683,-7.17
4,790,7,7247,-4.21,797,0,0,3683,-7.17
0,791,0,19,1.35,797,11,11,19,1.35
3,791,0,19,-1.65,797,0,0,820,-3.21
3,791,1,820,-3.21,1070,2,2,820,-3.21
3,791,2,1876,-1.31,1811,0,0,820,-3.21
4,791,0,19,-2.65,797,0,0,3682,-6.11
4,791,1,820,-4.21,1070,0,0,3682,-6.11
4,791,2,1876,-2.31,1811,0,0,3682,-6.11
4,791,3,3682,-6.11,786,3,3,3682,-6.11
4,791,4,4474,-2.31,1157,0,0,3682,-6.11
4,791,5,5640,-1.75,797,0,0,3682,-6.11
4,791,6,6434,-2.93,797,0,0,3682,-6.11
4,791,7,7234,-3.15,797,0,0,3682,-6.11
0,792,0,792,3.66,796,54,0,792,3.66
3,792,0,792,0.66,796,0,0,1350,-0.9
3,792,1,1350,-0.9,1069,72,0,1350,-0.9
3,792,2,3086,-0.21,1808,5,0,1350,-0.9
4,792,0,792,-0.34,796,0,0,4459,-3.8
4,792,1,1350,-1.9,1069,0,0,4459,-3.8
4,792,2,3086,-1.21,1808,0,0,4459,-3.8
4,792,3,4459,-3.8,785,55,0,4459,-3.8
4,792,4,5616,0,1156,0,0,4459,-3.8
4,792,5,6075,2.76,796,0,0,4459,-3.8
4,792,6,6503,-0.19,796,0,0,4459,-3.8
4,792,7,8007,-0.84,796,0,0,4459,-3.8
0,793,0,32,-0.08,797,48,48,32,-0.08
3,793,0,32,-3.08,797,0,0,798,-4.64
3,793,1,798,-4.64,1070,23,23,798,-4.64
3,793,2,1877,-2.74,1811,0,0,798,-4.64
4,793,0,32,-4.08,797,0,0,3683,-7.54
4,793,1,798,-5.64,1070,0,0,3683,-7.54
4,793,2,1877,-3.74,1811,0,0,3683,-7.54
4,793,3,3683,-7.54,786,31,31,3683,-7.54
4,793,4,4549,-4.3,1157,0,0,3683,-7.54
4,793,5,5653,-3.18,797,0,0,3683,-7.54
4,793,6,6503,-4.94,797,0,0,3683,-7.54
4,793,7,7247,-4.58,797,0,0,3683,-7.54
0,794,0,32,0,797,48,48,32,0
3,794,0,32,-3,797,0,0,798,-4.56
3,794,1,798,-4.56,1070,23,23,798,-4.56
3,794,2,1877,-2.66,1811,0,0,798,-4.56
4,794,0,32,-4,797,0,0,3683,-7.46
4,794,1,798,-5.56,1070,0,0,3683,-7.46
4,794,2,1877,-3.66,1811,0,0,3683,-7.46
4,794,3,3683,-7.46,786,31,31,3683,-7.46
4,794,4,4549,-4.22,1157,0,0,3683,-7.46
4,794,5,5653,-3.1,797,0,0,3683,-7.46
4,794,6,6503,-4.86,797,0,0,3683,-7.46
4,794,7,7247,-4.5,797,0,0,3683,-7.46
0,795,0,19,1.08,797,11,11,19,1.08
3,795,0,19,-1.92,797,0,0,820,-3.48
3,795,1,820,-3.48,1070,2,2,820,-3.48
3,795,2,1876,-1.58,1811,0,0,820,-3.48
4,795,0,19,-2.92,797,0,0,3682,-6.38
4,795,1,820,-4.48,1070,0,0,3682,-6.38
4,795,2,1876,-2.58,1811,0,0,3682,-6.38
4,795,3,3682,-6.38,786,3,3,3682,-6.38
4,795,4,4474,-2.58,1157,0,0,3682,-6.38
4,795,5,5640,-2.02,797,0,0,3682,-6.38
4,795,6,6434,-3.2,797,0,0,3682,-6.38
4,795,7,7234,-3.42,797,0,0,3682,-6.38
0,796,0,792,3.53,796,55,0,792,3.53
3,796,0,792,0.53,796,0,0,1350,-1.03
3,796,1,1350,-1.03,1069,73,0,1350,-1.03
3,796,2,3086,-0.34,1808,5,0,1350,-1.03
4,796,0,792,-0.47,796,0,0,4459,-3.93
4,796,1,1350,-2.03,1069,0,0,4459,-3.93
4,796,2,3086,-1.34,1808,0,0,4459,-3.93
4,796,3,4459,-3.93,785,56,0,4459,-3.93
4,796,4,5616,-0.13,1156,0,0,4459,-3.93
4,796,5,6075,2.63,796,0,0,4459,-3.93
4,796,6,6503,-0.32,796,0,0,4459,-3.93
4,796,7,8007,-0.97,796,0,0,4459,-3.93
0,797,0,792,3.35,796,55,0,792,3.35
3,797,0,792,0.35,796,0,0,1350,-1.21
3,797,1,1350,-1.21,1069,78,0,1350,-1.21
3,797,2,3086,-0.52,1808,6,0,1350,-1.21
4,797,0,792,-0.65,796,0,0,4459,-4.11
4,797,1,1350,-2.21,1069,0,0,4459,-4.11
4,797,2,3086,-1.52,1808,0,0,4459,-4.11
4,797,3,4459,-4.11,785,56,0,4459,-4.11
4,797,4,5616,-0.31,1156,0,0,4459,-4.11
4,797,5,5624,2.36,796,0,0,4459,-4.11
4,797,6,6503,-0.51,796,0,0,4459,-4.11
4,797,7,8007,-1.15,796,0,0,4459,-4.11
